Famille;Sous famille;Désignation;Fournisseur;Fabricant;Ref fournisseur;tenu en stock;Conditionnement;Multiple cde;Unité Qte; Ancien Prix/U HT ;Prix/U HT;unité / prix;Coeff conversion;date prix
Mastic;;ACO PLUS Blanc;ACDIS;;N820-000300B;Non;300 ml;;UN; 1,48 ;5,30;UN;;
Mastic;;Mastic Acrylique extèrieur Blanc;ACDIS;;;Non;300 ml;;UN;;1,30;UN;;
Mastic;;Mastic Acrylique extèrieur Noir;ACDIS;;;Non;300 ml;;UN;;1,30;UN;;
Mastic;;Mastic Acrylique interieur Blanc;ACDIS;;;Non;300 ml;;UN;;1,30;UN;;
Mastic;;Mastic Acrylique interieur Noir;ACDIS;;;Non;300 ml;;UN;;1,30;UN;;
Peinture;;Aerosol  RAL 3004;ACDIS;;OAC520O;Non;520 ml;;UN;;22,89;UN;;
Peinture;;Aerosol  RAL 3004;ACDIS;;OAC520O;Non;520 ml;;UN;;22,89;UN;;
Cale;;Cale Bois 18x70x4 mm;ACDIS;;;Non;;;UN;;;UN;;
Cale;;Cale Bois 18x70x5 mm;ACDIS;;;Non;;;UN;;;UN;;
Conpri bande;;Fond de joint mousse cylindrique diam 20;ACDIS;;OFJPU20A;Non;;;ML2;;29,46;;;
Conpri bande;;Fond de joint mousse cylindrique diam 30;ACDIS;;OFJPU30A;Non;;;ML2;;46,84;;;
Conpri bande;;Fond de joint mousse cylindrique diam 40;ACDIS;;OFJPU40A;Non;;;ML2;;85,42;;;
Mastic;;Silicon 7016;ACDIS;;;Non;300 ml;;UN;;;UN;;
Mastic;;Silicon Blanc;ACDIS;;N820-000300A;Non;300 ml;;UN; 1,48 ;1,67;UN;;
Mastic;;Silicon Noir;ACDIS;;N820-000300E;Non;300 ml;;UN;;1,67;UN;;
Mastic;;Silicon Pierre;ACDIS;;;Non;300 ml;;UN;;1,67;;;
Mastic;;Silicon translucide;ACDIS;;N820-000300B;Non;300 ml;;UN; 1,48 ;1,67;UN;;
Mastic;;Mastic Colle PU blanc;ACDIS;;;Non;300 ml;;UN;;2,15;;;
Accessoire;;Plat liaison alu 150mm - 5mm;AKRAPLAST;AKRAPLAST;ZO800-130;Non;6;1;barre;;18,94;Barre;;
Accessoire;;Platine Mixte 160x112x5;AKRAPLAST;AKRAPLAST;ZO810-370;Non;1;1;UN;;;UN;;
Panneaux;Pan Isolant;Alustrong 3000 x 1500 x 24;AKRAPLAST;AKRAPLAST;ZBX243015;Non;1;1;UN;;179,96;UN;;
Panneaux;Pan Isolant;Alustrong 3000 x 1500 x 28;AKRAPLAST;AKRAPLAST;ZBX283015;Non;1;1;UN;;185,96;UN;;
Panneaux;EVOLUTOP;EVOLUTOP AIR 2000x1200 x18;AKRAPLAST;AKRAPLAST;EVO182000X;Non;1;1;UN;;127,44;UN;;
Panneaux;EVOLUTOP;EVOLUTOP AIR 2500x1200 x18;AKRAPLAST;AKRAPLAST;EVO182500X;Non;1;1;UN;;159,30;UN;;
Panneaux;EVOLUTOP;EVOLUTOP AIR 3000x1200 x18;AKRAPLAST;AKRAPLAST;EVO183000X;Non;1;1;UN;;191,16;UN;;
Panneaux;EVOLUTOP;EVOLUTOP AIR 3500x1200 x18;AKRAPLAST;AKRAPLAST;EVO183500X;Non;1;1;UN;;223,02;UN;;
Panneaux;EVOLUTOP;EVOLUTOP AIR 4000x1200 x18;AKRAPLAST;AKRAPLAST;EVO184000X;Non;1;1;UN;;254,88;UN;;
Panneaux;EVOLUTOP;EVOLUTOP AIR 4500x1200 x18;AKRAPLAST;AKRAPLAST;EVO184500X;Non;1;1;UN;;286,74;UN;;
Panneaux;EVOLUTOP;EVOLUTOP AIR 5000x1200 x18;AKRAPLAST;AKRAPLAST;EVO185000X;Non;1;1;UN;;318,60;UN;;
Decoration;;Fleur E3 DIAM 55 ep 6mm;AKRAPLAST;AKRAPLAST;ZI0803;Non;1;1;UN;;;UN;;
Joint;;Joint G11;AKRAPLAST;AKRAPLAST;W662-07000;Non;7;1;UN;;;UN;;
Joint;;Joint G15;AKRAPLAST;AKRAPLAST;W662-07000;Non;7;1;UN;;;UN;;
Joint;;Joint G3;AKRAPLAST;AKRAPLAST;W650-07000;Non;7;1;UN;;;UN;;
Joint;;Joint G5;AKRAPLAST;AKRAPLAST;W655-07000;Non;7;1;UN;;;UN;;
Joint;;Joint G8;AKRAPLAST;AKRAPLAST;W660-07000;Non;7;1;UN;;;UN;;
Panneaux;IMPACT CTRL 37;IMPACT CONTROL  2000x1200x37;AKRAPLAST;AKRAPLAST;Impact control 37;Non;1;1;UN;;210,92;UN;;août-22
Panneaux;IMPACT CTRL 37;IMPACT CONTROL  2500x1200x37;AKRAPLAST;AKRAPLAST;Impact control 37;Non;1;1;UN;;263,65;UN;;août-22
Panneaux;IMPACT CTRL 37;IMPACT CONTROL  3000x1200x37;AKRAPLAST;AKRAPLAST;Impact control 37;Non;1;1;UN;;316,38;UN;;août-22
Panneaux;IMPACT CTRL 37;IMPACT CONTROL  3500x1200x37;AKRAPLAST;AKRAPLAST;Impact control 37;Non;1;1;UN;;369,11;UN;;août-22
Panneaux;IMPACT CTRL 37;IMPACT CONTROL  4000x1200x37;AKRAPLAST;AKRAPLAST;Impact control 37;Non;1;1;UN;;421,84;UN;;août-22
Panneaux;IMPACT CTRL 37;IMPACT CONTROL  4500x1200x37;AKRAPLAST;AKRAPLAST;Impact control 37;Non;1;1;UN;;474,57;UN;;août-22
Panneaux;IMPACT CTRL 37;IMPACT CONTROL  5000x1200x37;AKRAPLAST;AKRAPLAST;Impact control 37;Non;1;1;UN;;527,30;UN;;août-22
Panneaux;IMPACT CTRL 37;IMPACT CONTROL  6000x1200x37;AKRAPLAST;AKRAPLAST;Impact control 37;Non;1;1;UN;;632,76;UN;;août-22
Panneaux;IMPACT CTRL 75;IMPACT CONTROL  2000x1200x75;AKRAPLAST;AKRAPLAST;Impact control 75;Non;1;1;UN;;263,20;UN;;août-22
Panneaux;IMPACT CTRL 75;IMPACT CONTROL  2500x1200x75;AKRAPLAST;AKRAPLAST;Impact control 75;Non;1;1;UN;;329,00;UN;;août-22
Panneaux;IMPACT CTRL 75;IMPACT CONTROL  3000x1200x75;AKRAPLAST;AKRAPLAST;Impact control 75;Non;1;1;UN;;394,80;UN;;août-22
Panneaux;IMPACT CTRL 75;IMPACT CONTROL  3500x1200x75;AKRAPLAST;AKRAPLAST;Impact control 75;Non;1;1;UN;;460,60;UN;;août-22
Panneaux;IMPACT CTRL 75;IMPACT CONTROL  4000x1200x75;AKRAPLAST;AKRAPLAST;Impact control 75;Non;1;1;UN;;526,40;UN;;août-22
Panneaux;IMPACT CTRL 75;IMPACT CONTROL  4500x1200x75;AKRAPLAST;AKRAPLAST;Impact control 75;Non;1;1;UN;;592,20;UN;;août-22
Panneaux;IMPACT CTRL 75;IMPACT CONTROL  5000x1200x75;AKRAPLAST;AKRAPLAST;Impact control 75;Non;1;1;UN;;658,00;UN;;août-22
Panneaux;IMPACT CTRL 75;IMPACT CONTROL  6000x1200x75;AKRAPLAST;AKRAPLAST;Impact control 75;Non;1;1;UN;;789,60;UN;;août-22
Panneaux;Polycarbonate;AKRATHERM INCOLORE 2000x1050x16;AKRAPLAST;AKRAPLAST;XI16G2000;Non;1;1;UN;;33,67;UN;;
Panneaux;Polycarbonate;AKRATHERM INCOLORE 2000x1200x16;AKRAPLAST;AKRAPLAST;XI16G2000;Non;1;1;UN;;38,48;UN;;
Panneaux;Polycarbonate;AKRATHERM INCOLORE 2500x1050x16;AKRAPLAST;AKRAPLAST;XI16G2500;Non;1;1;UN;;42,09;UN;;
Panneaux;Polycarbonate;AKRATHERM INCOLORE 2500x1200x16;AKRAPLAST;AKRAPLAST;XI16G2500;Non;1;1;UN;;48,10;UN;;
Panneaux;Polycarbonate;AKRATHERM INCOLORE 3000x1050x16;AKRAPLAST;AKRAPLAST;XI16G3000;Non;1;1;UN;;50,51;UN;;
Panneaux;Polycarbonate;AKRATHERM INCOLORE 3000x1200x16;AKRAPLAST;AKRAPLAST;XI16G3000;Non;1;1;UN;;57,72;UN;;
Panneaux;Polycarbonate;AKRATHERM INCOLORE 3500x1050x16;AKRAPLAST;AKRAPLAST;XI16G3500;Non;1;1;UN;;58,93;UN;;
Panneaux;Polycarbonate;AKRATHERM INCOLORE 3500x1200x16;AKRAPLAST;AKRAPLAST;XI16G3500;Non;1;1;UN;;67,34;UN;;
Panneaux;Polycarbonate;AKRATHERM INCOLORE 4000x1050x16;AKRAPLAST;AKRAPLAST;XI16G4000;Non;1;1;UN;;67,34;UN;;
Panneaux;Polycarbonate;AKRATHERM INCOLORE 4000x1200x16;AKRAPLAST;AKRAPLAST;XI16G4000;Non;1;1;UN;;76,96;UN;;
Panneaux;Polycarbonate;AKRATHERM INCOLORE 4500x1050x16;AKRAPLAST;AKRAPLAST;XI16G4500;Non;1;1;UN;;75,76;UN;;
Panneaux;Polycarbonate;AKRATHERM INCOLORE 4500x1200x16;AKRAPLAST;AKRAPLAST;XI16G4500;Non;1;1;UN;;86,58;UN;;
Panneaux;Polycarbonate;AKRATHERM INCOLORE 6000x1050x16;AKRAPLAST;AKRAPLAST;XI16G6000;Non;1;1;UN;;101,02;UN;;
Panneaux;Polycarbonate;AKRATHERM INCOLORE 6000x1200x16;AKRAPLAST;AKRAPLAST;XI16G6000;Non;1;1;UN;;115,45;UN;;
Panneaux;Polycarbonate;AKRATHERM INCOLORE 7000x1050x16;AKRAPLAST;AKRAPLAST;XI16G7000;Non;1;1;UN;;117,85;UN;;
Panneaux;Polycarbonate;AKRATHERM INCOLORE 7000x1200x16;AKRAPLAST;AKRAPLAST;XI16G7000;Non;1;1;UN;;134,69;UN;;
Panneaux;Polycarbonate;AKRATHERM INCOLORE 2000x1200x32;AKRAPLAST;AKRAPLAST;XI32G2000;Non;1;1;UN;;56,03;UN;;
Panneaux;Polycarbonate;AKRATHERM INCOLORE 2500x1200x32;AKRAPLAST;AKRAPLAST;XI32G2500;Non;1;1;UN;;70,04;UN;;
Panneaux;Polycarbonate;AKRATHERM INCOLORE 3000x1200x32;AKRAPLAST;AKRAPLAST;XI32G3000;Non;1;1;UN;;84,04;UN;;
Panneaux;Polycarbonate;AKRATHERM INCOLORE 3500x1200x32;AKRAPLAST;AKRAPLAST;XI32G3500;Non;1;1;UN;;98,05;UN;;
Panneaux;Polycarbonate;AKRATHERM INCOLORE 4000x1200x32;AKRAPLAST;AKRAPLAST;XI32G4000;Non;1;1;UN;;112,06;UN;;
Panneaux;Polycarbonate;AKRATHERM INCOLORE 4500x1200x32;AKRAPLAST;AKRAPLAST;XI32G4500;Non;1;1;UN;;126,07;UN;;
Panneaux;Polycarbonate;AKRATHERM INCOLORE 6000x1200x32;AKRAPLAST;AKRAPLAST;XI32G6000;Non;1;1;UN;;168,09;UN;;
Panneaux;Polycarbonate;AKRATHERM INCOLORE 7000x1200x32;AKRAPLAST;AKRAPLAST;XI32G7000;Non;1;1;UN;;196,10;UN;;
Panneaux;Polycarbonate;AKRATHERM 5M REFLEX 3000x1230x32;AKRAPLAST;AKRAPLAST;XO32H3000;Non;1;1;UN;;102,71;UN;;
Panneaux;Polycarbonate;AKRATHERM 5M REFLEX 3500x1230x32;AKRAPLAST;AKRAPLAST;XO32H3500;Non;1;1;UN;;119,83;UN;;
Panneaux;Polycarbonate;AKRATHERM 5M REFLEX 4000x1230x32;AKRAPLAST;AKRAPLAST;XO32H4000;Non;1;1;UN;;136,95;UN;;
Panneaux;Polycarbonate;AKRATHERM 5M REFLEX 4500x1230x32;AKRAPLAST;AKRAPLAST;XO32H4500;Non;1;1;UN;;154,07;UN;;
Panneaux;Polycarbonate;AKRATHERM 5M REFLEX 5000x1230x32;AKRAPLAST;AKRAPLAST;XO32H6000;Non;1;1;UN;;171,19;UN;;
Panneaux;Polycarbonate;AKRATHERM 5M REFLEX 6000x1230x32;AKRAPLAST;AKRAPLAST;XO32H7000;Non;1;1;UN;;205,43;UN;;
Tôle;;Tôle alu Estérel 3000x1210 ep 0,7 mm;AKRAPLAST;AKRAPLAST;YA0600E30;Non;Tôle;1;UN;;75,00;UN;;
Profil Alu;;Obturateur 16mm;AKRAPLAST;AKRAPLAST;W016;Non;1;1;Barre;;;Barre;;
Profil Alu;;Capot Delta 7m;AKRAPLAST;AKRAPLAST;WA08-L7000;oui;7;1;Barre; 65,24 ;75,30;Barre;;15/09/2022
Profil Alu;;CHEVRON DELTA 9010 Lg4500;AKRAPLAST;AKRAPLAST;WA15-B7000;Non;4,5;1;Barre;;81,16;Barre;;
Profil Alu;;CHEVRON DELTA 9010 Lg7000;AKRAPLAST;AKRAPLAST;WA15-B7000;Non;7;1;Barre; 126,00 ;161,40;Barre;;15-sept
Joint;;Joint serreur US;AKRAPLAST;AKRAPLAST;WA61-00010;Non;25;1;UN;;69,25;UN;;
Profil Alu;;Chevron US2 RPT Blanc;AKRAPLAST;AKRAPLAST;WAA20B4500;Non;4,5;1;UN;;108,41;UN;;
Profil Alu;;Chevron US2 RPT Blanc;AKRAPLAST;AKRAPLAST;WAA20B7000;Non;7;1;UN;;168,63;UN;;
Profil Alu;;Chevron rive US2 RPT Blanc;AKRAPLAST;AKRAPLAST;WAA29B4500;Non;4,5;1;UN;;98,12;UN;;
Profil Alu;;Chevron rive US2 RPT Blanc;AKRAPLAST;AKRAPLAST;WAA29B7000;Non;7;1;UN;;152,64;UN;;
Accessoire;;Embout Chevron US2 Blanc;AKRAPLAST;AKRAPLAST;WAA85-X0000;Non;1;1;UN;;;UN;;
Accessoire;;Embout Chevron US2 Blanc;AKRAPLAST;AKRAPLAST;WAA86-X0000;Non;1;1;UN;;;UN;;
Accessoire;;Jambe de force pour réhausse US2;AKRAPLAST;AKRAPLAST;WAA89-90950;Non;1;1;UN;;;UN;;
profil alu;;Rehausse chénaux US 2 Blanc;AKRAPLAST;AKRAPLAST;WD20-7000;Non;7;1;UN;;72,38;UN;;
Profil Alu;;OBTURATEUR 16MM;AKRAPLAST;AKRAPLAST;WO16;Non;6,35;1;UN;;17,04;UN;;
Profil Alu;;Obturateur 32 mm Blanc;AKRAPLAST;AKRAPLAST;WO32;oui;6,2;1;UN;;17,05;UN;;
Panneaux;Polycarbonate;AKRATHERM INCOLORE 3500X2100X6;AKRAPLAST;AKRAPLAST;X106D3503;Non;1;1;UN;;74,68;UN;;
Ruban;Ruban adhesif;Ruban adhesif . Ajouré 38mmx10m pour 16/20 mm;AKRAPLAST;AKRAPLAST;XHV38-10;Non;10;1;UN;;7,62;UN;;
Ruban;Ruban adhesif;Ruban adhesif . Ajouré 38mmx33m pour 16/20 mm;AKRAPLAST;AKRAPLAST;XHV38-33;Non;33;1;UN;;20,95;UN;;
Ruban;Ruban adhesif;Ruban adhesif . Alu 38mmx50 pour 16/20 mm;AKRAPLAST;AKRAPLAST;XHV50-55;Non;50;1;UN;;15,57;UN;;
Ruban;Ruban adhesif;Ruban adhesif . Ajouré 50mmx10m pour 25/32 mm;AKRAPLAST;AKRAPLAST;XHV50-10;Non;10;1;UN;;9,83;UN;;
Ruban;Ruban adhesif;Ruban adhesif . Ajouré 50mmx33 pour 25/32 mm;AKRAPLAST;AKRAPLAST;XHV50-33;Non;33;1;UN;;27,57;UN;;
Ruban;Ruban adhesif;Ruban adhesif . Ajouré 50mmx33m pour 25/32 mm;AKRAPLAST;AKRAPLAST;XHV50-33;Non;33;1;UN;;27,57;UN;;
Ruban;Ruban adhesif;Ruban adhesif . Alu 50mmx50 pour 25/32 mm;AKRAPLAST;AKRAPLAST;XHV50-55;Non;50;1;UN;;20,06;UN;;
Ruban;Ruban adhesif;Ruban adhesif . Alu75mmx50 pour 55 mm;AKRAPLAST;AKRAPLAST;XHV50-55;Non;50;1;UN;;30,08;UN;;
Ruban;Ruban adhesif;Ruban adhesif . Ajouré 75mmx33m pour 55 mm;AKRAPLAST;AKRAPLAST;XHV80-33;Non;33;1;UN;;42,72;UN;;
Profil Alu;;Akratherm Inco. 4000 x 1050 ep 16mm;AKRAPLAST;AKRAPLAST;XI16G4000;Non;1;1;Plaque;;;UN;;
Panneaux;Polycarbonate;AKRATHERM INCOLORE 3000X1200X25;AKRAPLAST;AKRAPLAST;XI25E3000;Non;1;1;UN;;74,04;UN;;
Panneaux;Polycarbonate;AKRATHERM INCOLORE 3500X1200X25;AKRAPLAST;AKRAPLAST;XI25E3500;Non;1;1;UN;;86,38;UN;;
Panneaux;Polycarbonate;AKRATHERM INCOLORE 4000X1200X25;AKRAPLAST;AKRAPLAST;XI25E4000;Non;1;1;UN;;98,72;UN;;
Panneaux;Polycarbonate;AKRATHERM INCOLORE 6000X1200X25;AKRAPLAST;AKRAPLAST;XI25E6000;Non;1;1;UN;;148,09;UN;;
Panneaux;Polycarbonate;AKRATHERM INCOLORE 7000X1200X25;AKRAPLAST;AKRAPLAST;XI25E7000;Non;1;1;UN;;172,77;UN;;
Profil PVC;;PROF.PVC LIAISON FAST6000;AKRAPLAST;AKRAPLAST;YA0075D;Non;7;1;Barre; 24,03 ;27,84;Barre;;
profil alu;;Bavette de faitage Synthia ;AKRAPLAST;AKRAPLAST;YA0120X70;oui;7;1;UN; 76,10 ;76,10;Barre;;sept-22
Profil Alu;;Acroche Basse synthia;AKRAPLAST;AKRAPLAST;YA0125B80;Non;7,5;1;UN;;123,98;UN;;
Joint;;Joint Accroche Faitière Synthia BLANC;AKRAPLAST;AKRAPLAST;YA0135B;Non;30;1;ML;;57,90;ML;;
Joint;;Joint Accroche Faitière Synthia NOIR;AKRAPLAST;AKRAPLAST;YA0135N;Non;30;1;ML;;57,90;ML;;
Joint;;Joint Accroche Faitière Synthia MARRON;AKRAPLAST;AKRAPLAST;YA0135M;Non;30;1;ML;;57,90;ML;;
Profil Alu;;RIVE STYLE BLANC LG7000;AKRAPLAST;AKRAPLAST;YA0140L70;Non;7;1;Barre;;56,47;Barre;;mars-21
Profil Alu;;RIVE STYLE LUBERON LG7000;AKRAPLAST;AKRAPLAST;YA0140X70;Non;1;1;Barre; 56,47 ;63,83;Barre;;mars-21
Accessoire;;Equerre joction 90°;AKRAPLAST;AKRAPLAST;YA0150A;Non;1;1;UN;;;UN;;
Accessoire;;Jonction Droite ;AKRAPLAST;AKRAPLAST;YA0151A;Non;1;1;UN;;;UN;;
Accessoire;;Embout de faitiere Brut;AKRAPLAST;AKRAPLAST;YA0161A;Non;1;1;UN;;10,33;UN;;
Accessoire;;Embout de faitiere Blanc;AKRAPLAST;AKRAPLAST;YA0161A;Non;1;1;UN;;11,89;UN;;mars-21
Accessoire;;Embout de faitiere 7016;AKRAPLAST;AKRAPLAST;YA0161A;Non;1;1;UN;;11,89;UN;;mars-21
Ruban;Ruban adhesif;Akraglue 50,8 x 33 ML x 1mm;AKRAPLAST;AKRAPLAST;YA0244;Non;33;1;un;;182,40;UN;;
Ruban;Ruban adhesif;Akraglue 20 x 11 ML x 1mm;AKRAPLAST;AKRAPLAST;YA0246;Non;11;1;un;;44,56;UN;;
Ruban;Ruban adhesif;Akraglue 152 x 11 ML x 1mm;AKRAPLAST;AKRAPLAST;YA0248;Non;11;1;un;;159,13;UN;;
Profil Alu;;CAPOT ALU COULEUR;AKRAPLAST;AKRAPLAST;YA0255X70;Non;7;1;Barre; 60,92 ;68,80;Barre;;sept-22
profil alu;;Cloisoir mural ondule 2200 MM luberon;AKRAPLAST;AKRAPLAST;YSV042220;Non;2,2;1;UN;;15,25;UN;;
profil alu;;Profil bas genoise 2160 MM luberon;AKRAPLAST;AKRAPLAST;YSV102160;Non;2,16;1;UN;;15,74;UN;;
Panneaux;Sunisol db 70;SUN ISOL ACOUSTIQUE 3000x1200x70;AKRAPLAST;AKRAPLAST;YX70E3000;Non;1;1;UN;;239,37;UN;;août-22
Panneaux;Sunisol db 70;SUN ISOL ACOUSTIQUE 3500x1200x70;AKRAPLAST;AKRAPLAST;YX70E3500;Non;1;1;UN;;272,52;UN;;août-22
Panneaux;Sunisol db 70;SUN ISOL ACOUSTIQUE 4000x1200x70;AKRAPLAST;AKRAPLAST;YX70E4000;Non;1;1;UN;;305,77;UN;;août-22
Panneaux;Sunisol db 70;SUN ISOL ACOUSTIQUE 4500x1200x70;AKRAPLAST;AKRAPLAST;YX70E4500;Non;1;1;UN;;339,02;UN;;août-22
Panneaux;Sunisol db 70;SUN ISOL ACOUSTIQUE 5000x1200x70;AKRAPLAST;AKRAPLAST;YX70E5000;Non;1;1;UN;;380,80;UN;;sept-22
Panneaux;Sunisol db 70;SUN ISOL ACOUSTIQUE 6000x1200x70;AKRAPLAST;AKRAPLAST;YX70E6000;Non;1;1;UN;;472,00;UN;;août-22
Panneaux;Sunisol DB 32;SUN ISOL ACOUSTIQUE 2000x1200x32;AKRAPLAST;AKRAPLAST;YY32E2000;Non;1;1;UN;;98,27;UN;;
Panneaux;Sunisol DB 32;SUN ISOL ACOUSTIQUE 2500x1200x32;AKRAPLAST;AKRAPLAST;YY32E2500;Non;1;1;UN;;122,83;UN;;
Panneaux;Sunisol DB 32;SUN ISOL ACOUSTIQUE 3000x1200x32;AKRAPLAST;AKRAPLAST;YY32E3000;Non;1;1;UN;;147,40;UN;;
Panneaux;Sunisol DB 32;SUN ISOL ACOUSTIQUE 3500x1200x32;AKRAPLAST;AKRAPLAST;YY32E3500;Non;1;1;UN;;171,96;UN;;
Panneaux;Sunisol DB 32;SUN ISOL ACOUSTIQUE 4000x1200x32;AKRAPLAST;AKRAPLAST;YY32E4000;Non;1;1;UN;;196,53;UN;;
Panneaux;Sunisol DB 32;SUN ISOL ACOUSTIQUE 4500x1200x32;AKRAPLAST;AKRAPLAST;YY32E4500;Non;1;1;UN;;221,10;UN;;
Panneaux;Sunisol DB 32;SUN ISOL ACOUSTIQUE 5000x1200x32;AKRAPLAST;AKRAPLAST;YY32E5000;Non;1;1;UN;;245,66;UN;;
Panneaux;Sunisol DB 32;SUN ISOL ACOUSTIQUE 6000x1200x32;AKRAPLAST;AKRAPLAST;YY32E6000;Non;1;1;UN;;294,80;UN;;
Panneaux;Sunisol DB 32;SUN ISOL ACOUSTIQUE 7500x1200x32;AKRAPLAST;AKRAPLAST;YY32E7500;Non;1;1;UN;;368,50;UN;;
Joint;;Joint D3;AKRAPLAST;Akraplast;ZI0219A3;Non;50;1;Rlx;;;Rlx;;
Profil Alu;;Capot Declic 4m;AKRAPLAST;Akraplast;ZI0305;Non;4;1;Barre;;;Barre;;
Profil Alu;;Chevron alu Declic 4m;AKRAPLAST;Akraplast;ZI0310;Non;4;1;Barre;;;Barre;;
Profil Alu;;Rive Declic 4m;AKRAPLAST;Akraplast;ZI0315;Non;4;1;Barre;;;Barre;;
Accessoire;;Embout chevron declic;AKRAPLAST;Akraplast;ZI0319;Non;;;UN;;;UN;;
Profil Alu;;Poteaux optima;AKRAPLAST;AKRAPLAST;Z0100-B5050;Non;2,52;1;Barre;;50,33;Barre;;
Profil Alu;;Poteaux optima;AKRAPLAST;AKRAPLAST;Z0100-B7000;Non;7;1;Barre;;139,82;Barre;;
Profil Alu;;Profil clip blanc (Cloisoir);AKRAPLAST;AKRAPLAST;ZO300-B5050;Non;5,05;1;Barre;;10,51;Barre;;
Profil Alu;;Profil clip blanc (Cloisoir);AKRAPLAST;AKRAPLAST;ZO300-B5050;Non;7;1;Barre;;14,57;Barre;;
Accessoire;;Equerre N°6 ASS 90° 49mm;AKRAPLAST;AKRAPLAST;ZO800-110;Non;1;1;UN;;;UN;;
Accessoire;;Embout poteau Optima Blanc;AKRAPLAST;AKRAPLAST;ZO900-100B;Non;1;1;UN;;;UN;;
EP PVC;;Colle pression 1L Aqua eau potable CSTB + Pinceau;AMITUBES;;COLCC1AQ;Non;1 L;1;UN;;21,55;UN;;
EP PVC;;Coude 45° Diam 80 Couleur sable;AMITUBES;;BATGC4F080S;Non;;1;UN;;6,00;UN;;
EP PVC;;Coude PVC 87°30 (90°) Diam 80 Gris;AMITUBES;;BATRC8M080;oui;1;;1;;1,72;UN;;
EP PVC;;Manchon égal Diam 80 couleur Sable;AMITUBES;;BATGME080S;Non;;1;UN;;3,18;UN;;
Profil Alu;;TUBE RENFORT ACIER 80X20 GALVA   LG 6,10;PREFAL;Sepalumic;715;Non;6,5;1;barre;;;barre;;
EP PVC;;Tuyau descente Diam 80 Couleur sable;AMITUBES;;BATGTD080S;Non;;1;ML;;6,09;UN;;
Tube;;Tube ? diam 80 mm blanc 2 ml;BALITRAND;;026.882;Non;2 ml;1;UN;;15,58;UN;;
?;;Bte tvis ultimate plat PZ;BALITRAND;;396.441;Non;6;1;Boite;;25,02;UN;;
?;;Barre de pontage EQ MO;BALITRAND;;642.402;Non;;1;UN;;5,50;UN;;
?;;Barre de pontage  13m netre $$;BALITRAND;;642.403;Non;;1;UN;;5,50;UN;;
Outillage;;Malette alu mini 330x230x135;BALITRAND;;280.207;Non;;1;UN;;24,80;UN;;
Cales;;Cale silicon;BALITRAND;;;Non;;;UN;;;;;
EP PVC;;Coude 45° Diam 80 Couleur Blanc;BALITRAND;;026547;oui;1;1;UN;;11,55;UN;;
EP PVC;;Coude 90° Diam 80 Couleur Blanc;BALITRAND;;026547;oui;1;1;UN;;10,50;UN;;
Outillage;;Lame cutter 18mm;BALITRAND;;323 849;Non;;1;UN;;9,50;UN;;
Outillage;;Mutlimètre control/tension digital;BALITRAND;;519.854;Non;;1;UN;;37,72;UN;;
Outillage;;Pince coupante courbet;BALITRAND;;322.386;Non;;1;UN;;22,10;UN;;
Outillage;;Pince à denuder;BALITRAND;;322.425;Non;;1;UN;;18,86;UN;;
Profil Alu;;Tube 100 x 50 x 2;INSTALLUX;INSTALLUX;TU10050x2;Non;6,5;1;barre;;98,83;barre;;
EP PVC;;Tuyau 2M descente Diam 80 Couleur Blanc;BALITRAND;;026882;oui;2 ML;1;UN;;16,00;UN;;
JOINT;;JOINT CLIPPE APPUI;ARCELOR (BERTON SICARD);INSTALLUX;900;Non;50;1;ML;;16,06;Rlx;;
JOINT;;JOINT A BOURRER 4 MM;ARCELOR (BERTON SICARD);INSTALLUX;904;Non;50;1;ML;;16,72;Rlx;;
JOINT;;JOINT APPUI REMPLISSAGE;ARCELOR (BERTON SICARD);INSTALLUX;7060;Non;50;1;Rlx;;;Rlx;;
JOINT;;JOINT INT. EXT.;ARCELOR (BERTON SICARD);INSTALLUX;7061;Non;50;1;Rlx;;;Rlx;;
JOINT;;JOINT EXT. 2;ARCELOR (BERTON SICARD);INSTALLUX;#REF!;Non;#REF!;1;Rlx;;;Rlx;;
JOINT;;JOINT BAVETTE;ARCELOR (BERTON SICARD);INSTALLUX;7063;non;;;;;;;;
JOINT;;JOINT EXT. 4 SILICONE;ARCELOR (BERTON SICARD);INSTALLUX;#REF!;Non;#REF!;1;Rlx;;;Rlx;;
JOINT;;JOINT EXT. 6;ARCELOR (BERTON SICARD);INSTALLUX;#REF!;Non;#REF!;1;Rlx;;;Rlx;;
JOINT;Cheneau;JOINT EXT. SABLIERE;ARCELOR (BERTON SICARD);INSTALLUX;7067;Non;25;1;Rlx;;;Rlx;;
JOINT;;JOINT EXTERIEUR 8;ARCELOR (BERTON SICARD);INSTALLUX;7071;Non;50;1;Rlx;;;Rlx;;
JOINT;;JOINT CLIPPE APPUI;ARCELOR (BERTON SICARD);INSTALLUX;900;Non;50;1;ML;;15,00;Rlx;;
JOINT;;JOINT A BOURRER 2MM;ARCELOR (BERTON SICARD);INSTALLUX;900;Non;50;1;ML;;15,00;Rlx;;
JOINT;;JOINT A BOURRER 3 MM;ARCELOR (BERTON SICARD);INSTALLUX;903;Non;50;1;ML;;;Rlx;;
JOINT;;JOINT A BOURRER 4 MM;ARCELOR (BERTON SICARD);INSTALLUX;904;Non;50;1;ML;;15,50;Rlx;;
JOINT;;JOINT A BOURRER 5 MM;ARCELOR (BERTON SICARD);INSTALLUX;905;Non;50;1;ML;;;Rlx;;
JOINT;;JOINT A BOURRER 6 MM;ARCELOR (BERTON SICARD);INSTALLUX;906;Non;50;1;ML;;;Rlx;;
JOINT;;JOINT A BOURRER 7 MM;ARCELOR (BERTON SICARD);INSTALLUX;907;Non;50;1;ML;;;Rlx;;
JOINT;;JOINT A BOURRER 8 MM;ARCELOR (BERTON SICARD);INSTALLUX;908;Non;50;1;ML;;33,50;Rlx;1;
JOINT;;JOINT APPUI REMPLISSAGE;ARCELOR (BERTON SICARD);INSTALLUX;7060;Non;50;1;Rlx;;1,30;Rlx;;sept-21
JOINT;;JOINT INT. EXT.;ARCELOR (BERTON SICARD);INSTALLUX;7061;Non;50;1;Rlx;;25,75;Rlx;;
JOINT;;JOINT EXT. 2;ARCELOR (BERTON SICARD);INSTALLUX;7062;Non;50;1;Rlx;;21,00;Rlx;;
JOINT;;JOINT EXT. 4 SILICONE;ARCELOR (BERTON SICARD);INSTALLUX;7064;Non;50;1;Rlx; 24,50 ;25,00;Rlx;;sept-21
JOINT;Cheneau;JOINT EXT. SABLIERE;ARCELOR (BERTON SICARD);INSTALLUX;7067;Non;25;1;Rlx;;93,75;Rlx;;
JOINT;;JOINT EXTERIEUR 12;ARCELOR (BERTON SICARD);INSTALLUX;7073;Non;25;1;ML; 26,44 ;29,00;Rlx;;sept-21
JOINT;;JOINT LEVRE 52 MM;ARCELOR (BERTON SICARD);INSTALLUX;7178;Non;25;1;ML;;46,88;Rlx;;
JOINT;;JOINT LEVRE 72 MM;ARCELOR (BERTON SICARD);INSTALLUX;7179;Oui;25;1;ML; 56,75 ;62,00;Rlx;;
JOINT;;JOINT DE TRAVERSE 2;ARCELOR (BERTON SICARD);INSTALLUX;8610;N;50;1;Rlx;;;Rlx;;
JOINT;;JOINT LEVRE;ARCELOR (BERTON SICARD);INSTALLUX;7074;Non;25;;;;;;;
JOINT;;JOINT ARETIER;ARCELOR (BERTON SICARD);INSTALLUX;7815;Non;50;;;;;;;
JOINT;;JOINT ASSISE 11;ARCELOR (BERTON SICARD);INSTALLUX;8604;Non;50;;;;;;;
JOINT;;COUVRE-JOINT;ARCELOR (BERTON SICARD);INSTALLUX;P6048;Non;5,8;;;;;;;
JOINT;;PORTE JOINT PORT BATTANT;ARCELOR (BERTON SICARD);INSTALLUX;532;Non;6,5;;;;;;;
JOINT;;PORTE JOINT PORT BATTANT;ARCELOR (BERTON SICARD);INSTALLUX;532/3;Non;3,2;;;;;;;
JOINT;;PORTE JOINT COULISSANT;ARCELOR (BERTON SICARD);INSTALLUX;533;Non;6,5;;;;;;;
JOINT;;PORTE JOINT COULISSANT;ARCELOR (BERTON SICARD);INSTALLUX;533/2;Non;2,6;;;;;;;
JOINT;;U PORTE-JOINT;ARCELOR (BERTON SICARD);INSTALLUX;592;Non;6,5;;;;;;;
JOINT;;*CVRE-JOINT RENO CARRE;ARCELOR (BERTON SICARD);INSTALLUX;5101;Non;6,5;;;;;;;
JOINT;;JOINTEMENT OF 2 VTX;ARCELOR (BERTON SICARD);INSTALLUX;5420TH;Non;6,5;;;;;;;
JOINT;;DORM. 64 COUVR.JOINT;ARCELOR (BERTON SICARD);INSTALLUX;5922;Non;6;;;;;;;
JOINT;;PORTE JOINT ARTICULATION;ARCELOR (BERTON SICARD);INSTALLUX;7660;Non;6,5;;;;;;;
JOINT;;JOINT FAITIERE EPINE;ARCELOR (BERTON SICARD);INSTALLUX;7172;Non;50;;;;;;;
JOINT;;JOINT FAITIERE EPINE;ARCELOR (BERTON SICARD);INSTALLUX;7172;Non;50;;;;;;;
JOINT;;CVRE JOINT 50 MOUL TOLE;ARCELOR (BERTON SICARD);INSTALLUX;9160;Non;6,5;;;;;;;
JOINT;;CVRE JOINT 70 MOUL TOLE;ARCELOR (BERTON SICARD);INSTALLUX;9161;Non;6,5;;;;;;;
JOINT;;JOINTEMENT VANTAUX;ARCELOR (BERTON SICARD);INSTALLUX;9349;Non;6,5;;;;;;;
JOINT;;JOINTEMENT PF SM;ARCELOR (BERTON SICARD);INSTALLUX;410045;Non;6,5;;;;;;;
JOINT;;JOINTEMENT PF GRAND OUV;ARCELOR (BERTON SICARD);INSTALLUX;410047;Non;6,5;;;;;;;
JOINT;;OUV JOINT SF CAGE DE 16;ARCELOR (BERTON SICARD);INSTALLUX;410069;Non;6,5;;;;;;;
JOINT;;RENFORT JOINTEMENT SF;ARCELOR (BERTON SICARD);INSTALLUX;423010;Non;6,5;;;;;;;
Fixation;;Etrier brides latérales IUSE Ht 239 Lg 48;"DISPANO
";;3236986;Non;1;1;UN;;4,28;UN;;
Fixation;;Etrier brides latérales IUSE Ht 239 Lg 93;"DISPANO
";;;Non;1;1;UN;;3,80;UN;;
Bois;;Poutre I Steico 240 45x39;Steico;;3540724;Non;13;1;barre;;83,59;ML;;
Bois;;Poutre I Steico 240 45x39;Steico;;3540724;Non;7;1;barre;;45,01;ML;;
Bois;;Poutre I Steico 240 60x39;Steico;;;Non;13;1;barre;;83,59;ML;;
Bois;;Poutre I Steico 240x90x39;Steico;;;Non;13;1;barre;;98,41;ML;;
Bois;;Poutre I Steico 240x90x39;Steico;;;Non;7;1;barre;;52,99;ML;;
Bois;;Poutre I Steico 360 60x39;Steico;;IPN360_6039;;;;;;;;;
Bois;;Plaque Bois OSB3 18mm emboitable 2500x675;"DISPANO
";;3385548;Non;1;1;UN;;34,03;UN;;
Bois;;Plaque Bois OSB3 22mm emboitable 2500x1250;"DISPANO
";;3385548;Non;1;1;UN;;34,03;UN;;
Bois;;Plaque Bois OSB3 9mm 2500x1250;"DISPANO
";;6661376;Non;1;1;UN;;17,31;UN;;
Isolant;;Panneaux Isolant Steicoflex 122x57,5 Ep 100mm;Steico;;;Non;PAQUET DE 4;1;PAQUET DE 4;;;M2;;
Isolant;;Panneaux Isolant Steicoflex 122x57,5 Ep 200mm;Steico;;1175883;Non;PAQUET DE 2;1;PAQUET DE 2;;17,65;M2;;
Isolant;;Panneaux Isolant Steicoflex 122x57,5 Ep 50mm;Steico;;;Non;;1;;;;M2;;
Bois;;Panneau MDF Hydrofuge (medium) 19mm 2800x2070;"DISPANO
";;;Non;;1;;;79,00;UN;;
Fixation;;Etrier brides latérales IUSE Ht 239 Lg 48;DISTRI BOIS;;Etrier238x48;Non;1;1;UN;;4,53;UN;;
Bois;;Poutre I Steico 240 45x39;DISTRI BOIS;;I24045;Non;13;1;barre;;95,28;UN;;
Bois;;Plaque Bois OSB3 18mm emboitable 2500x675;DISTRI BOIS;;DOSB18;Non;1;1;UN;;34,03;UN;;
Bois;;Plaque Bois OSB3 9mm 2800x1196;DISTRI BOIS;;OSB9;Non;1;1;UN;;17,31;UN;;
Isolant;;Panneaux Ioslant Steicoflex 122x57,5 Ep 100mm;DISTRI BOIS;;FLEX100;Non;PAQUET DE 4;1;PAQUET DE 4;;18,70;M2;;
Outillage;;Pied pour scie makita;FERBAT;Makita DEAWST06;?;Non;;1;UN;;189,00;UN;;
Outillage;;Scie radiale circulaire lame Diam 305mm;FERBAT;Makita LS1219L;999;Non;;1;UN;;790,00;UN;;
Outillage;;Scie radiale circulaire lame Diam 305mm;FERBAT;DEWALT DWS780;069780;Non;;1;UN;;865,00;UN;;
Outillage;;Perceuse-Percu 18v 5.2A  +  3 batteries;FERBAT;MAKITA DHP482RM3J;527482;Non;;1;UN;;330,00;UN;;
JOINT;;JOINTEMENT VANTAUX;ARCELOR (BERTON SICARD);INSTALLUX;910035;Non;6,5;;;;;;;
Joint;;JOINT CLIPPE APPUI;INSTALLUX;INSTALLUX;900;Non;50;1;ML;;15,00;ML;;
Joint;;JOINT A BOURRER 2MM;INSTALLUX;INSTALLUX;900;Non;50;1;ML;;15,00;ML;;
Joint;;JOINT A BOURRER 3 MM;INSTALLUX;INSTALLUX;903;Non;50;1;ML;;;ML;;
Joint;;JOINT A BOURRER 4 MM;INSTALLUX;INSTALLUX;904;Non;50;1;ML;;15,50;ML;;
Joint;;JOINT A BOURRER 5 MM;INSTALLUX;INSTALLUX;905;Non;50;1;ML;;;ML;;
Joint;;JOINT A BOURRER 6 MM;INSTALLUX;INSTALLUX;906;Non;50;1;ML;;;ML;;
Joint;;JOINT A BOURRER 7 MM;INSTALLUX;INSTALLUX;907;Non;50;1;ML;;;ML;;
Joint;;JOINT A BOURRER 8 MM;INSTALLUX;INSTALLUX;908;Non;50;1;ML;;33,50;Rlx;1;
Profil Alu;;SABLIERE SIMPLE;INSTALLUX;INSTALLUX;1160;Non;6,5;1;barre;;13,85;barre;;
Accessoire;;EQUERRE ALUMINIUM GM;INSTALLUX;INSTALLUX;1287;Non;40;1;UN;;68,00;UN;;
Profil Alu;;PARCLOSE CLIPABLE 13.5;INSTALLUX;INSTALLUX;5052;Non;6,5;1;UN;;24,93;UN;;
Accessoire;;CLIP DE PARCLOSE INOX;INSTALLUX;INSTALLUX;5301;Non;50;1;UN;;0,10;UN;;
Accessoire;;EQUERRE 15,4X22,2;INSTALLUX;INSTALLUX;5307;Non;1;1;un;;1,72;UN;;
Accessoire;;EQUERRE 15,4X6,1;INSTALLUX;INSTALLUX;5308;Non;1;1;un;;0,92;UN;;
Accessoire;;EQUERRE REGLAB.15,4X22,2;INSTALLUX;INSTALLUX;5312;Non;1;1;un;;4,64;UN;;
Accessoire;;EQUERRE REGLAB.15,4X6,1;INSTALLUX;INSTALLUX;5313;Non;1;1;un;;4,25;UN;;
Profil Alu;;PARCLOSE ARRONDIE 13.5;INSTALLUX;INSTALLUX;5512;Non;6,5;1;UN;;;UN;;
Profil Alu;;CAGE C.J RAPPORTEE;INSTALLUX;INSTALLUX;6599;Non;6,5;1;barre;;;barre;;
Profil Alu;;CHEVRON MOULURE 60;INSTALLUX;INSTALLUX;7008;Non;6,5;1;barre;;68,77;barre;;
Profil Alu;;CACHE RAINURE /7231TH;INSTALLUX;INSTALLUX;7025;Non;6,5;1;barre;;10,34;Barre;;
Profil Alu;;RENFORT SABLIERE BRUT;INSTALLUX;INSTALLUX;7026;n;6,5;1;barre;;;barre;;
Profil Alu;;OBTURATEUR 32;INSTALLUX;INSTALLUX;7045;Non;6,5;1;barre; 21,87 ;18,33;barre;1;
Profil Alu;;CAPOT 66;INSTALLUX;INSTALLUX;7053;Non;6,5;1;UN;;86,58;UN;;
Profil Alu;;CAPOT 9;INSTALLUX;INSTALLUX;7058;Non;6,5;1;barre;;55,06;Barre;;
Joint;;JOINT APPUI REMPLISSAGE;INSTALLUX;INSTALLUX;7060;Non;50;1;Rlx;;1,30;Rlx;;sept-21
Joint;;JOINT INT. EXT.;INSTALLUX;INSTALLUX;7061;Non;50;1;Rlx;;25,75;Rlx;;
Joint;;JOINT EXT. 2;INSTALLUX;INSTALLUX;#REF!;Non;#REF!;1;Rlx;;21,00;Rlx;;
Joint;;JOINT EXT. 4 SILICONE;INSTALLUX;INSTALLUX;#REF!;Non;#REF!;1;Rlx; 24,50 ;#REF!;Rlx;;sept-21
Joint;;JOINT EXT. SABLIERE;INSTALLUX;INSTALLUX;7067;Non;25;1;Rlx;;93,75;Rlx;;
Joint;;JOINT EXTERIEUR 12;INSTALLUX;INSTALLUX;7073;Non;#REF!;1;ML;#REF!;#REF!;ML;;sept-21
Profil Alu;;JOINT ARETIER;INSTALLUX;INSTALLUX;7074;Non;#REF!;1;barre;;;barre;;
Accessoire;;JONCTION (7760TH) CHENEAU 180°;INSTALLUX;INSTALLUX;7087;Non;1;1;UN;;5,25;UN;;
Accessoire;;JONCTION CHENEAU 90°INT;INSTALLUX;INSTALLUX;7088;Non;1;1;UN;;15,20;UN;;
Joint;;JOINT LEVRE 52 MM;INSTALLUX;INSTALLUX;7178;Non;25;1;ML;;46,88;Rlx;;
Joint;;JOINT LEVRE 72 MM;INSTALLUX;INSTALLUX;7179;Oui;25;25;ML; 56,75 ;62,00;ML;;
Profil Alu;;PARCLOSE REMPL.28/32;INSTALLUX;INSTALLUX;7218;Non;6,5;1;barre;;15,86;barre;;
Profil Alu;;NOUE 143MM;INSTALLUX;INSTALLUX;7225;Non;6,5;1;barre;;186,81;Barre;;
Profil Alu;;ARTICULATIO/NOUE 7225;INSTALLUX;INSTALLUX;7226;Non;6,5;1;barre;;24,12;Barre;;
Profil Alu;;CAPOT INT. /NOUE 7225;INSTALLUX;INSTALLUX;7227;Non;6,5;1;barre;;90,84;Barre;;
Accessoire;;Embout de chevron;INSTALLUX;INSTALLUX;#REF!;Non;1;1;Boite;;33,70;Boite;;
Profil Alu;;REHAUSSE MOULUREE DC 104;INSTALLUX;INSTALLUX;7603;Non;6,5;1;barre; 77,35 ;79,17;barre;;24-sept
Profil Alu;;REHAUSSE DROITE DC 104;INSTALLUX;INSTALLUX;7605;Non;6,5;1;barre;;71,37;barre;;
Profil Alu;;CHENEAU RAPPORTE;INSTALLUX;INSTALLUX;7606;Non;6,5;1;barre;;166,66;barre;;
Profil Alu;;REPRISE CHENEAU /7606;INSTALLUX;INSTALLUX;7613;Non;6,5;1;barre;;166,66;Barre;;
Profil Alu;;(*)PROF BARDAGE CHENEAU;INSTALLUX;INSTALLUX;7617;Non;6,5;1;barre;;85,28;barre;;
Profil Alu;;CHEVRO156MM RENFORCE;INSTALLUX;INSTALLUX;7621;Non;#REF!;1;barre;;;barre;;
Profil Alu;;CHEVRON 106MM;INSTALLUX;INSTALLUX;#REF!;Non;#REF!;1;barre;;;barre;;
Profil Alu;;CAPOT VISSE 31;INSTALLUX;INSTALLUX;7626;Non;6,5;1;barre;;;barre;;
Profil Alu;;INTERCALAIRE PVC REMP32;INSTALLUX;INSTALLUX;#REF!;Non;#REF!;1;barre;;;barre;;
Profil Alu;;OBTURATEUR;INSTALLUX;INSTALLUX;#REF!;Non;#REF!;1;barre;;;barre;;
Profil Alu;;CAPOT ARETIER;INSTALLUX;INSTALLUX;7666;Non;#REF!;1;barre;;;barre;;
Profil Alu;;CAPOT INTERIEUR ARETIER;INSTALLUX;INSTALLUX;#REF!;Non;#REF!;1;barre;;;barre;;
Profil Alu;;ARTICULATION FAITIERE;INSTALLUX;INSTALLUX;7670;Non;6,5;1;UN;;;UN;;
Profil Alu;;ENTRETOISE CHEVRON;INSTALLUX;INSTALLUX;7675;Non;6,5;1;barre;;45,31;barre;;
Profil Alu;;ENTRETOISE CHEVRON;INSTALLUX;INSTALLUX;7675;Non;6,5;1;UN;;;UN;;
Profil Alu;;ARTICULATION CHEVRON 108;INSTALLUX;INSTALLUX;7676;Non;6,5;1;barre;;;barre;;
Profil Alu;;(*)DESCENTE D’EAU;INSTALLUX;INSTALLUX;7685;Non;6,5;1;barre;;64,77;barre;;
Profil Alu;;(*)CAPOT DESCENTE D’EAU;INSTALLUX;INSTALLUX;7686;Non;6,5;1;barre;;86,22;barre;;
Profil Alu;;CAPOT FAITIERE;INSTALLUX;INSTALLUX;7689;Non;6,5;1;barre; 13,19 ;26,98;barre;;
Accessoire;;Clip Fixation Réhausse;INSTALLUX;INSTALLUX;7721;oui;100;1;UN;;23,00;UN;;
Accessoire;;EMBOUT FAITIERE;INSTALLUX;INSTALLUX;7772;Non;1;1;UN;;10,04;UN;;
Profil Alu;;ACCROCHE BAS DE CAPOT 78;INSTALLUX;INSTALLUX;7779;Non;6,5;1;barre;;;barre;;
Profil Alu;;CHENEAU VOLET ROULANT;INSTALLUX;INSTALLUX;7784;Non;6,5;1;barre;;;barre;;
Accessoire;;EMBOUT 7760TH+7603;INSTALLUX;INSTALLUX;7786;Non;1;1;UN;;9,39;UN;;
Profil Alu;;CAPOT CONTEMPORAIN VR;INSTALLUX;INSTALLUX;7796;Non;6,5;1;barre;;;barre;;
Profil Alu;;REHAUSSE CONTEMP VR;INSTALLUX;INSTALLUX;7798;Non;6,5;1;UN;;63,12;UN;;
Profil Alu;;EMBOUT 7784+7796+7798;INSTALLUX;INSTALLUX;7800;Non;1;1;un;;;UN;;
Profil Alu;;JOINT ARETIER;INSTALLUX;INSTALLUX;7815;Non;#REF!;1;barre;;;barre;;
Profil Alu;;CAPOT VISSE 39;INSTALLUX;INSTALLUX;#REF!;Non;#REF!;1;barre;;;barre;;
Profil Alu;;CAPOT VISSE 36;INSTALLUX;INSTALLUX;7836;Non;6,5;1;UN;;;UN;;
Profil Alu;;JOINT ASSISE 7;INSTALLUX;INSTALLUX;#REF!;Non;#REF!;1;barre;;;barre;;
Profil Alu;;JOINT ASSISE 11;INSTALLUX;INSTALLUX;8604;Non;#REF!;1;barre;;;barre;;
Profil Alu;;COUVRE JOINT 35;INSTALLUX;INSTALLUX;9151;Non;6,5;1;UN;;;UN;;
Profil Alu;;COUVRE JOINT 30;INSTALLUX;INSTALLUX;9158;Non;6,5;1;UN;;;UN;;
Profil Alu;;BAVETTE 40MM;INSTALLUX;INSTALLUX;420027;Non;6,5;1;barre;;;barre;;
Profil Alu;;CAPOT 90°;INSTALLUX;INSTALLUX;720023;Non;6,5;1;barre;;163,34;barre;;
Profil PVC;;PROFIL PVC POTEAU 90°;INSTALLUX;INSTALLUX;730003;Non;6,5;;un;;;UN;;
Profil Alu;;PARCLOSE A PIED 20;INSTALLUX;INSTALLUX;27/20;Non;6,5;1;barre;;11,44;barre;;
Profil Alu;;PARCLOSE LAQUABLE CLIP;INSTALLUX;INSTALLUX;5050L;Non;6,5;1;barre;;11,18;barre;;sept-21
Profil Alu;;DORMANT 50 CAGE CLIP/TOL;INSTALLUX;INSTALLUX;5501TH;Non;6,5;1;barre;;;barre;;
Profil Alu;;DORMANT 50 CAGE A CLIP;INSTALLUX;INSTALLUX;5503TH;Non;6,5;1;barre;;81,06;barre;;sept-21
JOINT;;COUVRE-JOINT;ARCELOR (BERTON SICARD);INSTALLUX;P6048;Non;5,8;;;;;;;
Profil Alu;;POTEAU DROIT 76X118 4 m;INSTALLUX;INSTALLUX;7018/4Th;Non;4,8;1;barre;;121,82;Barre;;
Profil Alu;;POTEAU DROIT 76X118 6,5m;INSTALLUX;INSTALLUX;7018TH;Non;6,5;1;barre;;164,97;Barre;;
Profil Alu;;POTEAU D’ANGLE 76X116;INSTALLUX;INSTALLUX;7050/4TH;Non;4,8;1;barre;;131,69;Barre;;
Profil Alu;;POTEAU D’ANGLE 76X116;INSTALLUX;INSTALLUX;7050TH;Non;6,5;1;barre;;167,64;Barre;;
Profil Alu;;POTEAU D’ANGLE 76X116;INSTALLUX;INSTALLUX;7051/4TH;Non;4,8;1;UN;;121,94;UN;;
Profil Alu;;POTEAU D’ANGLE 76X116;INSTALLUX;INSTALLUX;7051TH;Non;6,5;1;UN;;165,95;UN;;
Profil Alu;;CAPOT 66;INSTALLUX;INSTALLUX;7053;Non;6,5;1;UN;;86,58;UN;;
Profil Alu;;LIAISO110X31;INSTALLUX;INSTALLUX;7055/4TH;Non;4,8;1;UN;;;UN;;
JOINT;;*CVRE-JOINT RENO CARRE;ARCELOR (BERTON SICARD);INSTALLUX;5101;Non;6,5;;;;;;;
Profil Alu;;LIAISO110X31;INSTALLUX;INSTALLUX;7055TH;Non;;1;UN;;110,53;UN;;
Profil Alu;;CAPOT 9;INSTALLUX;INSTALLUX;7058/4;Non;4,8;1;barre;;40,66;Barre;;
Profil Alu;;POTEAU 90° SORTANT 124;INSTALLUX;INSTALLUX;710003N;Non;6,5;1;barre;;145,57;barre;;
Profil Alu;;POTEAU VARIABLE FEMELLE;INSTALLUX;INSTALLUX;7119TH;Non;6,5;1;UN;;;UN;;
Profil Alu;;POTEAU VARIABLE 120/140;INSTALLUX;INSTALLUX;7121TH;Non;6,5;1;UN;;;UN;;
Profil Alu;;PROFIL MONTANT 75X31;INSTALLUX;INSTALLUX;7124TH;Non;6,5;1;UN;;81,64;UN;;
Profil Alu;;PROFIL MONTANT 120X31;INSTALLUX;INSTALLUX;7125/4TH;Non;4,8;1;UN;;;UN;;
Profil Alu;;PROFIL MONTANT 120X31;INSTALLUX;INSTALLUX;7125TH;Non;6,5;1;UN;;;UN;;
Profil Alu;;PROFIL LIAISON 135° 75;INSTALLUX;INSTALLUX;7126/4th;Non;4,8;1;barre;;;barre;;
Profil Alu;;PROFIL LIAISON 135° 75;INSTALLUX;INSTALLUX;7126th;Non;6,5;1;barre;;;barre;;
Profil Alu;;SABLIERE VR INTEGRE;INSTALLUX;INSTALLUX;7130/4TH;Non;4;1;barre;;;barre;;
Profil Alu;;SABLIERE VR INTEGRE;INSTALLUX;INSTALLUX;7130TH;Non;6,5;1;barre;;;barre;;
Profil Alu;;P.BASE ARETIER ARTICULE;INSTALLUX;INSTALLUX;7235TH;Non;6,5;1;Barre;;109,62;Barre;;
Profil Alu;;ARTICULATIO/ARETIER;INSTALLUX;INSTALLUX;7236TH;Non;6,5;1;Barre;;128,02;Barre;;
Accessoire;;CLIP /FIX.DOUCINE 7008;INSTALLUX;INSTALLUX;7251B;Non;10;1;un;;1,80;UN;;
Profil Alu;;EPINE TUBUL.RPTH 120;INSTALLUX;INSTALLUX;7303/4TH;Non;4,7;1;barre;;82,86;barre;;
Profil Alu;;EPINE TUBUL.RPTH 120;INSTALLUX;INSTALLUX;7303TH;Non;6,5;1;barre;;114,60;barre;;
Profil Alu;;EPINE TUBUL.RPTH 150;INSTALLUX;INSTALLUX;7304/4TH;Non;4,7;1;barre;;;barre;;
Profil Alu;;EPINE TUBUL.RPTH 150;INSTALLUX;INSTALLUX;7304TH;Non;6,5;1;barre;;;barre;;
Profil Alu;;TUB EXT RPT 65X100;INSTALLUX;INSTALLUX;7305/4TH;Non;4,7;1;barre;;78,98;barre;;
Profil Alu;;TUB EXT RPT 65X100;INSTALLUX;INSTALLUX;7305TH;Non;6,5;1;barre;;109,56;barre;;
Profil Alu;;PROFIL DE RIVE RPTH;INSTALLUX;INSTALLUX;7306TH;Non;6,5;1;barre;;;barre;;
Profil Alu;;"Chevron ""T"" thermique (7308TH)";INSTALLUX;INSTALLUX;7308/4TH;Non;4,7;1;barre;;93,00;barre;;
Profil Alu;;"Chevron ""T"" thermique (7308TH)";INSTALLUX;INSTALLUX;7308TH;Non;6,5;1;barre;;128,00;barre;;
Profil Alu;;FAITIERE RPT;INSTALLUX;INSTALLUX;7645TH;Non;6,5;1;barre;;97,18;barre;;
Profil Alu;;FAITIERE DECALEE 32/67;INSTALLUX;INSTALLUX;7652th;Non;6,5;1;UN; 134,42 ;118,50;UN;;sept-21
Profil Alu;;SABLIERE CHENEAU;INSTALLUX;INSTALLUX;7760/4TH;Non;4,5;1;barre; 138,06 ;144,00;barre;;24-sept
Profil Alu;;SABLIERE CHENEAU;INSTALLUX;INSTALLUX;7760TH;Non;6,5;1;barre; 199,16 ;208,00;barre;;24-sept
Profil Alu;;CHENEAU VOLET ROULANT;INSTALLUX;INSTALLUX;7784/4;Non;4;1;barre;;;barre;;
Profil Alu;;CAPOT CONTEMPORAIN VR;INSTALLUX;INSTALLUX;7796/4;Non;4;1;barre;;;barre;;
Profil Alu;;CORNIERE PARCLOSE 30X30;INSTALLUX;INSTALLUX;114;Non;6,5;1;barre;;38,03;barre;;
Profil Alu;;CORNIERE 100X100X2;INSTALLUX;INSTALLUX;L1001002;Non;6,5;1;Barre;;82,29;Barre;;janv-22
Profil Alu;;CORNIERE 100X20X2;INSTALLUX;INSTALLUX;L100202;Non;6,5;1;Barre;;49,21;Barre;;janv-22
Profil Alu;;CORNIERE 100X50X2;INSTALLUX;INSTALLUX;L100502;Non;6,5;1;Barre;;61,52;Barre;;janv-22
Profil Alu;;CORNIERE 10X10X2;INSTALLUX;INSTALLUX;L1010X2;Non;6,5;1;Barre;;;Barre;;
Profil Alu;;CORNIERE 15X15X2;INSTALLUX;INSTALLUX;L1515X2;Non;6,5;1;Barre;;;Barre;;
Profil Alu;;CORNIERE 20X15X2;INSTALLUX;INSTALLUX;L2015X2;Non;6,5;1;Barre;;;Barre;;
Profil Alu;;CORNIERE 20X20X2;INSTALLUX;INSTALLUX;L2020X2;Non;6,5;1;Barre;;;Barre;;
Profil Alu;;CORNIERE 25X10X2;INSTALLUX;INSTALLUX;L2510X2;Non;6,5;1;Barre;;;Barre;;
Profil Alu;;CORNIERE 25X25X2;INSTALLUX;INSTALLUX;L2525X2;Non;6,5;1;Barre;;;Barre;;
Profil Alu;;CORNIERE 30X15X2;INSTALLUX;INSTALLUX;L3015X2;Non;6,5;1;Barre;;;Barre;;
Profil Alu;;CORNIERE 30X30X2;INSTALLUX;INSTALLUX;L3030X2;Non;6,5;1;Barre;;;Barre;;
Profil Alu;;CORNIERE 35X20X2;INSTALLUX;INSTALLUX;L3520x2;Non;6,5;1;barre;;;barre;;
Profil Alu;;CORNIERE 35X20X2;INSTALLUX;INSTALLUX;L3520X2;Non;6,5;1;Barre;;;Barre;;
Profil Alu;;CORNIERE 40X20X2;INSTALLUX;INSTALLUX;L4020X2;Non;6,5;1;Barre;;;Barre;;
Profil Alu;;CORNIERE 40X40X2;INSTALLUX;INSTALLUX;L4040X2;Non;6,5;1;Barre;;;Barre;;
Profil Alu;;CORNIERE 45X45X2;INSTALLUX;INSTALLUX;L4545X2;Non;6,5;1;Barre;;;Barre;;
Profil Alu;;CORNIERE 50X20X2;INSTALLUX;INSTALLUX;L5020X2;Non;6,5;1;Barre;;;Barre;;
Profil Alu;;CORNIERE 50X50X2;INSTALLUX;INSTALLUX;L5050X2;Non;6,5;1;Barre;;;Barre;;
Profil Alu;;CORNIERE 60X20X1,8;INSTALLUX;INSTALLUX;L602018;Non;6,5;1;Barre;;;Barre;;
Profil Alu;;CORNIERE 60X30X2;INSTALLUX;INSTALLUX;L6030X2;Non;6,5;1;Barre;;28,67;Barre;;
Profil Alu;;CORNIERE 60X40X2;INSTALLUX;INSTALLUX;L60X40;Non;6,5;1;UN;;;UN;;
Profil Alu;;CORNIERE 60X60X6;INSTALLUX;INSTALLUX;L6060X6;Non;6,5;1;Barre;;;Barre;;
JOINT;;JOINTEMENT OF 2 VTX;ARCELOR (BERTON SICARD);INSTALLUX;5420TH;Non;6,5;;;;;;;
JOINT;;DORM. 64 COUVR.JOINT;ARCELOR (BERTON SICARD);INSTALLUX;5922;Non;6;;;;;;;
JOINT;;JOINT FAITIERE EPINE;ARCELOR (BERTON SICARD);INSTALLUX;7174;Non;25;;;;;;;
JOINT;;JOINT FAITIERE EPINE;ARCELOR (BERTON SICARD);INSTALLUX;7174;Non;25;;;;;;;
JOINT;;PORTE JOINT ARTICULATION;ARCELOR (BERTON SICARD);INSTALLUX;7660;Non;6,5;;;;;;;
Profil Alu;;FINITION PLAT;INSTALLUX;INSTALLUX;720011;Non;6,5;1;barre;;;barre;;
Profil Alu;;FINITION PLAT;INSTALLUX;INSTALLUX;720011;Non;6,5;1;barre;;;barre;;
Profil Alu;;DORMANT 50MM FOND PLAT;INSTALLUX;INSTALLUX;5504TH;Non;6,5;1;barre;;;barre;;
Profil Alu;;MEPLAT 100X8;INSTALLUX;INSTALLUX;PL100X8;Non;6,5;1;Barre;;95,78;Barre;;
Profil Alu;;MEPLAT 15X3;INSTALLUX;INSTALLUX;PL15X3;Non;6,5;1;Barre;;;Barre;;
Profil Alu;;MEPLAT 20X2;INSTALLUX;INSTALLUX;PL20X2;Non;6,5;1;Barre;;;Barre;;
Profil Alu;;MEPLAT 20X3;INSTALLUX;INSTALLUX;PL20X3;Non;6,5;1;Barre;;;Barre;;
Profil Alu;;MEPLAT 25X3;INSTALLUX;INSTALLUX;PL25X3;Non;6,5;1;Barre;;;Barre;;
Profil Alu;;MEPLAT 30X2;INSTALLUX;INSTALLUX;PL30X2;Non;6,5;1;Barre;;;Barre;;
Profil Alu;;MEPLAT 30X3;INSTALLUX;INSTALLUX;PL30X3;Non;6,5;1;Barre;;;Barre;;
Profil Alu;;MEPLAT 40X2;INSTALLUX;INSTALLUX;PL40X2;Non;6,5;1;Barre;;13,20;Barre;;
profil alu;;Tube 60 x 30 x 2;PREFAL;Sepalumic;T60x30;Non;6,5;1;barre;;;barre;;
Profil Alu;;Tube 70 x 50 x 2;INSTALLUX;INSTALLUX;TU7050x2;Non;6,5;1;barre;;;barre;;
Profil Alu;;Tube 30 x 30 x 2;INSTALLUX;INSTALLUX;TU3030x2;Non;6,5;1;barre;;;barre;;
Profil Alu;;MEPLAT 40X3;INSTALLUX;INSTALLUX;PL40X3;Non;6,5;1;Barre;;;Barre;;
Profil Alu;;LIAISON SECTION 50 RPT;INSTALLUX;INSTALLUX;5452th;Non;6,5;1;Barre;;;Barre;;
Bois;OSB;Plaque Bois OSB3 18mm emboitable2500x675;JAUFFREY;;OSB3_18_2500x675;Non;1;1;UN;14,34;19,41;UN;;21/11/2022
Bois;OSB;Plaque Bois OSB3 9mm  bord Droit 2500x1250;JAUFFREY;;OSB3_9_2500x1250;Non;1;1;UN;13,75;20,31;UN;;21/11/2022
Profil Alu;;LIAISON VERTICALE OU HORIZONTALE;PREFAL;Sepalumic;328;Non;6,5;1;barre;;;barre;;
Profil Alu;;LIAISON 90° DE 80 X 80;PREFAL;Sepalumic;332;Non;6,5;1;barre;;;barre;;
Profil Alu;;CLOSOIR;PREFAL;Sepalumic;502;Non;6,5;1;barre;;;barre;;
Profil Acier;;Tube serr. galva rectang. 100x20x1,50 mm poids = 2,757 kg/m;BALITRAND;; 017.323;Non;6,5;1;barre;;130,00;barre;;
Profil Alu;;PLIAGE POUR GALANDAGE 3 VANTAUX;PREFAL;Sepalumic;2647;Non;;1;barre;;;barre;;
Profil Alu;;ETANCHEITE LAT. GALAND;PREFAL;Sepalumic;2655;Non;6,5;1;barre;;;barre;;
Profil Alu;;PROFIL DE RENFORT EN APPLIQUE;PREFAL;Sepalumic;2683;Non;6,5;1;Barre;;;Barre;;
Profil Alu;;CAPOT POUR PROFIL 2683;PREFAL;Sepalumic;2685;Non;6,5;1;Barre;;;Barre;;
Profil Alu;;DEMI POTEAU D'ANGLE VARIABLE     MALE;PREFAL;Sepalumic;3320;Non;6,5;1;barre;;;barre;;
Profil Alu;;DEMI POTEAU D'ANGLE VARIABLE     FEMELLE;PREFAL;Sepalumic;3321;Non;6,5;1;barre;;;barre;;
Profil Alu;;POTEAU D'ANGLE 135°;PREFAL;Sepalumic;3325;Non;6,5;1;barre;;;barre;;
Profil Alu;;POTEAU RECTANGULAIRE;PREFAL;Sepalumic;3326;Non;6,5;1;barre;;;barre;;
Profil Alu;;PROFIL DE LIAISON;PREFAL;Sepalumic;3328;Non;6,5;1;barre;;;barre;;
Profil Alu;;POTEAU D' ANGLE CARRE;PREFAL;Sepalumic;3331;Non;6,5;1;barre;;;barre;;
Profil Alu;;POTEAU D'ANGLE LARGE;PREFAL;Sepalumic;3335;Non;6,5;1;barre;;;barre;;
Profil Alu;;PROFIL ACCROCHE POUR GALANDAGE 2 VANTAUX;PREFAL;Sepalumic;3406;Non;;1;barre;;;barre;;
Profil Alu;;PROFIL LIAISON VANTAUX FACE A FACE;PREFAL;Sepalumic;3422;Non;6,5;1;barre;;;barre;;
Profil Alu;;MENEAU DE RENFORT;PREFAL;Sepalumic;4024;Non;6,5;1;barre;;;barre;;
Profil Alu;;PROFIL DE LIAISON;PREFAL;Sepalumic;5082;Non;6,5;1;barre;;;barre;;
Profil Alu;;LIAISON DE 80 MM;PREFAL;Sepalumic;5088;Non;6,5;1;barre;;;barre;;
Profil Alu;;CHEVRON TUBULAIRE;PREFAL;Sepalumic;7000;Non;6,5;1;barre;;;barre;;
Profil Alu;;SUPPORT CHEVRON;PREFAL;Sepalumic;7005;Non;6,5;1;barre;;;barre;;
Profil Alu;;BAVETTE DE FAITAGE;PREFAL;Sepalumic;7007;Non;6,5;1;barre;;;barre;;
Profil Alu;;CLOSOIR CACHE FIXATIONS;PREFAL;Sepalumic;7008;Non;6,5;1;barre;;;barre;;
Profil Alu;;CHENEAU;PREFAL;Sepalumic;7013;Non;6,5;1;barre;;;barre;;
Profil Alu;;TRAVERSE;PREFAL;Sepalumic;7020;Non;6,5;1;barre;;;barre;;
Profil Alu;;POTEAU 135° 3-RAILS;PREFAL;Sepalumic;7030;Non;6,5;1;barre;;;barre;;
Profil Alu;;POUTRE POUR VOLET ROULANT;PREFAL;Sepalumic;7060;Non;6,5;1;barre;;;barre;;
Profil Alu;;EPINE PVC TOITURE TUBULAIRE;PREFAL;Sepalumic;7081;Non;6,5;1;barre;;;barre;;
Profil Alu;;SUPPORT DE CHEVRON;PREFAL;Sepalumic;7105;Non;6,5;1;barre;;;barre;;
Profil Alu;;SERREUR POUR ARETIER;PREFAL;Sepalumic;7237;Non;6,5;1;barre;;;barre;;
Profil Alu;;PROFIL MURAL;PREFAL;Sepalumic;7238;Non;6,5;1;barre;;;barre;;
Profil Alu;;DESCENTE D'EAU A 90°;PREFAL;Sepalumic;7240;Non;6,5;1;barre;;;barre;;
Profil Alu;;DESCENTE D'EAU A 135°;PREFAL;Sepalumic;7241;Non;6,5;1;barre;;;barre;;
Profil Alu;;SERREUR TOITURE REMPLISSAGE MAXI 35 MM;PREFAL;Sepalumic;7242;Non;6,5;1;barre;;;barre;;
Profil Alu;;SERREUR DE RIVE REMPLISSAGE MAXI 35 MM;PREFAL;Sepalumic;7243;Non;6,5;1;barre;;;barre;;
Profil Alu;;ENTRETOISE VERTICALE;PREFAL;Sepalumic;7244;Non;6,5;1;Barre;;;Barre;;
Profil Alu;;DESCENTE D'EAU DROITE;PREFAL;Sepalumic;7250;Non;6,5;1;barre;;;barre;;
Profil Alu;;SERREUR TOITURE POUR ARETIER PREPERCE;PREFAL;Sepalumic;7252;Non;6,5;1;barre;;;barre;;
Profil Alu;;SERREUR DE FAITAGE PREPERCE;PREFAL;Sepalumic;7255;Non;6,5;1;barre;;;barre;;
Profil Alu;;SERREUR PARTIE DROITE PREPERCE;PREFAL;Sepalumic;7256;Non;6,5;1;barre;;;barre;;
Profil Alu;;PROFIL DE LIAISON TH 83X50;PREFAL;Sepalumic;7260;Non;6,5;1;barre;;;barre;;
Profil Alu;;PROFIL COMPENSATEUR;PREFAL;Sepalumic;7262;Non;6,5;1;barre;;;barre;;
Profil Alu;;CAPOT POUR DESCENTE D'EAU;PREFAL;Sepalumic;7271;Non;6,5;1;barre;;;barre;;
Profil Alu;;SABLIERE SEULE;PREFAL;Sepalumic;7273;Non;6,5;1;barre;;;barre;;
Profil Alu;;POTEAU ARTICULE FEMELLE DORMANT 70MM;PREFAL;Sepalumic;7720;Non;6,5;1;barre;;;barre;;
Profil Alu;;POTEAU ARTICULE MALE POUR DORMANT DE 70;PREFAL;Sepalumic;7721;Non;6,5;1;barre;;;barre;;
Profil Alu;;POTEAU D'ANGLE RECTANGULAIRE;PREFAL;Sepalumic;7726;Non;6,5;1;barre;;;barre;;
Profil Alu;;PROFIL DE LIAISON RENFORCE;PREFAL;Sepalumic;7728;Non;6,5;1;barre;;;barre;;
Profil Alu;;POTEAU D'ANGLE CARRE;PREFAL;Sepalumic;7731;Non;6,5;1;barre;;;barre;;
Profil Alu;;PROFIL DE LIAISON DE 100;PREFAL;Sepalumic;7760;Non;6,5;1;barre;;;barre;;
Profil Alu;;PROFIL DE LIAISON SIMPLE;PREFAL;Sepalumic;7782;Non;6,5;1;barre;;;barre;;
Profil Alu;;CLOSOIR POUR 2655;PREFAL;Sepalumic;2004A;Non;6,5;1;barre;;;barre;;
Profil Alu;;CLOSOIR POUR CADRE OUVRANT;PREFAL;Sepalumic;2204A;Non;6,5;1;barre;;;barre;;
Profil Alu;;CLOSOIR POUR CADRE OUVRANT;PREFAL;Sepalumic;2204A;Non;6,5;1;barre;;;barre;;
Profil Alu;;SUPPORT POUR NOUE FIXE;PREFAL;Sepalumic;7011/b;Non;6,5;1;barre;;;barre;;
Profil Alu;;1/2 PROFIL MURAL INTERIEUR;PREFAL;Sepalumic;7238/B;Non;6,5;1;barre;;;barre;;
Profil Alu;;Cornière 60x40;PREFAL;Sepalumic;C60X40;Non;6,5;1;barre;;;barre;;
Accessoire;;CREPINE PR DESCENTE D'EAU DIAMETRE 80 MM;PREFAL;Sepalumic;70308;Non;1;1;un;;;un;;
Profil Alu;;L20X10 P.V.C. POUR JONCTION PROFILES;PREFAL;Sepalumic;L20X10;Non;6,5;1;barre;;;barre;;
Profil Alu;;CORNIERE 80X60X2;INSTALLUX;INSTALLUX;L8060X2;Non;6,5;1;Barre;;;Barre;;
EP PVC;;Tube PVC Diam 80 Gris LG 4M;AMITUBES;;BATTS080;oui;4;;1;;8,69;barre;;
Profil Alu;;DESCENTE D'EAU DROITE;SEPALUMIC;SEPALUMIC;7250;Non;6,5;1;barre;;;barre;;
Profil Alu;;CAPOT POUR DESCENTE D'EAU;SEPALUMIC;SEPALUMIC;7271;Non;6,5;1;barre;;;barre;;
Entanchéité;;Primer D'accrochage FG35 4,5 Kg;TSE;?;1VMBRETPRIM001;Non;1;1;un;65,04;78,51;UN;;mai-22
Entanchéité;;Rouleau RETRIDEX SK W FULL BOND EP 2,5 / 1 x 10M;TSE;?;1VMBRETROUL001;Non;10;1;un;324,79;362,99;UN;;juil-23
Cache;;Cache vis noir ;WURTH;;0590 730 112;Non;Boite;;UN;;0,05;UN;;
Nettoyage;;Bobine essui tout;WURTH;;0899 800 470;Non;Bobine;;UN;;6,53;UN;;
Compri bande;;Fond de joint mousse cylindrique diam 20;WURTH;;0875820100 ;Non;50m;1;UN;;;;;
Compri bande;;Fond de joint mousse cylindrique diam 40;WURTH;;0875840100 ;Non;25m;1;UN;;;;;
Forêts;;Forêt beton (pour perforateur) Diam 6mm Lg 200;WURTH;;;Non;;;UN;;;;;
Forêts;;Forêt long HSS 4.0 mm;WURTH;;0629 40;Non;;;UN;;3,77;UN;;
Forêts;;Forêt long HSS 6.0 mm;WURTH;;0629 60;Non;;;UN;;4,30;UN;;
Forêt;;FORET BETON LONGLIFE PLUS 6,5X260;WURTH;;0648 056 526;non;2;1;Pairs;;27,92;Pairs;;
forêt;;MECHE LONGUE-HSS -  4,0 MM;WURTH;;0629 40 ;non;Boite 20;1;Boite;;75,40;Boite;;
forêt;;MECHE LONGUE-HSS -  6,0 MM;WURTH;;0629 60 ;non;Boite 20;1;Boite;;86,00;Boite;;
Outillage;;Insert Acier zingué M5 sans collerette;WURTH;;091775;Non;100;1;Boite;;22,45;Boite;;
Outillage;;Insert Acier zingué M6 sans collerette;WURTH;;091776;Non;100;1;Boite;;24,87;Boite;;
Lame;;Lame de scie circulaire universelle (Alu,bois);WURTH;WURTH;0611930532;Non;;1;UN;;131,00;UN;;
Outillage;;Lame scie sabre Bois + acier 3,6x150x1,25;WURTH;;0615815030;Non;5;1;Boite;;23,46;Boite;;
Nettoyage;;Mousse nettoyante ALU PVC;WURTH;;0892 200 870;Non;400 ml;;UN;;8,50;UN;;
Outillage;;Porte embout 6 pans creux 150mm;WURTH;;0614 176 639;Non;;;UN;;22,01;UN;;
Outillage;;Pompe silicon manuel 400 ml;WURTH;;0891 400 410;Non;;;UN;;48,75;UN;;
consommable;;SAC POUBELLE 130L/55MICRONS 82X115;WURTH;;899800626;oui;100;1;UN;;51,27;UN;;
Mastic;;Silicon 1015;WURTH;;0892 853 320;oui;310ml;;UN;;2,70;UN;;
Mastic;;Silicon Blanc;WURTH;;0892 854 32;Non;310 ml;250;UN; 1,74 ;1,86;UN;;
Mastic;;Silicon translucide;WURTH;;0892 854 31;Non;310 ml;250;UN; 1,74 ;1,86;UN;;
Mastic;;Mastic Colle PU blanc;WURTH;;0892 211;Non;310 ml;96;UN;;2,41;UN;;
Vis;;Vis autoforeuse Inox A2 tête hexagonale 4.8 x25;WURTH;;020614825;Non;boite 500;;UN;;0,1673;;;
Vis;;Vis autoforeuse Inox A2  tête hexagonale 4.8 x38;WURTH;; 020614838;Non;Boite 500;;UN;;0,2263;;;
Vis;;Vis Amoiii tête large AW30 7.5x102 ZI;WURTH;;0234 930 102;Oui;Boite;;UN;;0,25;UN;;
Vis;;Vis Amoiii tête large AW30 7.5x252 ZI;WURTH;;0234 830 252;non;100;1;Boite;;187,90;Boite;;
Vis;;Vis Amoiii tête large AW30 7.5x52 ZI;WURTH;;0234 930 52;Oui;Boite;;UN;;0,16;UN;;
Vis;;Vis Amoiii tête large AW30 7.5x82 ZI;WURTH;;0234 930 82;Oui;Boite;;UN;;0,21;UN;;
Vis;;Vis à tole AW TF 3,96 x 16 mm;WURTH;;0123 939 16;;250;1;Boite;;12,88;Boite;;
Profil Alu;;MEPLAT 50X2;INSTALLUX;INSTALLUX;PL50X2;Non;6,5;1;Barre;;;Barre;;
Profil Alu;;MEPLAT 50X8;INSTALLUX;INSTALLUX;PL50X8;Non;6,5;1;Barre;;;Barre;;
Profil Alu;;MEPLAT 60X2;INSTALLUX;INSTALLUX;PL60X2;Non;6,5;1;Barre;;;Barre;;
JOINT;;CVRE JOINT 50 MOUL TOLE;ARCELOR (BERTON SICARD);INSTALLUX;9160;Non;6,5;;;;;;;
Profil Alu;;SERREUR 70 MM PERFORE;INSTALLUX;INSTALLUX;8290;Non;6,5;1;Barre;;;Barre;;
Profil Alu;;"CAPOT DE H=16; L=70MM";INSTALLUX;INSTALLUX;8298;Non;6,5;1;Barre;;;Barre;;
Accessoire;;Poigné tirage int versus N2100;SEPALUMIC;SEPALUMIC;26094;Non;1;1;un; 18,74 ;;;;07/12/2021
Accessoire;;Poigné tirage int versus 9010B;SEPALUMIC;SEPALUMIC;26094;Non;1;1;un; 18,74 ;;;;07/12/2021
Accessoire;;Poigné tirage int versus Noir;SEPALUMIC;SEPALUMIC;26094;Non;1;1;un; 18,74 ;;;;07/12/2021
Accessoire;;Poigné tirage int versus 7016G;SEPALUMIC;SEPALUMIC;26094;Non;1;1;un; 18,74 ;;;;07/12/2021
Accessoire;;Poigné versus  int saillie reduite N2100;SEPALUMIC;²;26098;Non;1;1;un; 7,97 ;;;;07/12/2021
Accessoire;;Poigné versus  int saillie reduite 9010B;SEPALUMIC;SEPALUMIC;26098;Non;1;1;un; 7,97 ;;;;07/12/2021
Accessoire;;Poigné versus  int saillie reduite Noir;SEPALUMIC;SEPALUMIC;26098;Non;1;1;un; 7,97 ;;;;07/12/2021
Accessoire;;Poigné versus  int saillie reduite 7016G;SEPALUMIC;SEPALUMIC;26098;Non;1;1;un; 7,97 ;;;;07/12/2021
Accessoire;;Poigné saillie reduite Ext pour Versus N2100;SEPALUMIC;SEPALUMIC;33146;Non;1;1;un; 7,45 ;;;;07/12/2021
Accessoire;;Poigné saillie reduite Ext pour Versus 9010B;SEPALUMIC;SEPALUMIC;33146;Non;1;1;un; 7,45 ;;;;07/12/2021
Accessoire;;Poigné saillie reduite Ext pour Versus Noir;SEPALUMIC;SEPALUMIC;33146;Non;1;1;un; 7,45 ;;;;07/12/2021
Accessoire;;Poigné saillie reduite Ext pour Versus 7016G;SEPALUMIC;SEPALUMIC;33146;Non;1;1;un; 7,45 ;;;;07/12/2021
Profil Alu;;PARCLOSE CLIPABLE 28.5;INSTALLUX;INSTALLUX;5055;Non;6,5;1;barre;;;barre;;
Profil Alu;;BAVETTE 25;INSTALLUX;INSTALLUX;9152;Non;6,5;1;barre;;;barre;;
Accessoire;;Poigné tirage int versus N2100;BFA7;Versus;26094;Non;1;1;un; 36,50 ;;;;10/12/2021
Accessoire;;Poigné tirage int versus 9010B;BFA7;Versus;26094;Non;1;1;un; 36,50 ;;;;10/12/2021
Accessoire;;Poigné tirage int versus Noir;BFA7;Versus;26094;Non;1;1;un; 36,50 ;;;;10/12/2021
Accessoire;;Poigné tirage int versus 7016G;BFA7;Versus;26094;Non;1;1;un; 36,50 ;;;;10/12/2021
Accessoire;;Poigné versus  int saillie reduite N2100;BFA7;Versus;26098;Non;1;1;un; 24,00 ;;;;10/12/2021
Accessoire;;Poigné versus  int saillie reduite 9010B;BFA7;Versus;26098;Non;1;1;un; 24,00 ;;;;10/12/2021
Accessoire;;Poigné versus  int saillie reduite Noir;BFA7;Versus;26098;Non;1;1;un; 24,00 ;;;;10/12/2021
Accessoire;;Poigné versus  int saillie reduite 7016G;BFA7;Versus;26098;Non;1;1;un; 24,00 ;;;;10/12/2021
Accessoire;;Poigné saillie reduite Ext pour Versus N2100;BFA7;Versus;33146;Non;1;1;un; 22,00 ;;;;10/12/2021
Accessoire;;Poigné saillie reduite Ext pour Versus 9010B;BFA7;Versus;33146;Non;1;1;un; 22,00 ;;;;10/12/2021
Accessoire;;Poigné saillie reduite Ext pour Versus Noir;BFA7;Versus;33146;Non;1;1;un; 22,00 ;;;;10/12/2021
Accessoire;;Poigné saillie reduite Ext pour Versus 7016G;BFA7;Versus;33146;Non;1;1;un; 22,00 ;;;;10/12/2021
Profil Alu;;Tube 100 x 100 x 2;INSTALLUX;INSTALLUX;TU100102;Non;6,5;1;barre;;132,47;barre;;
Profil Alu;;TAPEE 57;INSTALLUX;INSTALLUX;6601;Non;6,5;1;Barre;;50,28;Barre;;janv-22
Profil Alu;;TAPEE 22;INSTALLUX;INSTALLUX;6602;Non;6,5;1;Barre;;33,70;Barre;;janv-22
Profil Alu;;TAPEE 32;INSTALLUX;INSTALLUX;6603;Non;6,5;1;Barre;;39,36;Barre;;janv-22
Profil Alu;;TAPEE 42;INSTALLUX;INSTALLUX;6604;Non;6,5;1;Barre;;43,71;Barre;;janv-22
Profil Alu;;TAPEE 52;INSTALLUX;INSTALLUX;6605;Non;6,5;1;Barre;;48,10;Barre;;janv-22
Profil Alu;;TAPEE 62;INSTALLUX;INSTALLUX;6606;Non;6,5;1;Barre;;52,46;Barre;;janv-22
Profil Alu;;TAPEE 72;INSTALLUX;INSTALLUX;6607;Non;6,5;1;Barre;;56,81;Barre;;janv-22
Profil Alu;;TAPEE 82;INSTALLUX;INSTALLUX;6608;Non;6,5;1;Barre;;61,20;Barre;;janv-22
Profil Alu;;TAPEE 37;INSTALLUX;INSTALLUX;6609;Non;6,5;1;Barre;;41,54;Barre;;janv-22
Profil Alu;;TAPEE 102;INSTALLUX;INSTALLUX;6610;Non;6,5;1;Barre;;69,88;Barre;;janv-22
Profil Alu;;TAPEE 92;INSTALLUX;INSTALLUX;6611;Non;6,5;1;Barre;;65,52;Barre;;janv-22
JOINT;;CVRE JOINT 70 MOUL TOLE;ARCELOR (BERTON SICARD);INSTALLUX;9161;Non;6,5;;;;;;;
JOINT;;JOINTEMENT VANTAUX;ARCELOR (BERTON SICARD);INSTALLUX;9349;Non;6,5;;;;;;;
JOINT;;JOINTEMENT PF SM;ARCELOR (BERTON SICARD);INSTALLUX;410045;Non;6,5;;;;;;;
Profil Alu;;ARETIER MOULURE 230MM;INSTALLUX;INSTALLUX;7694;Non;6,5;1;Barre;;;Barre;;
Profil Alu;;Tube 40 x 40 x 2;INSTALLUX;INSTALLUX;TU4040x2;Non;6,5;1;barre;;;barre;;
Accessoire;;ARRET DE REMPLISSAGE;INSTALLUX;INSTALLUX;7701;Non;1;1;un;;;un;;
Accessoire;;CACHE 7701;INSTALLUX;INSTALLUX;7702;Non;1;1;un;;;un;;
Renfort;;MEPLAT 80X8;INSTALLUX;INSTALLUX;PL80x8;Non;6,5;1;barre;;80,00;barre;;
Profil Alu;;MEPLAT 80X8;INSTALLUX;INSTALLUX;PL80X8;Non;6,5;1;Barre;;;Barre;;
Joint;;JOINT DE TRAVERSE 2;INSTALLUX;INSTALLUX;8610;N;50;1;Rlx;;;Rlx;;
Accessoire;;CAPOT SUP.PLATINE /7748;INSTALLUX;INSTALLUX;7114;Non;1;1;un;;;un;;
JOINT;;JOINTEMENT PF GRAND OUV;ARCELOR (BERTON SICARD);INSTALLUX;410047;Non;6,5;;;;;;;
JOINT;;OUV JOINT SF CAGE DE 16;ARCELOR (BERTON SICARD);INSTALLUX;410069;Non;6,5;;;;;;;
JOINT;;RENFORT JOINTEMENT SF;ARCELOR (BERTON SICARD);INSTALLUX;423010;Non;6,5;;;;;;;
JOINT;;JOINTEMENT VANTAUX;ARCELOR (BERTON SICARD);INSTALLUX;910035;Non;6,5;;;;;;;
JOINT;;COUVRE-JOINT;ARCELOR (BERTON SICARD);INSTALLUX;P6048;Non;5,8;;;;;;;
Accessoire;;PLATINE 180° 5 DEPARTS;INSTALLUX;INSTALLUX;7748;Non;1;1;un;;;un;;
Profil Alu;;CORNIERE 40X20X2;PREFAL;Sepalumic;L40x20;Non;6,5;1;Barre;;;Barre;;
JOINT;;PORTE JOINT PORT BATTANT;ARCELOR (BERTON SICARD);INSTALLUX;532;Non;6,5;;;;;;;
JOINT;;PORTE JOINT PORT BATTANT;ARCELOR (BERTON SICARD);INSTALLUX;532/3;Non;3,2;;;;;;;
Outillage;;Brosse plate chnatier N°30;WURTH;;0693103 30;Non;;;UN;;1,18;UN;;
Vis;;Vis beton tête plate ? X 200;WURTH;;;Non;Boite;;UN;;;;;
JOINT;;PORTE JOINT COULISSANT;ARCELOR (BERTON SICARD);INSTALLUX;533;Non;6,5;;;;;;;
JOINT;;PORTE JOINT COULISSANT;ARCELOR (BERTON SICARD);INSTALLUX;533/2;Non;2,6;;;;;;;
JOINT;;U PORTE-JOINT;ARCELOR (BERTON SICARD);INSTALLUX;592;Non;6,5;;;;;;;
JOINT;;*CVRE-JOINT RENO CARRE;ARCELOR (BERTON SICARD);INSTALLUX;5101;Non;6,5;;;;;;;
JOINT;;JOINTEMENT OF 2 VTX;ARCELOR (BERTON SICARD);INSTALLUX;5420TH;Non;6,5;;;;;;;
JOINT;;DORM. 64 COUVR.JOINT;ARCELOR (BERTON SICARD);INSTALLUX;5922;Non;6;;;;;;;
JOINT;;PORTE JOINT ARTICULATION;ARCELOR (BERTON SICARD);INSTALLUX;7660;Non;6,5;;;;;;;
JOINT;;CVRE JOINT 50 MOUL TOLE;ARCELOR (BERTON SICARD);INSTALLUX;9160;Non;6,5;;;;;;;
JOINT;;CVRE JOINT 70 MOUL TOLE;ARCELOR (BERTON SICARD);INSTALLUX;9161;Non;6,5;;;;;;;
JOINT;;JOINTEMENT VANTAUX;ARCELOR (BERTON SICARD);INSTALLUX;9349;Non;6,5;;;;;;;
JOINT;;JOINTEMENT PF SM;ARCELOR (BERTON SICARD);INSTALLUX;410045;Non;6,5;;;;;;;
JOINT;;JOINTEMENT PF GRAND OUV;ARCELOR (BERTON SICARD);INSTALLUX;410047;Non;6,5;;;;;;;
JOINT;;OUV JOINT SF CAGE DE 16;ARCELOR (BERTON SICARD);INSTALLUX;410069;Non;6,5;;;;;;;
JOINT;;RENFORT JOINTEMENT SF;ARCELOR (BERTON SICARD);INSTALLUX;423010;Non;6,5;;;;;;;
JOINT;;JOINTEMENT VANTAUX;ARCELOR (BERTON SICARD);INSTALLUX;910035;Non;6,5;;;;;;;
JOINT;;COUVRE-JOINT;ARCELOR (BERTON SICARD);INSTALLUX;P6048;Non;5,8;;;;;;;
JOINT;;PORTE JOINT PORT BATTANT;ARCELOR (BERTON SICARD);INSTALLUX;532;Non;6,5;;;;;;;
JOINT;;PORTE JOINT PORT BATTANT;ARCELOR (BERTON SICARD);INSTALLUX;532/3;Non;3,2;;;;;;;
JOINT;;PORTE JOINT COULISSANT;ARCELOR (BERTON SICARD);INSTALLUX;533;Non;6,5;;;;;;;
JOINT;;PORTE JOINT COULISSANT;ARCELOR (BERTON SICARD);INSTALLUX;533/2;Non;2,6;;;;;;;
JOINT;;U PORTE-JOINT;ARCELOR (BERTON SICARD);INSTALLUX;592;Non;6,5;;;;;;;
JOINT;;*CVRE-JOINT RENO CARRE;ARCELOR (BERTON SICARD);INSTALLUX;5101;Non;6,5;;;;;;;
JOINT;;JOINTEMENT OF 2 VTX;ARCELOR (BERTON SICARD);INSTALLUX;5420TH;Non;6,5;;;;;;;
JOINT;;DORM. 64 COUVR.JOINT;ARCELOR (BERTON SICARD);INSTALLUX;5922;Non;6;;;;;;;
JOINT;;PORTE JOINT ARTICULATION;ARCELOR (BERTON SICARD);INSTALLUX;7660;Non;6,5;;;;;;;
JOINT;;CVRE JOINT 50 MOUL TOLE;ARCELOR (BERTON SICARD);INSTALLUX;9160;Non;6,5;;;;;;;
JOINT;;CVRE JOINT 70 MOUL TOLE;ARCELOR (BERTON SICARD);INSTALLUX;9161;Non;6,5;;;;;;;
JOINT;;JOINTEMENT VANTAUX;ARCELOR (BERTON SICARD);INSTALLUX;9349;Non;6,5;;;;;;;
JOINT;;JOINTEMENT PF SM;ARCELOR (BERTON SICARD);INSTALLUX;410045;Non;6,5;;;;;;;
JOINT;;JOINTEMENT PF GRAND OUV;ARCELOR (BERTON SICARD);INSTALLUX;410047;Non;6,5;;;;;;;
JOINT;;OUV JOINT SF CAGE DE 16;ARCELOR (BERTON SICARD);INSTALLUX;410069;Non;6,5;;;;;;;
JOINT;;RENFORT JOINTEMENT SF;ARCELOR (BERTON SICARD);INSTALLUX;423010;Non;6,5;;;;;;;
JOINT;;JOINTEMENT VANTAUX;ARCELOR (BERTON SICARD);INSTALLUX;910035;Non;6,5;;;;;;;
JOINT;;COUVRE-JOINT;ARCELOR (BERTON SICARD);INSTALLUX;P6048;Non;5,8;;;;;;;
JOINT;;PORTE JOINT PORT BATTANT;ARCELOR (BERTON SICARD);INSTALLUX;532;Non;6,5;;;;;;;
JOINT;;PORTE JOINT PORT BATTANT;ARCELOR (BERTON SICARD);INSTALLUX;532/3;Non;3,2;;;;;;;
JOINT;;PORTE JOINT COULISSANT;ARCELOR (BERTON SICARD);INSTALLUX;533;Non;6,5;;;;;;;
JOINT;;PORTE JOINT COULISSANT;ARCELOR (BERTON SICARD);INSTALLUX;533/2;Non;2,6;;;;;;;
JOINT;;U PORTE-JOINT;ARCELOR (BERTON SICARD);INSTALLUX;592;Non;6,5;;;;;;;
JOINT;;*CVRE-JOINT RENO CARRE;ARCELOR (BERTON SICARD);INSTALLUX;5101;Non;6,5;;;;;;;
JOINT;;JOINTEMENT OF 2 VTX;ARCELOR (BERTON SICARD);INSTALLUX;5420TH;Non;6,5;;;;;;;
JOINT;;DORM. 64 COUVR.JOINT;ARCELOR (BERTON SICARD);INSTALLUX;5922;Non;6;;;;;;;
JOINT;;PORTE JOINT ARTICULATION;ARCELOR (BERTON SICARD);INSTALLUX;7660;Non;6,5;;;;;;;
JOINT;;CVRE JOINT 50 MOUL TOLE;ARCELOR (BERTON SICARD);INSTALLUX;9160;Non;6,5;;;;;;;
JOINT;;CVRE JOINT 70 MOUL TOLE;ARCELOR (BERTON SICARD);INSTALLUX;9161;Non;6,5;;;;;;;
JOINT;;JOINTEMENT VANTAUX;ARCELOR (BERTON SICARD);INSTALLUX;9349;Non;6,5;;;;;;;
JOINT;;JOINTEMENT PF SM;ARCELOR (BERTON SICARD);INSTALLUX;410045;Non;6,5;;;;;;;
JOINT;;JOINTEMENT PF GRAND OUV;ARCELOR (BERTON SICARD);INSTALLUX;410047;Non;6,5;;;;;;;
JOINT;;OUV JOINT SF CAGE DE 16;ARCELOR (BERTON SICARD);INSTALLUX;410069;Non;6,5;;;;;;;
JOINT;;RENFORT JOINTEMENT SF;ARCELOR (BERTON SICARD);INSTALLUX;423010;Non;6,5;;;;;;;
JOINT;;JOINTEMENT VANTAUX;ARCELOR (BERTON SICARD);INSTALLUX;910035;Non;6,5;;;;;;;
JOINT;;COUVRE-JOINT;ARCELOR (BERTON SICARD);INSTALLUX;P6048;Non;5,8;;;;;;;
JOINT;;PORTE JOINT PORT BATTANT;ARCELOR (BERTON SICARD);INSTALLUX;532;Non;6,5;;;;;;;
JOINT;;PORTE JOINT PORT BATTANT;ARCELOR (BERTON SICARD);INSTALLUX;532/3;Non;3,2;;;;;;;
JOINT;;PORTE JOINT COULISSANT;ARCELOR (BERTON SICARD);INSTALLUX;533;Non;6,5;;;;;;;
Profil Alu;;CAPOT POUR DESCENTE D'EAU;SEPALUMIC;SEPALUMIC;7271;Non;6,5;1;barre;;;;;
Profil Alu;;POTEAU D'ANGLE 135°;SEPALUMIC;SEPALUMIC;3325;Non;6,5;1;barre;;;;;
Profil Alu;;DESCENTE D'EAU A 135°;SEPALUMIC;SEPALUMIC;7241;Non;6,5;1;barre;;;;;
Profil Alu;;POTEAU RECTANGULAIRE;SEPALUMIC;SEPALUMIC;3326;Non;6,5;1;barre;;;;;
pvc;;CREPINE PR DESCENTE D'EAU DIAMETRE 80 MM;SEPALUMIC;SEPALUMIC;70308;Non;1;;20;;;;;
JOINT;;PORTE JOINT COULISSANT;ARCELOR (BERTON SICARD);INSTALLUX;533/2;Non;2,6;;;;;;;
JOINT;;U PORTE-JOINT;ARCELOR (BERTON SICARD);INSTALLUX;592;Non;6,5;;;;;;;
JOINT;;*CVRE-JOINT RENO CARRE;ARCELOR (BERTON SICARD);INSTALLUX;5101;Non;6,5;;;;;;;
JOINT;;JOINTEMENT OF 2 VTX;ARCELOR (BERTON SICARD);INSTALLUX;5420TH;Non;6,5;;;;;;;
JOINT;;DORM. 64 COUVR.JOINT;ARCELOR (BERTON SICARD);INSTALLUX;5922;Non;6;;;;;;;
JOINT;;PORTE JOINT ARTICULATION;ARCELOR (BERTON SICARD);INSTALLUX;7660;Non;6,5;;;;;;;
JOINT;;CVRE JOINT 50 MOUL TOLE;ARCELOR (BERTON SICARD);INSTALLUX;9160;Non;6,5;;;;;;;
JOINT;;CVRE JOINT 70 MOUL TOLE;ARCELOR (BERTON SICARD);INSTALLUX;9161;Non;6,5;;;;;;;
JOINT;;JOINTEMENT VANTAUX;ARCELOR (BERTON SICARD);INSTALLUX;9349;Non;6,5;;;;;;;
JOINT;;JOINTEMENT PF SM;ARCELOR (BERTON SICARD);INSTALLUX;410045;Non;6,5;;;;;;;
JOINT;;JOINTEMENT PF GRAND OUV;ARCELOR (BERTON SICARD);INSTALLUX;410047;Non;6,5;;;;;;;
JOINT;;OUV JOINT SF CAGE DE 16;ARCELOR (BERTON SICARD);INSTALLUX;410069;Non;6,5;;;;;;;
JOINT;;RENFORT JOINTEMENT SF;ARCELOR (BERTON SICARD);INSTALLUX;423010;Non;6,5;;;;;;;
JOINT;;JOINTEMENT VANTAUX;ARCELOR (BERTON SICARD);INSTALLUX;910035;Non;6,5;;;;;;;
JOINT;;JOINT CACHE VUE;ARCELOR (BERTON SICARD);INSTALLUX;576;Non;25;;;;;;;
JOINT;;JOINT CACHE VUE / DETAIL;ARCELOR (BERTON SICARD);INSTALLUX;576DT;Non;5;;;;;;;
JOINT;;JOINT CACHE VUE CENTRE;ARCELOR (BERTON SICARD);INSTALLUX;591;Non;25;;;;;;;
JOINT;;JOINT CACHE VUE;ARCELOR (BERTON SICARD);INSTALLUX;591DT;Non;5;;;;;;;
JOINT;;JOINT CACHE RAINURE;ARCELOR (BERTON SICARD);INSTALLUX;9670;Non;50;;;;;;;
JOINT;;JOINT CACHE RAINURE;ARCELOR (BERTON SICARD);INSTALLUX;440016;Non;50;;;;;;;
JOINT;;KIT BOUCH.RENF.JOINT.SF;ARCELOR (BERTON SICARD);INSTALLUX;463025;Non;2;;;;;;;
JOINT;;JOINT CACHE RAINURE;ARCELOR (BERTON SICARD);INSTALLUX;540009;Non;50;;;;;;;
JOINT;;JOINT CACHE VUE;ARCELOR (BERTON SICARD);INSTALLUX;576;Non;25;;;;;;;
JOINT;;JOINT CACHE VUE / DETAIL;ARCELOR (BERTON SICARD);INSTALLUX;576DT;Non;5;;;;;;;
JOINT;;JOINT CACHE VUE CENTRE;ARCELOR (BERTON SICARD);INSTALLUX;591;Non;25;;;;;;;
JOINT;;JOINT CACHE VUE;ARCELOR (BERTON SICARD);INSTALLUX;591DT;Non;5;;;;;;;
JOINT;;JOINT A BOURRER 4;ARCELOR (BERTON SICARD);INSTALLUX;8629;Non;100;;;;;;;
JOINT;;JOINT CACHE RAINURE;ARCELOR (BERTON SICARD);INSTALLUX;9670;Non;50;;;;;;;
JOINT;;JOINT EXTERIEUR A CLIP.;ARCELOR (BERTON SICARD);INSTALLUX;440001;Non;100;;;;;;;
JOINT;;JOINT A BOURRER 3MM;ARCELOR (BERTON SICARD);INSTALLUX;440010;Non;100;;;;;;;
JOINT;;JOINT A BOURRER 5MM;ARCELOR (BERTON SICARD);INSTALLUX;440012;Non;100;;;;;;;
JOINT;;JOINT A BOURRER 5 A 7MM;ARCELOR (BERTON SICARD);INSTALLUX;440013;Non;100;;;;;;;
JOINT;;JOINT CACHE RAINURE;ARCELOR (BERTON SICARD);INSTALLUX;440016;Non;50;;;;;;;
JOINT;;KIT BOUCH.RENF.JOINT.SF;ARCELOR (BERTON SICARD);INSTALLUX;463025;Non;2;;;;;;;
JOINT;;JOINT CACHE RAINURE;ARCELOR (BERTON SICARD);INSTALLUX;540009;Non;50;;;;;;;
JOINT;;JOINT PORTEFEUILLE 24-25;ARCELOR (BERTON SICARD);INSTALLUX;940024N;Non;50;;;;;;;
JOINT;;JOINT PORTEFEUILLE 28;ARCELOR (BERTON SICARD);INSTALLUX;940028;Non;50;;;;;;;
JOINT;;JOINT PORTEFEUILLE 29;ARCELOR (BERTON SICARD);INSTALLUX;940029;Non;50;;;;;;;
JOINT;;JOINT PORTEFEUILLE 31;ARCELOR (BERTON SICARD);INSTALLUX;940031;Non;50;;;;;;;
JOINT;;JOINT CACHE VUE;ARCELOR (BERTON SICARD);INSTALLUX;576;Non;25;;;;;;;
JOINT;;JOINT CACHE VUE / DETAIL;ARCELOR (BERTON SICARD);INSTALLUX;576DT;Non;5;;;;;;;
JOINT;;JOINT CACHE VUE CENTRE;ARCELOR (BERTON SICARD);INSTALLUX;591;Non;25;;;;;;;
JOINT;;JOINT CACHE VUE;ARCELOR (BERTON SICARD);INSTALLUX;591DT;Non;5;;;;;;;
JOINT;;JOINT A BOURRER 4;ARCELOR (BERTON SICARD);INSTALLUX;8629;Non;100;;;;;;;
JOINT;;JOINT EXTERIEUR A CLIP.;ARCELOR (BERTON SICARD);INSTALLUX;440001;Non;100;;;;;;;
JOINT;;JOINT A BOURRER 3MM;ARCELOR (BERTON SICARD);INSTALLUX;440010;Non;100;;;;;;;
JOINT;;JOINT A BOURRER 5MM;ARCELOR (BERTON SICARD);INSTALLUX;440012;Non;100;;;;;;;
JOINT;;JOINT A BOURRER 5 A 7MM;ARCELOR (BERTON SICARD);INSTALLUX;440013;Non;100;;;;;;;
JOINT;;JOINT CACHE RAINURE;ARCELOR (BERTON SICARD);INSTALLUX;440016;Non;50;;;;;;;
JOINT;;JOINT CACHE RAINURE;ARCELOR (BERTON SICARD);INSTALLUX;540009;Non;50;;;;;;;
JOINT;;JOINT PORTEFEUILLE 24-25;ARCELOR (BERTON SICARD);INSTALLUX;940024N;Non;50;;;;;;;
JOINT;;JOINT PORTEFEUILLE 28;ARCELOR (BERTON SICARD);INSTALLUX;940028;Non;50;;;;;;;
JOINT;;JOINT PORTEFEUILLE 29;ARCELOR (BERTON SICARD);INSTALLUX;940029;Non;50;;;;;;;
JOINT;;JOINT PORTEFEUILLE 31;ARCELOR (BERTON SICARD);INSTALLUX;940031;Non;50;;;;;;;
JOINT;;JOINT TRAME;ARCELOR (BERTON SICARD);INSTALLUX;A6046;Non;350;;;;;;;
JOINT;;JOINT TRAME LINEAIRE;ARCELOR (BERTON SICARD);INSTALLUX;A6059;Non;50;;;;;;;
JOINT;;JOINT ANTI-PINCE DOIGT;ARCELOR (BERTON SICARD);INSTALLUX;J/124;Non;2,5;;;;;;;
JOINT;;JOINT BATTUE CLIPPE;ARCELOR (BERTON SICARD);INSTALLUX;JB/121;Non;25;;;;;;;
JOINT;;JOINT GLACE;ARCELOR (BERTON SICARD);INSTALLUX;JG/122;Non;25;;;;;;;
JOINT;;JOINT CLIPPE;ARCELOR (BERTON SICARD);INSTALLUX;J25/806;Non;50;;;;;;;
JOINT;;JOINT CLIPPE;ARCELOR (BERTON SICARD);INSTALLUX;J25/810;Non;50;;;;;;;
JOINT;;JOINT CENTRAL;ARCELOR (BERTON SICARD);INSTALLUX;J5004;Non;50;;;;;;;
JOINT;;JOINT PORTE LAME;ARCELOR (BERTON SICARD);INSTALLUX;J6007;Non;50;;;;;;;
JOINT;;JOINT REMPLISSAGE;ARCELOR (BERTON SICARD);INSTALLUX;J6008;Non;50;;;;;;;
JOINT;;JOINT POUR REMPL 2MM EP;ARCELOR (BERTON SICARD);INSTALLUX;378;Non;25;;;;;;;
JOINT;;JOINT REMPL 8 A 10 MM EP;ARCELOR (BERTON SICARD);INSTALLUX;382;Non;50;;;;;;;
JOINT;;JOINT TUBULAIRE 5,5MM;ARCELOR (BERTON SICARD);INSTALLUX;676;Non;50;;;;;;;
JOINT;;JOINT A BOURRER 10 MM;ARCELOR (BERTON SICARD);INSTALLUX;909;Non;50;;;;;;;
JOINT;;JOINT BARRIERE BASCULANT;ARCELOR (BERTON SICARD);INSTALLUX;5544;Non;50;;;;;;;
JOINT;;JOINT BARRIERE;ARCELOR (BERTON SICARD);INSTALLUX;5545;Non;50;;;;;;;
JOINT;;JOINT BATTUE;ARCELOR (BERTON SICARD);INSTALLUX;5566;Non;50;;;;;;;
JOINT;;JOINT ACCOUSTIQUE;ARCELOR (BERTON SICARD);INSTALLUX;5571;Non;25;;;;;;;
JOINT;;JOINT BATTUE;ARCELOR (BERTON SICARD);INSTALLUX;5573;Non;50;;;;;;;
JOINT;;JOINT DILATATION;ARCELOR (BERTON SICARD);INSTALLUX;5580;Non;25;;;;;;;
JOINT;;JOINT EXT. 4 VERNI;ARCELOR (BERTON SICARD);INSTALLUX;7064V;Non;50;;;;;;;
JOINT;Cheneau;JOINT DE CHENEAU;ARCELOR (BERTON SICARD);INSTALLUX;7065;Non;25;;;;;;;
JOINT;;JOINT 6 A 20/51 A 55MM;ARCELOR (BERTON SICARD);INSTALLUX;7069;Non;25;;;;;;;
JOINT;;JOINT TENUE 20 A 24MM;ARCELOR (BERTON SICARD);INSTALLUX;7070;Non;25;;;;;;;
JOINT;;JOINT DOUBLE LEVRES;ARCELOR (BERTON SICARD);INSTALLUX;7072;Non;50;;;;;;;
JOINT;;JOINT 24 A 32/56 A 67MM;ARCELOR (BERTON SICARD);INSTALLUX;7095;Non;25;;;;;;;
JOINT;;JOINT COULISSE VR ALUROY;ARCELOR (BERTON SICARD);INSTALLUX;7149;Non;100;;;;;;;
JOINT;;JOINT LAME FINALE V.R.;ARCELOR (BERTON SICARD);INSTALLUX;7154;Non;25;;;;;;;
JOINT;;JOINT EXT SABL FAIT 117;ARCELOR (BERTON SICARD);INSTALLUX;7237;Non;25;;;;;;;
JOINT;;JOINT COUPURE TH 10;ARCELOR (BERTON SICARD);INSTALLUX;7810;Non;50;;;;;;;
JOINT;;JOINT COUPURE TH 12;ARCELOR (BERTON SICARD);INSTALLUX;7811;Non;50;;;;;;;
JOINT;;JOINT COUPURE TH 14;ARCELOR (BERTON SICARD);INSTALLUX;7812;Non;50;;;;;;;
JOINT;;JOINT COUPURE TH 18;ARCELOR (BERTON SICARD);INSTALLUX;7813;Non;40;;;;;;;
JOINT;;JOINT EXT 10;ARCELOR (BERTON SICARD);INSTALLUX;7814;Non;25;;;;;;;
JOINT;;JOINT VITRAGE;ARCELOR (BERTON SICARD);INSTALLUX;8301;Non;50;;;;;;;
JOINT;;JOINT BATTEMENT;ARCELOR (BERTON SICARD);INSTALLUX;8304;Non;50;;;;;;;
JOINT;;JOINT EXTREM 21MM VEC;ARCELOR (BERTON SICARD);INSTALLUX;8306;Non;50;;;;;;;
JOINT;;JOINT VITRAGE CLIPE;ARCELOR (BERTON SICARD);INSTALLUX;8308;Non;50;;;;;;;
JOINT;;JOINT CENTRAL 11;ARCELOR (BERTON SICARD);INSTALLUX;8309;Non;50;;;;;;;
JOINT;;JOINT COUPURE THERM. 6;ARCELOR (BERTON SICARD);INSTALLUX;8313;Non;50;;;;;;;
JOINT;;JOINT COUPURE THERM 11;ARCELOR (BERTON SICARD);INSTALLUX;8314;Non;50;;;;;;;
JOINT;;JOINT ASSISE 3;ARCELOR (BERTON SICARD);INSTALLUX;8360;Non;50;;;;;;;
JOINT;;JOINT ASSISE 5;ARCELOR (BERTON SICARD);INSTALLUX;8361;Non;50;;;;;;;
JOINT;;JOINT ASSISE 7;ARCELOR (BERTON SICARD);INSTALLUX;8362;Non;50;;;;;;;
JOINT;;JOINT ASSISE 9;ARCELOR (BERTON SICARD);INSTALLUX;8363;Non;50;;;;;;;
JOINT;;JOINT ASSISE 11;ARCELOR (BERTON SICARD);INSTALLUX;8364;Non;50;;;;;;;
JOINT;;JOINT VITRA EXT. 4/5;ARCELOR (BERTON SICARD);INSTALLUX;8369;Non;50;;;;;;;
JOINT;;JOINT VITRAGE EXT. 7;ARCELOR (BERTON SICARD);INSTALLUX;8370;Non;50;;;;;;;
JOINT;;JOINT ASSISE 3;ARCELOR (BERTON SICARD);INSTALLUX;8600;Non;50;;;;;;;
JOINT;;JOINT ASSISE 5;ARCELOR (BERTON SICARD);INSTALLUX;8601;Non;50;;;;;;;
JOINT;;JOINT ASSISE 9;ARCELOR (BERTON SICARD);INSTALLUX;8603;Non;50;;;;;;;
JOINT;;JOINT ASSISE 13;ARCELOR (BERTON SICARD);INSTALLUX;8605;Non;50;;;;;;;
JOINT;;JOINT ASSISE 15;ARCELOR (BERTON SICARD);INSTALLUX;8606;Non;50;;;;;;;
JOINT;;JOINT VITRAGE EXT.3;ARCELOR (BERTON SICARD);INSTALLUX;8620;Non;50;;;;;;;
JOINT;;JOINT DE DILATATION;ARCELOR (BERTON SICARD);INSTALLUX;8623;Non;50;;;;;;;
JOINT;;JOINT DILATATION PR TOLE;ARCELOR (BERTON SICARD);INSTALLUX;8624;Non;50;;;;;;;
JOINT;;JOINT VEC;ARCELOR (BERTON SICARD);INSTALLUX;8627;Non;50;;;;;;;
JOINT;;JOINT TRAME HORIZONTALE;ARCELOR (BERTON SICARD);INSTALLUX;8683;Non;6,5;;;;;;;
JOINT;;JOINT CADRE VULCANISE;ARCELOR (BERTON SICARD);INSTALLUX;8848;Non;1;;;;;;;
JOINT;;JOINT A CLIPPER PARCLOSE;ARCELOR (BERTON SICARD);INSTALLUX;8849;Non;50;;;;;;;
JOINT;;JOINT VANTX EN LIGNE;ARCELOR (BERTON SICARD);INSTALLUX;9499;Non;25;;;;;;;
JOINT;;JOINT GLISSANT 6,5;ARCELOR (BERTON SICARD);INSTALLUX;9524;Non;100;;;;;;;
JOINT;;JOINT GLISSANT 9,5;ARCELOR (BERTON SICARD);INSTALLUX;9525;Non;100;;;;;;;
JOINT;;JOINT GLISSANT 5,5;ARCELOR (BERTON SICARD);INSTALLUX;9526;Non;100;;;;;;;
JOINT;;JOINT BAVETTE;ARCELOR (BERTON SICARD);INSTALLUX;9573;Non;50;;;;;;;
JOINT;;JOINT BAVETTE;ARCELOR (BERTON SICARD);INSTALLUX;9576;Non;50;;;;;;;
JOINT;;CLIP COUVRE JOINT/OXYDE;ARCELOR (BERTON SICARD);INSTALLUX;9634;Non;100;;;;;;;
JOINT;;CLIP COUVRE JOINT/LAQUE;ARCELOR (BERTON SICARD);INSTALLUX;9635;Non;100;;;;;;;
JOINT;;JOINT PORTEF. 6;ARCELOR (BERTON SICARD);INSTALLUX;9671;Non;50;;;;;;;
JOINT;;JOINT PORTEF. 8;ARCELOR (BERTON SICARD);INSTALLUX;9672;Non;50;;;;;;;
JOINT;;JOINT PORTEF. 10;ARCELOR (BERTON SICARD);INSTALLUX;9673;Non;50;;;;;;;
JOINT;;JOINT PORTEF 20;ARCELOR (BERTON SICARD);INSTALLUX;9676;Non;50;;;;;;;
JOINT;;JOINT PORTEF. 22;ARCELOR (BERTON SICARD);INSTALLUX;9677;Non;50;;;;;;;
JOINT;;JOINT PORTEF. 24MM;ARCELOR (BERTON SICARD);INSTALLUX;9678N;Non;50;;;;;;;
JOINT;;JOINT PORTEF. 26;ARCELOR (BERTON SICARD);INSTALLUX;9679;Non;50;;;;;;;
JOINT;;JOINT BOURRER JEU 4,25;ARCELOR (BERTON SICARD);INSTALLUX;9684;Non;50;;;;;;;
JOINT;;JOINT BOURRER JEU 2,25;ARCELOR (BERTON SICARD);INSTALLUX;9685;Non;50;;;;;;;
JOINT;;COLLE BROSSE JOINT(20GR);ARCELOR (BERTON SICARD);INSTALLUX;40080;Non;1;;;;;;;
JOINT;;JOINT BARRIERE;ARCELOR (BERTON SICARD);INSTALLUX;440000;Non;50;;;;;;;
JOINT;;JOINT DE BATTUE;ARCELOR (BERTON SICARD);INSTALLUX;440003;Non;100;;;;;;;
JOINT;;*JOINT CACHE RAINURE SF;ARCELOR (BERTON SICARD);INSTALLUX;440004;Non;50;;;;;;;
JOINT;;JOINT CACHE RAINURE;ARCELOR (BERTON SICARD);INSTALLUX;440005;Non;100;;;;;;;
JOINT;;JOINT FINITION UNIVERS54;ARCELOR (BERTON SICARD);INSTALLUX;440009;Non;50;;;;;;;
JOINT;;JOINT CENTRAL;ARCELOR (BERTON SICARD);INSTALLUX;440017;Non;20;;;;;;;
JOINT;;JOINT ACOUSTIQUE;ARCELOR (BERTON SICARD);INSTALLUX;440029;Non;50;;;;;;;
JOINT;;JOINT CACHE RAIN CTR;ARCELOR (BERTON SICARD);INSTALLUX;440033;Non;25;;;;;;;
JOINT;;JOINT CENTRAL;ARCELOR (BERTON SICARD);INSTALLUX;441015;Non;30;;;;;;;
JOINT;;JOINT DE SEUIL;ARCELOR (BERTON SICARD);INSTALLUX;443001;Non;20;;;;;;;
JOINT;;ROULETTE JOINT 440000;ARCELOR (BERTON SICARD);INSTALLUX;470006;Non;1;;;;;;;
JOINT;;ROULETTE JOINT 440015;ARCELOR (BERTON SICARD);INSTALLUX;470007;Non;1;;;;;;;
JOINT;;JOINT DE BATTEMENT;ARCELOR (BERTON SICARD);INSTALLUX;540000;Non;50;;;;;;;
JOINT;;JOINT SEUIL SOLOBLOC;ARCELOR (BERTON SICARD);INSTALLUX;540005;Non;4;;;;;;;
JOINT;;JOINT APD COMETE 50TH;ARCELOR (BERTON SICARD);INSTALLUX;540007;Non;15;;;;;;;
JOINT;;JOINT DE FINITION APD;ARCELOR (BERTON SICARD);INSTALLUX;540010;Non;10;;;;;;;
JOINT;;JOINT ETANCHEITE LAME;ARCELOR (BERTON SICARD);INSTALLUX;740000;Non;50;;;;;;;
JOINT;;JOINT GLISSANT;ARCELOR (BERTON SICARD);INSTALLUX;940020;Non;100;;;;;;;
JOINT;;JOINT GLISSANT MONTANT;ARCELOR (BERTON SICARD);INSTALLUX;940021;Non;100;;;;;;;
JOINT;;JOINT LAME 8,5MM;ARCELOR (BERTON SICARD);INSTALLUX;940025;Non;100;;;;;;;
JOINT;;JOINT LAME 8,5MM;ARCELOR (BERTON SICARD);INSTALLUX;940025/2;Non;25;;;;;;;
JOINT;;JOINT LAME 11MM;ARCELOR (BERTON SICARD);INSTALLUX;940026;Non;25;;;;;;;
JOINT;;JOINT OUVRANT PERI;ARCELOR (BERTON SICARD);INSTALLUX;940200;Non;100;;;;;;;
JOINT;;JOINT OUVRANT BAS;ARCELOR (BERTON SICARD);INSTALLUX;940201;Non;50;;;;;;;
JOINT;;JOINT OUVRANT ANGLE;ARCELOR (BERTON SICARD);INSTALLUX;940202;Non;25;;;;;;;
JOINT;;JOINT FINIT VTX EN LIGNE;ARCELOR (BERTON SICARD);INSTALLUX;940203;Non;50;;;;;;;
JOINT;;JOINT FINIT MONORAIL;ARCELOR (BERTON SICARD);INSTALLUX;940205;Non;50;;;;;;;
JOINT;;JOINT D’ANGLE;ARCELOR (BERTON SICARD);INSTALLUX;960203;Non;4;;;;;;;
JOINT;;JOINT ANTI-PINCE DOIGT;ARCELOR (BERTON SICARD);INSTALLUX;J/124;Non;2,5;;;;;;;
JOINT;;JOINT BATTUE CLIPPE;ARCELOR (BERTON SICARD);INSTALLUX;JB/121;Non;25;;;;;;;
JOINT;;JOINT GLACE;ARCELOR (BERTON SICARD);INSTALLUX;JG/122;Non;25;;;;;;;
JOINT;;JOINT CLIPPE;ARCELOR (BERTON SICARD);INSTALLUX;J25/806;Non;50;;;;;;;
JOINT;;JOINT CLIPPE;ARCELOR (BERTON SICARD);INSTALLUX;J25/810;Non;50;;;;;;;
JOINT;;JOINT PORTE LAME;ARCELOR (BERTON SICARD);INSTALLUX;J6007;Non;50;;;;;;;
JOINT;;JOINT REMPLISSAGE;ARCELOR (BERTON SICARD);INSTALLUX;J6008;Non;50;;;;;;;
JOINT;;COUVRE-JOINT;ARCELOR (BERTON SICARD);INSTALLUX;P6048;Non;5,8;;;;;;;
JOINT;;JOINT TUBULAIRE 5,5MM;ARCELOR (BERTON SICARD);INSTALLUX;676;Non;50;;;;;;;
JOINT;;*CVRE-JOINT RENO CARRE;ARCELOR (BERTON SICARD);INSTALLUX;5101;Non;6,5;;;;;;;
JOINT;;JOINT BARRIERE BASCULANT;ARCELOR (BERTON SICARD);INSTALLUX;5544;Non;50;;;;;;;
JOINT;;JOINT BARRIERE;ARCELOR (BERTON SICARD);INSTALLUX;5545;Non;50;;;;;;;
JOINT;;JOINT BATTUE;ARCELOR (BERTON SICARD);INSTALLUX;5566;Non;50;;;;;;;
JOINT;;JOINT ACCOUSTIQUE;ARCELOR (BERTON SICARD);INSTALLUX;5571;Non;25;;;;;;;
JOINT;;JOINT BATTUE;ARCELOR (BERTON SICARD);INSTALLUX;5573;Non;50;;;;;;;
JOINT;;JOINT DILATATION;ARCELOR (BERTON SICARD);INSTALLUX;5580;Non;25;;;;;;;
JOINT;;JOINT EXT. 4 VERNI;ARCELOR (BERTON SICARD);INSTALLUX;7064V;Non;50;;;;;;;
JOINT;Cheneau;JOINT DE CHENEAU;ARCELOR (BERTON SICARD);INSTALLUX;7065;Non;25;;;;;;;
JOINT;;JOINT 6 A 20/51 A 55MM;ARCELOR (BERTON SICARD);INSTALLUX;7069;Non;25;;;;;;;
JOINT;;JOINT TENUE 20 A 24MM;ARCELOR (BERTON SICARD);INSTALLUX;7070;Non;25;;;;;;;
JOINT;;JOINT DOUBLE LEVRES;ARCELOR (BERTON SICARD);INSTALLUX;7072;Non;50;;;;;;;
JOINT;;JOINT COULISSE VR ALUROY;ARCELOR (BERTON SICARD);INSTALLUX;7149;Non;100;;;;;;;
JOINT;;JOINT LAME FINALE V.R.;ARCELOR (BERTON SICARD);INSTALLUX;7154;Non;25;;;;;;;
JOINT;Cheneau;JOINT FAITIERE SABLIERE;ARCELOR (BERTON SICARD);INSTALLUX;J/128;Non;25;;;;;;;
JOINT;Cheneau;JOINT FAITIERE SABLIERE;ARCELOR (BERTON SICARD);INSTALLUX;J/128;Non;25;;;;;;;
JOINT;;JOINT EXT SABL FAIT 117;ARCELOR (BERTON SICARD);INSTALLUX;7237;Non;25;;;;;;;
JOINT;;JOINT COUPURE TH 10;ARCELOR (BERTON SICARD);INSTALLUX;7810;Non;50;;;;;;;
JOINT;;JOINT COUPURE TH 12;ARCELOR (BERTON SICARD);INSTALLUX;7811;Non;50;;;;;;;
JOINT;;JOINT COUPURE TH 14;ARCELOR (BERTON SICARD);INSTALLUX;7812;Non;50;;;;;;;
JOINT;;JOINT COUPURE TH 18;ARCELOR (BERTON SICARD);INSTALLUX;7813;Non;40;;;;;;;
JOINT;;JOINT EXT 10;ARCELOR (BERTON SICARD);INSTALLUX;7814;Non;25;;;;;;;
JOINT;;JOINT VITRAGE;ARCELOR (BERTON SICARD);INSTALLUX;8301;Non;50;;;;;;;
JOINT;;JOINT BATTEMENT;ARCELOR (BERTON SICARD);INSTALLUX;8304;Non;50;;;;;;;
JOINT;;JOINT EXTREM 21MM VEC;ARCELOR (BERTON SICARD);INSTALLUX;8306;Non;50;;;;;;;
JOINT;;JOINT VITRAGE CLIPE;ARCELOR (BERTON SICARD);INSTALLUX;8308;Non;50;;;;;;;
JOINT;;JOINT CENTRAL 11;ARCELOR (BERTON SICARD);INSTALLUX;8309;Non;50;;;;;;;
JOINT;;JOINT COUPURE THERM. 6;ARCELOR (BERTON SICARD);INSTALLUX;8313;Non;50;;;;;;;
JOINT;;JOINT ASSISE 3;ARCELOR (BERTON SICARD);INSTALLUX;8360;Non;50;;;;;;;
JOINT;;JOINT ASSISE 5;ARCELOR (BERTON SICARD);INSTALLUX;8361;Non;50;;;;;;;
JOINT;;JOINT ASSISE 7;ARCELOR (BERTON SICARD);INSTALLUX;8362;Non;50;;;;;;;
JOINT;;JOINT ASSISE 9;ARCELOR (BERTON SICARD);INSTALLUX;8363;Non;50;;;;;;;
JOINT;;JOINT ASSISE 11;ARCELOR (BERTON SICARD);INSTALLUX;8364;Non;50;;;;;;;
JOINT;;JOINT VITRAGE EXT. 7;ARCELOR (BERTON SICARD);INSTALLUX;8370;Non;50;;;;;;;
JOINT;;JOINT ASSISE 3;ARCELOR (BERTON SICARD);INSTALLUX;8600;Non;50;;;;;;;
JOINT;;JOINT ASSISE 5;ARCELOR (BERTON SICARD);INSTALLUX;8601;Non;50;;;;;;;
JOINT;;JOINT ASSISE 9;ARCELOR (BERTON SICARD);INSTALLUX;8603;Non;50;;;;;;;
JOINT;;JOINT ASSISE 13;ARCELOR (BERTON SICARD);INSTALLUX;8605;Non;50;;;;;;;
JOINT;;JOINT ASSISE 15;ARCELOR (BERTON SICARD);INSTALLUX;8606;Non;50;;;;;;;
JOINT;;JOINT VITRAGE EXT.3;ARCELOR (BERTON SICARD);INSTALLUX;8620;Non;50;;;;;;;
JOINT;;JOINT DE DILATATION;ARCELOR (BERTON SICARD);INSTALLUX;8623;Non;50;;;;;;;
JOINT;;JOINT DILATATION PR TOLE;ARCELOR (BERTON SICARD);INSTALLUX;8624;Non;50;;;;;;;
JOINT;;JOINT VEC;ARCELOR (BERTON SICARD);INSTALLUX;8627;Non;50;;;;;;;
JOINT;;JOINT A BOURRER 4;ARCELOR (BERTON SICARD);INSTALLUX;8629;Non;100;;;;;;;
JOINT;;JOINT TRAME HORIZONTALE;ARCELOR (BERTON SICARD);INSTALLUX;8683;Non;6,5;;;;;;;
JOINT;;JOINT CADRE VULCANISE;ARCELOR (BERTON SICARD);INSTALLUX;8848;Non;1;;;;;;;
JOINT;;JOINT A CLIPPER PARCLOSE;ARCELOR (BERTON SICARD);INSTALLUX;8849;Non;50;;;;;;;
JOINT;;JOINT VANTX EN LIGNE;ARCELOR (BERTON SICARD);INSTALLUX;9499;Non;25;;;;;;;
JOINT;;JOINT GLISSANT 6,5;ARCELOR (BERTON SICARD);INSTALLUX;9524;Non;100;;;;;;;
JOINT;;JOINT GLISSANT 9,5;ARCELOR (BERTON SICARD);INSTALLUX;9525;Non;100;;;;;;;
JOINT;;JOINT GLISSANT 5,5;ARCELOR (BERTON SICARD);INSTALLUX;9526;Non;100;;;;;;;
JOINT;;JOINT BAVETTE;ARCELOR (BERTON SICARD);INSTALLUX;9573;Non;50;;;;;;;
JOINT;Bavette;JOINT BAVETTE;ARCELOR (BERTON SICARD);INSTALLUX;9576;Non;50;;;;;;;
JOINT;;CLIP COUVRE JOINT/OXYDE;ARCELOR (BERTON SICARD);INSTALLUX;9634;Non;100;;;;;;;
JOINT;;CLIP COUVRE JOINT/LAQUE;ARCELOR (BERTON SICARD);INSTALLUX;9635;Non;100;;;;;;;
JOINT;;JOINT CACHE RAINURE;ARCELOR (BERTON SICARD);INSTALLUX;9670;Non;50;;;;;;;
JOINT;;JOINT PORTEF. 6;ARCELOR (BERTON SICARD);INSTALLUX;9671;Non;50;;;;;;;
JOINT;;JOINT PORTEF. 8;ARCELOR (BERTON SICARD);INSTALLUX;9672;Non;50;;;;;;;
JOINT;;JOINT PORTEF. 10;ARCELOR (BERTON SICARD);INSTALLUX;9673;Non;50;;;;;;;
JOINT;;JOINT PORTEF 20;ARCELOR (BERTON SICARD);INSTALLUX;9676;Non;50;;;;;;;
JOINT;;JOINT PORTEF. 22;ARCELOR (BERTON SICARD);INSTALLUX;9677;Non;50;;;;;;;
JOINT;;JOINT PORTEF. 26;ARCELOR (BERTON SICARD);INSTALLUX;9679;Non;50;;;;;;;
JOINT;;JOINT BOURRER JEU 4,25;ARCELOR (BERTON SICARD);INSTALLUX;9684;Non;50;;;;;;;
JOINT;;JOINT BOURRER JEU 2,25;ARCELOR (BERTON SICARD);INSTALLUX;9685;Non;50;;;;;;;
JOINT;;JOINT BARRIERE;ARCELOR (BERTON SICARD);INSTALLUX;440000;Non;50;;;;;;;
JOINT;;JOINT EXTERIEUR A CLIP.;ARCELOR (BERTON SICARD);INSTALLUX;440001;Non;100;;;;;;;
JOINT;;JOINT DE BATTUE;ARCELOR (BERTON SICARD);INSTALLUX;440003;Non;100;;;;;;;
JOINT;;*JOINT CACHE RAINURE SF;ARCELOR (BERTON SICARD);INSTALLUX;440004;Non;50;;;;;;;
JOINT;;JOINT CACHE RAINURE;ARCELOR (BERTON SICARD);INSTALLUX;440005;Non;100;;;;;;;
JOINT;;JOINT FINITION UNIVERS54;ARCELOR (BERTON SICARD);INSTALLUX;440009;Non;50;;;;;;;
JOINT;;JOINT A BOURRER 3MM;ARCELOR (BERTON SICARD);INSTALLUX;440010;Non;100;;;;;;;
JOINT;;JOINT A BOURRER 5MM;ARCELOR (BERTON SICARD);INSTALLUX;440012;Non;100;;;;;;;
JOINT;;JOINT A BOURRER 5 A 7MM;ARCELOR (BERTON SICARD);INSTALLUX;440013;Non;100;;;;;;;
JOINT;;JOINT DE BATTEMENT;ARCELOR (BERTON SICARD);INSTALLUX;540000;Non;50;;;;;;;
JOINT;;JOINT APD COMETE 50TH;ARCELOR (BERTON SICARD);INSTALLUX;540007;Non;15;;;;;;;
JOINT;;JOINT DE FINITION APD;ARCELOR (BERTON SICARD);INSTALLUX;540010;Non;10;;;;;;;
JOINT;;JOINT GLISSANT;ARCELOR (BERTON SICARD);INSTALLUX;940020;Non;100;;;;;;;
JOINT;;JOINT PORTEFEUILLE 24-25;ARCELOR (BERTON SICARD);INSTALLUX;940024N;Non;50;;;;;;;
JOINT;;JOINT LAME 11MM;ARCELOR (BERTON SICARD);INSTALLUX;940026;Non;25;;;;;;;
Accessoire;;EQUERRE 15,4X22,2;ARCELOR (BERTON SICARD);INSTALLUX;5307;Non;1;1;un;;;UN;;
Accessoire;;EQUERRE 15,4X6,1;ARCELOR (BERTON SICARD);INSTALLUX;5308;Non;1;1;un;;;UN;;
Accessoire;Cheneau;JONCTION (7760TH) CHENEAU 180°;ARCELOR (BERTON SICARD);INSTALLUX;7087;Non;1;1;UN;;;UN;;
Accessoire;Cheneau;JONCTION CHENEAU 90°INT;ARCELOR (BERTON SICARD);INSTALLUX;7088;Non;1;1;UN;;;UN;;
Accessoire;EMBOUT;Embout de chevron;ARCELOR (BERTON SICARD);INSTALLUX;#REF!;Non;1;1;Boite;;;Boite;;
Accessoire;;Clip Fixation Réhausse;ARCELOR (BERTON SICARD);INSTALLUX;2135876;oui;100;1;UN;;23,76;UN;;
Accessoire;EMBOUT;EMBOUT 7760TH+7603;ARCELOR (BERTON SICARD);INSTALLUX;7786;Non;1;1;UN;;8,38;UN;;
Accessoire;;CHARIOT DOUBLE REGL INOX;ARCELOR (BERTON SICARD);INSTALLUX;950073;Non;1;1;un;;;un;;
Accessoire;;CHARIOT DOUBLE REGL POM;ARCELOR (BERTON SICARD);INSTALLUX;950062;Non;1;1;un;;;un;;
Accessoire;EMBOUT;EMBOUT  7607TH+7605;ARCELOR (BERTON SICARD);INSTALLUX;7775;Non;1;1;UN;;;UN;;
Accessoire;EMBOUT;EMBOUT FAITIERE;ARCELOR (BERTON SICARD);INSTALLUX;7772;Non;1;1;UN;;10,04;UN;;
Accessoire;;EQUERRE ALUMINIUM GM;ARCELOR (BERTON SICARD);INSTALLUX;1287;Non;20;;;;;;;
Accessoire;CLIP;CLIP DE PARCLOSE INOX;ARCELOR (BERTON SICARD);INSTALLUX;5301;Non;50;;;;;;;
Accessoire;;EQUERRE REGLAB.15,4X22,2;ARCELOR (BERTON SICARD);INSTALLUX;5312;Non;2;;;;;;;
Accessoire;;EQUERRE REGLAB.15,4X6,1;ARCELOR (BERTON SICARD);INSTALLUX;5313;Non;2;;;;;;;
Accessoire;;CLIP /FIX.DOUCINE 7008;ARCELOR (BERTON SICARD);INSTALLUX;7251B;Non;10;;;;;;;
Accessoire;;KIT MOTORISATION SOMFY;ARCELOR (BERTON SICARD);INSTALLUX;528;Non;1;;;;;;;
Accessoire;;CACHE FIXATION POTELET;ARCELOR (BERTON SICARD);INSTALLUX;656;Non;10;;;;;;;
Accessoire;;PLATINE FIXATION /628;ARCELOR (BERTON SICARD);INSTALLUX;660;Non;2;;;;;;;
Accessoire;;PLATINE FIXATION /621;ARCELOR (BERTON SICARD);INSTALLUX;662;Non;2;;;;;;;
Accessoire;;FIXATION LISSE H.ET B.;ARCELOR (BERTON SICARD);INSTALLUX;363;Non;1;;;;;;;
Accessoire;;KIT 130 KG OB G16;ARCELOR (BERTON SICARD);INSTALLUX;450097;Non;1;;;;;;;
Accessoire;;KIT AMBIDEXTRE ANTIPANIC;ARCELOR (BERTON SICARD);INSTALLUX;550043;Non;1;;;;;;;
Accessoire;;KIT BOIT.H&BAS ANTIPANIC;ARCELOR (BERTON SICARD);INSTALLUX;550046;Non;1;;;;;;;
Accessoire;;KIT LATERAL ANTIPANIC;ARCELOR (BERTON SICARD);INSTALLUX;550047;Non;1;;;;;;;
Accessoire;;FIXATION LISSE H.ET B.;ARCELOR (BERTON SICARD);INSTALLUX;363;Non;1;;;;;;;
Accessoire;;CACHE FIXATION POTELET;ARCELOR (BERTON SICARD);INSTALLUX;656;Non;10;;;;;;;
Accessoire;;PLATINE FIXATION /628;ARCELOR (BERTON SICARD);INSTALLUX;660;Non;2;;;;;;;
Accessoire;;PLATINE FIXATION /627;ARCELOR (BERTON SICARD);INSTALLUX;661;Non;2;;;;;;;
Accessoire;;PLATINE FIXATION /621;ARCELOR (BERTON SICARD);INSTALLUX;662;Non;2;;;;;;;
Accessoire;;FIXATION LISSE H.ET B.;ARCELOR (BERTON SICARD);INSTALLUX;363;Non;1;;;;;;;
Accessoire;;KIT MOTORISATION SOMFY;ARCELOR (BERTON SICARD);INSTALLUX;528;Non;1;;;;;;;
Accessoire;;PLATINE FIXATION PR 597;ARCELOR (BERTON SICARD);INSTALLUX;593;Non;2;;;;;;;
Accessoire;;CACHE FIXATION POTELET;ARCELOR (BERTON SICARD);INSTALLUX;656;Non;10;;;;;;;
Accessoire;;PLATINE FIXATION /628;ARCELOR (BERTON SICARD);INSTALLUX;660;Non;2;;;;;;;
Accessoire;;PLATINE FIXATION /627;ARCELOR (BERTON SICARD);INSTALLUX;661;Non;2;;;;;;;
Accessoire;;PLATINE FIXATION /621;ARCELOR (BERTON SICARD);INSTALLUX;662;Non;2;;;;;;;
Accessoire;;KIT POINTE;ARCELOR (BERTON SICARD);INSTALLUX;6590;Non;1;;;;;;;
Accessoire;;KIT 130 KG OB G16;ARCELOR (BERTON SICARD);INSTALLUX;450097;Non;1;;;;;;;
Accessoire;;KIT AMBIDEXTRE ANTIPANIC;ARCELOR (BERTON SICARD);INSTALLUX;550043;Non;1;;;;;;;
Accessoire;;KIT BOIT.H&BAS ANTIPANIC;ARCELOR (BERTON SICARD);INSTALLUX;550046;Non;1;;;;;;;
Accessoire;;KIT LATERAL ANTIPANIC;ARCELOR (BERTON SICARD);INSTALLUX;550047;Non;1;;;;;;;
Accessoire;;FIXATION LISSE H.ET B.;ARCELOR (BERTON SICARD);INSTALLUX;363;Non;1;;;;;;;
Accessoire;;KIT MOTORISATION SOMFY;ARCELOR (BERTON SICARD);INSTALLUX;528;Non;1;;;;;;;
Accessoire;;PLATINE FIXATION PR 597;ARCELOR (BERTON SICARD);INSTALLUX;593;Non;2;;;;;;;
Accessoire;;CACHE FIXATION POTELET;ARCELOR (BERTON SICARD);INSTALLUX;656;Non;10;;;;;;;
Accessoire;;PLATINE FIXATION /628;ARCELOR (BERTON SICARD);INSTALLUX;660;Non;2;;;;;;;
Accessoire;;PLATINE FIXATION /627;ARCELOR (BERTON SICARD);INSTALLUX;661;Non;2;;;;;;;
Accessoire;;PLATINE FIXATION /621;ARCELOR (BERTON SICARD);INSTALLUX;662;Non;2;;;;;;;
Accessoire;;KIT POINTE;ARCELOR (BERTON SICARD);INSTALLUX;6590;Non;1;;;;;;;
Accessoire;;KIT 130 KG OB G16;ARCELOR (BERTON SICARD);INSTALLUX;450097;Non;1;;;;;;;
Accessoire;;FIXATION LISSE H.ET B.;ARCELOR (BERTON SICARD);INSTALLUX;363;Non;1;;;;;;;
Accessoire;;KIT MOTORISATION SOMFY;ARCELOR (BERTON SICARD);INSTALLUX;528;Non;1;;;;;;;
Accessoire;;PLATINE FIXATION PR 597;ARCELOR (BERTON SICARD);INSTALLUX;593;Non;2;;;;;;;
Accessoire;;CACHE FIXATION POTELET;ARCELOR (BERTON SICARD);INSTALLUX;656;Non;10;;;;;;;
Accessoire;;PLATINE FIXATION /628;ARCELOR (BERTON SICARD);INSTALLUX;660;Non;2;;;;;;;
Accessoire;;PLATINE FIXATION /627;ARCELOR (BERTON SICARD);INSTALLUX;661;Non;2;;;;;;;
Accessoire;;PLATINE FIXATION /621;ARCELOR (BERTON SICARD);INSTALLUX;662;Non;2;;;;;;;
Accessoire;;KIT POINTE;ARCELOR (BERTON SICARD);INSTALLUX;6590;Non;1;;;;;;;
Accessoire;;POIGNEE TIRAGE;ARCELOR (BERTON SICARD);INSTALLUX;9808;Non;1;;;;;;;
Accessoire;;POIGNEE DE TIRAGE SIMPLE;ARCELOR (BERTON SICARD);INSTALLUX;9920;Non;1;;;;;;;
Accessoire;;POIGNEE TIRAGE;ARCELOR (BERTON SICARD);INSTALLUX;9922;Non;1;;;;;;;
Accessoire;;POIGNEE EXT. A CLEF;ARCELOR (BERTON SICARD);INSTALLUX;9924;Non;1;;;;;;;
Accessoire;;POIGNEE DE TIRAGE;ARCELOR (BERTON SICARD);INSTALLUX;160004;Non;1;;;;;;;
Accessoire;;KIT 130 KG OB G16;ARCELOR (BERTON SICARD);INSTALLUX;450097;Non;1;;;;;;;
Accessoire;;POIGNEE CHRONOS INT MANO;ARCELOR (BERTON SICARD);INSTALLUX;950010;Non;1;;;;;;;
Accessoire;;POIGNEE CHRONOS FIXE;ARCELOR (BERTON SICARD);INSTALLUX;950011;Non;1;;;;;;;
Accessoire;;POIGNEE CHRONOS EXT MANO;ARCELOR (BERTON SICARD);INSTALLUX;950012;Non;1;;;;;;;
Accessoire;;POIGNEE DE TIRAGE SIMPLE;ARCELOR (BERTON SICARD);INSTALLUX;9920;Non;1;;;;;;;
Accessoire;;POIGNEE TIRAGE;ARCELOR (BERTON SICARD);INSTALLUX;9922;Non;1;;;;;;;
Accessoire;;POIGNEE EXT. A CLEF;ARCELOR (BERTON SICARD);INSTALLUX;9924;Non;1;;;;;;;
Accessoire;;KIT 130 KG OB G16;ARCELOR (BERTON SICARD);INSTALLUX;450097;Non;1;;;;;;;
Accessoire;;KIT AMBIDEXTRE ANTIPANIC;ARCELOR (BERTON SICARD);INSTALLUX;550043;Non;1;;;;;;;
Accessoire;;KIT BOIT.H&BAS ANTIPANIC;ARCELOR (BERTON SICARD);INSTALLUX;550046;Non;1;;;;;;;
Accessoire;;KIT LATERAL ANTIPANIC;ARCELOR (BERTON SICARD);INSTALLUX;550047;Non;1;;;;;;;
Accessoire;;POIGNEE SELENE SIMPLE;ARCELOR (BERTON SICARD);INSTALLUX;560024;Non;1;;;;;;;
Accessoire;;KIT POINTE;ARCELOR (BERTON SICARD);INSTALLUX;6590;Non;1;;;;;;;
Accessoire;;KIT ETANCH.PF.VS DROIT;ARCELOR (BERTON SICARD);INSTALLUX;460025;Non;1;;;;;;;
Accessoire;;KIT ETANCH.PF.VS DROIT;ARCELOR (BERTON SICARD);INSTALLUX;463035;Non;1;;;;;;;
Accessoire;;KIT EMB.D’AILE SF D+G;ARCELOR (BERTON SICARD);INSTALLUX;560004;Non;20;;;;;;;
Accessoire;;CLIP FIX. PATTE MAINTIEN;ARCELOR (BERTON SICARD);INSTALLUX;7720;Non;100;;;;;;;
Accessoire;;KIT ETANCH.PF.VS DROIT;ARCELOR (BERTON SICARD);INSTALLUX;460025;Non;1;;;;;;;
Accessoire;;KIT ETANCH.PF.VS DROIT;ARCELOR (BERTON SICARD);INSTALLUX;463035;Non;1;;;;;;;
Accessoire;;KIT EMB.D’AILE SF D+G;ARCELOR (BERTON SICARD);INSTALLUX;560004;Non;20;;;;;;;
Accessoire;;POIGNEE SELENE SIMPLE;ARCELOR (BERTON SICARD);INSTALLUX;560024;Non;1;;;;;;;
Accessoire;;PATTE FIX RENOVATION;ARCELOR (BERTON SICARD);INSTALLUX;A5041;Non;250;;;;;;;
Accessoire;;KIT CHARIOT PORT.REPLIA;ARCELOR (BERTON SICARD);INSTALLUX;A5067;Non;1;;;;;;;
Accessoire;;KIT FIX ANCRAGE P 2B;ARCELOR (BERTON SICARD);INSTALLUX;A5092;Non;1;;;;;;;
Accessoire;;KIT FIX ANCRAGE P 3B;ARCELOR (BERTON SICARD);INSTALLUX;A5093;Non;1;;;;;;;
Accessoire;;KIT BIELLETTE;ARCELOR (BERTON SICARD);INSTALLUX;A6034;Non;200;;;;;;;
Accessoire;;KIT FIXATION CREMONE;ARCELOR (BERTON SICARD);INSTALLUX;A6070;Non;1;;;;;;;
Accessoire;;KIT FIX. CREMONE NEFER;ARCELOR (BERTON SICARD);INSTALLUX;A6071;Non;1;;;;;;;
Accessoire;;KIT DE FIXATION;ARCELOR (BERTON SICARD);INSTALLUX;A6078;Non;10;;;;;;;
Accessoire;;AXE DE FIXATION;ARCELOR (BERTON SICARD);INSTALLUX;A6079;Non;10;;;;;;;
Accessoire;;CARRE FIXATION /306;ARCELOR (BERTON SICARD);INSTALLUX;350;Non;2;;;;;;;
Accessoire;;ECLISSE ORIENTABLE;ARCELOR (BERTON SICARD);INSTALLUX;352;Non;2;;;;;;;
Accessoire;;ECLISSE VARIABLE;ARCELOR (BERTON SICARD);INSTALLUX;353;Non;2;;;;;;;
Accessoire;;ECLISSE ORIEN VARI SPLE;ARCELOR (BERTON SICARD);INSTALLUX;366;Non;2;;;;;;;
Accessoire;;ECLISSE ORIEN VARI DBL;ARCELOR (BERTON SICARD);INSTALLUX;367;Non;2;;;;;;;
Accessoire;;PLATINE FIXATION 624;ARCELOR (BERTON SICARD);INSTALLUX;503;Non;1;;;;;;;
Accessoire;;KIT ANTI DEGONDAGE;ARCELOR (BERTON SICARD);INSTALLUX;569;Non;1;;;;;;;
Accessoire;;KIT 3 CREMAILLERES + VIS;ARCELOR (BERTON SICARD);INSTALLUX;590;Non;1;;;;;;;
Accessoire;;FIXATION /625;ARCELOR (BERTON SICARD);INSTALLUX;657;Non;5;;;;;;;
Accessoire;;PATTE SCELL 5152/3/4/5/6;ARCELOR (BERTON SICARD);INSTALLUX;5300;Non;4;;;;;;;
Accessoire;;KIT ANTI EFFRACTION 2 BR;ARCELOR (BERTON SICARD);INSTALLUX;5702;Non;10;;;;;;;
Accessoire;;KIT ANTI EFFRACTION 3 BR;ARCELOR (BERTON SICARD);INSTALLUX;5703;Non;1;;;;;;;
Accessoire;;KIT ASSEMBL./1PAIRE 8939;ARCELOR (BERTON SICARD);INSTALLUX;5818;Non;1;;;;;;;
Accessoire;;KIT ASSEMBL./1PAIRE 8929;ARCELOR (BERTON SICARD);INSTALLUX;5819;Non;1;;;;;;;
Accessoire;;KIT ETANCH. CHASSIS FIXE;ARCELOR (BERTON SICARD);INSTALLUX;6687;Non;20;;;;;;;
Accessoire;;PATTE DE FIXATION 55;ARCELOR (BERTON SICARD);INSTALLUX;6691;Non;250;;;;;;;
Accessoire;;PATTE DE FIXATION 68;ARCELOR (BERTON SICARD);INSTALLUX;6692;Non;125;;;;;;;
Accessoire;;PATTE DE FIXATION 78;ARCELOR (BERTON SICARD);INSTALLUX;6693;Non;125;;;;;;;
Accessoire;;PATTE DE FIXATION 88;ARCELOR (BERTON SICARD);INSTALLUX;6694;Non;125;;;;;;;
Accessoire;;PATTE DE FIXATION 98;ARCELOR (BERTON SICARD);INSTALLUX;6695;Non;125;;;;;;;
Accessoire;;PATTE DE FIXATION 108;ARCELOR (BERTON SICARD);INSTALLUX;6696;Non;125;;;;;;;
Accessoire;;PATTE DE FIXATION 118;ARCELOR (BERTON SICARD);INSTALLUX;6697;Non;125;;;;;;;
Accessoire;;PATTE DE FIXATION 128;ARCELOR (BERTON SICARD);INSTALLUX;6698;Non;125;;;;;;;
Accessoire;;PATTE DE FIXATION 138;ARCELOR (BERTON SICARD);INSTALLUX;6699;Non;125;;;;;;;
Accessoire;;CREPINE/DESCENTE DIAM 80;ARCELOR (BERTON SICARD);INSTALLUX;7075;Non;1;;;;;;;
Accessoire;;ECLISSE CHEN. 7131 180°;ARCELOR (BERTON SICARD);INSTALLUX;7140;Non;1;;;;;;;
Accessoire;;ECLISSE CHEN. 7131 135°;ARCELOR (BERTON SICARD);INSTALLUX;7142;Non;1;;;;;;;
Accessoire;;ECLISSE CHEN. 7131 150°;ARCELOR (BERTON SICARD);INSTALLUX;7143;Non;1;;;;;;;
Accessoire;;ECLISSE DROITE;ARCELOR (BERTON SICARD);INSTALLUX;7704;Non;4;;;;;;;
Accessoire;;PATTE MAINT.7603/7604;ARCELOR (BERTON SICARD);INSTALLUX;7707;Non;10;;;;;;;
Accessoire;;PATTE MAINT.REH. 7605;ARCELOR (BERTON SICARD);INSTALLUX;7708;Non;10;;;;;;;
Accessoire;;PATTE MAINTIE7603/7604;ARCELOR (BERTON SICARD);INSTALLUX;7709;Non;10;;;;;;;
Accessoire;;ECLISSE ORIENTABLE;ARCELOR (BERTON SICARD);INSTALLUX;7715;Non;4;;;;;;;
Accessoire;;PATTE DE MAINT. REH.7605;ARCELOR (BERTON SICARD);INSTALLUX;7722;Non;10;;;;;;;
Accessoire;;PATTE MAINTIEN 7603/7604;ARCELOR (BERTON SICARD);INSTALLUX;7793;Non;10;;;;;;;
Accessoire;;PATTE MAINTIEN 7605;ARCELOR (BERTON SICARD);INSTALLUX;7794;Non;10;;;;;;;
Accessoire;;KIT ASSEMBL./1PAIRE 8950;ARCELOR (BERTON SICARD);INSTALLUX;8951;Non;1;;;;;;;
Accessoire;;PATTE A SCELLEMENT;ARCELOR (BERTON SICARD);INSTALLUX;9214;Non;10;;;;;;;
Accessoire;;BLOC DE FIXATION;ARCELOR (BERTON SICARD);INSTALLUX;9958N;Non;1;;;;;;;
Accessoire;;KIT CONFORMITE 59165;ARCELOR (BERTON SICARD);INSTALLUX;59165K1;Non;1;;;;;;;
Accessoire;;POIGNEE DE TIRAGE 90MM;ARCELOR (BERTON SICARD);INSTALLUX;160020;Non;1;;;;;;;
Accessoire;;KIT DE BASE OB;ARCELOR (BERTON SICARD);INSTALLUX;450100;Non;1;;;;;;;
Accessoire;;KIT DE BASE OF;ARCELOR (BERTON SICARD);INSTALLUX;450101;Non;1;;;;;;;
Accessoire;;KIT CHARN. OB INV. PT DT;ARCELOR (BERTON SICARD);INSTALLUX;450106;Non;1;;;;;;;
Accessoire;;KIT CHARN. OB INV. MD DT;ARCELOR (BERTON SICARD);INSTALLUX;450107;Non;1;;;;;;;
Accessoire;;KIT CHARN. OB INV. GD DT;ARCELOR (BERTON SICARD);INSTALLUX;450108;Non;1;;;;;;;
Accessoire;;KIT CHARN. OF INV. DT;ARCELOR (BERTON SICARD);INSTALLUX;450110;Non;1;;;;;;;
Accessoire;;KIT CHARN. OF INV. GC;ARCELOR (BERTON SICARD);INSTALLUX;450111;Non;1;;;;;;;
Accessoire;;KIT CHARN. OB INV. PT GC;ARCELOR (BERTON SICARD);INSTALLUX;450130;Non;1;;;;;;;
Accessoire;;KIT CHARN. OB INV. MD GC;ARCELOR (BERTON SICARD);INSTALLUX;450131;Non;1;;;;;;;
Accessoire;;KIT CHARN. OB INV. GD GC;ARCELOR (BERTON SICARD);INSTALLUX;450132;Non;1;;;;;;;
Accessoire;;KIT ETANCHEITE CAGE 16;ARCELOR (BERTON SICARD);INSTALLUX;460024;Non;10;;;;;;;
Accessoire;;KIT GACHE REGLABLE H&B;ARCELOR (BERTON SICARD);INSTALLUX;550080;Non;1;;;;;;;
Accessoire;;ACCESSOIRE POSE POIGNEES;ARCELOR (BERTON SICARD);INSTALLUX;560020;Non;1;;;;;;;
Accessoire;;KIT FIXATION BRAS 5670;ARCELOR (BERTON SICARD);INSTALLUX;560035;Non;1;;;;;;;
Accessoire;;PATTE DE FIXATION LG100;ARCELOR (BERTON SICARD);INSTALLUX;664000;Non;125;;;;;;;
Accessoire;;PATTE DE FIXATION LG120;ARCELOR (BERTON SICARD);INSTALLUX;664001;Non;125;;;;;;;
Accessoire;;PATTE DE FIXATION LG140;ARCELOR (BERTON SICARD);INSTALLUX;664002;Non;125;;;;;;;
Accessoire;;PATTE DE FIXATION LG160;ARCELOR (BERTON SICARD);INSTALLUX;664003;Non;125;;;;;;;
Accessoire;;PATTE DE FIXATION LG 200;ARCELOR (BERTON SICARD);INSTALLUX;664011;Non;125;;;;;;;
Accessoire;;PATTE 150MM 13/50;ARCELOR (BERTON SICARD);INSTALLUX;664013;Non;10;;;;;;;
Accessoire;;PATTE 150MM 22/50;ARCELOR (BERTON SICARD);INSTALLUX;664014;Non;10;;;;;;;
Accessoire;;PATTE RENO DEPOSE TOTALE;ARCELOR (BERTON SICARD);INSTALLUX;664016;Non;100;;;;;;;
Accessoire;;RALLONGE PATTE RENO DT;ARCELOR (BERTON SICARD);INSTALLUX;664017;Non;100;;;;;;;
Accessoire;;PATTE DE FIXATION LG100;ARCELOR (BERTON SICARD);INSTALLUX;664018;Non;125;;;;;;;
Accessoire;;PATTE FIX. TRAV. BASSE;ARCELOR (BERTON SICARD);INSTALLUX;664021;Non;100;;;;;;;
Accessoire;;PATTE DE FIXATION 180MM;ARCELOR (BERTON SICARD);INSTALLUX;664035;Non;125;;;;;;;
Accessoire;;KIT PLATS D’ALIGNEMENT;ARCELOR (BERTON SICARD);INSTALLUX;760033;Non;1;;;;;;;
Accessoire;;KIT CHARIOTS GACHE VIS;ARCELOR (BERTON SICARD);INSTALLUX;950201;Non;1;;;;;;;
Accessoire;;FIXATION CROISEMENT GAL;ARCELOR (BERTON SICARD);INSTALLUX;960018;Non;2;;;;;;;
Accessoire;;KIT ENTRETOISE;ARCELOR (BERTON SICARD);INSTALLUX;960230;Non;4;;;;;;;
Accessoire;;KIT POSTE 4 DRAIN 910040;ARCELOR (BERTON SICARD);INSTALLUX;970001K4;Non;1;;;;;;;
Accessoire;;KIT FIXATION CREMONE;ARCELOR (BERTON SICARD);INSTALLUX;A6070;Non;1;;;;;;;
Accessoire;;KIT FIX. CREMONE NEFER;ARCELOR (BERTON SICARD);INSTALLUX;A6071;Non;1;;;;;;;
Accessoire;;CARRE FIXATION /306;ARCELOR (BERTON SICARD);INSTALLUX;350;Non;2;;;;;;;
Accessoire;;ECLISSE ORIENTABLE;ARCELOR (BERTON SICARD);INSTALLUX;352;Non;2;;;;;;;
Accessoire;;ECLISSE VARIABLE;ARCELOR (BERTON SICARD);INSTALLUX;353;Non;2;;;;;;;
Accessoire;;ECLISSE ORIEN VARI SPLE;ARCELOR (BERTON SICARD);INSTALLUX;366;Non;2;;;;;;;
Accessoire;;ECLISSE ORIEN VARI DBL;ARCELOR (BERTON SICARD);INSTALLUX;367;Non;2;;;;;;;
Accessoire;;CACHE FIXATION POTELET;ARCELOR (BERTON SICARD);INSTALLUX;656;Non;10;;;;;;;
Accessoire;;PLATINE FIXATION /621;ARCELOR (BERTON SICARD);INSTALLUX;662;Non;2;;;;;;;
Accessoire;;PATTE SCELL 5152/3/4/5/6;ARCELOR (BERTON SICARD);INSTALLUX;5300;Non;4;;;;;;;
Accessoire;;KIT ASSEMBL./1PAIRE 8939;ARCELOR (BERTON SICARD);INSTALLUX;5818;Non;1;;;;;;;
Accessoire;;KIT ASSEMBL./1PAIRE 8929;ARCELOR (BERTON SICARD);INSTALLUX;5819;Non;1;;;;;;;
Accessoire;;POIGNEE A OLIVE DROITE;ARCELOR (BERTON SICARD);INSTALLUX;5827;Non;1;;;;;;;
Accessoire;;KIT ETANCH. CHASSIS FIXE;ARCELOR (BERTON SICARD);INSTALLUX;6687;Non;20;;;;;;;
Accessoire;;PATTE DE FIXATION 55;ARCELOR (BERTON SICARD);INSTALLUX;6691;Non;250;;;;;;;
Accessoire;;PATTE DE FIXATION 68;ARCELOR (BERTON SICARD);INSTALLUX;6692;Non;125;;;;;;;
Accessoire;;PATTE DE FIXATION 78;ARCELOR (BERTON SICARD);INSTALLUX;6693;Non;125;;;;;;;
Accessoire;;PATTE DE FIXATION 88;ARCELOR (BERTON SICARD);INSTALLUX;6694;Non;125;;;;;;;
Accessoire;;PATTE DE FIXATION 98;ARCELOR (BERTON SICARD);INSTALLUX;6695;Non;125;;;;;;;
Accessoire;;PATTE DE FIXATION 108;ARCELOR (BERTON SICARD);INSTALLUX;6696;Non;125;;;;;;;
Accessoire;;PATTE DE FIXATION 118;ARCELOR (BERTON SICARD);INSTALLUX;6697;Non;125;;;;;;;
Accessoire;;PATTE DE FIXATION 128;ARCELOR (BERTON SICARD);INSTALLUX;6698;Non;125;;;;;;;
Accessoire;;PATTE DE FIXATION 138;ARCELOR (BERTON SICARD);INSTALLUX;6699;Non;125;;;;;;;
Accessoire;;PATTE A SCELLEMENT;ARCELOR (BERTON SICARD);INSTALLUX;9214;Non;10;;;;;;;
Accessoire;;CACHE TROU DIAMETRE 10;ARCELOR (BERTON SICARD);INSTALLUX;9549;Non;20;;;;;;;
Accessoire;;POIGNEE TIRAGE;ARCELOR (BERTON SICARD);INSTALLUX;9808;Non;1;;;;;;;
Accessoire;;*KIT MAJ GABARIT 58108;ARCELOR (BERTON SICARD);INSTALLUX;58108-50;Non;1;;;;;;;
Accessoire;;POIGNEE DE TIRAGE 90MM;ARCELOR (BERTON SICARD);INSTALLUX;160020;Non;1;;;;;;;
Accessoire;;ANGLE VULCAN. / 440000;ARCELOR (BERTON SICARD);INSTALLUX;440020;Non;20;;;;;;;
Accessoire;;KIT FIXATION BRAS 5670;ARCELOR (BERTON SICARD);INSTALLUX;560035;Non;1;;;;;;;
Accessoire;;PATTE DE FIXATION LG100;ARCELOR (BERTON SICARD);INSTALLUX;664000;Non;125;;;;;;;
Accessoire;;PATTE DE FIXATION LG120;ARCELOR (BERTON SICARD);INSTALLUX;664001;Non;125;;;;;;;
Accessoire;;PATTE DE FIXATION LG140;ARCELOR (BERTON SICARD);INSTALLUX;664002;Non;125;;;;;;;
Accessoire;;PATTE DE FIXATION LG160;ARCELOR (BERTON SICARD);INSTALLUX;664003;Non;125;;;;;;;
Accessoire;;PATTE 150MM 13/50;ARCELOR (BERTON SICARD);INSTALLUX;664013;Non;10;;;;;;;
Accessoire;;PATTE 150MM 22/50;ARCELOR (BERTON SICARD);INSTALLUX;664014;Non;10;;;;;;;
Accessoire;;PATTE RENO DEPOSE TOTALE;ARCELOR (BERTON SICARD);INSTALLUX;664016;Non;100;;;;;;;
Accessoire;;RALLONGE PATTE RENO DT;ARCELOR (BERTON SICARD);INSTALLUX;664017;Non;100;;;;;;;
Accessoire;;*POIGNEE TIRAGE;ARCELOR (BERTON SICARD);INSTALLUX;950035;Non;1;;;;;;;
Accessoire;Bouchon;BOUCHON CIRCULAIRE;ARCELOR (BERTON SICARD);INSTALLUX;507;Non;1;;;;;;;
Accessoire;Bouchon;BOUCHON POTEAU VARIABLE;ARCELOR (BERTON SICARD);INSTALLUX;513;Non;1;;;;;;;
Accessoire;Bouchon;BOUCHON D BATTMT CENTRAL;ARCELOR (BERTON SICARD);INSTALLUX;535;Non;1;;;;;;;
Accessoire;Bouchon;BOUCHON DROIT CLOSOIR;ARCELOR (BERTON SICARD);INSTALLUX;536;Non;1;;;;;;;
Accessoire;Bouchon;BOUCHON GAUCHE CLOSOIR;ARCELOR (BERTON SICARD);INSTALLUX;546;Non;1;;;;;;;
Accessoire;Bouchon;BOUCHON G BATTMT CENTRAL;ARCELOR (BERTON SICARD);INSTALLUX;547;Non;1;;;;;;;
Accessoire;Bouchon;BOUCHON PR DEMI POTELET;ARCELOR (BERTON SICARD);INSTALLUX;555;Non;1;;;;;;;
Accessoire;Bouchon;KIT BOUCHONS BARREAUDAGE;ARCELOR (BERTON SICARD);INSTALLUX;325;Non;1;;;;;;;
Accessoire;Bouchon;BOUCHON CIRCULAIRE;ARCELOR (BERTON SICARD);INSTALLUX;507;Non;1;;;;;;;
Accessoire;Bouchon;BOUCHON POTEAU VARIABLE;ARCELOR (BERTON SICARD);INSTALLUX;513;Non;1;;;;;;;
Accessoire;Bouchon;BOUCHON D BATTMT CENTRAL;ARCELOR (BERTON SICARD);INSTALLUX;535;Non;1;;;;;;;
Accessoire;Bouchon;BOUCHON DROIT CLOSOIR;ARCELOR (BERTON SICARD);INSTALLUX;536;Non;1;;;;;;;
Accessoire;Bouchon;BOUCHON GAUCHE CLOSOIR;ARCELOR (BERTON SICARD);INSTALLUX;546;Non;1;;;;;;;
Accessoire;Bouchon;BOUCHON G BATTMT CENTRAL;ARCELOR (BERTON SICARD);INSTALLUX;547;Non;1;;;;;;;
Accessoire;Bouchon;BOUCHON PR DEMI POTELET;ARCELOR (BERTON SICARD);INSTALLUX;555;Non;1;;;;;;;
Accessoire;Bouchon;BOUCHONS RECUP EAU D+G;ARCELOR (BERTON SICARD);INSTALLUX;960021;Non;1;;;;;;;
Accessoire;Bouchon;BOUCHON D’ANGLE;ARCELOR (BERTON SICARD);INSTALLUX;960216;Non;1;;;;;;;
Accessoire;Bouchon;KIT BOUCHONS RENFORT;ARCELOR (BERTON SICARD);INSTALLUX;960227;Non;1;;;;;;;
Accessoire;Bouchon;KIT BOUCHONS BARREAUDAGE;ARCELOR (BERTON SICARD);INSTALLUX;325;Non;1;;;;;;;
Accessoire;Bouchon;BOUCHON CIRCULAIRE;ARCELOR (BERTON SICARD);INSTALLUX;507;Non;1;;;;;;;
Accessoire;Bouchon;BOUCHON POTEAU VARIABLE;ARCELOR (BERTON SICARD);INSTALLUX;513;Non;1;;;;;;;
Accessoire;Bouchon;BOUCHON D BATTMT CENTRAL;ARCELOR (BERTON SICARD);INSTALLUX;535;Non;1;;;;;;;
Accessoire;Bouchon;BOUCHON DROIT CLOSOIR;ARCELOR (BERTON SICARD);INSTALLUX;536;Non;1;;;;;;;
Accessoire;Bouchon;BOUCHON GAUCHE CLOSOIR;ARCELOR (BERTON SICARD);INSTALLUX;546;Non;1;;;;;;;
Accessoire;Bouchon;BOUCHON G BATTMT CENTRAL;ARCELOR (BERTON SICARD);INSTALLUX;547;Non;1;;;;;;;
Accessoire;Bouchon;BOUCHON PR DEMI POTELET;ARCELOR (BERTON SICARD);INSTALLUX;555;Non;1;;;;;;;
Accessoire;Bouchon;BOUCHONS RECUP EAU D+G;ARCELOR (BERTON SICARD);INSTALLUX;960021;Non;1;;;;;;;
Accessoire;Bouchon;BOUCHON D’ANGLE;ARCELOR (BERTON SICARD);INSTALLUX;960216;Non;1;;;;;;;
Accessoire;Bouchon;KIT BOUCHONS RENFORT;ARCELOR (BERTON SICARD);INSTALLUX;960227;Non;1;;;;;;;
Accessoire;Bouchon;KIT BOUCHONS BARREAUDAGE;ARCELOR (BERTON SICARD);INSTALLUX;325;Non;1;;;;;;;
Accessoire;Bouchon;BOUCHON CIRCULAIRE;ARCELOR (BERTON SICARD);INSTALLUX;507;Non;1;;;;;;;
Accessoire;Bouchon;BOUCHON POTEAU VARIABLE;ARCELOR (BERTON SICARD);INSTALLUX;513;Non;1;;;;;;;
Accessoire;Bouchon;BOUCHON D BATTMT CENTRAL;ARCELOR (BERTON SICARD);INSTALLUX;535;Non;1;;;;;;;
Accessoire;Bouchon;BOUCHON DROIT CLOSOIR;ARCELOR (BERTON SICARD);INSTALLUX;536;Non;1;;;;;;;
Accessoire;Bouchon;BOUCHON GAUCHE CLOSOIR;ARCELOR (BERTON SICARD);INSTALLUX;546;Non;1;;;;;;;
Accessoire;Bouchon;BOUCHON G BATTMT CENTRAL;ARCELOR (BERTON SICARD);INSTALLUX;547;Non;1;;;;;;;
Accessoire;Bouchon;BOUCHON PR DEMI POTELET;ARCELOR (BERTON SICARD);INSTALLUX;555;Non;1;;;;;;;
Accessoire;Bouchon;BOUCHONS RECUP EAU D+G;ARCELOR (BERTON SICARD);INSTALLUX;960021;Non;1;;;;;;;
Accessoire;Bouchon;BOUCHON D’ANGLE;ARCELOR (BERTON SICARD);INSTALLUX;960216;Non;1;;;;;;;
Accessoire;Bouchon;KIT BOUCHONS RENFORT;ARCELOR (BERTON SICARD);INSTALLUX;960227;Non;1;;;;;;;
Accessoire;Bouchon;BOUCHON RAIDISSEUR;ARCELOR (BERTON SICARD);INSTALLUX;339;Non;50;;;;;;;
Accessoire;Bouchon;KIT BOUCHON REJET D EAU;ARCELOR (BERTON SICARD);INSTALLUX;460090;Non;10;;;;;;;
Accessoire;Bouchon;BOUCHONS EXTRE CARRE H+B;ARCELOR (BERTON SICARD);INSTALLUX;960002;Non;1;;;;;;;
Accessoire;Bouchon;BOUCHONS EXTRE ROND H+B;ARCELOR (BERTON SICARD);INSTALLUX;960004;Non;1;;;;;;;
Accessoire;Bouchon;BOUCHONS CROIS CARRE H+B;ARCELOR (BERTON SICARD);INSTALLUX;960012;Non;1;;;;;;;
Accessoire;Bouchon;BOUCHONS CROIS ROND H+B;ARCELOR (BERTON SICARD);INSTALLUX;960013;Non;1;;;;;;;
Accessoire;Bouchon;BOUCHON CROIS CLASSIQUE;ARCELOR (BERTON SICARD);INSTALLUX;960014;Non;2;;;;;;;
Accessoire;Bouchon;BOUCHON JONCT VTX LIGNE;ARCELOR (BERTON SICARD);INSTALLUX;960020;Non;4;;;;;;;
Accessoire;Bouchon;BOUCHONS RECUPERATEUR;ARCELOR (BERTON SICARD);INSTALLUX;960026;Non;1;;;;;;;
Accessoire;Bouchon;BOUCHONS ETANCHEITE GAL;ARCELOR (BERTON SICARD);INSTALLUX;960028;Non;1;;;;;;;
Accessoire;Bouchon;KIT BOUCHONS ETANCHEITE;ARCELOR (BERTON SICARD);INSTALLUX;A6045;Non;1;;;;;;;
Accessoire;Bouchon;BOUCHON RAIDISSEUR;ARCELOR (BERTON SICARD);INSTALLUX;339;Non;50;;;;;;;
Accessoire;Bouchon;*BOUCHON RECUP.COUPE 45°;ARCELOR (BERTON SICARD);INSTALLUX;6679;Non;10;;;;;;;
Accessoire;Bouchon;KIT BOUCHON REJET D EAU;ARCELOR (BERTON SICARD);INSTALLUX;460090;Non;10;;;;;;;
Accessoire;Bouchon;BOUCHONS EXTRE CARRE H+B;ARCELOR (BERTON SICARD);INSTALLUX;960002;Non;1;;;;;;;
Accessoire;Bouchon;BOUCHONS EXTRE ROND H+B;ARCELOR (BERTON SICARD);INSTALLUX;960004;Non;1;;;;;;;
Accessoire;Bouchon;BOUCHONS CROIS CARRE H+B;ARCELOR (BERTON SICARD);INSTALLUX;960012;Non;1;;;;;;;
Accessoire;Bouchon;BOUCHONS CROIS ROND H+B;ARCELOR (BERTON SICARD);INSTALLUX;960013;Non;1;;;;;;;
Accessoire;Bouchon;BOUCHON CROIS CLASSIQUE;ARCELOR (BERTON SICARD);INSTALLUX;960014;Non;2;;;;;;;
Accessoire;Bouchon;BOUCHON JONCT VTX LIGNE;ARCELOR (BERTON SICARD);INSTALLUX;960020;Non;4;;;;;;;
Accessoire;Bouchon;BOUCHONS RECUPERATEUR;ARCELOR (BERTON SICARD);INSTALLUX;960026;Non;1;;;;;;;
Accessoire;Bouchon;BOUCHONS ETANCHEITE GAL;ARCELOR (BERTON SICARD);INSTALLUX;960028;Non;1;;;;;;;
Accessoire;Bouchon;BOUCHON RAIDISSEUR;ARCELOR (BERTON SICARD);INSTALLUX;339;Non;50;;;;;;;
Accessoire;Bouchon;BOUCHON 14,3 X 74,2;ARCELOR (BERTON SICARD);INSTALLUX;9503;Non;8;;;;;;;
Accessoire;Bouchon;BOUCHON ETANCH. 50MM CJ;ARCELOR (BERTON SICARD);INSTALLUX;A6065;Non;4;;;;;;;
Accessoire;Bouchon;BOUCHON ETANCH. 50MM FP;ARCELOR (BERTON SICARD);INSTALLUX;A6066;Non;4;;;;;;;
Accessoire;Bouchon;*BOUCHON INTERIEUR /140;ARCELOR (BERTON SICARD);INSTALLUX;837;Non;10;;;;;;;
Accessoire;Bouchon;BOUCHON INT./5428;ARCELOR (BERTON SICARD);INSTALLUX;5554;Non;20;;;;;;;
Accessoire;Bouchon;KIT BOUCHONS VANT.(D+G);ARCELOR (BERTON SICARD);INSTALLUX;5623;Non;1;;;;;;;
Accessoire;Bouchon;BOUCHON 13,8 X 70;ARCELOR (BERTON SICARD);INSTALLUX;9500;Non;8;;;;;;;
Accessoire;Bouchon;BOUCHON 13,8 X 114;ARCELOR (BERTON SICARD);INSTALLUX;9501;Non;8;;;;;;;
Accessoire;Bouchon;BOUCHON 13,8 X 65;ARCELOR (BERTON SICARD);INSTALLUX;9502;Non;8;;;;;;;
Accessoire;Bouchon;BOUCHON ETAN.6804;ARCELOR (BERTON SICARD);INSTALLUX;9511;Non;2;;;;;;;
Accessoire;Bouchon;BOUCHON ETAN.9432;ARCELOR (BERTON SICARD);INSTALLUX;9512;Non;2;;;;;;;
Accessoire;Bouchon;KIT BOUCHONS CAGE 16;ARCELOR (BERTON SICARD);INSTALLUX;460023;Non;10;;;;;;;
Accessoire;Bouchon;BOUCHON P GACHE ELECTIQ;ARCELOR (BERTON SICARD);INSTALLUX;550051;Non;1;;;;;;;
Accessoire;Bouchon;BOUCHON OUVRANT ROND;ARCELOR (BERTON SICARD);INSTALLUX;560009;Non;4;;;;;;;
Accessoire;Bouchon;BOUCHON RACCORD ANGLE;ARCELOR (BERTON SICARD);INSTALLUX;560025;Non;8;;;;;;;
Accessoire;Bouchon;KIT BOUCHON SF VENTOUSES;ARCELOR (BERTON SICARD);INSTALLUX;560031;Non;1;;;;;;;
Accessoire;Bouchon;BOUCHON ETANCHEITE IMPOS;ARCELOR (BERTON SICARD);INSTALLUX;960036;Non;2;;;;;;;
Accessoire;Bouchon;BOUCHON ETANCH. 50MM CJ;ARCELOR (BERTON SICARD);INSTALLUX;A6065;Non;4;;;;;;;
Accessoire;Bouchon;BOUCHON ETANCH. 50MM FP;ARCELOR (BERTON SICARD);INSTALLUX;A6066;Non;4;;;;;;;
Accessoire;Bouchon;*BOUCHON INTERIEUR /140;ARCELOR (BERTON SICARD);INSTALLUX;837;Non;10;;;;;;;
Accessoire;Bouchon;BOUCHON INT./5428;ARCELOR (BERTON SICARD);INSTALLUX;5554;Non;20;;;;;;;
Accessoire;Bouchon;*BOUCHON RECUP.COUPE 45°;ARCELOR (BERTON SICARD);INSTALLUX;6679;Non;10;;;;;;;
Accessoire;Bouchon;BOUCHON 13,8 X 70;ARCELOR (BERTON SICARD);INSTALLUX;9500;Non;8;;;;;;;
Accessoire;Bouchon;BOUCHON 13,8 X 114;ARCELOR (BERTON SICARD);INSTALLUX;9501;Non;8;;;;;;;
Accessoire;Bouchon;BOUCHON 13,8 X 65;ARCELOR (BERTON SICARD);INSTALLUX;9502;Non;8;;;;;;;
Accessoire;Bouchon;BOUCHON 14,3 X 74,2;ARCELOR (BERTON SICARD);INSTALLUX;9503;Non;8;;;;;;;
Accessoire;Bouchon;KIT BOUCHON REJET D EAU;ARCELOR (BERTON SICARD);INSTALLUX;460090;Non;10;;;;;;;
Accessoire;Brosse;BROSSE D’ETANCHEITE 32;ARCELOR (BERTON SICARD);INSTALLUX;A5050;Non;4;;;;;;;
Accessoire;Brosse;BROSSE D’ETANCHEITE 40;ARCELOR (BERTON SICARD);INSTALLUX;A5051;Non;4;;;;;;;
Accessoire;Brosse;BROSSE D’ETANCHEITE 45;ARCELOR (BERTON SICARD);INSTALLUX;A5052;Non;4;;;;;;;
Accessoire;Brosse;BROSSE MOUSTIQUAIRE;ARCELOR (BERTON SICARD);INSTALLUX;A6043;Non;375;;;;;;;
Accessoire;Brosse;BROSSE 7 MM;ARCELOR (BERTON SICARD);INSTALLUX;1501;Non;100;;;;;;;
Accessoire;Brosse;BROSSE 10 MM;ARCELOR (BERTON SICARD);INSTALLUX;1502;Non;100;;;;;;;
Accessoire;Brosse;BROSSE 10 MM;ARCELOR (BERTON SICARD);INSTALLUX;1502/25;Non;25;;;;;;;
Accessoire;Brosse;BROSSE 14 MM;ARCELOR (BERTON SICARD);INSTALLUX;1504;Non;100;;;;;;;
Accessoire;Brosse;BROSSE 14 MM;ARCELOR (BERTON SICARD);INSTALLUX;1504/25;Non;25;;;;;;;
Accessoire;Brosse;BROSSE BASSE;ARCELOR (BERTON SICARD);INSTALLUX;5349;Non;4;;;;;;;
Accessoire;Brosse;BROSSE 16;ARCELOR (BERTON SICARD);INSTALLUX;5705/16;Non;25;;;;;;;
Accessoire;Brosse;BROSSE 13X1250;ARCELOR (BERTON SICARD);INSTALLUX;5709;Non;1;;;;;;;
Accessoire;Brosse;JOINT BROSSE VRX3,5;ARCELOR (BERTON SICARD);INSTALLUX;7158;Non;1;;;;;;;
Accessoire;Brosse;BROSSE LAME CENTR.7.5;ARCELOR (BERTON SICARD);INSTALLUX;9518;Non;100;;;;;;;
Accessoire;Brosse;BROSSE LAME 7MM;ARCELOR (BERTON SICARD);INSTALLUX;9521;Non;100;;;;;;;
Accessoire;Brosse;BROSSE LAME 7MM;ARCELOR (BERTON SICARD);INSTALLUX;9521/25;Non;25;;;;;;;
Accessoire;Brosse;BROSSE LAME 9,5MM;ARCELOR (BERTON SICARD);INSTALLUX;9522;Non;100;;;;;;;
Accessoire;Brosse;BROSSE LAME 9,5MM;ARCELOR (BERTON SICARD);INSTALLUX;9522/25;Non;25;;;;;;;
Accessoire;Brosse;BROSSE LAME 7MM;ARCELOR (BERTON SICARD);INSTALLUX;9553;Non;100;;;;;;;
Accessoire;Brosse;BROSSE ETANCHEITE 41MM;ARCELOR (BERTON SICARD);INSTALLUX;960040;Non;10;;;;;;;
Accessoire;Brosse;BROSSE MOUSTIQUAIRE;ARCELOR (BERTON SICARD);INSTALLUX;A6043;Non;375;;;;;;;
Accessoire;Brosse;BROSSE 20 MM;ARCELOR (BERTON SICARD);INSTALLUX;J5003;Non;25;;;;;;;
Accessoire;Brosse;BROSSE 7 MM;ARCELOR (BERTON SICARD);INSTALLUX;1501;Non;100;;;;;;;
Accessoire;Brosse;BROSSE 10 MM;ARCELOR (BERTON SICARD);INSTALLUX;1502;Non;100;;;;;;;
Accessoire;Brosse;BROSSE 10 MM;ARCELOR (BERTON SICARD);INSTALLUX;1502/25;Non;25;;;;;;;
Accessoire;Brosse;BROSSE 14 MM;ARCELOR (BERTON SICARD);INSTALLUX;1504;Non;100;;;;;;;
Accessoire;Brosse;BROSSE 14 MM;ARCELOR (BERTON SICARD);INSTALLUX;1504/25;Non;25;;;;;;;
Accessoire;Brosse;BROSSE 16;ARCELOR (BERTON SICARD);INSTALLUX;5705/16;Non;25;;;;;;;
Accessoire;Brosse;BROSSE 13X1250;ARCELOR (BERTON SICARD);INSTALLUX;5709;Non;1;;;;;;;
Accessoire;Brosse;JOINT BROSSE VRX3,5;ARCELOR (BERTON SICARD);INSTALLUX;7158;Non;1;;;;;;;
Accessoire;Brosse;BROSSE LAME CENTR.7.5;ARCELOR (BERTON SICARD);INSTALLUX;9518;Non;100;;;;;;;
Accessoire;Brosse;BROSSE LAME 7MM;ARCELOR (BERTON SICARD);INSTALLUX;9521;Non;100;;;;;;;
Accessoire;Brosse;BROSSE LAME 7MM;ARCELOR (BERTON SICARD);INSTALLUX;9521/25;Non;25;;;;;;;
Accessoire;Brosse;BROSSE LAME 9,5MM;ARCELOR (BERTON SICARD);INSTALLUX;9522;Non;100;;;;;;;
Accessoire;Brosse;BROSSE LAME 9,5MM;ARCELOR (BERTON SICARD);INSTALLUX;9522/25;Non;25;;;;;;;
Accessoire;Brosse;BROSSE LAME 7MM;ARCELOR (BERTON SICARD);INSTALLUX;9553;Non;100;;;;;;;
Accessoire;Brosse;BROSSE ETANCH DORMANT;ARCELOR (BERTON SICARD);INSTALLUX;960212;Non;1;;;;;;;
Accessoire;Cale;CALE MONORAIL;ARCELOR (BERTON SICARD);INSTALLUX;960221;Non;2;;;;;;;
Accessoire;Cale;CALE ASSISE SPLE;ARCELOR (BERTON SICARD);INSTALLUX;50;Non;50;;;;;;;
Accessoire;Cale;CALE /PLEIN CINTRE;ARCELOR (BERTON SICARD);INSTALLUX;614;Non;1;;;;;;;
Accessoire;Cale;CALE DE VITRAGE;ARCELOR (BERTON SICARD);INSTALLUX;8392;Non;20;;;;;;;
Accessoire;Cale;CALE DE VITRAGE 4X22X80;ARCELOR (BERTON SICARD);INSTALLUX;8676;Non;100;;;;;;;
Accessoire;Cale;CALE DE VITRAGE 4X30X80;ARCELOR (BERTON SICARD);INSTALLUX;8677;Non;100;;;;;;;
Accessoire;Cale;CALE ANTIDEGONDAGE NOIRE;ARCELOR (BERTON SICARD);INSTALLUX;9772;Non;2;;;;;;;
Accessoire;Cale;KIT CALE SCIAGE CAP 7132;ARCELOR (BERTON SICARD);INSTALLUX;40107;Non;1;;;;;;;
Accessoire;Cale;KIT CALES SCIAGE/7607TH;ARCELOR (BERTON SICARD);INSTALLUX;40128;Non;1;;;;;;;
Accessoire;Cale;CALE VITRAGE BOIS 2MM;ARCELOR (BERTON SICARD);INSTALLUX;40140;Non;100;;;;;;;
Accessoire;Cale;CALE VITRAGE BOIS 3MM;ARCELOR (BERTON SICARD);INSTALLUX;40141;Non;100;;;;;;;
Accessoire;Cale;CALE VITRAGE BOIS 5MM;ARCELOR (BERTON SICARD);INSTALLUX;40142;Non;100;;;;;;;
Accessoire;Cale;KIT CALE SCIAGE 26MM;ARCELOR (BERTON SICARD);INSTALLUX;472000;Non;1;;;;;;;
Accessoire;Cale;KIT CALE SCIAGE 29MM;ARCELOR (BERTON SICARD);INSTALLUX;472001;Non;1;;;;;;;
Accessoire;Cale;KIT CALE SCIAGE 32MM;ARCELOR (BERTON SICARD);INSTALLUX;472002;Non;1;;;;;;;
Accessoire;Cale;CALE PATTE RENO.DEP.T;ARCELOR (BERTON SICARD);INSTALLUX;664033;Non;50;;;;;;;
Accessoire;Cale;CALE POSITIONNEMENT;ARCELOR (BERTON SICARD);INSTALLUX;760002;Non;10;;;;;;;
Accessoire;Cale;CALE DE MAINTIEN;ARCELOR (BERTON SICARD);INSTALLUX;760037;Non;4;;;;;;;
Accessoire;Cale;CALE A VITRER;ARCELOR (BERTON SICARD);INSTALLUX;970007;Non;1;;;;;;;
Accessoire;Cale;CALE ASSISE SPLE;ARCELOR (BERTON SICARD);INSTALLUX;50;Non;50;;;;;;;
Accessoire;Capot;*CAPOT DECALE P.THERMOT.;ARCELOR (BERTON SICARD);INSTALLUX;7214;Non;6,5;;;;;;;
Accessoire;Cale;CALE ANTIDEGONDAGE NOIRE;ARCELOR (BERTON SICARD);INSTALLUX;9772;Non;2;;;;;;;
Accessoire;Cale;CALE FOURCHETTE 2;ARCELOR (BERTON SICARD);INSTALLUX;40090;Non;100;;;;;;;
Accessoire;Cale;CALE FOURCHETTE 3;ARCELOR (BERTON SICARD);INSTALLUX;40091;Non;100;;;;;;;
Accessoire;Cale;*SUPPORT CALE OUVRANT;ARCELOR (BERTON SICARD);INSTALLUX;460051;Non;60;;;;;;;
Accessoire;Cale;*SUPPORT CALE TRAV.INT;ARCELOR (BERTON SICARD);INSTALLUX;460053;Non;60;;;;;;;
Accessoire;Cale;SUPPORT CALE VITR.23-28;ARCELOR (BERTON SICARD);INSTALLUX;463098;Non;50;;;;;;;
Accessoire;Cale;KIT CALE SCIAGE 26MM;ARCELOR (BERTON SICARD);INSTALLUX;472000;Non;1;;;;;;;
Accessoire;Cale;KIT CALE SCIAGE 29MM;ARCELOR (BERTON SICARD);INSTALLUX;472001;Non;1;;;;;;;
Accessoire;Cale;KIT CALE SCIAGE 32MM;ARCELOR (BERTON SICARD);INSTALLUX;472002;Non;1;;;;;;;
Accessoire;Clameau;CLAMEAU CAGE 24X20;ARCELOR (BERTON SICARD);INSTALLUX;6686;Non;100;;;;;;;
Accessoire;Clameau;CLAMEAU CAGE 21X15.;ARCELOR (BERTON SICARD);INSTALLUX;6688;Non;10;;;;;;;
Accessoire;Clameau;CLAMEAU CAGE 31X26;ARCELOR (BERTON SICARD);INSTALLUX;6689;Non;100;;;;;;;
Accessoire;Clameau;CLAMEAU / CAGE 10X14;ARCELOR (BERTON SICARD);INSTALLUX;664006;Non;100;;;;;;;
Accessoire;CLIP;CLIP PARCLOSE A PIED;ARCELOR (BERTON SICARD);INSTALLUX;CL140;Non;100;;;;;;;
Accessoire;CLIP;CLIP INOX PARCLOSE TALON;ARCELOR (BERTON SICARD);INSTALLUX;600;Non;50;;;;;;;
Accessoire;CLIP;CLIP PARCLOSE A PIED;ARCELOR (BERTON SICARD);INSTALLUX;CL140;Non;100;;;;;;;
Accessoire;equerre;EQUERRE 12,7 X 41,8;ARCELOR (BERTON SICARD);INSTALLUX;A50071;Non;8;;;;;;;
Accessoire;equerre;EQUERRE 45,6 X 41,8;ARCELOR (BERTON SICARD);INSTALLUX;A50072;Non;4;;;;;;;
Accessoire;equerre;EQUERRE 45.6X41.8 PERCEE;ARCELOR (BERTON SICARD);INSTALLUX;A50073;Non;4;;;;;;;
Accessoire;equerre;EQUERRE 12,7 X 41,8;ARCELOR (BERTON SICARD);INSTALLUX;A50081;Non;4;;;;;;;
Accessoire;equerre;EQUERRE REGL. 12,7X41,8;ARCELOR (BERTON SICARD);INSTALLUX;A50083;Non;2;;;;;;;
Accessoire;equerre;EQUERRE 12,7 X 27,1;ARCELOR (BERTON SICARD);INSTALLUX;A50091;Non;4;;;;;;;
Accessoire;equerre;EQUERRE REGL. 12,7X27,1;ARCELOR (BERTON SICARD);INSTALLUX;A50093;Non;2;;;;;;;
Accessoire;equerre;EQUERRE 15,4X12,7;ARCELOR (BERTON SICARD);INSTALLUX;A50108;Non;8;;;;;;;
Accessoire;equerre;EQUERRE REGLAB.15,4X12,7;ARCELOR (BERTON SICARD);INSTALLUX;A50110;Non;2;;;;;;;
Accessoire;equerre;EQUERRE DE RENFORT;ARCELOR (BERTON SICARD);INSTALLUX;A6037;Non;200;;;;;;;
Accessoire;equerre;EQUERRE 1/4 DE TOUR;ARCELOR (BERTON SICARD);INSTALLUX;A6042;Non;10;;;;;;;
Accessoire;equerre;GAB. EQUERRE;ARCELOR (BERTON SICARD);INSTALLUX;F5003;Non;1;;;;;;;
Accessoire;equerre;EQUERRE DE LISSE;ARCELOR (BERTON SICARD);INSTALLUX;351;Non;2;;;;;;;
Accessoire;equerre;KIT TIRANT ET EQUERRES;ARCELOR (BERTON SICARD);INSTALLUX;515;Non;1;;;;;;;
Accessoire;equerre;EQUERRE DE CLOTURE;ARCELOR (BERTON SICARD);INSTALLUX;617;Non;2;;;;;;;
Accessoire;equerre;EQUERRE 19X35,8;ARCELOR (BERTON SICARD);INSTALLUX;1199;Non;8;;;;;;;
Accessoire;equerre;EQUERRE PORTE 140;ARCELOR (BERTON SICARD);INSTALLUX;1201;Non;4;;;;;;;
Accessoire;equerre;EQUERRE REGLAB. 19X36;ARCELOR (BERTON SICARD);INSTALLUX;1202;Non;2;;;;;;;
Accessoire;equerre;EQUERRE PORTE /182-183;ARCELOR (BERTON SICARD);INSTALLUX;1218;Non;4;;;;;;;
Accessoire;equerre;EQUERRE ACIER PM;ARCELOR (BERTON SICARD);INSTALLUX;1285;Non;20;;;;;;;
Accessoire;equerre;EQUERRE ACIER GM;ARCELOR (BERTON SICARD);INSTALLUX;1286;Non;20;;;;;;;
Accessoire;equerre;EQUERRE ALUMINIUM PM;ARCELOR (BERTON SICARD);INSTALLUX;1288;Non;20;;;;;;;
Accessoire;equerre;EQUERRE REGLAB. S/140;ARCELOR (BERTON SICARD);INSTALLUX;1290;Non;10;;;;;;;
Accessoire;equerre;EQUERRE REGLAB. ECO/140;ARCELOR (BERTON SICARD);INSTALLUX;1291;Non;2;;;;;;;
Accessoire;equerre;EQUERRE REGLAB. EXT.;ARCELOR (BERTON SICARD);INSTALLUX;1293;Non;2;;;;;;;
Accessoire;equerre;EQUERRE /5191/92;ARCELOR (BERTON SICARD);INSTALLUX;5203;Non;10;;;;;;;
Accessoire;equerre;EQUERRE /5193/94/95;ARCELOR (BERTON SICARD);INSTALLUX;5204;Non;10;;;;;;;
Accessoire;equerre;EQUERRE EXT POUR CADRES;ARCELOR (BERTON SICARD);INSTALLUX;5206;Non;8;;;;;;;
Accessoire;equerre;EQUERRE CAGE 10,5X46,8;ARCELOR (BERTON SICARD);INSTALLUX;5211;Non;8;;;;;;;
Accessoire;equerre;EQUERRE 13.3X33;ARCELOR (BERTON SICARD);INSTALLUX;5225;Non;8;;;;;;;
Accessoire;equerre;EQUERRE 13.3X26;ARCELOR (BERTON SICARD);INSTALLUX;5226;Non;8;;;;;;;
Accessoire;equerre;EQUERRE 27,1X26;ARCELOR (BERTON SICARD);INSTALLUX;5228;Non;8;;;;;;;
Accessoire;equerre;(*)EQUERRE 13.2X12.7;ARCELOR (BERTON SICARD);INSTALLUX;5230;Non;8;;;;;;;
Accessoire;equerre;EQUERRE DE MAINTIEN DA;ARCELOR (BERTON SICARD);INSTALLUX;5231;Non;4;;;;;;;
Accessoire;equerre;EQUERRE REGLAB.13.3X25.8;ARCELOR (BERTON SICARD);INSTALLUX;5266;Non;2;;;;;;;
Accessoire;equerre;EQUERRE REGLAB.27.1X25.8;ARCELOR (BERTON SICARD);INSTALLUX;5267;Non;2;;;;;;;
Accessoire;equerre;EQUERRE REGLAB.27.1X22.2;ARCELOR (BERTON SICARD);INSTALLUX;5268;Non;2;;;;;;;
Accessoire;equerre;(*EQUERRE REGL.13.3X22.2;ARCELOR (BERTON SICARD);INSTALLUX;5269;Non;2;;;;;;;
Accessoire;equerre;(*)EQUERRE 13.3X6.1;ARCELOR (BERTON SICARD);INSTALLUX;5270;Non;8;;;;;;;
Accessoire;equerre;EQUERRE 27,1X22,2;ARCELOR (BERTON SICARD);INSTALLUX;5271;Non;8;;;;;;;
Accessoire;equerre;EQUERRE 27,1X6,1;ARCELOR (BERTON SICARD);INSTALLUX;5272;Non;8;;;;;;;
Accessoire;equerre;EQUERRE 41,8X25,5;ARCELOR (BERTON SICARD);INSTALLUX;5273;Non;8;;;;;;;
Accessoire;equerre;EQUERRE 7X6,1;ARCELOR (BERTON SICARD);INSTALLUX;5274;Non;8;;;;;;;
Accessoire;equerre;EQUERRE 19X6,1;ARCELOR (BERTON SICARD);INSTALLUX;5275;Non;8;;;;;;;
Accessoire;equerre;EQUERRE 19X22,2;ARCELOR (BERTON SICARD);INSTALLUX;5276;Non;8;;;;;;;
Accessoire;equerre;EQUERRE VIS. 10,5X35;ARCELOR (BERTON SICARD);INSTALLUX;5277;Non;8;;;;;;;
Accessoire;equerre;EQUERRE 27.1X33;ARCELOR (BERTON SICARD);INSTALLUX;5278;Non;8;;;;;;;
Accessoire;equerre;EQUERRE 41.8X33;ARCELOR (BERTON SICARD);INSTALLUX;5279;Non;8;;;;;;;
Accessoire;equerre;EQUERRE DE MAINTIEN;ARCELOR (BERTON SICARD);INSTALLUX;5282;Non;100;;;;;;;
Accessoire;equerre;EQUERRE 15X22.2;ARCELOR (BERTON SICARD);INSTALLUX;5286;Non;8;;;;;;;
Accessoire;equerre;EQUERRE 15X45.5;ARCELOR (BERTON SICARD);INSTALLUX;5287;Non;8;;;;;;;
Accessoire;equerre;EQUERRE 41,6X22,2;ARCELOR (BERTON SICARD);INSTALLUX;5288;Non;8;;;;;;;
Accessoire;equerre;EQUERRE 10,3X34,8;ARCELOR (BERTON SICARD);INSTALLUX;5289;Non;8;;;;;;;
Accessoire;equerre;(*EQUERRE REGL 13.3X12.5;ARCELOR (BERTON SICARD);INSTALLUX;5306;Non;2;;;;;;;
Accessoire;equerre;EQUERRE 15,4X45,6;ARCELOR (BERTON SICARD);INSTALLUX;5309;Non;8;;;;;;;
Accessoire;equerre;(*EQUERRE REGL.13,3X45,6;ARCELOR (BERTON SICARD);INSTALLUX;5314;Non;2;;;;;;;
Accessoire;equerre;EQUERRE REGLAB.27,1X45,6;ARCELOR (BERTON SICARD);INSTALLUX;5315;Non;2;;;;;;;
Accessoire;equerre;EQUERRE 41,8X6,1;ARCELOR (BERTON SICARD);INSTALLUX;5317;Non;4;;;;;;;
Accessoire;equerre;EQUERRE 19X42,5;ARCELOR (BERTON SICARD);INSTALLUX;5318;Non;8;;;;;;;
Accessoire;equerre;EQUERRE 27,1X45,6;ARCELOR (BERTON SICARD);INSTALLUX;5319;Non;8;;;;;;;
Accessoire;equerre;EQUERRE VIS. 27,1X45,6;ARCELOR (BERTON SICARD);INSTALLUX;5331;Non;4;;;;;;;
Accessoire;equerre;EQUERRE REGLAB.15,4X45,5;ARCELOR (BERTON SICARD);INSTALLUX;5338;Non;2;;;;;;;
Accessoire;equerre;EQUERRE 135° 27,4X45;ARCELOR (BERTON SICARD);INSTALLUX;7111;Non;1;;;;;;;
Accessoire;equerre;EQUERRE 150° 27,4X45;ARCELOR (BERTON SICARD);INSTALLUX;7112;Non;1;;;;;;;
Accessoire;equerre;EQUERRE 180° 27,4X45;ARCELOR (BERTON SICARD);INSTALLUX;7113;Non;1;;;;;;;
Accessoire;equerre;EQUERRE D’ARETIER;ARCELOR (BERTON SICARD);INSTALLUX;7768;Non;4;;;;;;;
Accessoire;equerre;EQUERRE A V CAGE 27,1X49;ARCELOR (BERTON SICARD);INSTALLUX;8673;Non;8;;;;;;;
Accessoire;equerre;EQUERRE 37,3 X 10,5MM;ARCELOR (BERTON SICARD);INSTALLUX;8850;Non;40;;;;;;;
Accessoire;equerre;EQUERRE 13.3X11.5;ARCELOR (BERTON SICARD);INSTALLUX;8902;Non;8;;;;;;;
Accessoire;equerre;EQUERRE 12X41.1;ARCELOR (BERTON SICARD);INSTALLUX;8903;Non;24;;;;;;;
Accessoire;equerre;EQUERRE 13.3X54.5;ARCELOR (BERTON SICARD);INSTALLUX;8924;Non;12;;;;;;;
Accessoire;equerre;EQUERRE 13.3X24.4;ARCELOR (BERTON SICARD);INSTALLUX;8926;Non;12;;;;;;;
Accessoire;equerre;EQUERRE 10.5X37.3;ARCELOR (BERTON SICARD);INSTALLUX;8936;Non;24;;;;;;;
Accessoire;equerre;EQUERRE 19X13,5;ARCELOR (BERTON SICARD);INSTALLUX;8937;Non;4;;;;;;;
Accessoire;equerre;EQUERRE SERTIR 10.5X15.3;ARCELOR (BERTON SICARD);INSTALLUX;8959;Non;8;;;;;;;
Accessoire;equerre;(*)EQUERRE 13.3X45.5;ARCELOR (BERTON SICARD);INSTALLUX;9400;Non;8;;;;;;;
Accessoire;equerre;(*)EQUERRE 13,3X22,2;ARCELOR (BERTON SICARD);INSTALLUX;9401;Non;8;;;;;;;
Accessoire;equerre;EQUERRE 13,3X29,2;ARCELOR (BERTON SICARD);INSTALLUX;9402;Non;8;;;;;;;
Accessoire;equerre;EQUERRE 13,3X73,7;ARCELOR (BERTON SICARD);INSTALLUX;9403;Non;8;;;;;;;
Accessoire;equerre;EQUERRE 13,3X39,7;ARCELOR (BERTON SICARD);INSTALLUX;9409;Non;8;;;;;;;
Accessoire;equerre;EQUERRE 15X30,8;ARCELOR (BERTON SICARD);INSTALLUX;9411;Non;8;;;;;;;
Accessoire;equerre;EQUERRE 15X15;ARCELOR (BERTON SICARD);INSTALLUX;9412;Non;8;;;;;;;
Accessoire;equerre;GAB. EQUERRE /9401;ARCELOR (BERTON SICARD);INSTALLUX;55063;Non;1;;;;;;;
Accessoire;equerre;GAB. EQUERRE;ARCELOR (BERTON SICARD);INSTALLUX;55079;Non;1;;;;;;;
Accessoire;equerre;GAB. EQUERRE;ARCELOR (BERTON SICARD);INSTALLUX;55080;Non;1;;;;;;;
Accessoire;equerre;EQUERRE D’ALIGNEMENT;ARCELOR (BERTON SICARD);INSTALLUX;460000;Non;100;;;;;;;
Accessoire;equerre;EQUERRE /15,4X8;ARCELOR (BERTON SICARD);INSTALLUX;460003;Non;8;;;;;;;
Accessoire;equerre;EQUERRE /15,4X20,2;ARCELOR (BERTON SICARD);INSTALLUX;460004;Non;4;;;;;;;
Accessoire;equerre;EQUERRE /15X29,2;ARCELOR (BERTON SICARD);INSTALLUX;460005;Non;8;;;;;;;
Accessoire;equerre;EQUERRE /41,8X8,8;ARCELOR (BERTON SICARD);INSTALLUX;460006;Non;8;;;;;;;
Accessoire;equerre;EQUERRE /41,8X29,2;ARCELOR (BERTON SICARD);INSTALLUX;460007;Non;8;;;;;;;
Accessoire;equerre;EQUERRE REGL. 19,6X41,8;ARCELOR (BERTON SICARD);INSTALLUX;460013;Non;2;;;;;;;
Accessoire;equerre;EQUERRE REGL. 20,2X27,1;ARCELOR (BERTON SICARD);INSTALLUX;460014;Non;2;;;;;;;
Accessoire;equerre;EQUERRE REGL. 15,4X29,2;ARCELOR (BERTON SICARD);INSTALLUX;460016;Non;2;;;;;;;
Accessoire;equerre;EQUERRE REGL. 15,4X8;ARCELOR (BERTON SICARD);INSTALLUX;460017;Non;2;;;;;;;
Accessoire;equerre;EQUERRE REGL. 15,4X20,2;ARCELOR (BERTON SICARD);INSTALLUX;460018;Non;2;;;;;;;
Accessoire;equerre;EQUERRE USINEE OUVR. ITA;ARCELOR (BERTON SICARD);INSTALLUX;460030;Non;2;;;;;;;
Accessoire;equerre;EQUERRE /27,1X8;ARCELOR (BERTON SICARD);INSTALLUX;460033;Non;4;;;;;;;
Accessoire;equerre;EQUERRE /27,1X20,2;ARCELOR (BERTON SICARD);INSTALLUX;460034;Non;4;;;;;;;
Accessoire;equerre;EQUERRE 10,5X8,5MM;ARCELOR (BERTON SICARD);INSTALLUX;460056;Non;4;;;;;;;
Accessoire;equerre;EQUERRE 10,3X33,1MM;ARCELOR (BERTON SICARD);INSTALLUX;460057;Non;4;;;;;;;
Accessoire;equerre;EQUERRE 10,3X8MM;ARCELOR (BERTON SICARD);INSTALLUX;460058;Non;4;;;;;;;
Accessoire;equerre;EQUERRE REGL.41.8X8;ARCELOR (BERTON SICARD);INSTALLUX;460064;Non;2;;;;;;;
Accessoire;equerre;EQUERRE REGL.41.8X29.2;ARCELOR (BERTON SICARD);INSTALLUX;460065;Non;2;;;;;;;
Accessoire;equerre;EQUERRE ALIGNEMENT;ARCELOR (BERTON SICARD);INSTALLUX;461008;Non;100;;;;;;;
Accessoire;equerre;EQUERRE 18,8X29,8MM;ARCELOR (BERTON SICARD);INSTALLUX;463015;Non;4;;;;;;;
Accessoire;equerre;EQUERRE 10,3X20MM;ARCELOR (BERTON SICARD);INSTALLUX;463016;Non;4;;;;;;;
Accessoire;equerre;EQUERRE 41,8X20,2 MOULEE;ARCELOR (BERTON SICARD);INSTALLUX;560000;Non;4;;;;;;;
Accessoire;equerre;EQUERRE OUV.41,8X19,6;ARCELOR (BERTON SICARD);INSTALLUX;560023;Non;4;;;;;;;
Accessoire;equerre;EQUERRE OUVR.FERME-P.ENC;ARCELOR (BERTON SICARD);INSTALLUX;560028;Non;1;;;;;;;
Accessoire;equerre;GABARIT PERCAGE EQUERRE;ARCELOR (BERTON SICARD);INSTALLUX;570010;Non;1;;;;;;;
Accessoire;equerre;EQUERRE DE FIXATION GO;ARCELOR (BERTON SICARD);INSTALLUX;620007;Non;6,5;;;;;;;
Accessoire;equerre;EQUERRE POUTRE PERGOLA;ARCELOR (BERTON SICARD);INSTALLUX;760029;Non;8;;;;;;;
Accessoire;equerre;EQUERRE POUTRE 180;ARCELOR (BERTON SICARD);INSTALLUX;760031;Non;2;;;;;;;
Accessoire;equerre;EQUERRE MAINTIEANGLE;ARCELOR (BERTON SICARD);INSTALLUX;760043;Non;4;;;;;;;
Accessoire;equerre;EQUERRE 19X24,8;ARCELOR (BERTON SICARD);INSTALLUX;960200;Non;4;;;;;;;
Accessoire;equerre;EQUERRE 19X16,4;ARCELOR (BERTON SICARD);INSTALLUX;960201;Non;8;;;;;;;
Accessoire;equerre;EQUERRE 24,8X19;ARCELOR (BERTON SICARD);INSTALLUX;960202;Non;4;;;;;;;
Accessoire;equerre;EQUERRE 12,7 X 27,1;ARCELOR (BERTON SICARD);INSTALLUX;A50091;Non;4;;;;;;;
Accessoire;equerre;EQUERRE DE LISSE;ARCELOR (BERTON SICARD);INSTALLUX;351;Non;2;;;;;;;
Accessoire;equerre;EQUERRE 19X35,8;ARCELOR (BERTON SICARD);INSTALLUX;1199;Non;8;;;;;;;
Accessoire;equerre;EQUERRE PORTE 140;ARCELOR (BERTON SICARD);INSTALLUX;1201;Non;4;;;;;;;
Accessoire;equerre;EQUERRE REGLAB. 19X36;ARCELOR (BERTON SICARD);INSTALLUX;1202;Non;2;;;;;;;
Accessoire;equerre;EQUERRE PORTE /182-183;ARCELOR (BERTON SICARD);INSTALLUX;1218;Non;4;;;;;;;
Accessoire;equerre;EQUERRE ACIER PM;ARCELOR (BERTON SICARD);INSTALLUX;1285;Non;20;;;;;;;
Accessoire;equerre;EQUERRE ACIER GM;ARCELOR (BERTON SICARD);INSTALLUX;1286;Non;20;;;;;;;
Accessoire;equerre;EQUERRE ALUMINIUM PM;ARCELOR (BERTON SICARD);INSTALLUX;1288;Non;20;;;;;;;
Accessoire;equerre;EQUERRE REGLAB. S/140;ARCELOR (BERTON SICARD);INSTALLUX;1290;Non;10;;;;;;;
Accessoire;equerre;EQUERRE REGLAB. ECO/140;ARCELOR (BERTON SICARD);INSTALLUX;1291;Non;2;;;;;;;
Accessoire;equerre;EQUERRE REGLAB. EXT.;ARCELOR (BERTON SICARD);INSTALLUX;1293;Non;2;;;;;;;
Accessoire;equerre;EQUERRE /5191/92;ARCELOR (BERTON SICARD);INSTALLUX;5203;Non;10;;;;;;;
Accessoire;equerre;EQUERRE /5193/94/95;ARCELOR (BERTON SICARD);INSTALLUX;5204;Non;10;;;;;;;
Accessoire;equerre;EQUERRE 13.3X33;ARCELOR (BERTON SICARD);INSTALLUX;5225;Non;8;;;;;;;
Accessoire;equerre;EQUERRE 13.3X26;ARCELOR (BERTON SICARD);INSTALLUX;5226;Non;8;;;;;;;
Accessoire;equerre;EQUERRE 27,1X26;ARCELOR (BERTON SICARD);INSTALLUX;5228;Non;8;;;;;;;
Accessoire;equerre;(*)EQUERRE 13.2X12.7;ARCELOR (BERTON SICARD);INSTALLUX;5230;Non;8;;;;;;;
Accessoire;equerre;EQUERRE DE MAINTIEN DA;ARCELOR (BERTON SICARD);INSTALLUX;5231;Non;4;;;;;;;
Accessoire;equerre;EQUERRE REGLAB.13.3X25.8;ARCELOR (BERTON SICARD);INSTALLUX;5266;Non;2;;;;;;;
Accessoire;equerre;EQUERRE REGLAB.27.1X25.8;ARCELOR (BERTON SICARD);INSTALLUX;5267;Non;2;;;;;;;
Accessoire;equerre;EQUERRE REGLAB.27.1X22.2;ARCELOR (BERTON SICARD);INSTALLUX;5268;Non;2;;;;;;;
Accessoire;equerre;(*EQUERRE REGL.13.3X22.2;ARCELOR (BERTON SICARD);INSTALLUX;5269;Non;2;;;;;;;
Accessoire;equerre;(*)EQUERRE 13.3X6.1;ARCELOR (BERTON SICARD);INSTALLUX;5270;Non;8;;;;;;;
Accessoire;equerre;EQUERRE 27,1X22,2;ARCELOR (BERTON SICARD);INSTALLUX;5271;Non;8;;;;;;;
Accessoire;equerre;EQUERRE 27,1X6,1;ARCELOR (BERTON SICARD);INSTALLUX;5272;Non;8;;;;;;;
Accessoire;equerre;EQUERRE 41,8X25,5;ARCELOR (BERTON SICARD);INSTALLUX;5273;Non;8;;;;;;;
Accessoire;equerre;EQUERRE 7X6,1;ARCELOR (BERTON SICARD);INSTALLUX;5274;Non;8;;;;;;;
Accessoire;equerre;EQUERRE 19X6,1;ARCELOR (BERTON SICARD);INSTALLUX;5275;Non;8;;;;;;;
Accessoire;equerre;EQUERRE 19X22,2;ARCELOR (BERTON SICARD);INSTALLUX;5276;Non;8;;;;;;;
Accessoire;equerre;EQUERRE VIS. 10,5X35;ARCELOR (BERTON SICARD);INSTALLUX;5277;Non;8;;;;;;;
Accessoire;equerre;EQUERRE 27.1X33;ARCELOR (BERTON SICARD);INSTALLUX;5278;Non;8;;;;;;;
Accessoire;equerre;EQUERRE 41.8X33;ARCELOR (BERTON SICARD);INSTALLUX;5279;Non;8;;;;;;;
Accessoire;equerre;EQUERRE DE MAINTIEN;ARCELOR (BERTON SICARD);INSTALLUX;5282;Non;100;;;;;;;
Accessoire;equerre;EQUERRE 15X22.2;ARCELOR (BERTON SICARD);INSTALLUX;5286;Non;8;;;;;;;
Accessoire;equerre;EQUERRE 15X45.5;ARCELOR (BERTON SICARD);INSTALLUX;5287;Non;8;;;;;;;
Accessoire;equerre;EQUERRE 41,6X22,2;ARCELOR (BERTON SICARD);INSTALLUX;5288;Non;8;;;;;;;
Accessoire;equerre;EQUERRE 10,3X34,8;ARCELOR (BERTON SICARD);INSTALLUX;5289;Non;8;;;;;;;
Accessoire;equerre;(*EQUERRE REGL.13,3X45,6;ARCELOR (BERTON SICARD);INSTALLUX;5314;Non;2;;;;;;;
Accessoire;equerre;EQUERRE REGLAB.27,1X45,6;ARCELOR (BERTON SICARD);INSTALLUX;5315;Non;2;;;;;;;
Accessoire;equerre;EQUERRE 19X42,5;ARCELOR (BERTON SICARD);INSTALLUX;5318;Non;8;;;;;;;
Accessoire;equerre;EQUERRE 27,1X45,6;ARCELOR (BERTON SICARD);INSTALLUX;5319;Non;8;;;;;;;
Accessoire;equerre;EQUERRE VIS. 27,1X45,6;ARCELOR (BERTON SICARD);INSTALLUX;5331;Non;4;;;;;;;
Accessoire;equerre;EQUERRE 135° 27,4X45;ARCELOR (BERTON SICARD);INSTALLUX;7111;Non;1;;;;;;;
Accessoire;equerre;EQUERRE 150° 27,4X45;ARCELOR (BERTON SICARD);INSTALLUX;7112;Non;1;;;;;;;
Accessoire;equerre;EQUERRE 180° 27,4X45;ARCELOR (BERTON SICARD);INSTALLUX;7113;Non;1;;;;;;;
Accessoire;equerre;EQUERRE A V CAGE 27,1X49;ARCELOR (BERTON SICARD);INSTALLUX;8673;Non;8;;;;;;;
Accessoire;equerre;EQUERRE 37,3 X 10,5MM;ARCELOR (BERTON SICARD);INSTALLUX;8850;Non;40;;;;;;;
Accessoire;equerre;EQUERRE 13.3X11.5;ARCELOR (BERTON SICARD);INSTALLUX;8902;Non;8;;;;;;;
Accessoire;equerre;EQUERRE 13.3X54.5;ARCELOR (BERTON SICARD);INSTALLUX;8924;Non;12;;;;;;;
Accessoire;equerre;EQUERRE 13.3X24.4;ARCELOR (BERTON SICARD);INSTALLUX;8926;Non;12;;;;;;;
Accessoire;equerre;EQUERRE 10.5X37.3;ARCELOR (BERTON SICARD);INSTALLUX;8936;Non;24;;;;;;;
Accessoire;equerre;EQUERRE 19X13,5;ARCELOR (BERTON SICARD);INSTALLUX;8937;Non;4;;;;;;;
Accessoire;equerre;EQUERRE SERTIR 10.5X15.3;ARCELOR (BERTON SICARD);INSTALLUX;8959;Non;8;;;;;;;
Accessoire;equerre;(*)EQUERRE 13.3X45.5;ARCELOR (BERTON SICARD);INSTALLUX;9400;Non;8;;;;;;;
Accessoire;equerre;(*)EQUERRE 13,3X22,2;ARCELOR (BERTON SICARD);INSTALLUX;9401;Non;8;;;;;;;
Accessoire;equerre;EQUERRE 13,3X29,2;ARCELOR (BERTON SICARD);INSTALLUX;9402;Non;8;;;;;;;
Accessoire;equerre;EQUERRE 13,3X73,7;ARCELOR (BERTON SICARD);INSTALLUX;9403;Non;8;;;;;;;
Accessoire;equerre;EQUERRE 13,3X39,7;ARCELOR (BERTON SICARD);INSTALLUX;9409;Non;8;;;;;;;
Accessoire;equerre;GAB. EQUERRE /9401;ARCELOR (BERTON SICARD);INSTALLUX;55063;Non;1;;;;;;;
Accessoire;equerre;GAB. EQUERRE;ARCELOR (BERTON SICARD);INSTALLUX;55079;Non;1;;;;;;;
Accessoire;equerre;GAB. EQUERRE;ARCELOR (BERTON SICARD);INSTALLUX;55080;Non;1;;;;;;;
Accessoire;equerre;EQUERRE D’ALIGNEMENT;ARCELOR (BERTON SICARD);INSTALLUX;460000;Non;100;;;;;;;
Accessoire;equerre;EQUERRE /15,4X8;ARCELOR (BERTON SICARD);INSTALLUX;460003;Non;8;;;;;;;
Accessoire;equerre;EQUERRE /15,4X20,2;ARCELOR (BERTON SICARD);INSTALLUX;460004;Non;4;;;;;;;
Accessoire;equerre;EQUERRE /15X29,2;ARCELOR (BERTON SICARD);INSTALLUX;460005;Non;8;;;;;;;
Accessoire;equerre;EQUERRE /41,8X8,8;ARCELOR (BERTON SICARD);INSTALLUX;460006;Non;8;;;;;;;
Accessoire;equerre;EQUERRE /41,8X29,2;ARCELOR (BERTON SICARD);INSTALLUX;460007;Non;8;;;;;;;
Accessoire;equerre;EQUERRE /27,1X8;ARCELOR (BERTON SICARD);INSTALLUX;460033;Non;4;;;;;;;
Accessoire;;EQUERRE /27,1X20,2;ARCELOR (BERTON SICARD);INSTALLUX;460034;Non;4;;;;;;;
JOUE;EMBOUT;EMBOUT CHENEAU 7606+7603;ARCELOR (BERTON SICARD);INSTALLUX;7734;Non;1;;;;;;;
GABARIT;;GABARIT PERCAGE PLINTHE;ARCELOR (BERTON SICARD);INSTALLUX;50186;Non;1;;;;;;;
GUIDE;;GUIDE CREMONE PLINTHE;ARCELOR (BERTON SICARD);INSTALLUX;550073;Non;1;;;;;;;
Profil Alu;Obturateur;Obturateur vitrage;ARCELOR (BERTON SICARD);INSTALLUX;7045;non;6,5;;;;;;;
Profil Alu;Poteau;Poteau;ARCELOR (BERTON SICARD);INSTALLUX;7190/4TH;non;4;;;;;;;
Profil Alu;PARCLOSE;PARCLOSE REMPL.28/32;ARCELOR (BERTON SICARD);INSTALLUX;7218;Non;6,5;1;barre; 13,19 ;15,28;barre;;
Profil Alu;REHAUSSE;REHAUSSE MOULUREE DC 104;ARCELOR (BERTON SICARD);INSTALLUX;7603;Non;6,5;1;barre;;68,01;barre;;
Profil Alu;Chevron;CHEVRON 106MM;ARCELOR (BERTON SICARD);INSTALLUX;#REF!;Non;#REF!;1;barre;;;barre;;
Profil Alu;Bavette;Bavette;ARCELOR (BERTON SICARD);Berton Sicard ( Arcelor mittal);7639;Non;6,5;;;;;;;
;Profil Alu;INTERCALAIRE PVC REMP32;ARCELOR (BERTON SICARD);INSTALLUX;#REF!;Non;#REF!;1;barre;;;barre;;
;Profil Alu;OBTURATEUR;ARCELOR (BERTON SICARD);INSTALLUX;#REF!;Non;#REF!;1;barre;;;barre;;
Profil Alu;Capot;CAPOT FAITIERE;ARCELOR (BERTON SICARD);INSTALLUX;7689;Non;6,5;1;barre;;25,34;barre;;
Profil Alu;Capot;CAPOT VISSE 39;ARCELOR (BERTON SICARD);INSTALLUX;#REF!;Non;#REF!;1;barre;;;barre;;
;Profil Alu;JOINT ASSISE 7;ARCELOR (BERTON SICARD);INSTALLUX;#REF!;Non;#REF!;1;barre;;;barre;;
;profil alu;Règle de macon;ARCELOR (BERTON SICARD);Berton Sicard ( Arcelor mittal);2144879;Non;6.5;1;UN;;94,18;UN;;
;Profil Alu;POTEAU D’ANGLE 76X116;ARCELOR (BERTON SICARD);INSTALLUX;7050/4TH;Non;4,8;1;barre;;131,69;Barre;;
Profil Alu;Capot;CAPOT 66;ARCELOR (BERTON SICARD);Berton Sicard ( Arcelor mittal);7053/4;Non;4,8;1;UN;;;UN;;
Profil Alu;Chevron;"Chevron ""T"" thermique (7305TH)";ARCELOR (BERTON SICARD);INSTALLUX;7305/4TH;Non;4,7;1;barre;;;barre;;
Profil Alu;Chevron;"Chevron ""T"" thermique (7305TH)";ARCELOR (BERTON SICARD);INSTALLUX;7305TH;Non;6,5;1;barre;;;barre;;
Profil Alu;Chevron;"Chevron ""T"" thermique (7308TH)";ARCELOR (BERTON SICARD);INSTALLUX;7308/4TH;Non;4,7;1;barre;;76,37;barre;;
Profil Alu;Chevron;"Chevron ""T"" thermique (7308TH)";ARCELOR (BERTON SICARD);INSTALLUX;7308TH;Non;6,5;1;barre;;105,62;barre;;
Profil Alu;Faitiere;FAITIERE RPT;ARCELOR (BERTON SICARD);INSTALLUX;7645TH;Non;6,5;1;barre;;85,40;barre;;
Profil Alu;Cheneau;SABLIERE CHENEAU;ARCELOR (BERTON SICARD);INSTALLUX;7760/4TH;Non;4,5;1;barre;;121,22;barre;;
Profil Alu;Cheneau;SABLIERE CHENEAU;ARCELOR (BERTON SICARD);INSTALLUX;7760TH;Non;6,5;1;barre;;175,09;barre;;
Profil Alu;Corniéres;CORNIERE 100X100X2;ARCELOR (BERTON SICARD);INSTALLUX;L1001002;Non;6,5;1;Barre;;47,64;Barre;;
;;Cornière alu 100 x 30 mm ep 1,8;ARCELOR (BERTON SICARD);Berton Sicard ( Arcelor mittal);L100X30;Non;6,5;1;UN;;40,60;UN;;
;;Cornière alu 100 x 50 mm ep 1,8;ARCELOR (BERTON SICARD);Berton Sicard ( Arcelor mittal);L100X50;Non;6,5;1;UN;;;UN;;
;;Cornière alu 50 x 30 mm ep 1,8;ARCELOR (BERTON SICARD);Berton Sicard ( Arcelor mittal);L40X20;Non;6,5;1;UN;;51,09;UN;;
;;Cornière alu 60 x 40 mm ep 1,8;ARCELOR (BERTON SICARD);Berton Sicard ( Arcelor mittal);L60X40;Non;6,5;1;UN;;23,66;UN;;
;;Cornière alu 60 x 30 mm ep 1,8;ARCELOR (BERTON SICARD);Berton Sicard ( Arcelor mittal);L60X30;non;6,5;1;UN;;;UN;;
;;Cornière alu 65 x 10 mm ep 2;ARCELOR (BERTON SICARD);Berton Sicard ( Arcelor mittal);L6510x2;non;6,5;1;UN;;;UN;;
Profil Alu;Tube;Tube 40 x 20 x 2;ARCELOR (BERTON SICARD);Berton Sicard ( Arcelor mittal);;Non;6,5;1;barre;;;barre;;
Profil Alu;Tube;Tube Alu 50 x 30 mm ep 1,8;ARCELOR (BERTON SICARD);Berton Sicard ( Arcelor mittal);T50X30;Non;6,5;1;UN;;35,95;UN;;
Profil Alu;Tube;Tube Alu 50 x 50 mm ep 1,8;ARCELOR (BERTON SICARD);Berton Sicard ( Arcelor mittal);T50X50;Non;6.5;1;UN;;;UN;;
Profil Alu;Corniéres;CORNIERE 50X30X2;ARCELOR (BERTON SICARD);Berton Sicard ( Arcelor mittal);L5030X2;Non;6,5;1;Barre;;;Barre;;
;;DORMANT 50MM FOND PLAT;ARCELOR (BERTON SICARD);Berton Sicard ( Arcelor mittal);5504Th;Non;6,5;1;un;;77,47;un;;
;;LIAISO110X31;ARCELOR (BERTON SICARD);Berton Sicard ( Arcelor mittal);7055TH;Non;;1;UN;;;;;
Profil Alu;Plat Alu;MEPLAT 80X2;ARCELOR (BERTON SICARD);Berton Sicard ( Arcelor mittal);PL80x2;Non;6,5;1;barre;;;barre;;
Profil Alu;Plat Alu;MEPLAT 30X2;ARCELOR (BERTON SICARD);Berton Sicard ( Arcelor mittal);PL30X2;Non;6,5;1;Barre;;;Barre;;
Profil Alu;Plat Alu;MEPLAT 60X2;ARCELOR (BERTON SICARD);Berton Sicard ( Arcelor mittal);PL60X2;Non;6,5;1;Barre;;;Barre;;
Profil Alu;Plat Alu;MEPLAT 40X2;ARCELOR (BERTON SICARD);INSTALLUX;PL40X2;Non;6,5;1;Barre;;;Barre;;
Profil Alu;Plat Alu;MEPLAT 20X2;ARCELOR (BERTON SICARD);INSTALLUX;PL20X2;Non;6,5;1;Barre;;;Barre;;
;;MENEAU 99mm ;ARCELOR (BERTON SICARD);Berton Sicard ( Arcelor mittal);5412th;Non;6,5;1;un;;106,39;un;;
;Cheneau;RENFORT SABLIERE BRUT;ARCELOR (BERTON SICARD);Berton Sicard ( Arcelor mittal);7026;n;6,5;1;barre;;;barre;;
Profil Alu;Faitiere;FAITIERE DECALEE 32/67;ARCELOR (BERTON SICARD);Berton Sicard ( Arcelor mittal);7652th;Non;6,5;1;UN; 134,42 ;118,50;UN;;sept-21
;;POTEAU D’ANGLE 76X116;ARCELOR (BERTON SICARD);INSTALLUX;7050TH;Non;6,5;1;barre;;;Barre;;
Profil Alu;Capot;CAPOT 9;ARCELOR (BERTON SICARD);INSTALLUX;7058/4;Non;4,8;1;barre;;;Barre;;
Profil Alu;Corniéres;CORNIERE 100X30X2;ARCELOR (BERTON SICARD);INSTALLUX;L100302;Non;6,5;1;Barre;;;Barre;;janv-22
Profil Alu;Corniéres;CORNIERE 100X20X2;ARCELOR (BERTON SICARD);INSTALLUX;L100202;Non;6,5;1;Barre;;;Barre;;janv-22
Profil Alu;Corniéres;CORNIERE 100X50X2;ARCELOR (BERTON SICARD);INSTALLUX;L100502;Non;6,5;1;Barre;;;Barre;;janv-22
Profil Alu;Corniéres;CORNIERE 10X10X2;ARCELOR (BERTON SICARD);INSTALLUX;L1010X2;Non;6,5;1;Barre;;;Barre;;
Profil Alu;Corniéres;CORNIERE 15X15X2;ARCELOR (BERTON SICARD);INSTALLUX;L1515X2;Non;6,5;1;Barre;;;Barre;;
Profil Alu;Corniéres;CORNIERE 20X15X2;ARCELOR (BERTON SICARD);INSTALLUX;L2015X2;Non;6,5;1;Barre;;;Barre;;
Profil Alu;Corniéres;CORNIERE 20X20X2;ARCELOR (BERTON SICARD);INSTALLUX;L2020X2;Non;6,5;1;Barre;;;Barre;;
Profil Alu;Corniéres;CORNIERE 25X10X2;ARCELOR (BERTON SICARD);INSTALLUX;L2510X2;Non;6,5;1;Barre;;;Barre;;
Profil Alu;Corniéres;CORNIERE 25X25X2;ARCELOR (BERTON SICARD);;L2525X2;Non;6,5;1;Barre;;;Barre;;
Profil Alu;Corniéres;CORNIERE 30X10X2;ARCELOR (BERTON SICARD);INSTALLUX;L3010X2;Non;6,5;1;Barre;;;Barre;;
Profil Alu;Corniéres;CORNIERE 30X15X2;ARCELOR (BERTON SICARD);INSTALLUX;L3015X2;Non;6,5;1;Barre;;;Barre;;
Profil Alu;Corniéres;CORNIERE 30X30X2;ARCELOR (BERTON SICARD);INSTALLUX;L3030X2;Non;6,5;1;Barre;;;Barre;;
Profil Alu;Corniéres;CORNIERE 35X20X2;ARCELOR (BERTON SICARD);INSTALLUX;L3520X2;Non;6,5;1;Barre;;;Barre;;
Profil Alu;Corniéres;CORNIERE 40X20X2;ARCELOR (BERTON SICARD);INSTALLUX;L4020X2;Non;6,5;1;Barre;;;Barre;;
Profil Alu;Corniéres;CORNIERE 40X40X2;ARCELOR (BERTON SICARD);INSTALLUX;L4040X2;Non;6,5;1;Barre;;;Barre;;
Profil Alu;Corniéres;CORNIERE 45X45X2;ARCELOR (BERTON SICARD);INSTALLUX;L4545X2;Non;6,5;1;Barre;;;Barre;;
Profil Alu;Corniéres;CORNIERE 50X20X2;ARCELOR (BERTON SICARD);INSTALLUX;L5020X2;Non;6,5;1;Barre;;;Barre;;
Profil Alu;Corniéres;CORNIERE 50X30X2;ARCELOR (BERTON SICARD);INSTALLUX;L5030X2;Non;6,5;1;Barre;;;Barre;;
Profil Alu;Corniéres;CORNIERE 50X50X2;ARCELOR (BERTON SICARD);INSTALLUX;L5050X2;Non;6,5;1;Barre;;;Barre;;
Profil Alu;Corniéres;CORNIERE 60X20X1,8;ARCELOR (BERTON SICARD);INSTALLUX;L602018;Non;6,5;1;Barre;;;Barre;;
Profil Alu;Corniéres;CORNIERE 60X30X2;ARCELOR (BERTON SICARD);INSTALLUX;L6030X2;Non;6,5;1;Barre;;;Barre;;
Profil Alu;Corniéres;CORNIERE 60X60X6;ARCELOR (BERTON SICARD);INSTALLUX;L6060X6;Non;6,5;1;Barre;;;Barre;;
Profil Alu;Corniéres;CORNIERE 80X20X2;ARCELOR (BERTON SICARD);INSTALLUX;L8020X2;Non;6,5;1;Barre;;;Barre;;
Profil Alu;Corniéres;CORNIERE 80X40X2;ARCELOR (BERTON SICARD);INSTALLUX;L8040X2;Non;6,5;1;Barre;;;Barre;;
Profil Alu;Corniéres;CORNIERE 80X60X2;ARCELOR (BERTON SICARD);INSTALLUX;L8060X2;Non;6,5;1;Barre;;;Barre;;
Profil Alu;Corniéres;CORNIERE 60X40X2;ARCELOR (BERTON SICARD);INSTALLUX;L6040X2;Non;6,5;1;Barre;;;Barre;;
profil alu;;POTEAU VARIABLE;ARCELOR (BERTON SICARD);INSTALLUX;7119TH;;6,5;1;Barre;;;;;
profil alu;;POTEAU VARIABLE;ARCELOR (BERTON SICARD);INSTALLUX;7120TH;;6,5;1;Barre;;;;;
profil alu;REHAUSSE;REHAUSSE Moderne;ARCELOR (BERTON SICARD);INSTALLUX;7605;Non;6,5;1;barre;;;barre;;
profil alu;Corniéres;CORNIERE 100X50X2;ARCELOR (BERTON SICARD);INSTALLUX;L100502;Non;6,5;1;Barre;;61,52;Barre;;janv-22
Profil Alu;Capot;CAPOT 66;ARCELOR (BERTON SICARD);INSTALLUX;7053;Non;6,5;1;UN;;86,58;UN;;
Profil Alu;Capot;CAPOT 66;ARCELOR (BERTON SICARD);INSTALLUX;7053;Non;6,5;1;UN;;86,58;UN;;
profil alu;;POTEAU DROIT 76X118 4 m;ARCELOR (BERTON SICARD);INSTALLUX;7018/4Th;Non;4,8;1;barre;;121,82;Barre;;
profil alu;;profil liaison 50&26;ARCELOR (BERTON SICARD);INSTALLUX;410078;Non;6,5;1;barre;;;;;
Profil Alu;Tube;Tube carré 84x84;ARCELOR (BERTON SICARD);INSTALLUX;TU8484x2;Non;6,5;1;barre;;;;;
Profil Alu;Tube;Tube carré 50x50;ARCELOR (BERTON SICARD);INSTALLUX;TU5050x2;Non;6,5;1;barre;;;;;
profil alu;;LIAISOSECT.57,5 RPT;ARCELOR (BERTON SICARD);INSTALLUX;5455TH;Non;6,5;1;barre;;;;;
profil alu;;LIAISON 57,5/101,5 RPT;ARCELOR (BERTON SICARD);INSTALLUX;5454TH;Non;6,5;1;barre;;;;;
Profil Alu;Cheneau;cheneau;ARCELOR (BERTON SICARD);INSTALLUX;620016;Non;6,5;1;barre;;;;;
Profil Alu;Cheneau;accroche cheneau;ARCELOR (BERTON SICARD);INSTALLUX;620017;Non;6,5;1;barre;;;;;
Profil Alu;rehausse;rehausse;ARCELOR (BERTON SICARD);INSTALLUX;7798;Non;6,5;1;barre;;;;;
Profil Alu;Faitiere;faitiere;ARCELOR (BERTON SICARD);INSTALLUX;7231TH;Non;6,5;1;barre;;;;;
Profil Alu;;poteau 70/32;ARCELOR (BERTON SICARD);INSTALLUX;730003;Non;6,5;1;barre;;;;;
profil alu;;poteau 70/32;ARCELOR (BERTON SICARD);INSTALLUX;710003N;Non;6,5;1;barre;;;;;
Profil Alu;;poteau 70/32;ARCELOR (BERTON SICARD);INSTALLUX;720023;Non;6,5;1;barre;;;;;
profil alu;;poteau 70/32;ARCELOR (BERTON SICARD);INSTALLUX;710004;Non;6,5;1;barre;;;;;
Profil Alu;Capot;capot poteau 70/32;ARCELOR (BERTON SICARD);INSTALLUX;720024;Non;6,5;1;barre;;;;;
Profil Alu;;poteau 70/32 135°;ARCELOR (BERTON SICARD);INSTALLUX;730002;Non;6,5;1;barre;;;;;
Profil Alu;;poteau 70/32 135°;ARCELOR (BERTON SICARD);INSTALLUX;710012;Non;6,5;1;barre;;;;;
Profil Alu;;poteau jonction 70/32;ARCELOR (BERTON SICARD);INSTALLUX;410078;Non;6,5;1;barre;;;;;
Profil Alu;;LIAISO110X31;ARCELOR (BERTON SICARD);INSTALLUX;7055TH;Non;6,5;1;barre;;;;;
Profil Alu;;sabliére simple;ARCELOR (BERTON SICARD);INSTALLUX;1160;Non;6,5;1;barre;;;;;
Profil Alu;;EPINE TUBUL.RPTH 120;ARCELOR (BERTON SICARD);INSTALLUX;7303TH;Non;6,5;1;barre;;;;;
Profil Alu;TUBE;TUBE RECTANGULAIRE 100 X 50 X 2;ARCELOR (BERTON SICARD);INSTALLUX;TU100502;Non;6,5;1;barre;;;;;
Profil Alu;PARCLOSE;PARCLOSE CLIPABLE 13.5;ARCELOR (BERTON SICARD);INSTALLUX;5052;Non;6,5;;;;;;;
Profil Alu;PARCLOSE;PARCLOSE ARRONDIE 13.5;ARCELOR (BERTON SICARD);INSTALLUX;5512;Non;6,5;;;;;;;
Profil Alu;;CAGE C.J RAPPORTEE;ARCELOR (BERTON SICARD);INSTALLUX;6599;Non;6,5;;;;;;;
Profil Alu;Chevron;CHEVRON MOULURE 60;ARCELOR (BERTON SICARD);INSTALLUX;7008;Non;6,5;;;;;;;
Profil Alu;;CACHE RAINURE /7231TH;ARCELOR (BERTON SICARD);INSTALLUX;7025;Non;6,5;;;;;;;
Profil Alu;Capot;CAPOT 9;ARCELOR (BERTON SICARD);INSTALLUX;7058;Non;6,5;;;;;;;
Profil Alu;;NOUE 143MM;ARCELOR (BERTON SICARD);INSTALLUX;7225;Non;6,5;;;;;;;
Profil Alu;;ARTICULATIO/NOUE 7225;ARCELOR (BERTON SICARD);INSTALLUX;7226;Non;6,5;;;;;;;
Profil Alu;Capot;CAPOT INT. /NOUE 7225;ARCELOR (BERTON SICARD);INSTALLUX;7227;Non;6,5;;;;;;;
Profil Alu;Cheneau;CHENEAU RAPPORTE;ARCELOR (BERTON SICARD);INSTALLUX;7606;Non;6,5;;;;;;;
Profil Alu;Cheneau;REPRISE CHENEAU /7606;ARCELOR (BERTON SICARD);INSTALLUX;7613;Non;6,5;;;;;;;
Profil Alu;Cheneau;(*)PROF BARDAGE CHENEAU;ARCELOR (BERTON SICARD);INSTALLUX;7617;Non;6,5;;;;;;;
Profil Alu;;CHEVRO156MM RENFORCE;ARCELOR (BERTON SICARD);INSTALLUX;7621;Non;6,5;;;;;;;
Profil Alu;Capot;CAPOT VISSE 31;ARCELOR (BERTON SICARD);INSTALLUX;7626;Non;6,5;;;;;;;
Profil Alu;Capot;CAPOT ARETIER;ARCELOR (BERTON SICARD);INSTALLUX;7666;Non;6,5;;;;;;;
Profil Alu;Capot;CAPOT INTERIEUR ARETIER;ARCELOR (BERTON SICARD);INSTALLUX;7669;Non;6,5;;;;;;;
Profil Alu;Faitiere;ARTICULATION FAITIERE;ARCELOR (BERTON SICARD);INSTALLUX;7670;Non;6,5;;;;;;;
Profil Alu;Chevron;ENTRETOISE CHEVRON;ARCELOR (BERTON SICARD);INSTALLUX;7675;Non;6,5;;;;;;;
Profil Alu;Chevron;ENTRETOISE CHEVRON;ARCELOR (BERTON SICARD);INSTALLUX;7675;Non;6,5;;;;;;;
Profil Alu;Chevron;ARTICULATION CHEVRON 108;ARCELOR (BERTON SICARD);INSTALLUX;7676;Non;6,5;;;;;;;
Profil Alu;;(*)DESCENTE D’EAU;ARCELOR (BERTON SICARD);INSTALLUX;7685;Non;6,5;;;;;;;
Profil Alu;Capot;(*)CAPOT DESCENTE D’EAU;ARCELOR (BERTON SICARD);INSTALLUX;7686;Non;6,5;;;;;;;
Profil Alu;Capot;ACCROCHE BAS DE CAPOT 78;ARCELOR (BERTON SICARD);INSTALLUX;7779;Non;6,5;;;;;;;
Profil Alu;Cheneau;CHENEAU VOLET ROULANT;ARCELOR (BERTON SICARD);INSTALLUX;7784;Non;6,5;;;;;;;
Profil Alu;Capot;CAPOT CONTEMPORAIN VR;ARCELOR (BERTON SICARD);INSTALLUX;7796;Non;6,5;;;;;;;
Profil Alu;EMBOUT;EMBOUT CHENEAU VR 180;ARCELOR (BERTON SICARD);INSTALLUX;7800;Non;2;;;;;;;
Profil Alu;Capot;CAPOT VISSE 36;ARCELOR (BERTON SICARD);INSTALLUX;7836;Non;6,5;;;;;;;
Profil Alu;;COUVRE JOINT 35;ARCELOR (BERTON SICARD);INSTALLUX;9151;Non;6,5;;;;;;;
Profil Alu;;COUVRE JOINT 30;ARCELOR (BERTON SICARD);INSTALLUX;9158;Non;6,5;;;;;;;
Profil Alu;Bavette;BAVETTE 40MM;ARCELOR (BERTON SICARD);INSTALLUX;420027;Non;6,5;;;;;;;
Profil Alu;PARCLOSE;PARCLOSE A PIED 20;ARCELOR (BERTON SICARD);INSTALLUX;27/20;Non;6;;;;;;;
Profil Alu;PARCLOSE;PARCLOSE LAQUABLE CLIP;ARCELOR (BERTON SICARD);INSTALLUX;5050L;Non;6,5;;;;;;;
Profil Alu;;DORMANT 50 CAGE CLIP/TOL;ARCELOR (BERTON SICARD);INSTALLUX;5501TH;Non;6,5;;;;;;;
Profil Alu;;DORMANT 50 CAGE A CLIP;ARCELOR (BERTON SICARD);INSTALLUX;5503TH;Non;6,5;;;;;;;
Profil Alu;;POTEAU DROIT 76X118;ARCELOR (BERTON SICARD);INSTALLUX;7018TH;Non;6,5;;;;;;;
Profil Alu;;POTEAU D’ANGLE 76X116;ARCELOR (BERTON SICARD);INSTALLUX;7051/4TH;Non;4,8;;;;;;;
Profil Alu;;POTEAU D’ANGLE 76X116;ARCELOR (BERTON SICARD);INSTALLUX;7051TH;Non;6,5;;;;;;;
Profil Alu;;LIAISO110X31;ARCELOR (BERTON SICARD);INSTALLUX;7055/4TH;Non;6,5;;;;;;;
Profil Alu;;POTEAU VARIABLE 120/140;ARCELOR (BERTON SICARD);INSTALLUX;7121TH;Non;6,5;;;;;;;
Profil Alu;;PROFIL MONTANT 75X31;ARCELOR (BERTON SICARD);INSTALLUX;7124TH;Non;6,5;;;;;;;
Profil Alu;;PROFIL MONTANT 120X31;ARCELOR (BERTON SICARD);INSTALLUX;7125/4TH;Non;4,8;;;;;;;
Profil Alu;;PROFIL MONTANT 120X31;ARCELOR (BERTON SICARD);INSTALLUX;7125TH;Non;6,5;;;;;;;
Profil Alu;;PROFIL LIAISON 135° 75;ARCELOR (BERTON SICARD);INSTALLUX;7126/4th;Non;4,8;;;;;;;
Profil Alu;;PROFIL LIAISO135° 75;ARCELOR (BERTON SICARD);INSTALLUX;7126th;Non;6,5;;;;;;;
Profil Alu;Cheneau;SABLIERE VR INTEGRE;ARCELOR (BERTON SICARD);INSTALLUX;7130/4TH;Non;4;;;;;;;
Profil Alu;Cheneau;SABLIERE VR INTEGRE;ARCELOR (BERTON SICARD);INSTALLUX;7130TH;Non;6,5;;;;;;;
Profil Alu;;P.BASE ARETIER ARTICULE;ARCELOR (BERTON SICARD);INSTALLUX;7235TH;Non;6,5;;;;;;;
Profil Alu;;ARTICULATIO/ARETIER;ARCELOR (BERTON SICARD);INSTALLUX;7236TH;Non;6,5;;;;;;;
Profil Alu;;EPINE TUBUL.RPTH 120;ARCELOR (BERTON SICARD);INSTALLUX;7303/4TH;Non;4,7;;;;;;;
Profil Alu;;EPINE TUBUL.RPTH 150;ARCELOR (BERTON SICARD);INSTALLUX;7304/4TH;Non;4,7;;;;;;;
Profil Alu;;EPINE TUBUL.RPTH 150;ARCELOR (BERTON SICARD);INSTALLUX;7304TH;Non;6,5;;;;;;;
PROFIL;;PROFIL DE RIVE RPTH;ARCELOR (BERTON SICARD);INSTALLUX;7306TH;Non;6,5;;;;;;;
Profil Alu;Cheneau;CHENEAU VR LG 4M;ARCELOR (BERTON SICARD);INSTALLUX;7784/4;Non;4;;;;;;;
Profil Alu;Capot;CAPOT CONTEMPORAIN VR;ARCELOR (BERTON SICARD);INSTALLUX;7796/4;Non;4;;;;;;;
Profil Alu;Corniéres;CORNIERE PARCLOSE 30X30;ARCELOR (BERTON SICARD);INSTALLUX;114;Non;6;;;;;;;
Profil Alu;Corniéres;CORNIERE 100X20X2;ARCELOR (BERTON SICARD);INSTALLUX;L100202;Non;6,5;;;;;;;
Profil Alu;;FINITION PLAT;ARCELOR (BERTON SICARD);INSTALLUX;720011;Non;6,5;;;;;;;
Profil Alu;;FINITION PLAT;ARCELOR (BERTON SICARD);INSTALLUX;720011;Non;6,5;;;;;;;
Profil Alu;Plat Alu;MEPLAT 100X8;ARCELOR (BERTON SICARD);INSTALLUX;PL100X8;Non;6,5;;;;;;;
Profil Alu;Plat Alu;MEPLAT 15X3;ARCELOR (BERTON SICARD);INSTALLUX;PL15X3;Non;6,5;;;;;;;
Profil Alu;Plat Alu;MEPLAT 20X3;ARCELOR (BERTON SICARD);INSTALLUX;PL20X3;Non;6,5;;;;;;;
Profil Alu;Plat Alu;MEPLAT 25X3;ARCELOR (BERTON SICARD);INSTALLUX;PL25X3;Non;6,5;;;;;;;
Profil Alu;Plat Alu;MEPLAT 30X3;ARCELOR (BERTON SICARD);INSTALLUX;PL30X3;Non;6,5;;;;;;;
Profil Alu;TUBE;TUBE RECT. 70X50X2;ARCELOR (BERTON SICARD);INSTALLUX;TU7050X2;Non;6,5;;;;;;;
Profil Alu;TUBE;TUBE CARRE 30 X 30 X 2;ARCELOR (BERTON SICARD);INSTALLUX;TU3030x2;Non;6,5;;;;;;;
Profil Alu;Plat Alu;MEPLAT 40X3;ARCELOR (BERTON SICARD);INSTALLUX;PL40X3;Non;6,5;;;;;;;
;;LIAISON SECTION 50 RPT;ARCELOR (BERTON SICARD);INSTALLUX;5452th;Non;6,5;;;;;;;
Profil Alu;Plat Alu;MEPLAT 50X2;ARCELOR (BERTON SICARD);INSTALLUX;PL50X2;Non;6,5;;;;;;;
Profil Alu;Plat Alu;MEPLAT 50X8;ARCELOR (BERTON SICARD);INSTALLUX;PL50X8;Non;6,5;;;;;;;
Profil Alu;;SERREUR 70 MM PERFORE;ARCELOR (BERTON SICARD);INSTALLUX;8290;Non;6,5;;;;;;;
Profil Alu;Capot;"CAPOT DE H=16; L=70MM";ARCELOR (BERTON SICARD);INSTALLUX;8298;Non;6,5;;;;;;;
Profil Alu;PARCLOSE;PARCLOSE CLIPABLE 28.5;ARCELOR (BERTON SICARD);INSTALLUX;5055;Non;6,5;;;;;;;
Profil Alu;Bavette;BAVETTE 25;ARCELOR (BERTON SICARD);INSTALLUX;9152;Non;6,5;;;;;;;
Profil Alu;TUBE;TUBE CARRE 100 X 100 X 2;ARCELOR (BERTON SICARD);INSTALLUX;TU100102;Non;6,5;;;;;;;
Profil Alu;;TAPEE 57;ARCELOR (BERTON SICARD);INSTALLUX;6601;Non;6,5;;;;;;;
Profil Alu;;TAPEE 22;ARCELOR (BERTON SICARD);INSTALLUX;6602;Non;6,5;;;;;;;
Profil Alu;;TAPEE 32;ARCELOR (BERTON SICARD);INSTALLUX;6603;Non;6,5;;;;;;;
Profil Alu;;TAPEE 42;ARCELOR (BERTON SICARD);INSTALLUX;6604;Non;6,5;;;;;;;
Profil Alu;;TAPEE 52;ARCELOR (BERTON SICARD);INSTALLUX;6605;Non;6,5;;;;;;;
Profil Alu;;TAPEE 62;ARCELOR (BERTON SICARD);INSTALLUX;6606;Non;6,5;;;;;;;
Profil Alu;;TAPEE 72;ARCELOR (BERTON SICARD);INSTALLUX;6607;Non;6,5;;;;;;;
Profil Alu;;TAPEE 82;ARCELOR (BERTON SICARD);INSTALLUX;6608;Non;6,5;;;;;;;
Profil Alu;;TAPEE 37;ARCELOR (BERTON SICARD);INSTALLUX;6609;Non;6,5;;;;;;;
Profil Alu;;TAPEE 102;ARCELOR (BERTON SICARD);INSTALLUX;6610;Non;6,5;;;;;;;
Profil Alu;;TAPEE 92;ARCELOR (BERTON SICARD);INSTALLUX;6611;Non;6,5;;;;;;;
Profil Alu;;ARETIER MOULURE 230MM;ARCELOR (BERTON SICARD);INSTALLUX;7694;Non;6,5;;;;;;;
Profil Alu;TUBE;TUBE CARRE 40 X 40 X 2;ARCELOR (BERTON SICARD);INSTALLUX;TU4040X2;Non;6,5;;;;;;;
Profil Alu;;ARRET DE REMPLISSAGE;ARCELOR (BERTON SICARD);INSTALLUX;7701;Non;10;;;;;;;
Profil Alu;;CACHE 7701;ARCELOR (BERTON SICARD);INSTALLUX;7702;Non;10;;;;;;;
Profil Alu;Capot;CAPOT SUP.PLATINE /7748;ARCELOR (BERTON SICARD);INSTALLUX;7114;Non;1;;;;;;;
Profil Alu;;PLATINE 180° 5 DEPARTS;ARCELOR (BERTON SICARD);INSTALLUX;7748;Non;1;;;;;;;
Profil Alu;;REJET D’EAU;ARCELOR (BERTON SICARD);INSTALLUX;P5003;Non;6,5;;;;;;;
Profil Alu;;COUVRE JOINT 35;ARCELOR (BERTON SICARD);INSTALLUX;P5004;Non;6,5;;;;;;;
Profil Alu;;COUVRE JOINT 53;ARCELOR (BERTON SICARD);INSTALLUX;P5005;Non;6,5;;;;;;;
Profil Alu;;TRAVERSE 72;ARCELOR (BERTON SICARD);INSTALLUX;P5006T;Non;6,5;;;;;;;
Profil Alu;;TRAVERSE 99;ARCELOR (BERTON SICARD);INSTALLUX;P5007T;Non;6,5;;;;;;;
Profil Alu;;TRAVERSE 168;ARCELOR (BERTON SICARD);INSTALLUX;P5008T;Non;6,5;;;;;;;
Profil Alu;;MENEAU RENFORCE 72;ARCELOR (BERTON SICARD);INSTALLUX;P5009T;Non;6,5;;;;;;;
Profil Alu;;MENEAU RENFORCE 99;ARCELOR (BERTON SICARD);INSTALLUX;P5010T;Non;6,5;;;;;;;
Profil Alu;;BATTUE RAPPORTEE FRANC.;ARCELOR (BERTON SICARD);INSTALLUX;P5011T;Non;6,5;;;;;;;
Profil Alu;;BATTUE RAPPORTEE ANGL.;ARCELOR (BERTON SICARD);INSTALLUX;P5012T;Non;6,5;;;;;;;
Profil Alu;;DORM. FOND PLAT 37,6;ARCELOR (BERTON SICARD);INSTALLUX;P5013T;Non;6,5;;;;;;;
Profil Alu;;DORM. CAGE TOLE 37,6;ARCELOR (BERTON SICARD);INSTALLUX;P5014T;Non;6,5;;;;;;;
Profil Alu;;DORM. FOND PLAT 52,3;ARCELOR (BERTON SICARD);INSTALLUX;P5015T;Non;6,5;;;;;;;
Profil Alu;;DORM. CAGE TOLE 52,3;ARCELOR (BERTON SICARD);INSTALLUX;P5016T;Non;6,5;;;;;;;
Profil Alu;;DORM. FOND PLAT 41,9;ARCELOR (BERTON SICARD);INSTALLUX;P5017T;Non;6,5;;;;;;;
Profil Alu;;DORM. CAGE TOLE 41,9;ARCELOR (BERTON SICARD);INSTALLUX;P5018T;Non;6,5;;;;;;;
Profil Alu;;DORM. FOND PLAT 56,6;ARCELOR (BERTON SICARD);INSTALLUX;P5019T;Non;6,5;;;;;;;
Profil Alu;;DORM. CAGE TOLE 56,6;ARCELOR (BERTON SICARD);INSTALLUX;P5020T;Non;6,5;;;;;;;
Profil Alu;;(*)DORMANT FOND PLAT 28;ARCELOR (BERTON SICARD);INSTALLUX;P5021T;Non;6,5;;;;;;;
Profil Alu;;(*)DORMANT FD PLAT 28 MM;ARCELOR (BERTON SICARD);INSTALLUX;P5022;Non;6,5;;;;;;;
Profil Alu;;OUVRANT A LA FRANCAISE;ARCELOR (BERTON SICARD);INSTALLUX;P5023T;Non;6,5;;;;;;;
Profil Alu;;OUVRANT A L’ANGLAISE;ARCELOR (BERTON SICARD);INSTALLUX;P5024T;Non;6,5;;;;;;;
Profil Alu;;TRAVERSE 72;ARCELOR (BERTON SICARD);INSTALLUX;P5025;Non;6,5;;;;;;;
Profil Alu;;TRAVERSE 99;ARCELOR (BERTON SICARD);INSTALLUX;P5026;Non;6,5;;;;;;;
Profil Alu;;TRAVERSE 168;ARCELOR (BERTON SICARD);INSTALLUX;P5027;Non;6,5;;;;;;;
Profil Alu;;MENEAU RENFORCE 72;ARCELOR (BERTON SICARD);INSTALLUX;P5028;Non;6,5;;;;;;;
Profil Alu;;MENEAU RENFORCE 99;ARCELOR (BERTON SICARD);INSTALLUX;P5029;Non;6,5;;;;;;;
Profil Alu;;DORM. 37,6 FP;ARCELOR (BERTON SICARD);INSTALLUX;P5030;Non;6,5;;;;;;;
Profil Alu;;DORMANT 37,6 CLIP;ARCELOR (BERTON SICARD);INSTALLUX;P5031;Non;6,5;;;;;;;
Profil Alu;;DORMANT 52,3 FP;ARCELOR (BERTON SICARD);INSTALLUX;P5032;Non;6,5;;;;;;;
Profil Alu;;DORMANT 52,3 CLIP;ARCELOR (BERTON SICARD);INSTALLUX;P5033;Non;6,5;;;;;;;
Profil Alu;;DORMANT 41,9 FP CC;ARCELOR (BERTON SICARD);INSTALLUX;P5034;Non;6,5;;;;;;;
Profil Alu;;DORMANT 41,9 CLIP CC;ARCELOR (BERTON SICARD);INSTALLUX;P5035;Non;6,5;;;;;;;
Profil Alu;;DORMANT 56,6 FP CC;ARCELOR (BERTON SICARD);INSTALLUX;P5036;Non;6,5;;;;;;;
Profil Alu;;OUVRANT DOUBLE ACTION;ARCELOR (BERTON SICARD);INSTALLUX;P5038T;Non;6,5;;;;;;;
Profil Alu;;DORMANT DOUBLE ACTION;ARCELOR (BERTON SICARD);INSTALLUX;P5039T;Non;6,5;;;;;;;
Profil Alu;;OUVRANT A LA FRANCAISE;ARCELOR (BERTON SICARD);INSTALLUX;P5040;Non;6,5;;;;;;;
Profil Alu;;OUVRANT A L’ANGLAISE;ARCELOR (BERTON SICARD);INSTALLUX;P5041;Non;6,5;;;;;;;
Profil Alu;;BATTUE RAPPORTEE ANGL.;ARCELOR (BERTON SICARD);INSTALLUX;P5043;Non;6,5;;;;;;;
Profil Alu;;BATTUE RAPPORTEE FRANC.;ARCELOR (BERTON SICARD);INSTALLUX;P5044;Non;6,5;;;;;;;
Profil Alu;;PROFIL DE BASE HT=28MM;ARCELOR (BERTON SICARD);INSTALLUX;P5049T;Non;6,5;;;;;;;
Profil Alu;;(*)DORMT 28MM CAGE A TOL;ARCELOR (BERTON SICARD);INSTALLUX;P5053T;Non;6,5;;;;;;;
Profil Alu;;MENEAU RENF.SIMPLE 129MM;ARCELOR (BERTON SICARD);INSTALLUX;P5054T;Non;6,5;;;;;;;
Profil Alu;;RAIL HAUT PORTES REPLIA.;ARCELOR (BERTON SICARD);INSTALLUX;P5055;Non;6,5;;;;;;;
Profil Alu;;RAIL BAS PORTES REPLIA.;ARCELOR (BERTON SICARD);INSTALLUX;P5056;Non;6,5;;;;;;;
Profil Alu;;FINITION HAUTE / P5055;ARCELOR (BERTON SICARD);INSTALLUX;P5058;Non;6,5;;;;;;;
Profil Alu;;BATTUE RAPPORTEE VA/VIEN;ARCELOR (BERTON SICARD);INSTALLUX;P5061T;Non;6,5;;;;;;;
Profil Alu;;OUVRANT DOUBLE ACTION;ARCELOR (BERTON SICARD);INSTALLUX;P5064;Non;6,5;;;;;;;
Profil Alu;;DORMANT DOUBLE ACTION;ARCELOR (BERTON SICARD);INSTALLUX;P5065;Non;6,5;;;;;;;
Profil Alu;;PLINTHE 161MM;ARCELOR (BERTON SICARD);INSTALLUX;P5066T;Non;6,5;;;;;;;
Profil Alu;;PLINTHE 161 MM 1M.;ARCELOR (BERTON SICARD);INSTALLUX;P5066T/1;Non;1;;;;;;;
Profil Alu;;2 DEPARTS 50X55;ARCELOR (BERTON SICARD);INSTALLUX;P5067;Non;6,5;;;;;;;
Profil Alu;;PLINTHE 161MM;ARCELOR (BERTON SICARD);INSTALLUX;P5068;Non;6,5;;;;;;;
Profil Alu;;PLINTHE 161MM LG 1ML;ARCELOR (BERTON SICARD);INSTALLUX;P5068/1;Non;1;;;;;;;
Profil Alu;;(*)DORMANT MIXTE 28MM;ARCELOR (BERTON SICARD);INSTALLUX;P5071T;Non;6,5;;;;;;;
Profil Alu;;(*)DORM.CAGE A TOLE 28MM;ARCELOR (BERTON SICARD);INSTALLUX;P5072;Non;6,5;;;;;;;
Profil Alu;;DORMANT FOND PLAT 30 MM;ARCELOR (BERTON SICARD);INSTALLUX;P5073T;Non;6,5;;;;;;;
Profil Alu;;DORMANT 30MM CAGE A TOLE;ARCELOR (BERTON SICARD);INSTALLUX;P5074T;Non;6,5;;;;;;;
Profil Alu;;DORMANT MIXTE 30MM;ARCELOR (BERTON SICARD);INSTALLUX;P5075T;Non;6,5;;;;;;;
Profil Alu;;DORMANT FOND PLAT 30MM;ARCELOR (BERTON SICARD);INSTALLUX;P5076;Non;6,5;;;;;;;
Profil Alu;;DORMANT CAGE A TOLE 30MM;ARCELOR (BERTON SICARD);INSTALLUX;P5077;Non;6,5;;;;;;;
Profil Alu;;ADAPTATION PORTE;ARCELOR (BERTON SICARD);INSTALLUX;P6002;Non;6,5;;;;;;;
Profil Alu;;MONTANT PRE-PERCE 50MM;ARCELOR (BERTON SICARD);INSTALLUX;P6039;Non;5,8;;;;;;;
Profil Alu;;MONTANT PRE-PERCE 70MM;ARCELOR (BERTON SICARD);INSTALLUX;P6040;Non;5,8;;;;;;;
Profil Alu;Capot;CAPOT GLISSE;ARCELOR (BERTON SICARD);INSTALLUX;P6041;Non;5,8;;;;;;;
Profil Alu;;MOUSTIQUAIRE;ARCELOR (BERTON SICARD);INSTALLUX;P6046;Non;5,8;;;;;;;
Profil Alu;;TRAVERSE HAUTE;ARCELOR (BERTON SICARD);INSTALLUX;P6051;Non;5,8;;;;;;;
Profil Alu;;TRAVERSE BASSE;ARCELOR (BERTON SICARD);INSTALLUX;P6052;Non;5,8;;;;;;;
Profil Alu;;PORTE LAME;ARCELOR (BERTON SICARD);INSTALLUX;P6053;Non;5,8;;;;;;;
Profil Alu;REHAUSSE;REHAUSSE 23,5;ARCELOR (BERTON SICARD);INSTALLUX;672;Non;1;;;;;;;
Profil Alu;;PRECADRE BAS;ARCELOR (BERTON SICARD);INSTALLUX;P6056;Non;6,5;;;;;;;
Profil Alu;;PRECADRE HAUT;ARCELOR (BERTON SICARD);INSTALLUX;P6057;Non;6,5;;;;;;;
Profil Alu;;DORMANT PRECADRE;ARCELOR (BERTON SICARD);INSTALLUX;P6058;Non;6,5;;;;;;;
Profil Alu;;DORMANT VOLET BATTANT;ARCELOR (BERTON SICARD);INSTALLUX;P6060;Non;6,5;;;;;;;
Profil Alu;;OUVRANT VOLET BATTANT;ARCELOR (BERTON SICARD);INSTALLUX;P6061;Non;6,5;;;;;;;
Profil Alu;;OUVRANT SEMI-FIXE VOLET;ARCELOR (BERTON SICARD);INSTALLUX;P6062;Non;6,5;;;;;;;
Profil Alu;;REMPLISSAGE PANNEAU;ARCELOR (BERTON SICARD);INSTALLUX;P6063;Non;6,5;;;;;;;
Profil Alu;TUBE;TUBE CARRE 125X125X2,2;ARCELOR (BERTON SICARD);INSTALLUX;TU125125;Non;6,5;;;;;;;
Profil Alu;TUBE;TUBE RECT.20X10X2;ARCELOR (BERTON SICARD);INSTALLUX;TU2010X2;Non;6,5;;;;;;;
Profil Alu;TUBE;TUBE CARRE 20X20X2;ARCELOR (BERTON SICARD);INSTALLUX;TU2020X2;Non;6,5;;;;;;;
Profil Alu;TUBE;TUBE CARRE 25X25X2;ARCELOR (BERTON SICARD);INSTALLUX;TU2525X2;Non;6,5;;;;;;;
Profil Alu;TUBE;TUBE RECT.30X10X2;ARCELOR (BERTON SICARD);INSTALLUX;TU3010X2;Non;6,5;;;;;;;
Profil Alu;TUBE;TUBE DIAMETRE 40X2;ARCELOR (BERTON SICARD);INSTALLUX;TU40X2;Non;6,5;;;;;;;
Profil Alu;TUBE;TUBE RECT. 40X20X2;ARCELOR (BERTON SICARD);INSTALLUX;TU4020X2;Non;6,5;;;;;;;
Profil Alu;TUBE;TUBE 45X45X1.5 LG2;ARCELOR (BERTON SICARD);INSTALLUX;TU4545/2;Non;1995;;;;;;;
Profil Alu;TUBE;TUBE 45X45X1.5;ARCELOR (BERTON SICARD);INSTALLUX;TU454515;Non;6;;;;;;;
Profil Alu;TUBE;TUBE DIAMETRE 50X2;ARCELOR (BERTON SICARD);INSTALLUX;TU50X2;Non;4,6;;;;;;;
Profil Alu;TUBE;TUBE RECT. 50X30X1,7;ARCELOR (BERTON SICARD);INSTALLUX;TU503017;Non;6,5;;;;;;;
Profil Alu;TUBE;TUBE DIAM 60 EP 2 MM;ARCELOR (BERTON SICARD);INSTALLUX;TU60X2/3;Non;3,2;;;;;;;
Profil Alu;TUBE;TUBE RECT. 60X20X2;ARCELOR (BERTON SICARD);INSTALLUX;TU6020X2;Non;6,5;;;;;;;
Profil Alu;TUBE;TUBE CARRE 70X70X2;ARCELOR (BERTON SICARD);INSTALLUX;TU7070X2;Non;6,5;;;;;;;
Profil Alu;TUBE;TUBE DIAMETRE 80X2;ARCELOR (BERTON SICARD);INSTALLUX;TU80X2;Non;6,5;;;;;;;
Profil Alu;;PROFIL T 4040X3;ARCELOR (BERTON SICARD);INSTALLUX;T4040X3;Non;6,5;;;;;;;
Profil Alu;;U 10X9X10;ARCELOR (BERTON SICARD);INSTALLUX;U109X2;Non;6,5;;;;;;;
Profil Alu;;U 15X29X15;ARCELOR (BERTON SICARD);INSTALLUX;U15X29;Non;6,5;;;;;;;
Profil Alu;;MONTANT EMBOIT. 32X1,4;ARCELOR (BERTON SICARD);INSTALLUX;U15X32;Non;6,5;;;;;;;
Profil Alu;;U 20X12X20;ARCELOR (BERTON SICARD);INSTALLUX;U2012X2;Non;6,5;;;;;;;
Profil Alu;;U 20X15X20;ARCELOR (BERTON SICARD);INSTALLUX;U2015X2;Non;6,5;;;;;;;
Profil Alu;;U 20X20X20;ARCELOR (BERTON SICARD);INSTALLUX;U2020X2;Non;6,5;;;;;;;
Profil Alu;;U 20X45X20;ARCELOR (BERTON SICARD);INSTALLUX;U2045X2;Non;6,5;;;;;;;
Profil Alu;;U 25X25X25;ARCELOR (BERTON SICARD);INSTALLUX;U2525X2;Non;6,5;;;;;;;
Profil Alu;;U 25X40X25;ARCELOR (BERTON SICARD);INSTALLUX;U2540X2;Non;6,5;;;;;;;
Profil Alu;;U 30X20X30;ARCELOR (BERTON SICARD);INSTALLUX;U3020X2;Non;6,5;;;;;;;
Profil Alu;Corniéres;CORNIERE PARCLOSE 40X40;ARCELOR (BERTON SICARD);INSTALLUX;11/140;Non;6;;;;;;;
Profil Alu;PARCLOSE;PARCLOSE A PIED 20;ARCELOR (BERTON SICARD);INSTALLUX;20L;Non;6;;;;;;;
Profil Alu;PARCLOSE;PARCLOSE A PIED 25;ARCELOR (BERTON SICARD);INSTALLUX;21L;Non;6;;;;;;;
Profil Alu;PARCLOSE;PARCLOSE A PIED 20;ARCELOR (BERTON SICARD);INSTALLUX;23/20L;Non;6;;;;;;;
Profil Alu;PARCLOSE;PARCLOSE A PIED 25;ARCELOR (BERTON SICARD);INSTALLUX;23/25L;Non;6;;;;;;;
Profil Alu;PARCLOSE;PARCLOSE A PIED 20;ARCELOR (BERTON SICARD);INSTALLUX;26L;Non;6;;;;;;;
Profil Alu;PARCLOSE;PARCLOSE A PIED 20;ARCELOR (BERTON SICARD);INSTALLUX;27/20L;Non;6;;;;;;;
Profil Alu;;PORTE BROSSE;ARCELOR (BERTON SICARD);INSTALLUX;90;Non;6;;;;;;;
Profil Alu;;INTERMEDIAIRE 80X80;ARCELOR (BERTON SICARD);INSTALLUX;102;Non;6;;;;;;;
Profil Alu;;ANGLE EXTERIEUR 80X80;ARCELOR (BERTON SICARD);INSTALLUX;103;Non;6;;;;;;;
Profil Alu;;ANGLE INTERIEUR 80X80;ARCELOR (BERTON SICARD);INSTALLUX;104;Non;6;;;;;;;
Profil Alu;;PORTE BROSSE 181/182/183;ARCELOR (BERTON SICARD);INSTALLUX;107;Non;6;;;;;;;
Profil Alu;Bavette;*LIAISON G 140/BAVETTE;ARCELOR (BERTON SICARD);INSTALLUX;108;Non;6;;;;;;;
profil Alu;PARCLOSE;PARCLOSE INDEPENDANTE;ARCELOR (BERTON SICARD);INSTALLUX;112;Non;6;;;;;;;
Profil Alu;;2 DEPARTS 40X40.;ARCELOR (BERTON SICARD);INSTALLUX;140;Non;6;;;;;;;
Profil Alu;;2 DEPARTS 40X40 RENFORCE;ARCELOR (BERTON SICARD);INSTALLUX;140/R;Non;6;;;;;;;
Profil Alu;;1 DEPART 14X40;ARCELOR (BERTON SICARD);INSTALLUX;141;Non;6;;;;;;;
Profil Alu;;MENEAU 18,5X40;ARCELOR (BERTON SICARD);INSTALLUX;142;Non;6;;;;;;;
Profil Alu;;BANDEAU 150X40;ARCELOR (BERTON SICARD);INSTALLUX;143/15;Non;6;;;;;;;
Profil Alu;;BANDEAU 150X40 LG:996 MM;ARCELOR (BERTON SICARD);INSTALLUX;143/151;Non;1;;;;;;;
Profil Alu;;BANDEAU 80X40;ARCELOR (BERTON SICARD);INSTALLUX;143/80;Non;6;;;;;;;
Profil Alu;;BANDEAU 80X40 LG:996 MM;ARCELOR (BERTON SICARD);INSTALLUX;143/801;Non;1;;;;;;;
Profil Alu;;3 DEPARTS 40X40;ARCELOR (BERTON SICARD);INSTALLUX;146;Non;6;;;;;;;
Profil Alu;;RAIL HAUT PORTE ACCORD.;ARCELOR (BERTON SICARD);INSTALLUX;148;Non;6;;;;;;;
Profil Alu;;SEUIL 40 ET 80;ARCELOR (BERTON SICARD);INSTALLUX;149;Non;6;;;;;;;
Profil Alu;;CACHE RAINURE 40;ARCELOR (BERTON SICARD);INSTALLUX;150;Non;6;;;;;;;
Profil Alu;;CACHE RAINURE 40;ARCELOR (BERTON SICARD);INSTALLUX;150L;Non;6;;;;;;;
Profil Alu;;BATTUE FEUILLURE 35;ARCELOR (BERTON SICARD);INSTALLUX;151;Non;6;;;;;;;
Profil Alu;;BATTUE DBL ETANCHEITE;ARCELOR (BERTON SICARD);INSTALLUX;152;Non;6;;;;;;;
Profil Alu;;BATTUE DBL ETANCHEITE;ARCELOR (BERTON SICARD);INSTALLUX;152L;Non;6;;;;;;;
Profil Alu;;CLOSOIR SIMPLE;ARCELOR (BERTON SICARD);INSTALLUX;153;Non;6;;;;;;;
Profil Alu;;CLOSOIR SIMPLE;ARCELOR (BERTON SICARD);INSTALLUX;153L;Non;6;;;;;;;
Profil Alu;;BATTUE FEUILLURE 45;ARCELOR (BERTON SICARD);INSTALLUX;154;Non;6;;;;;;;
Profil Alu;;*BATTUE SIMPL ETANCHEITE;ARCELOR (BERTON SICARD);INSTALLUX;157;Non;6;;;;;;;
Profil Alu;PARCLOSE;PARCLOSE A VISSER;ARCELOR (BERTON SICARD);INSTALLUX;164;Non;6;;;;;;;
Profil Alu;;RAIL HAUT PORTE COULISS.;ARCELOR (BERTON SICARD);INSTALLUX;165;Non;6;;;;;;;
Profil Alu;;CACHE PORTE COULISSANTE;ARCELOR (BERTON SICARD);INSTALLUX;167;Non;6;;;;;;;
profil alu;;ANGLE EXTERIEUR 80X40;ARCELOR (BERTON SICARD);INSTALLUX;168;Non;6;;;;;;;
Profil Alu;;ANGLE INTERIEUR 80X40;ARCELOR (BERTON SICARD);INSTALLUX;169;Non;6;;;;;;;
Profil Alu;PARCLOSE;*PARCLOSE REMPL. 46/65;ARCELOR (BERTON SICARD);INSTALLUX;173;Non;6;;;;;;;
Profil Alu;;SEUIL PORTE 140;ARCELOR (BERTON SICARD);INSTALLUX;178;Non;6;;;;;;;
Profil Alu;;TRAVERSE DOUBLE CAGE;ARCELOR (BERTON SICARD);INSTALLUX;179;Non;6;;;;;;;
Profil Alu;;HUISSERIE A BATTUE;ARCELOR (BERTON SICARD);INSTALLUX;181;Non;6;;;;;;;
Profil Alu;;OUVRANT FRANC. 40X77;ARCELOR (BERTON SICARD);INSTALLUX;182;Non;6;;;;;;;
Profil Alu;;OUVRANT ANGLAISE 40X77;ARCELOR (BERTON SICARD);INSTALLUX;183;Non;6;;;;;;;
Profil Alu;;MENEAU 80;ARCELOR (BERTON SICARD);INSTALLUX;184;Non;6;;;;;;;
Profil Alu;;MENEAU 1 AILE FIXE;ARCELOR (BERTON SICARD);INSTALLUX;200;Non;6;;;;;;;
Profil Alu;;TRAV BARREAU DEFENSE;ARCELOR (BERTON SICARD);INSTALLUX;201;Non;6,5;;;;;;;
Profil Alu;PARCLOSE;*PARCLOSE TALON SECURITE;ARCELOR (BERTON SICARD);INSTALLUX;218;Non;6;;;;;;;
Profil Alu;PARCLOSE;PARCLOSE TALON SECURITE;ARCELOR (BERTON SICARD);INSTALLUX;219;Non;6;;;;;;;
Profil Alu;PARCLOSE;PARCLOSE TALON SECURITE;ARCELOR (BERTON SICARD);INSTALLUX;220;Non;6;;;;;;;
Profil Alu;PARCLOSE;PARCLOSE TALON SECURITE;ARCELOR (BERTON SICARD);INSTALLUX;223;Non;6;;;;;;;
Profil Alu;PARCLOSE;PARCLOSE TALON SECURITE;ARCELOR (BERTON SICARD);INSTALLUX;226;Non;6;;;;;;;
Profil Alu;;LISSE HAUTE NON PERFOREE;ARCELOR (BERTON SICARD);INSTALLUX;300;Non;6;;;;;;;
Profil Alu;;MAIN COURANTE 25;ARCELOR (BERTON SICARD);INSTALLUX;301;Non;6;;;;;;;
Profil Alu;;PROFIL BAS PR BARREAUDAG;ARCELOR (BERTON SICARD);INSTALLUX;302;Non;6,5;;;;;;;
Profil Alu;;BARREAU A UNE FIXATION;ARCELOR (BERTON SICARD);INSTALLUX;305;Non;6,5;;;;;;;
Profil Alu;;RAIDISSEUR 40X20;ARCELOR (BERTON SICARD);INSTALLUX;306;Non;6,5;;;;;;;
Profil Alu;;RAIDISSEUR 40X20 USINE;ARCELOR (BERTON SICARD);INSTALLUX;307;Non;6,5;;;;;;;
Profil Alu;;CLOSOIR PROFIL BARREAUDA;ARCELOR (BERTON SICARD);INSTALLUX;308;Non;6,5;;;;;;;
Profil Alu;;PROFIL POUR BARREAUDAGE;ARCELOR (BERTON SICARD);INSTALLUX;309;Non;6,5;;;;;;;
Profil Alu;;MAIN COURANTE 40;ARCELOR (BERTON SICARD);INSTALLUX;310;Non;6;;;;;;;
Profil Alu;;BARREAU OVAL;ARCELOR (BERTON SICARD);INSTALLUX;311;Non;6,5;;;;;;;
Profil Alu;;MAIN COURANTE ELLIPTIQUE;ARCELOR (BERTON SICARD);INSTALLUX;312;Non;6,5;;;;;;;
Profil Alu;;LISSE HTE PERFOREE GC;ARCELOR (BERTON SICARD);INSTALLUX;321;Non;6;;;;;;;
Profil Alu;;LISSE BASS PERFORE GC;ARCELOR (BERTON SICARD);INSTALLUX;322;Non;6;;;;;;;
Profil Alu;EMBOUT;EMBOUT MC 312 DROIT;ARCELOR (BERTON SICARD);INSTALLUX;323D;Non;1;;;;;;;
Profil Alu;EMBOUT;EMBOUT MC 312 GAUCHE;ARCELOR (BERTON SICARD);INSTALLUX;323G;Non;1;;;;;;;
Profil Alu;;MAIN COURANTE DIAM.63;ARCELOR (BERTON SICARD);INSTALLUX;324;Non;6;;;;;;;
Profil Alu;;LISSE HTE REMP SOUS LISS;ARCELOR (BERTON SICARD);INSTALLUX;326;Non;6,5;;;;;;;
Profil Alu;;LISSE HAUTE PERFOREE;ARCELOR (BERTON SICARD);INSTALLUX;328;Non;6,5;;;;;;;
Profil Alu;;LISSE CIRCULAIRE;ARCELOR (BERTON SICARD);INSTALLUX;329;Non;6,5;;;;;;;
Profil Alu;;MAIN COURANTE;ARCELOR (BERTON SICARD);INSTALLUX;330;Non;6,5;;;;;;;
Profil Alu;;CLOSOIR HAUT BARREAUDAGE;ARCELOR (BERTON SICARD);INSTALLUX;334;Non;6,5;;;;;;;
Profil Alu;;LISSE RECTANGULAIRE;ARCELOR (BERTON SICARD);INSTALLUX;336;Non;6,5;;;;;;;
Profil Alu;;PROFIL CADRE HT RECT.;ARCELOR (BERTON SICARD);INSTALLUX;337;Non;6,5;;;;;;;
Profil Alu;;LISSE HAUTE / LAME 612;ARCELOR (BERTON SICARD);INSTALLUX;338;Non;6,5;;;;;;;
Profil Alu;;BARREAU LOSANGE 1 FIXATI;ARCELOR (BERTON SICARD);INSTALLUX;344;Non;6,5;;;;;;;
Profil Alu;;PROFIL CADRE BAS RECT.;ARCELOR (BERTON SICARD);INSTALLUX;347;Non;6,5;;;;;;;
Profil Alu;;LISSE BASSE PERFOREE;ARCELOR (BERTON SICARD);INSTALLUX;349;Non;6,5;;;;;;;
Profil Alu;;MC PR REMPL SOUS LISSE;ARCELOR (BERTON SICARD);INSTALLUX;375;Non;6,5;;;;;;;
Profil Alu;;PROFIL REMP BAS NEZ DALL;ARCELOR (BERTON SICARD);INSTALLUX;377;Non;6,5;;;;;;;
Profil Alu;;LISSE BASSE / LAME 612;ARCELOR (BERTON SICARD);INSTALLUX;399;Non;6,5;;;;;;;
Profil Alu;;TRAV.BASSE/AUTOPORTANT;ARCELOR (BERTON SICARD);INSTALLUX;500;Non;6,5;;;;;;;
Profil Alu;;PLATINE CIRCULAIRE;ARCELOR (BERTON SICARD);INSTALLUX;504N;Non;1;;;;;;;
Profil Alu;;POTEAU VARIABLE;ARCELOR (BERTON SICARD);INSTALLUX;505;Non;6,5;;;;;;;
Profil Alu;;LAME 120X20;ARCELOR (BERTON SICARD);INSTALLUX;506;Non;6,5;;;;;;;
Profil Alu;;PLASTRON POTEAU 150X150;ARCELOR (BERTON SICARD);INSTALLUX;508;Non;6;;;;;;;
Profil Alu;;PLASTRON POTEAU LG 2M;ARCELOR (BERTON SICARD);INSTALLUX;508/2;Non;1995;;;;;;;
Profil Alu;;POTEAU 150X150;ARCELOR (BERTON SICARD);INSTALLUX;509;Non;6;;;;;;;
Profil Alu;;POTEAU 150X150 LG 2M;ARCELOR (BERTON SICARD);INSTALLUX;509/2;Non;1995;;;;;;;
Profil Alu;;CLOSOIR EXTREMITE BOMBE;ARCELOR (BERTON SICARD);INSTALLUX;519;Non;6,5;;;;;;;
Profil Alu;;MONTANT 3 RAINURES;ARCELOR (BERTON SICARD);INSTALLUX;523;Non;6,5;;;;;;;
Profil Alu;;MONTANT 3 RAINURES;ARCELOR (BERTON SICARD);INSTALLUX;523/4;Non;4;;;;;;;
Profil Alu;;BARREAU ECONOMIQUE 80X20;ARCELOR (BERTON SICARD);INSTALLUX;526;Non;6,5;;;;;;;
Profil Alu;;PROFIL SUPPORT TOLE;ARCELOR (BERTON SICARD);INSTALLUX;529;Non;6,5;;;;;;;
Profil Alu;;CACHE SECURITE / 509;ARCELOR (BERTON SICARD);INSTALLUX;538;Non;6,5;;;;;;;
Profil Alu;;GUIDE OLIVE CACHE CREMA;ARCELOR (BERTON SICARD);INSTALLUX;541I;Non;6,5;;;;;;;
Profil Alu;;GUIDE OLIVE CACHE CREMA;ARCELOR (BERTON SICARD);INSTALLUX;541I/4;Non;4,5;;;;;;;
Profil Alu;;RAIDISSEUR PR 541 ET 543;ARCELOR (BERTON SICARD);INSTALLUX;542;Non;6,5;;;;;;;
Profil Alu;;RAIDISSEUR PR 541 ET 543;ARCELOR (BERTON SICARD);INSTALLUX;542/4;Non;4,5;;;;;;;
Profil Alu;;TE DE FIXATION POUR 566;ARCELOR (BERTON SICARD);INSTALLUX;557;Non;1;;;;;;;
Profil Alu;;PIECE RECEPT ET CENTREUR;ARCELOR (BERTON SICARD);INSTALLUX;566;Non;1;;;;;;;
profil alu;;PORTE OLIVE GUIDE LAT CO;ARCELOR (BERTON SICARD);INSTALLUX;578;Non;1;;;;;;;
Profil Alu;;PROFIL/TOLE EP 2 MM;ARCELOR (BERTON SICARD);INSTALLUX;580;Non;6,5;;;;;;;
Profil Alu;;CONTREPLAQUE GU LATERAL;ARCELOR (BERTON SICARD);INSTALLUX;588;Non;2;;;;;;;
Profil Alu;;GUIDE A LA FERMETURE;ARCELOR (BERTON SICARD);INSTALLUX;595;Non;1;;;;;;;
profil alu;;PETITE TRAVERSE;ARCELOR (BERTON SICARD);INSTALLUX;597;Non;6,5;;;;;;;
profil alu;;TRAVERSE CINT.USIN.2250;ARCELOR (BERTON SICARD);INSTALLUX;597-C3-U;Non;1;;;;;;;
Profil Alu;EMBOUT;EMBOUT GOUTTE D EAU;ARCELOR (BERTON SICARD);INSTALLUX;602;Non;10;;;;;;;
Profil Alu;;LAME ‘Z’ 110X20;ARCELOR (BERTON SICARD);INSTALLUX;607;Non;6,5;;;;;;;
Profil Alu;;PETITE TRAVERSE;ARCELOR (BERTON SICARD);INSTALLUX;608;Non;6,5;;;;;;;
Profil Alu;;PROFIL DE BATTUE;ARCELOR (BERTON SICARD);INSTALLUX;610;Non;5;;;;;;;
Profil Alu;;LAME 100X20;ARCELOR (BERTON SICARD);INSTALLUX;611;Non;6,5;;;;;;;
Profil Alu;;BARREAU 100X20;ARCELOR (BERTON SICARD);INSTALLUX;612;Non;6,5;;;;;;;
Profil Alu;;LAME 200X20;ARCELOR (BERTON SICARD);INSTALLUX;613;Non;6,5;;;;;;;
Profil Alu;;TRAVERSE HAUTE;ARCELOR (BERTON SICARD);INSTALLUX;615;Non;6,5;;;;;;;
Profil Alu;;CHAPEAU GENDARME 1420;ARCELOR (BERTON SICARD);INSTALLUX;615/C1;Non;1;;;;;;;
Profil Alu;;CHAPEAU GENDARME 2000;ARCELOR (BERTON SICARD);INSTALLUX;615/C2;Non;1;;;;;;;
Profil Alu;;CHAPEAU GENDARME 2250;ARCELOR (BERTON SICARD);INSTALLUX;615/C3;Non;1;;;;;;;
Profil Alu;;CHAPEAU GENDARME 2600;ARCELOR (BERTON SICARD);INSTALLUX;615/C4;Non;1;;;;;;;
Profil Alu;;CACHE RAINURE;ARCELOR (BERTON SICARD);INSTALLUX;620;Non;6,5;;;;;;;
Profil Alu;;CACHE RAINURE;ARCELOR (BERTON SICARD);INSTALLUX;620/5;Non;5;;;;;;;
profil alu;;TRAVERSE INTERMEDIAIRE;ARCELOR (BERTON SICARD);INSTALLUX;621;Non;6,5;;;;;;;
Profil Alu;;CHAPEAU GENDARME 1420;ARCELOR (BERTON SICARD);INSTALLUX;621/C1;Non;1;;;;;;;
Profil Alu;;CHAPEAU GENDARME 2000;ARCELOR (BERTON SICARD);INSTALLUX;621/C2;Non;1;;;;;;;
profil alu;;CHAPEAU GENDARME 2250;ARCELOR (BERTON SICARD);INSTALLUX;621/C3;Non;1;;;;;;;
Profil Alu;;CHAPEAU GENDARME 2600;ARCELOR (BERTON SICARD);INSTALLUX;621/C4;Non;1;;;;;;;
Profil Alu;;TRAVERSE INTERMEDIAIRE;ARCELOR (BERTON SICARD);INSTALLUX;621/3;Non;3,2;;;;;;;
profil alu;;TRAVERSE BASSE;ARCELOR (BERTON SICARD);INSTALLUX;622;Non;6,5;;;;;;;
profil Alu;;TRAVERSE BASSE;ARCELOR (BERTON SICARD);INSTALLUX;622/3;Non;3,2;;;;;;;
Profil Alu;;POTEAU 3 DEPARTS;ARCELOR (BERTON SICARD);INSTALLUX;624/5;Non;5;;;;;;;
Profil Alu;;POTEAU DE CLOTURE;ARCELOR (BERTON SICARD);INSTALLUX;625;Non;6,5;;;;;;;
Profil Alu;;TRAVERSE DE CLOTURE;ARCELOR (BERTON SICARD);INSTALLUX;626;Non;6,5;;;;;;;
profil Alu;;1/2 TRAVERSE 30;ARCELOR (BERTON SICARD);INSTALLUX;627;Non;6,5;;;;;;;
Profil Alu;;1/2 TRAVERSE 30;ARCELOR (BERTON SICARD);INSTALLUX;627/3;Non;3,2;;;;;;;
Profil Alu;;1/2 TRAVERSE 60;ARCELOR (BERTON SICARD);INSTALLUX;628;Non;6,5;;;;;;;
Profil Alu;;1/2 TRAVERSE 60;ARCELOR (BERTON SICARD);INSTALLUX;628/3;Non;3,2;;;;;;;
Profil Alu;;MENEAU 80;ARCELOR (BERTON SICARD);INSTALLUX;629;Non;6,5;;;;;;;
Profil Alu;;MENEAU 80 CINTRE 2001;ARCELOR (BERTON SICARD);INSTALLUX;629/P3;Non;1;;;;;;;
Profil Alu;PARCLOSE;PARCLOSE REMPL. 2;ARCELOR (BERTON SICARD);INSTALLUX;630;Non;6,5;;;;;;;
Profil Alu;;CLOSOIR EXTREMITE;ARCELOR (BERTON SICARD);INSTALLUX;632;Non;6,5;;;;;;;
Profil Alu;;CLOSOIR EXTREMITE;ARCELOR (BERTON SICARD);INSTALLUX;632/3;Non;3,2;;;;;;;
profil alu;;TRAV. CLOTURE DBL CLIP.;ARCELOR (BERTON SICARD);INSTALLUX;633;Non;6,5;;;;;;;
Profil Alu;;BARREAU 20X20;ARCELOR (BERTON SICARD);INSTALLUX;635;Non;6,5;;;;;;;
Profil Alu;;BARREAU 20X20;ARCELOR (BERTON SICARD);INSTALLUX;635/5;Non;5;;;;;;;
Profil Alu;;FESTON NON USINE;ARCELOR (BERTON SICARD);INSTALLUX;638;Non;6,5;;;;;;;
Profil Alu;EMBOUT;EMBOUT /MONTANT 623;ARCELOR (BERTON SICARD);INSTALLUX;653;Non;4;;;;;;;
Profil Alu;EMBOUT;EMBOUT /POTEAU 624;ARCELOR (BERTON SICARD);INSTALLUX;654;Non;2;;;;;;;
Profil Alu;EMBOUT;EMBOUT /MONTANT 625;ARCELOR (BERTON SICARD);INSTALLUX;655;Non;2;;;;;;;
Profil Alu;;PAIRE VOLUTE INTER;ARCELOR (BERTON SICARD);INSTALLUX;663;Non;1;;;;;;;
Profil Alu;EMBOUT;EMBOUT FLEUR DE LYS;ARCELOR (BERTON SICARD);INSTALLUX;665;Non;10;;;;;;;
profil alu;EMBOUT;EMBOUT BOULE;ARCELOR (BERTON SICARD);INSTALLUX;666;Non;10;;;;;;;
Profil Alu;EMBOUT;EMBOUT FLECHE;ARCELOR (BERTON SICARD);INSTALLUX;667;Non;10;;;;;;;
Profil Alu;EMBOUT;EMBOUT ROND;ARCELOR (BERTON SICARD);INSTALLUX;668;Non;10;;;;;;;
Profil Alu;EMBOUT;EMBOUT DE LAME/612;ARCELOR (BERTON SICARD);INSTALLUX;669;Non;10;;;;;;;
Profil Alu;;BUTEE ARRET AU SOL;ARCELOR (BERTON SICARD);INSTALLUX;678;Non;1;;;;;;;
Profil Alu;;REGULATEUR DE PENTE;ARCELOR (BERTON SICARD);INSTALLUX;679;Non;1;;;;;;;
profil Alu;EMBOUT;EMBOUT FINITION /626/641;ARCELOR (BERTON SICARD);INSTALLUX;680;Non;2;;;;;;;
Profil Alu;EMBOUT;EMBOUT /622;ARCELOR (BERTON SICARD);INSTALLUX;683;Non;1;;;;;;;
profil alu;;PAIRE VOLUTE SUPERIEURE;ARCELOR (BERTON SICARD);INSTALLUX;688;Non;1;;;;;;;
profil Alu;;LIAISON 140/140;ARCELOR (BERTON SICARD);INSTALLUX;1011;Non;6;;;;;;;
Profil Alu;;BARREAU PORTILLON 140;ARCELOR (BERTON SICARD);INSTALLUX;1050;Non;6,5;;;;;;;
profil Alu;;POIGNEE BANDEAU;ARCELOR (BERTON SICARD);INSTALLUX;1103;Non;6;;;;;;;
Profil Alu;;POIGNEE BANDEAU LG:996MM;ARCELOR (BERTON SICARD);INSTALLUX;1103/1;Non;1;;;;;;;
Profil Alu;;LIAISON SECTION 50;ARCELOR (BERTON SICARD);INSTALLUX;5022;Non;6,5;;;;;;;
Profil Alu;;PROFIL LIAISON CAGES;ARCELOR (BERTON SICARD);INSTALLUX;5027;Non;6,5;;;;;;;
Profil Alu;;JONCTION RENFORCEE;ARCELOR (BERTON SICARD);INSTALLUX;5040;Non;6,5;;;;;;;
Profil Alu;;RAIDISSEUR 87X36;ARCELOR (BERTON SICARD);INSTALLUX;5041;Non;6,5;;;;;;;
Profil Alu;;RAIDISSEUR 65X36;ARCELOR (BERTON SICARD);INSTALLUX;5042;Non;6,5;;;;;;;
Profil Alu;PARCLOSE;PARCLOSE A VISSER;ARCELOR (BERTON SICARD);INSTALLUX;5048;Non;6,5;;;;;;;
Profil Alu;PARCLOSE;PARCLOSE A VISSER;ARCELOR (BERTON SICARD);INSTALLUX;5049;Non;6,5;;;;;;;
Profil Alu;PARCLOSE;PARCLOSE ANODISABLE CLIP;ARCELOR (BERTON SICARD);INSTALLUX;5050;Non;6,5;;;;;;;
Profil Alu;PARCLOSE;PARCLOSE CLIPABLE 8.5;ARCELOR (BERTON SICARD);INSTALLUX;5051;Non;6,5;;;;;;;
Profil Alu;PARCLOSE;PARCLOSE CLIP 8.5 LAQUEE;ARCELOR (BERTON SICARD);INSTALLUX;5051L;Non;6,5;;;;;;;
Profil Alu;PARCLOSE;PARCLOSE CLIPABLE 18.5;ARCELOR (BERTON SICARD);INSTALLUX;5053;Non;6,5;;;;;;;
Profil Alu;PARCLOSE;PARCLOSE CLIPABLE 23.5;ARCELOR (BERTON SICARD);INSTALLUX;5054;Non;6,5;;;;;;;
Profil Alu;Capot;CAPOT /5041/5042;ARCELOR (BERTON SICARD);INSTALLUX;5057;Non;6,5;;;;;;;
Profil Alu;;ELARGISSEUR DE FEUILLURE;ARCELOR (BERTON SICARD);INSTALLUX;5058;Non;6,5;;;;;;;
Profil Alu;;PROFIL DE DILATATION;ARCELOR (BERTON SICARD);INSTALLUX;5138;Non;6;;;;;;;
Profil Alu;;SEUIL PORTE;ARCELOR (BERTON SICARD);INSTALLUX;5144;Non;6,5;;;;;;;
Profil Alu;;SEUIL PORTE A BATTUE;ARCELOR (BERTON SICARD);INSTALLUX;5145;Non;6,5;;;;;;;
Profil Alu;;SEUIL PORTE 36.5MM;ARCELOR (BERTON SICARD);INSTALLUX;5146;Non;6;;;;;;;
Profil Alu;;SEUIL PTE VEC ALVEOV;ARCELOR (BERTON SICARD);INSTALLUX;5147;Non;6;;;;;;;
Profil Alu;;PRECADRE ISOLATION 135;ARCELOR (BERTON SICARD);INSTALLUX;5154;Non;6;;;;;;;
Profil Alu;;PRECADRE ISOLATION 160;ARCELOR (BERTON SICARD);INSTALLUX;5155;Non;6;;;;;;;
Profil Alu;;PRECADRE ISOLATION 100;ARCELOR (BERTON SICARD);INSTALLUX;5156;Non;6;;;;;;;
Profil Alu;;DORM.PRECADRE ISOL.100;ARCELOR (BERTON SICARD);INSTALLUX;5167TH;Non;6,5;;;;;;;
Profil Alu;;DORM.PRECADRE ISOL 100;ARCELOR (BERTON SICARD);INSTALLUX;5169TH;Non;6,5;;;;;;;
Profil Alu;;DORM. PRECADRE ISOL 120;ARCELOR (BERTON SICARD);INSTALLUX;5170TH;Non;6,5;;;;;;;
Profil Alu;;TAPEE 15;ARCELOR (BERTON SICARD);INSTALLUX;5190;Non;6;;;;;;;
Profil Alu;;TAPEE 25;ARCELOR (BERTON SICARD);INSTALLUX;5191;Non;6;;;;;;;
Profil Alu;;TAPEE 35;ARCELOR (BERTON SICARD);INSTALLUX;5192;Non;6;;;;;;;
Profil Alu;;TAPEE 45;ARCELOR (BERTON SICARD);INSTALLUX;5193;Non;6;;;;;;;
Profil Alu;;TAPEE 55;ARCELOR (BERTON SICARD);INSTALLUX;5194;Non;6;;;;;;;
Profil Alu;;TAPEE 65;ARCELOR (BERTON SICARD);INSTALLUX;5195;Non;6;;;;;;;
Profil Alu;;(*)DORMANT 50;ARCELOR (BERTON SICARD);INSTALLUX;5401TH;Non;6,5;;;;;;;
Profil Alu;;(*)DORM. A RECOUVREMENT;ARCELOR (BERTON SICARD);INSTALLUX;5402TH;Non;6,5;;;;;;;
Profil Alu;;DORMANT SS RECOUV. 64MM;ARCELOR (BERTON SICARD);INSTALLUX;5403TH;Non;6,5;;;;;;;
Profil Alu;;DORMANT 64;ARCELOR (BERTON SICARD);INSTALLUX;5404TH;Non;6,5;;;;;;;
Profil Alu;;(*)DORMANT 50;ARCELOR (BERTON SICARD);INSTALLUX;5405TH;Non;6,5;;;;;;;
Profil Alu;;(*)DORMANT 50;ARCELOR (BERTON SICARD);INSTALLUX;5406TH;Non;6,5;;;;;;;
Profil Alu;;DORMANT ITALIENNE;ARCELOR (BERTON SICARD);INSTALLUX;5407TH;Non;6,5;;;;;;;
Profil Alu;;DORM. ITALIERAPORTE;ARCELOR (BERTON SICARD);INSTALLUX;5408TH;Non;6,5;;;;;;;
Profil Alu;;DORM. INTEGRATIOMRID;ARCELOR (BERTON SICARD);INSTALLUX;5409TH;Non;6,5;;;;;;;
Profil Alu;;INVERSEUR DE FEUILLURE;ARCELOR (BERTON SICARD);INSTALLUX;5410TH;Non;6,5;;;;;;;
Profil Alu;;MENEAU 72;ARCELOR (BERTON SICARD);INSTALLUX;5411TH;Non;6,5;;;;;;;
Profil Alu;;MENEAU 168;ARCELOR (BERTON SICARD);INSTALLUX;5415TH;Non;6,5;;;;;;;
Profil Alu;;MENEAU RENFORCE 72;ARCELOR (BERTON SICARD);INSTALLUX;5416TH;Non;6,5;;;;;;;
Profil Alu;;MENEAU RENFORCE 99;ARCELOR (BERTON SICARD);INSTALLUX;5417TH;Non;6,5;;;;;;;
Profil Alu;;DORMANT 64;ARCELOR (BERTON SICARD);INSTALLUX;5418TH;Non;6,5;;;;;;;
Profil Alu;;DORMANT 64 A RECOUV.;ARCELOR (BERTON SICARD);INSTALLUX;5419TH;Non;6,5;;;;;;;
Profil Alu;;OUVRANT FRANCAISE 65;ARCELOR (BERTON SICARD);INSTALLUX;5421TH;Non;6,5;;;;;;;
Profil Alu;;OUVRANT FRANCAISE 79;ARCELOR (BERTON SICARD);INSTALLUX;5422TH;Non;6,5;;;;;;;
profil alu;;OUVRANT FRANCAISE 94;ARCELOR (BERTON SICARD);INSTALLUX;5423TH;Non;6,5;;;;;;;
Profil Alu;;OUVRANT FRANCAISE 65,5;ARCELOR (BERTON SICARD);INSTALLUX;5424TH;Non;6,5;;;;;;;
Profil Alu;;PROF.DORM. HT 63,8;ARCELOR (BERTON SICARD);INSTALLUX;5427TH;Non;6,5;;;;;;;
Profil Alu;;INTERM. BASCULANT;ARCELOR (BERTON SICARD);INSTALLUX;5428;Non;6,5;;;;;;;
Profil Alu;;OUVRANT ITALIEN. BASCUL;ARCELOR (BERTON SICARD);INSTALLUX;5429TH;Non;6,5;;;;;;;
Profil Alu;;MENEAU SIMPLE 129MM;ARCELOR (BERTON SICARD);INSTALLUX;5432TH;Non;6,5;;;;;;;
Profil Alu;;DORM. A RECOUVREMENT;ARCELOR (BERTON SICARD);INSTALLUX;5433TH;Non;6,5;;;;;;;
Profil Alu;;OUVRANT PROJECTION;ARCELOR (BERTON SICARD);INSTALLUX;5434TH;Non;6,5;;;;;;;
Profil Alu;;MENEAU RENFORCE LG 120MM;ARCELOR (BERTON SICARD);INSTALLUX;5435TH;Non;6,5;;;;;;;
Profil Alu;;DORMANT 100 MM CAGE EXT;ARCELOR (BERTON SICARD);INSTALLUX;5436TH;Non;6,5;;;;;;;
Profil Alu;;LIAISON 101,5/101,5RPT;ARCELOR (BERTON SICARD);INSTALLUX;5453TH;Non;6,5;;;;;;;
Profil Alu;;(*)DORM.SS RECOU.SS CAGE;ARCELOR (BERTON SICARD);INSTALLUX;5465TH;Non;6,5;;;;;;;
Profil Alu;;MENEAU RENFORT INTEGRE;ARCELOR (BERTON SICARD);INSTALLUX;5499TH;Non;6,5;;;;;;;
profil alu;;DORMANT A RECOUVREMENT;ARCELOR (BERTON SICARD);INSTALLUX;5502TH;Non;6,5;;;;;;;
Profil Alu;;DORMANT MIXTE FP/CAG.TOL;ARCELOR (BERTON SICARD);INSTALLUX;5505TH;Non;6,5;;;;;;;
Profil Alu;PARCLOSE;PARCLOSE ARRONDIE 3,5;ARCELOR (BERTON SICARD);INSTALLUX;5510;Non;6,5;;;;;;;
Profil Alu;PARCLOSE;PARCLOSE ARRONDIE 8.5;ARCELOR (BERTON SICARD);INSTALLUX;5511;Non;6,5;;;;;;;
Profil Alu;PARCLOSE;PARCLOSE ARRONDIE 23.5;ARCELOR (BERTON SICARD);INSTALLUX;5514;Non;6,5;;;;;;;
Profil Alu;PARCLOSE;PARCLOSE ARRONDIE 28,5;ARCELOR (BERTON SICARD);INSTALLUX;5515;Non;6,5;;;;;;;
Profil Alu;PARCLOSE;PARCLOSE MOULUREE 8.5;ARCELOR (BERTON SICARD);INSTALLUX;5517;Non;6,5;;;;;;;
Profil Alu;PARCLOSE;PARCLOSE MOULUREE 13.5;ARCELOR (BERTON SICARD);INSTALLUX;5518;Non;6,5;;;;;;;
Profil Alu;;*OUVRANT PORTE-FEUILLE;ARCELOR (BERTON SICARD);INSTALLUX;5618TH;Non;6,5;;;;;;;
Profil Alu;;*PROFIL DE JOINTEMENT;ARCELOR (BERTON SICARD);INSTALLUX;5622TH;Non;6,5;;;;;;;
Profil Alu;;*(PAUMELLE DEUX BRANCHES;ARCELOR (BERTON SICARD);INSTALLUX;5866;Non;2;;;;;;;
Profil Alu;;PAUMELLE 2 BRANCHES;ARCELOR (BERTON SICARD);INSTALLUX;5866N;Non;2;;;;;;;
Profil Alu;;2 DEPARTS 50X55;ARCELOR (BERTON SICARD);INSTALLUX;5900;Non;6;;;;;;;
Profil Alu;;2 DEPARTS 50X28;ARCELOR (BERTON SICARD);INSTALLUX;5901;Non;6;;;;;;;
Profil Alu;;SEUIL TRADI;ARCELOR (BERTON SICARD);INSTALLUX;5903;Non;6,5;;;;;;;
Profil Alu;;MENEAU RENFORCE 55;ARCELOR (BERTON SICARD);INSTALLUX;5905;Non;6;;;;;;;
Profil Alu;;MENEAU RENFORCE 28;ARCELOR (BERTON SICARD);INSTALLUX;5906;Non;6;;;;;;;
Profil Alu;;FEUILLURE RAPPORTEE;ARCELOR (BERTON SICARD);INSTALLUX;5910;Non;6;;;;;;;
Profil Alu;;(*)DORMANT 50 A CAGE;ARCELOR (BERTON SICARD);INSTALLUX;5911;Non;6;;;;;;;
Profil Alu;;(*)DORM.AVEC RECOUVREMEN;ARCELOR (BERTON SICARD);INSTALLUX;5912;Non;6;;;;;;;
Profil Alu;;(*)DORMANT 50 SANS CAGE;ARCELOR (BERTON SICARD);INSTALLUX;5913;Non;6;;;;;;;
Profil Alu;;INVERSEUR DE FEUILLURE;ARCELOR (BERTON SICARD);INSTALLUX;5920;Non;6;;;;;;;
Profil Alu;;DORMANT HT 64 A CAGE;ARCELOR (BERTON SICARD);INSTALLUX;5921;Non;6;;;;;;;
Profil Alu;;DORMANT 64 SANS CAGE;ARCELOR (BERTON SICARD);INSTALLUX;5923;Non;6;;;;;;;
Profil Alu;;DORMANT 128MM;ARCELOR (BERTON SICARD);INSTALLUX;5924;Non;6,5;;;;;;;
Profil Alu;;MENEAU 99;ARCELOR (BERTON SICARD);INSTALLUX;5930;Non;6;;;;;;;
Profil Alu;;MENEAU SIMPLE 72;ARCELOR (BERTON SICARD);INSTALLUX;5931;Non;6;;;;;;;
Profil Alu;;MENEAU RENFORCE 99;ARCELOR (BERTON SICARD);INSTALLUX;5935;Non;6;;;;;;;
Profil Alu;;MENEAU RENFORCE 72;ARCELOR (BERTON SICARD);INSTALLUX;5936;Non;6;;;;;;;
Profil Alu;;MENEAU 168;ARCELOR (BERTON SICARD);INSTALLUX;5939;Non;6;;;;;;;
Profil Alu;;MENEAU 168X50-1M;ARCELOR (BERTON SICARD);INSTALLUX;5939/1;Non;1;;;;;;;
Profil Alu;;OUVRANT FRANC. 65.5;ARCELOR (BERTON SICARD);INSTALLUX;5941;Non;6;;;;;;;
Profil Alu;;OUVRANT FRANC. 79;ARCELOR (BERTON SICARD);INSTALLUX;5942;Non;6;;;;;;;
Profil Alu;;OUVRANT FRANCAISE 94;ARCELOR (BERTON SICARD);INSTALLUX;5943;Non;6;;;;;;;
Profil Alu;;BATTUE RAPORT. VA/VIENT;ARCELOR (BERTON SICARD);INSTALLUX;5971;Non;6;;;;;;;
Profil Alu;;BATTUE RAPPORTEE;ARCELOR (BERTON SICARD);INSTALLUX;5972;Non;6;;;;;;;
Profil Alu;;CLOSOIR FEUILLURE;ARCELOR (BERTON SICARD);INSTALLUX;5978;Non;6;;;;;;;
Profil Alu;;CLOSOIR 50;ARCELOR (BERTON SICARD);INSTALLUX;5979;Non;6;;;;;;;
Profil Alu;;DORMANT 50 CAGE CLIP/TOL;ARCELOR (BERTON SICARD);INSTALLUX;5980;Non;6,5;;;;;;;
Profil Alu;;DORMANT A RECOUVREMENT;ARCELOR (BERTON SICARD);INSTALLUX;5981;Non;6,5;;;;;;;
Profil Alu;;DORMANT 50 SANS CAGE;ARCELOR (BERTON SICARD);INSTALLUX;5982;Non;6,5;;;;;;;
Profil Alu;;PROFIL CACHE CAGE A TOLE;ARCELOR (BERTON SICARD);INSTALLUX;6596;Non;6,5;;;;;;;
Profil Alu;;LIAISON COUVRE JOINT;ARCELOR (BERTON SICARD);INSTALLUX;6598/4;Non;4,6;;;;;;;
Profil Alu;;REJET OU RECUP. D’EAU;ARCELOR (BERTON SICARD);INSTALLUX;6621;Non;6,5;;;;;;;
Profil Alu;;JET D’EAU;ARCELOR (BERTON SICARD);INSTALLUX;6622;Non;6,5;;;;;;;
Profil Alu;;REJET D’EAU A CLIPER;ARCELOR (BERTON SICARD);INSTALLUX;6623;Non;6,5;;;;;;;
Profil Alu;;RECUPERATEUR EAU CLIPE;ARCELOR (BERTON SICARD);INSTALLUX;6624;Non;6,5;;;;;;;
Profil Alu;;BANDEAU VENTOUSE ELCTRMG;ARCELOR (BERTON SICARD);INSTALLUX;6625/4;Non;4,6;;;;;;;
Profil Alu;;RENFORT BANDEAU /6625;ARCELOR (BERTON SICARD);INSTALLUX;6626/4;Non;4,6;;;;;;;
Profil Alu;;MOULURE RUSTIQUE;ARCELOR (BERTON SICARD);INSTALLUX;6631;Non;6,5;;;;;;;
Profil Alu;;RECUPERATEUR EAU;ARCELOR (BERTON SICARD);INSTALLUX;6635;Non;6,5;;;;;;;
Profil Alu;;COUVRE JOINT RECUP.;ARCELOR (BERTON SICARD);INSTALLUX;6636;Non;6,5;;;;;;;
Profil Alu;Bavette;BAVETTE 40;ARCELOR (BERTON SICARD);INSTALLUX;6640;Non;6,5;;;;;;;
Profil Alu;Bavette;BAVETTE 60;ARCELOR (BERTON SICARD);INSTALLUX;6641;Non;6,5;;;;;;;
Profil Alu;Bavette;BAVETTE 80;ARCELOR (BERTON SICARD);INSTALLUX;6642;Non;6,5;;;;;;;
Profil Alu;Bavette;BAVETTE 100;ARCELOR (BERTON SICARD);INSTALLUX;6643;Non;6,5;;;;;;;
Profil Alu;Bavette;BAVETTE 120;ARCELOR (BERTON SICARD);INSTALLUX;6644;Non;6,5;;;;;;;
profil alu;Bavette;BAVETTE 150;ARCELOR (BERTON SICARD);INSTALLUX;6645;Non;6,5;;;;;;;
Profil Alu;EMBOUT;EMBOUT DE BAVETTE LG:1M;ARCELOR (BERTON SICARD);INSTALLUX;6647/1;Non;1;;;;;;;
Profil Alu;Bavette;BAVETTE TUBUL.100MM RJD;ARCELOR (BERTON SICARD);INSTALLUX;6648;Non;6,5;;;;;;;
Profil Alu;Bavette;BAVETTE TUBUL. 100MM RJA;ARCELOR (BERTON SICARD);INSTALLUX;6649;Non;6,5;;;;;;;
Profil Alu;;COUVRE PIECE APPUI EXT.;ARCELOR (BERTON SICARD);INSTALLUX;6650;Non;6,5;;;;;;;
Profil Alu;;OUVRANT MOUSTIQUAIRE.;ARCELOR (BERTON SICARD);INSTALLUX;6801;Non;6,5;;;;;;;
Profil Alu;;DORMANT MOUSTI CAGES;ARCELOR (BERTON SICARD);INSTALLUX;6804;Non;6,5;;;;;;;
Profil Alu;Capot;CAPOT OGIVE 150;ARCELOR (BERTON SICARD);INSTALLUX;6959;Non;6,5;;;;;;;
Profil Alu;;DORM.PERI.RENOV.MENUISER;ARCELOR (BERTON SICARD);INSTALLUX;6973;Non;6,5;;;;;;;
Profil Alu;Capot;INTERCALAIRE CAPOT OGIVE;ARCELOR (BERTON SICARD);INSTALLUX;6975;Non;6,5;;;;;;;
Profil Alu;;PROFIL TUBULAIRE;ARCELOR (BERTON SICARD);INSTALLUX;6976;Non;6,5;;;;;;;
Profil Alu;EMBOUT;EMBOUT /6960;ARCELOR (BERTON SICARD);INSTALLUX;6982;Non;1;;;;;;;
Profil Alu;;CACHE RAINURE;ARCELOR (BERTON SICARD);INSTALLUX;7014;Non;6,5;;;;;;;
Profil Alu;;POTEAU 150° 75;ARCELOR (BERTON SICARD);INSTALLUX;7016/4TH;Non;4,8;;;;;;;
Profil Alu;;POTEAU 150° 75;ARCELOR (BERTON SICARD);INSTALLUX;7016TH;Non;6,5;;;;;;;
Profil Alu;;POTEAU 150° 120;ARCELOR (BERTON SICARD);INSTALLUX;7017/4TH;Non;4,8;;;;;;;
Profil Alu;;POTEAU 150° 120;ARCELOR (BERTON SICARD);INSTALLUX;7017TH;Non;6,5;;;;;;;
Profil Alu;Chevron;ASSEMBLAGE CHEVRON;ARCELOR (BERTON SICARD);INSTALLUX;7027;Non;3;;;;;;;
Profil Alu;;REPRISE ARTICULATION;ARCELOR (BERTON SICARD);INSTALLUX;7028;Non;6,5;;;;;;;
Profil Alu;Capot;CAPOT DE RIVE 94 MM;ARCELOR (BERTON SICARD);INSTALLUX;7038;Non;6,5;;;;;;;
Profil Alu;;CACHE ARTICULATION;ARCELOR (BERTON SICARD);INSTALLUX;7039;Non;6,5;;;;;;;
Profil Alu;;OBTURATEUR 16;ARCELOR (BERTON SICARD);INSTALLUX;7042;Non;6,5;;;;;;;
Profil Alu;;OBTURATEUR 25;ARCELOR (BERTON SICARD);INSTALLUX;7044;Non;6,5;;;;;;;
Profil Alu;;PROFIL /EQUERRAGE 7020TH;ARCELOR (BERTON SICARD);INSTALLUX;7046;Non;3;;;;;;;
Profil Alu;Chevron;ASSEMBLAGE CHEVRON;ARCELOR (BERTON SICARD);INSTALLUX;7047;Non;3;;;;;;;
Profil Alu;Faitiere;FINITION FAITIERE 106 MM;ARCELOR (BERTON SICARD);INSTALLUX;7049;Non;6,5;;;;;;;
Profil Alu;;LIAISO65X31;ARCELOR (BERTON SICARD);INSTALLUX;7054TH;Non;6,5;;;;;;;
Profil Alu;;JONCTION IMPOSTE 110X31;ARCELOR (BERTON SICARD);INSTALLUX;7056TH;Non;6,5;;;;;;;
Profil Alu;;OBTURATEUR 55MM;ARCELOR (BERTON SICARD);INSTALLUX;7108;Non;6,5;;;;;;;
Profil Alu;;PROFIL LIAISON 135° 120;ARCELOR (BERTON SICARD);INSTALLUX;7127/4TH;Non;4,8;;;;;;;
Profil Alu;;PROFIL LIAISO135° 120;ARCELOR (BERTON SICARD);INSTALLUX;7127TH;Non;6,5;;;;;;;
Profil Alu;Cheneau;SABLIERE VR INTEGRE;ARCELOR (BERTON SICARD);INSTALLUX;7130/3TH;Non;3,25;;;;;;;
Profil Alu;Capot;ACCROCHE BAS DE CAPOT;ARCELOR (BERTON SICARD);INSTALLUX;7133;Non;6,5;;;;;;;
Profil Alu;;COULISSE VOLET ROULANT;ARCELOR (BERTON SICARD);INSTALLUX;7134;Non;6,5;;;;;;;
Profil Alu;;PASSE FILS BUTEE ARRIERE;ARCELOR (BERTON SICARD);INSTALLUX;7135;Non;6,5;;;;;;;
Profil Alu;;DORM. CHASSIS TOITURE;ARCELOR (BERTON SICARD);INSTALLUX;7150TH;Non;6,5;;;;;;;
Profil Alu;;OUVR. CACHE CHASSIS TOIT;ARCELOR (BERTON SICARD);INSTALLUX;7151;Non;6,5;;;;;;;
Profil Alu;;POTEAU ANGLE 90° 65X75;ARCELOR (BERTON SICARD);INSTALLUX;7152/4TH;Non;4,8;;;;;;;
Profil Alu;;POTEAU ANGLE 90° 65X75;ARCELOR (BERTON SICARD);INSTALLUX;7152TH;Non;6,5;;;;;;;
Profil Alu;;LAME FINALE VOLET ROULAN;ARCELOR (BERTON SICARD);INSTALLUX;7153;Non;6,5;;;;;;;
Profil Alu;;TRAVERSE INTERMEDIAIRE;ARCELOR (BERTON SICARD);INSTALLUX;7208;Non;6,5;;;;;;;
Profil Alu;Capot;CAPOT 84;ARCELOR (BERTON SICARD);INSTALLUX;7210;Non;6,5;;;;;;;
Profil Alu;Capot;CAPOT 94;ARCELOR (BERTON SICARD);INSTALLUX;7211;Non;6,5;;;;;;;
Profil Alu;Capot;CAPOT 94;ARCELOR (BERTON SICARD);INSTALLUX;7211/4;Non;4,7;;;;;;;
Profil Alu;Capot;CAPOT DE RIVE 84;ARCELOR (BERTON SICARD);INSTALLUX;7212;Non;6,5;;;;;;;
Profil Alu;Capot;*CAPOT DECALE P.THERMOT.;ARCELOR (BERTON SICARD);INSTALLUX;7214;Non;6,5;;;;;;;
Profil Alu;PARCLOSE;PARCLOSE REMPL.09/13;ARCELOR (BERTON SICARD);INSTALLUX;7215;Non;6,5;;;;;;;
Profil Alu;PARCLOSE;PARCLOSE REMPL.16/20;ARCELOR (BERTON SICARD);INSTALLUX;7216;Non;6,5;;;;;;;
Profil Alu;PARCLOSE;PARCLOSE REMPL.23/27;ARCELOR (BERTON SICARD);INSTALLUX;7217;Non;6,5;;;;;;;
Profil Alu;PARCLOSE;PARCLOSE REMPL.51/55;ARCELOR (BERTON SICARD);INSTALLUX;7219;Non;6,5;;;;;;;
Profil Alu;Faitiere;FINITION FAITIERE 106 MM;ARCELOR (BERTON SICARD);INSTALLUX;7049;Non;6,5;;;;;;;
Profil Alu;;EPINE RPTH 100 MM;ARCELOR (BERTON SICARD);INSTALLUX;7300/4TH;Non;4,7;;;;;;;
Profil Alu;;EPINE RPTH 100 MM;ARCELOR (BERTON SICARD);INSTALLUX;7300TH-1;Non;6,5;;;;;;;
Profil Alu;;EPINE RPTH 120;ARCELOR (BERTON SICARD);INSTALLUX;7301/4TH;Non;4,7;;;;;;;
Profil Alu;;EPINE RPTH 120;ARCELOR (BERTON SICARD);INSTALLUX;7301TH;Non;6,5;;;;;;;
Profil Alu;;EPINE TUBUL.;ARCELOR (BERTON SICARD);INSTALLUX;7302;Non;6,5;;;;;;;
Profil Alu;;CHEVRORIVE 100;ARCELOR (BERTON SICARD);INSTALLUX;7307;Non;6,5;;;;;;;
Profil Alu;;SEUIL RALLONGE;ARCELOR (BERTON SICARD);INSTALLUX;7323TH;Non;6,5;;;;;;;
profil alu;;EPINE TUBULAIRE REM=55MM;ARCELOR (BERTON SICARD);INSTALLUX;7324/4TH;Non;4,7;;;;;;;
Profil Alu;;EPINE TUBULAIRE REM=55MM;ARCELOR (BERTON SICARD);INSTALLUX;7324TH;Non;6,5;;;;;;;
Profil Alu;;PROFIL DE RIVE REM=55MM;ARCELOR (BERTON SICARD);INSTALLUX;7325TH;Non;6,5;;;;;;;
Profil Alu;;ARETIER TUBUL.RPTH 150;ARCELOR (BERTON SICARD);INSTALLUX;7330TH;Non;6,5;;;;;;;
Profil Alu;;(*)POUTRE PRINCIPALE;ARCELOR (BERTON SICARD);INSTALLUX;7600/4;Non;4,5;;;;;;;
Profil Alu;;(*)POUTRE PRINCIPALE;ARCELOR (BERTON SICARD);INSTALLUX;7600/7;Non;7;;;;;;;
Profil Alu;;*TRAVERSE INTERM. 210;ARCELOR (BERTON SICARD);INSTALLUX;7602/4A;Non;4;;;;;;;
Profil Alu;REHAUSSE;REHAUSSE 23,5;ARCELOR (BERTON SICARD);INSTALLUX;672;Non;1;;;;;;;
Profil Alu;GACHE+REHAUSSE;GACHE+REHAUSSE PTL 1VT;ARCELOR (BERTON SICARD);INSTALLUX;691;Non;1;;;;;;;
Profil Alu;GACHE+REHAUSSE;GACHE+REHAUSSE PTL 1VT;ARCELOR (BERTON SICARD);INSTALLUX;691;Non;1;;;;;;;
Profil Alu;Cheneau;SABLIERE CHENEAU 138MM;ARCELOR (BERTON SICARD);INSTALLUX;7607/4TH;Non;4,5;;;;;;;
Profil Alu;Cheneau;SABLIERE CHENEAU 138MM;ARCELOR (BERTON SICARD);INSTALLUX;7607TH;Non;6,5;;;;;;;
Profil Alu;;(*)SUP.MEMB ETANCH.HAUT;ARCELOR (BERTON SICARD);INSTALLUX;7612;Non;6,5;;;;;;;
profil alu;;(*)SUP.MEMB ETANCH.BAS;ARCELOR (BERTON SICARD);INSTALLUX;7616;Non;6,5;;;;;;;
Profil Alu;Cheneau;(*)PROF BARDAGE CHENEAU;ARCELOR (BERTON SICARD);INSTALLUX;7618;Non;6,5;;;;;;;
Profil Alu;;PROFILE FIXATIOBARDAGE;ARCELOR (BERTON SICARD);INSTALLUX;7619;Non;6,5;;;;;;;
Profil Alu;;CHEVROMOULURE 230 MM;ARCELOR (BERTON SICARD);INSTALLUX;7622;Non;6,5;;;;;;;
Profil Alu;PATTE;PATTE REPRISE REHAUSSE;ARCELOR (BERTON SICARD);INSTALLUX;7085;Non;10;;;;;;;
Profil Alu;;CHEVRO106MM;ARCELOR (BERTON SICARD);INSTALLUX;7624/4;Non;4,7;;;;;;;
Profil Alu;Capot;CAPOT CLIPPE 31;ARCELOR (BERTON SICARD);INSTALLUX;7625;Non;6,5;;;;;;;
Profil Alu;Capot;CAPOT VISSE 31;ARCELOR (BERTON SICARD);INSTALLUX;7626/4;Non;4,7;;;;;;;
Profil Alu;Bavette;(*)BAVETTE ETANCHEITE;ARCELOR (BERTON SICARD);INSTALLUX;7627;Non;6,5;;;;;;;
Profil Alu;Cheneau;CHENEAU 230;ARCELOR (BERTON SICARD);INSTALLUX;7628;Non;6,5;;;;;;;
Profil Alu;Cheneau;CHENEAU 230;ARCELOR (BERTON SICARD);INSTALLUX;7628/4;Non;4;;;;;;;
Profil Alu;;(*)COFFRE VOLET ROUL 257;ARCELOR (BERTON SICARD);INSTALLUX;7629;Non;6,5;;;;;;;
Profil Alu;;DEMI ARETIER ARTICULE;ARCELOR (BERTON SICARD);INSTALLUX;7633;Non;6,5;;;;;;;
Profil Alu;;SUP PVC ARETIER ARTICULE;ARCELOR (BERTON SICARD);INSTALLUX;7634;Non;6,5;;;;;;;
Profil Alu;;CHEVRODE RIVE;ARCELOR (BERTON SICARD);INSTALLUX;7635TH;Non;6,5;;;;;;;
Profil Alu;;(*)REPRISE ARTICULATION;ARCELOR (BERTON SICARD);INSTALLUX;7636;Non;6,5;;;;;;;
Profil Alu;;CHEVRORIVE 105 MM;ARCELOR (BERTON SICARD);INSTALLUX;7637TH;Non;6,5;;;;;;;
Profil Alu;Faitiere;FINITION FAITIERE 106 MM;ARCELOR (BERTON SICARD);INSTALLUX;7049;Non;6,5;;;;;;;
Profil Alu;Faitiere;FINITION FAITIERE 106 MM;ARCELOR (BERTON SICARD);INSTALLUX;7049;Non;6,5;;;;;;;
Profil Alu;;SUPPORT BORDE VR;ARCELOR (BERTON SICARD);INSTALLUX;7644;Non;6,5;;;;;;;
Profil Alu;Faitiere;FINITION FAITIERE 106 MM;ARCELOR (BERTON SICARD);INSTALLUX;7049;Non;6,5;;;;;;;
Profil Alu;;OBTURATEUR;ARCELOR (BERTON SICARD);INSTALLUX;7646/4;Non;4,7;;;;;;;
Profil Alu;PATTE;PATTE REPRISE REHAUSSE;ARCELOR (BERTON SICARD);INSTALLUX;7085;Non;10;;;;;;;
Profil Alu;Chevron;CHEVRON 156MM;ARCELOR (BERTON SICARD);INSTALLUX;7649;Non;6,5;;;;;;;
Profil Alu;ECLISSE;ECLISSE REHAUSSE / 7229;ARCELOR (BERTON SICARD);INSTALLUX;7086;Non;4;;;;;;;
Profil Alu;ECLISSE;ECLISSE REHAUSSE / 7229;ARCELOR (BERTON SICARD);INSTALLUX;7086;Non;4;;;;;;;
Profil Alu;Faitiere;FINITION FAITIERE 106 MM;ARCELOR (BERTON SICARD);INSTALLUX;7049;Non;6,5;;;;;;;
Profil Alu;Chevron;CHEVRON 106MM SEMI RENF;ARCELOR (BERTON SICARD);INSTALLUX;7653;Non;6,5;;;;;;;
Profil Alu;Chevron;CHEVRON 106MM SEMI RENF;ARCELOR (BERTON SICARD);INSTALLUX;7653/4;Non;4;;;;;;;
Profil Alu;;TRAVERSE INTERM TUB;ARCELOR (BERTON SICARD);INSTALLUX;7655/4;Non;4,7;;;;;;;
Profil Alu;;SUPPORT BORDE;ARCELOR (BERTON SICARD);INSTALLUX;7657;Non;6,5;;;;;;;
Profil Alu;;ARTICULA BORDEE DRAINEE;ARCELOR (BERTON SICARD);INSTALLUX;7658THP;Non;6,5;;;;;;;
Profil Alu;;CACHE ARTICULATION;ARCELOR (BERTON SICARD);INSTALLUX;7659;Non;6,5;;;;;;;
Profil Alu;Chevron;CHEVRON 106MM RENFORCE;ARCELOR (BERTON SICARD);INSTALLUX;7661;Non;6,5;;;;;;;
Profil Alu;Chevron;CHEVRON 106MM RENFORCE;ARCELOR (BERTON SICARD);INSTALLUX;7661/4;Non;4,7;;;;;;;
Profil Alu;;ARETIER MOULURE 160MM;ARCELOR (BERTON SICARD);INSTALLUX;7662;Non;6,5;;;;;;;
Profil Alu;;ARETIER MOULURE 160MM;ARCELOR (BERTON SICARD);INSTALLUX;7662/4;Non;4,7;;;;;;;
profil alu;;ARET MOUL 180 SS CAGE;ARCELOR (BERTON SICARD);INSTALLUX;7663;Non;6,5;;;;;;;
Profil Alu;Capot;CAPOT TRAVERSE INTERM;ARCELOR (BERTON SICARD);INSTALLUX;7664/4;Non;4,7;;;;;;;
Profil Alu;;PROFIL NOUE;ARCELOR (BERTON SICARD);INSTALLUX;7665;Non;6,5;;;;;;;
Profil Alu;;PROFIL NOUE;ARCELOR (BERTON SICARD);INSTALLUX;7665/4;Non;4,7;;;;;;;
Profil Alu;;(*)PROFIL DE LIAISON;ARCELOR (BERTON SICARD);INSTALLUX;7668TH;Non;6,5;;;;;;;
Profil Alu;;ADAPTATEUR POUTRE BOIS;ARCELOR (BERTON SICARD);INSTALLUX;7673;Non;6,5;;;;;;;
Profil Alu;;ARTICULATION NOUE;ARCELOR (BERTON SICARD);INSTALLUX;7674;Non;6,5;;;;;;;
Profil Alu;;PROFIL DE FINITION;ARCELOR (BERTON SICARD);INSTALLUX;7679;Non;6,5;;;;;;;
Profil Alu;;(*)POTEAU 180°;ARCELOR (BERTON SICARD);INSTALLUX;7680TH;Non;6,5;;;;;;;
Profil Alu;;(*)POTEAU 90° RENTRANT;ARCELOR (BERTON SICARD);INSTALLUX;7681TH;Non;6,5;;;;;;;
Profil Alu;;(*)POTEAU 90° SORTANT;ARCELOR (BERTON SICARD);INSTALLUX;7682TH;Non;6,5;;;;;;;
Profil Alu;;(*)POTEAU 150°;ARCELOR (BERTON SICARD);INSTALLUX;7683TH;Non;6,5;;;;;;;
Profil Alu;;(*)POTEAU 135°;ARCELOR (BERTON SICARD);INSTALLUX;7684TH;Non;6,5;;;;;;;
profil alu;;(*)ASS QUEUE DE BILLARD;ARCELOR (BERTON SICARD);INSTALLUX;7687;Non;6,5;;;;;;;
Profil Alu;;ARTICULATIOCHEVRO156;ARCELOR (BERTON SICARD);INSTALLUX;7690;Non;6,5;;;;;;;
Profil Alu;;CHEVRORIVE 70;ARCELOR (BERTON SICARD);INSTALLUX;7691TH;Non;6,5;;;;;;;
Profil Alu;TUBE;TUBE DIAM 16X1,5 /7751;ARCELOR (BERTON SICARD);INSTALLUX;7766;Non;6;;;;;;;
Profil Alu;Capot;CAPOT MOULURE VR;ARCELOR (BERTON SICARD);INSTALLUX;7785;Non;6,5;;;;;;;
Profil Alu;Capot;CAPOT MOULURE VR LG 4M;ARCELOR (BERTON SICARD);INSTALLUX;7785/4;Non;4;;;;;;;
Profil Alu;Chevron;CHEVRON MOULUREE 66MM;ARCELOR (BERTON SICARD);INSTALLUX;7795;Non;6,5;;;;;;;
Profil Alu;Capot;CAPOT VISSE 39;ARCELOR (BERTON SICARD);INSTALLUX;7816/4;Non;4,7;;;;;;;
Profil Alu;Capot;CAPOT VISSE 39;ARCELOR (BERTON SICARD);INSTALLUX;7816/4M;Non;4;;;;;;;
Profil Alu;Capot;CAPOT CLIPPE 39;ARCELOR (BERTON SICARD);INSTALLUX;7817;Non;6,5;;;;;;;
Profil Alu;Capot;CAPOT CLIPPE 39 DECALE;ARCELOR (BERTON SICARD);INSTALLUX;7818;Non;6,5;;;;;;;
Profil Alu;Capot;CAPOT DECALE A VISSER;ARCELOR (BERTON SICARD);INSTALLUX;7820;Non;6,5;;;;;;;
Profil Alu;;(*)SUPPORT 90° COUL VR;ARCELOR (BERTON SICARD);INSTALLUX;7824;Non;6,5;;;;;;;
Profil Alu;;ARETIER MOULURE 126;ARCELOR (BERTON SICARD);INSTALLUX;7828;Non;6,5;;;;;;;
Profil Alu;Capot;CAPOT CLIPPE 36;ARCELOR (BERTON SICARD);INSTALLUX;7835;Non;6,5;;;;;;;
Profil Alu;Capot;CAPOT VISSE 36;ARCELOR (BERTON SICARD);INSTALLUX;7836/4;Non;4,7;;;;;;;
Profil Alu;;TRAVERSE 116MM;ARCELOR (BERTON SICARD);INSTALLUX;8101;Non;6,5;;;;;;;
Profil Alu;;TRAVERSE 157MM;ARCELOR (BERTON SICARD);INSTALLUX;8102;Non;6,5;;;;;;;
Profil Alu;Capot;CAPOT 16MM L=60MM;ARCELOR (BERTON SICARD);INSTALLUX;8103;Non;6,5;;;;;;;
Profil Alu;;SERREUR PERFORE;ARCELOR (BERTON SICARD);INSTALLUX;8104;Non;6,5;;;;;;;
Profil Alu;;PROFIL SERREUR 60MM;ARCELOR (BERTON SICARD);INSTALLUX;8104P;Non;6,5;;;;;;;
Profil Alu;Capot;CAPOT DE 20MM L60MM;ARCELOR (BERTON SICARD);INSTALLUX;8105;Non;6,5;;;;;;;
Profil Alu;;MONTANT 60X158MM;ARCELOR (BERTON SICARD);INSTALLUX;8106;Non;6,5;;;;;;;
Profil Alu;;TRAVERSE 168MM;ARCELOR (BERTON SICARD);INSTALLUX;8108;Non;6,5;;;;;;;
Profil Alu;;MONTANT 60X170MM;ARCELOR (BERTON SICARD);INSTALLUX;8110;Non;6,5;;;;;;;
MONTANT;;MONTANT 73X54;ARCELOR (BERTON SICARD);INSTALLUX;8179;Non;6,5;;;;;;;
MONTANT;;MONTANT 100X54;ARCELOR (BERTON SICARD);INSTALLUX;8181;Non;6,5;;;;;;;
Profil Alu;;MONTANT 150X54;ARCELOR (BERTON SICARD);INSTALLUX;8183;Non;6,5;;;;;;;
Profil Alu;;TRAVERSE 53X54;ARCELOR (BERTON SICARD);INSTALLUX;8187;Non;6,5;;;;;;;
Profil Alu;Capot;CAPOT EXT.46 ARRONDI;ARCELOR (BERTON SICARD);INSTALLUX;8198;Non;6,5;;;;;;;
Profil Alu;;SERREUR PERFORE;ARCELOR (BERTON SICARD);INSTALLUX;8199;Non;6,5;;;;;;;
*PARCLOSE;PARCLOSE;*PARCLOSE 9;ARCELOR (BERTON SICARD);INSTALLUX;8200;Non;6,5;;;;;;;
PARCLOSE;PARCLOSE;PARCLOSE 18;ARCELOR (BERTON SICARD);INSTALLUX;8201;Non;6,5;;;;;;;
Profil Alu;Capot;CAPOT OGIVE 89.5;ARCELOR (BERTON SICARD);INSTALLUX;8205;Non;6,5;;;;;;;
Profil Alu;Capot;CAPOT OGIVE 70;ARCELOR (BERTON SICARD);INSTALLUX;8213;Non;6,5;;;;;;;
Profil Alu;Capot;CAPOT EN H;ARCELOR (BERTON SICARD);INSTALLUX;8289;Non;6,5;;;;;;;
Profil Alu;;"PROFIL SERREUR;L=70MM";ARCELOR (BERTON SICARD);INSTALLUX;8290P;Non;6,5;;;;;;;
Profil Alu;Capot;CAPOT 16;ARCELOR (BERTON SICARD);INSTALLUX;8291;Non;6,5;;;;;;;
Profil Alu;Capot;CAPOT 20;ARCELOR (BERTON SICARD);INSTALLUX;8292;Non;6,5;;;;;;;
Profil Alu;Capot;CAPOT SERREUR;ARCELOR (BERTON SICARD);INSTALLUX;8293;Non;6,5;;;;;;;
Profil Alu;Capot;CAPOT SERREUR;ARCELOR (BERTON SICARD);INSTALLUX;8294;Non;6,5;;;;;;;
Profil Alu;;SERREUR DRAINAGE PREPERC;ARCELOR (BERTON SICARD);INSTALLUX;8299;Non;6,5;;;;;;;
profil alu;;SERREUR 70 PERFORE DRAIN;ARCELOR (BERTON SICARD);INSTALLUX;8390;Non;6,5;;;;;;;
Profil Alu;;MONTANT 31;ARCELOR (BERTON SICARD);INSTALLUX;8500;Non;6,5;;;;;;;
Profil Alu;;MONTANT 58;ARCELOR (BERTON SICARD);INSTALLUX;8501;Non;6,5;;;;;;;
Profil Alu;;MONTANT 78;ARCELOR (BERTON SICARD);INSTALLUX;8502;Non;6,5;;;;;;;
Profil Alu;;MONTANT 98;ARCELOR (BERTON SICARD);INSTALLUX;8503;Non;6,5;;;;;;;
Profil Alu;;MONTANT 118;ARCELOR (BERTON SICARD);INSTALLUX;8504;Non;6,5;;;;;;;
Profil Alu;;MONTANT 138;ARCELOR (BERTON SICARD);INSTALLUX;8505;Non;6,5;;;;;;;
Profil Alu;;MONTANT 158;ARCELOR (BERTON SICARD);INSTALLUX;8506;Non;6,5;;;;;;;
Profil Alu;;MONTANT 178;ARCELOR (BERTON SICARD);INSTALLUX;8507;Non;6,5;;;;;;;
Profil Alu;;MONTANT 198;ARCELOR (BERTON SICARD);INSTALLUX;8508;Non;6,5;;;;;;;
Profil Alu;;MONTANT 218;ARCELOR (BERTON SICARD);INSTALLUX;8509;Non;6,5;;;;;;;
Profil Alu;;MONTANT 238;ARCELOR (BERTON SICARD);INSTALLUX;8510;Non;6,5;;;;;;;
TRAVERSE;;TRAVERSE 31;ARCELOR (BERTON SICARD);INSTALLUX;8511;Non;6,5;;;;;;;
Profil Alu;;TRAVERSE 58;ARCELOR (BERTON SICARD);INSTALLUX;8512;Non;6,5;;;;;;;
Profil Alu;;TRAVERSE 78;ARCELOR (BERTON SICARD);INSTALLUX;8513;Non;6,5;;;;;;;
Profil Alu;;TRAVERSE 98;ARCELOR (BERTON SICARD);INSTALLUX;8514;Non;6,5;;;;;;;
Profil Alu;;TRAVERSE 118;ARCELOR (BERTON SICARD);INSTALLUX;8515;Non;6,5;;;;;;;
Profil Alu;;TRAVERSE 138;ARCELOR (BERTON SICARD);INSTALLUX;8516;Non;6,5;;;;;;;
Profil Alu;;"MONTANT H=31; L=70MM";ARCELOR (BERTON SICARD);INSTALLUX;8518;Non;6,5;;;;;;;
Profil Alu;;MONTANT DE 218MM;ARCELOR (BERTON SICARD);INSTALLUX;8519;Non;6,5;;;;;;;
Profil Alu;;POTEAU D’ANGLE;ARCELOR (BERTON SICARD);INSTALLUX;8520;Non;6,5;;;;;;;
Profil Alu;;PROFIL DE DILATATION A98;ARCELOR (BERTON SICARD);INSTALLUX;8521;Non;6,5;;;;;;;
Profil Alu;;PROFIL DE DILATATION B98;ARCELOR (BERTON SICARD);INSTALLUX;8522;Non;6,5;;;;;;;
Profil Alu;;PROFIL DE DILATATION 118;ARCELOR (BERTON SICARD);INSTALLUX;8523;Non;6,5;;;;;;;
Profil Alu;;PROFIL DE DILATATION 118;ARCELOR (BERTON SICARD);INSTALLUX;8524;Non;6,5;;;;;;;
Profil Alu;;PROFIL DE DILATATION 138;ARCELOR (BERTON SICARD);INSTALLUX;8525;Non;6,5;;;;;;;
profil alu;PARCLOSE;PARCLOSE 10;ARCELOR (BERTON SICARD);INSTALLUX;8535;Non;6,5;;;;;;;
Profil Alu;PARCLOSE;PARCLOSE 20;ARCELOR (BERTON SICARD);INSTALLUX;8536;Non;6,5;;;;;;;
Profil Alu;PARCLOSE;PARCLOSE 30;ARCELOR (BERTON SICARD);INSTALLUX;8537;Non;6,5;;;;;;;
Profil Alu;;SERREUR VERRIERE;ARCELOR (BERTON SICARD);INSTALLUX;8541;Non;6,5;;;;;;;
Profil Alu;;PROFIL ADAPTATION;ARCELOR (BERTON SICARD);INSTALLUX;8542;Non;6,5;;;;;;;
Profil Alu;;OUVRANT ITALIENNE DESIGN;ARCELOR (BERTON SICARD);INSTALLUX;8556;Non;6,5;;;;;;;
Profil Alu;;DORMANT ITALIENNE DESIGN;ARCELOR (BERTON SICARD);INSTALLUX;8557;Non;6,5;;;;;;;
Profil Alu;;SERREUR PRE-PERC;ARCELOR (BERTON SICARD);INSTALLUX;8565P;Non;6,3;;;;;;;
Profil Alu;;REDUCTEUR MONTANT 30MM;ARCELOR (BERTON SICARD);INSTALLUX;8568;Non;6,5;;;;;;;
Profil Alu;;RENFORT MONTANT 8569;ARCELOR (BERTON SICARD);INSTALLUX;8571;Non;6,5;;;;;;;
Profil Alu;;REDUCTEUR MONTANT 20MM;ARCELOR (BERTON SICARD);INSTALLUX;8573;Non;6,5;;;;;;;
Profil Alu;;REDUCTEUR MONTANT 10MM;ARCELOR (BERTON SICARD);INSTALLUX;8574;Non;6,5;;;;;;;
Profil Alu;;OUVRANT POMPIER;ARCELOR (BERTON SICARD);INSTALLUX;8670;Non;6,5;;;;;;;
Profil Alu;;DORMANT POMPIER;ARCELOR (BERTON SICARD);INSTALLUX;8671;Non;6,5;;;;;;;
Profil Alu;;CADRE FIXE OUVRANT 24;ARCELOR (BERTON SICARD);INSTALLUX;8803;Non;6;;;;;;;
Profil Alu;;TRAVERSE;ARCELOR (BERTON SICARD);INSTALLUX;8810;Non;6;;;;;;;
profil alu;;TRAVERSE RENFORCEE;ARCELOR (BERTON SICARD);INSTALLUX;8811;Non;6;;;;;;;
Profil Alu;;MONTANT 116X72.5;ARCELOR (BERTON SICARD);INSTALLUX;8813;Non;6,5;;;;;;;
Profil Alu;;MONTANT 93,5X72,5;ARCELOR (BERTON SICARD);INSTALLUX;8814;Non;6,5;;;;;;;
Profil Alu;;MONTANT 82X72.5;ARCELOR (BERTON SICARD);INSTALLUX;8815;Non;6,5;;;;;;;
Profil Alu;;DEMI TRAVERSE RENFORCEE;ARCELOR (BERTON SICARD);INSTALLUX;8822;Non;6;;;;;;;
Profil Alu;;DEMI MONTANT 54,5X42,7;ARCELOR (BERTON SICARD);INSTALLUX;8823;Non;6,5;;;;;;;
Profil Alu;PARCLOSE;PARCLOSE 27;ARCELOR (BERTON SICARD);INSTALLUX;8830;Non;6;;;;;;;
Profil Alu;PARCLOSE;PARCLOSE RIVETER;ARCELOR (BERTON SICARD);INSTALLUX;8842;Non;6,5;;;;;;;
Profil Alu;;CADRE OUVRANT RPTH;ARCELOR (BERTON SICARD);INSTALLUX;8843TH;Non;6,5;;;;;;;
Profil Alu;;CADRE OUV VEC TH BL;ARCELOR (BERTON SICARD);INSTALLUX;8844;Non;6,5;;;;;;;
Profil Alu;;DEMI MONTANT 116MM;ARCELOR (BERTON SICARD);INSTALLUX;8853;Non;6,5;;;;;;;
Profil Alu;PARCLOSE;PARCLOSE VEP VITRAGE=43;ARCELOR (BERTON SICARD);INSTALLUX;8873;Non;6,5;;;;;;;
Profil Alu;;CHICANE RAPPORTEE;ARCELOR (BERTON SICARD);INSTALLUX;9002;Non;6,5;;;;;;;
Profil Alu;Bavette;BAVETTE 40;ARCELOR (BERTON SICARD);INSTALLUX;9130;Non;6,5;;;;;;;
Profil Alu;Bavette;BAVETTE 60;ARCELOR (BERTON SICARD);INSTALLUX;9131;Non;6,5;;;;;;;
Profil Alu;Bavette;BAVETTE 80;ARCELOR (BERTON SICARD);INSTALLUX;9132;Non;6,5;;;;;;;
Profil Alu;Bavette;BAVETTE 150;ARCELOR (BERTON SICARD);INSTALLUX;9133;Non;6,5;;;;;;;
Profil Alu;;COUVRE JOINT 70;ARCELOR (BERTON SICARD);INSTALLUX;9142;Non;6,5;;;;;;;
Profil Alu;;COUVRE JOINT 50;ARCELOR (BERTON SICARD);INSTALLUX;9143;Non;6,5;;;;;;;
Profil Alu;;COUVRE JOINT 35;ARCELOR (BERTON SICARD);INSTALLUX;9145;Non;6,5;;;;;;;
Profil Alu;Bavette;BAVETTE 100;ARCELOR (BERTON SICARD);INSTALLUX;9146;Non;6,5;;;;;;;
Profil Alu;Bavette;BAVETTE 120;ARCELOR (BERTON SICARD);INSTALLUX;9147;Non;6,5;;;;;;;
Profil Alu;;COUVRE JOINT 20;ARCELOR (BERTON SICARD);INSTALLUX;9148;Non;6,5;;;;;;;
Profil Alu;;COUVRE JOINT 50;ARCELOR (BERTON SICARD);INSTALLUX;9154;Non;6,5;;;;;;;
Profil Alu;;COUVRE PIECE APPUI EXT.;ARCELOR (BERTON SICARD);INSTALLUX;9155;Non;6,5;;;;;;;
Profil Alu;;COUVRE JOINT 35MM TOLE;ARCELOR (BERTON SICARD);INSTALLUX;9156;Non;6,5;;;;;;;
Profil Alu;;COUVRE JOINT 70MM TOLE;ARCELOR (BERTON SICARD);INSTALLUX;9157;Non;6,5;;;;;;;
profil alu;;COUVRE JOINT 35 MOULURE;ARCELOR (BERTON SICARD);INSTALLUX;9162;Non;6,5;;;;;;;
profil alu;;COUVRE JOINT 50 MM;ARCELOR (BERTON SICARD);INSTALLUX;9163;Non;6,5;;;;;;;
profil alu;;COUVRE JOINT 70;ARCELOR (BERTON SICARD);INSTALLUX;9174;Non;6,5;;;;;;;
profil alu;;MONTANT EXT. SIMPLE;ARCELOR (BERTON SICARD);INSTALLUX;9190;Non;6,5;;;;;;;
profil alu;;MONTANT EXT. SIMPLE;ARCELOR (BERTON SICARD);INSTALLUX;9190/4;Non;4,6;;;;;;;
Profil Alu;;MONTANT EXT. RENFORCE;ARCELOR (BERTON SICARD);INSTALLUX;9191;Non;6,5;;;;;;;
Profil Alu;;MONTANT EXT. RENFORCE;ARCELOR (BERTON SICARD);INSTALLUX;9191/4;Non;4,6;;;;;;;
Profil Alu;;MONTANT CROIS. SIMPLE;ARCELOR (BERTON SICARD);INSTALLUX;9192;Non;6,5;;;;;;;
Profil Alu;;MONTANT CROIS. SIMPLE;ARCELOR (BERTON SICARD);INSTALLUX;9192/4;Non;4,6;;;;;;;
profil alu;;MONTANT CROIS. RENFORCE;ARCELOR (BERTON SICARD);INSTALLUX;9194;Non;6,5;;;;;;;
Profil Alu;;MONTANT CROIS. RENFORCE;ARCELOR (BERTON SICARD);INSTALLUX;9194/4;Non;4,6;;;;;;;
Profil Alu;;TRAVERSE HAUTE ET BASSE;ARCELOR (BERTON SICARD);INSTALLUX;9195;Non;6,5;;;;;;;
Profil Alu;;TRAVERSE INTERMEDIAIRE;ARCELOR (BERTON SICARD);INSTALLUX;9196;Non;6,5;;;;;;;
Profil Alu;;MONTANT EXT. SIMPLE;ARCELOR (BERTON SICARD);INSTALLUX;9290/4TH;Non;4,6;;;;;;;
Profil Alu;;MONTANT EXT. SIMPLE;ARCELOR (BERTON SICARD);INSTALLUX;9290TH;Non;6,5;;;;;;;
Profil Alu;;MONTANT LAT. RENFORCE;ARCELOR (BERTON SICARD);INSTALLUX;9291/4TH;Non;4,6;;;;;;;
Profil Alu;;MONTANT LAT. RENFORCE;ARCELOR (BERTON SICARD);INSTALLUX;9291TH;Non;6,5;;;;;;;
Profil Alu;;MONTANT CROIS. SIMPLE;ARCELOR (BERTON SICARD);INSTALLUX;9292/4TH;Non;4,6;;;;;;;
Profil Alu;;MONTANT CROIS. SIMPLE;ARCELOR (BERTON SICARD);INSTALLUX;9292TH;Non;6,5;;;;;;;
Profil Alu;;MONTANT CROIS. RENFORCE;ARCELOR (BERTON SICARD);INSTALLUX;9294/4TH;Non;4,6;;;;;;;
Profil Alu;;MONTANT CROIS. RENFORCE;ARCELOR (BERTON SICARD);INSTALLUX;9294TH;Non;6,5;;;;;;;
Profil Alu;;TRAVERSE INTERMEDIAIRE;ARCELOR (BERTON SICARD);INSTALLUX;9296TH;Non;6,5;;;;;;;
Profil Alu;;DORM. PERIPH.2 RAILS O;ARCELOR (BERTON SICARD);INSTALLUX;9303;Non;6,5;;;;;;;
Profil Alu;;DORM. PERIPH.2 RAILS O;ARCELOR (BERTON SICARD);INSTALLUX;9304;Non;6,5;;;;;;;
Profil Alu;;DORM. PERI.2 RAILS O CJ;ARCELOR (BERTON SICARD);INSTALLUX;9305;Non;6,5;;;;;;;
Profil Alu;;DORM. PERIPH.2 RAILS O;ARCELOR (BERTON SICARD);INSTALLUX;9309;Non;6,5;;;;;;;
Profil Alu;;DORM. PERIPH.3 RAILS O;ARCELOR (BERTON SICARD);INSTALLUX;9317;Non;6,5;;;;;;;
Profil Alu;;DORM. PERIPH.3 RAILS O;ARCELOR (BERTON SICARD);INSTALLUX;9319;Non;6,5;;;;;;;
Profil Alu;;DORM. RAPPORTE 2 RAILS O;ARCELOR (BERTON SICARD);INSTALLUX;9323;Non;6,5;;;;;;;
Profil Alu;;DORMANT GALANDAGE;ARCELOR (BERTON SICARD);INSTALLUX;9333;Non;6,5;;;;;;;
Profil Alu;Capot;CAPOT INT GALANDAGE;ARCELOR (BERTON SICARD);INSTALLUX;9334;Non;6,5;;;;;;;
Profil Alu;Capot;CAPOT INT COUPE GAL;ARCELOR (BERTON SICARD);INSTALLUX;9335;Non;6,5;;;;;;;
Profil Alu;;SUP. CHICANE RAPPORTE;ARCELOR (BERTON SICARD);INSTALLUX;9336;Non;6,5;;;;;;;
Profil Alu;Capot;CAPOT CHICANE RAPPORTEE;ARCELOR (BERTON SICARD);INSTALLUX;9337;Non;6,5;;;;;;;
Profil Alu;;CHICANE RAPPORTEE;ARCELOR (BERTON SICARD);INSTALLUX;9338;Non;6,5;;;;;;;
Profil Alu;;CLOSOIR INT GAL 2 RAILS;ARCELOR (BERTON SICARD);INSTALLUX;9339;Non;6,5;;;;;;;
Profil Alu;Capot;SUPPORT CAPOT POUR GAL;ARCELOR (BERTON SICARD);INSTALLUX;9343;Non;6,5;;;;;;;
Profil Alu;Capot;CAPOT EXT POUR COULISSE;ARCELOR (BERTON SICARD);INSTALLUX;9348;Non;6,5;;;;;;;
Profil Alu;Capot;*CAPOT EXTERIEUR 40°;ARCELOR (BERTON SICARD);INSTALLUX;9354;Non;6,5;;;;;;;
Profil Alu;;DORM.MONORAIL GORGE CLIP;ARCELOR (BERTON SICARD);INSTALLUX;9356TH;Non;6,5;;;;;;;
Profil Alu;;DORMANT MONORAIL DROIT;ARCELOR (BERTON SICARD);INSTALLUX;9357TH;Non;6,5;;;;;;;
Profil Alu;;DORM. PERIPH.2 RAILS O;ARCELOR (BERTON SICARD);INSTALLUX;9359TH;Non;6,5;;;;;;;
Profil Alu;;DORM. PERIPH.2 RAILS O;ARCELOR (BERTON SICARD);INSTALLUX;9363TH;Non;6,5;;;;;;;
Profil Alu;;DORM. PERIPH.2 RAILS O;ARCELOR (BERTON SICARD);INSTALLUX;9364TH;Non;6,5;;;;;;;
Profil Alu;;DORM. PERIP.2RAILS OCJ;ARCELOR (BERTON SICARD);INSTALLUX;9365TH;Non;6,5;;;;;;;
Profil Alu;;DORMANT MOUSTIQUAIRE;ARCELOR (BERTON SICARD);INSTALLUX;9366TH;Non;6,5;;;;;;;
Profil Alu;;DORM. RAPP. 2 RAILS O.;ARCELOR (BERTON SICARD);INSTALLUX;9367TH;Non;6,5;;;;;;;
Profil Alu;;DORM. PERIPH. 2 R MIXTE;ARCELOR (BERTON SICARD);INSTALLUX;9368TH;Non;6,5;;;;;;;
Profil Alu;;DORM. PERIPH.3 RAILS O;ARCELOR (BERTON SICARD);INSTALLUX;9371TH;Non;6,5;;;;;;;
Profil Alu;;DORM. PERIPH.3 RAILS O;ARCELOR (BERTON SICARD);INSTALLUX;9373TH;Non;6,5;;;;;;;
Profil Alu;;DORM. PERIPH.3 R MIXTE;ARCELOR (BERTON SICARD);INSTALLUX;9374TH;Non;6,5;;;;;;;
Profil Alu;;DORMANT GAL 1 RAIL;ARCELOR (BERTON SICARD);INSTALLUX;9375TH;Non;6,5;;;;;;;
Profil Alu;;DORMANT GAL 2 RAILS;ARCELOR (BERTON SICARD);INSTALLUX;9376TH;Non;6,5;;;;;;;
Profil Alu;;DORMANT GAL 2 RAILS 80MM;ARCELOR (BERTON SICARD);INSTALLUX;9377TH;Non;6,5;;;;;;;
Profil Alu;;CLOSOIR DORM. MONORAIL;ARCELOR (BERTON SICARD);INSTALLUX;9390;Non;6,5;;;;;;;
Profil Alu;;CLOSOIR INT. HORIZONTAL;ARCELOR (BERTON SICARD);INSTALLUX;9391;Non;6,5;;;;;;;
Profil Alu;;CLOSOIR INT. VERTICAL;ARCELOR (BERTON SICARD);INSTALLUX;9392;Non;6,5;;;;;;;
Profil Alu;;REJET D’EAU-MONORAIL;ARCELOR (BERTON SICARD);INSTALLUX;9393;Non;6,5;;;;;;;
Profil Alu;;RAIL HAUT RAPPORTE;ARCELOR (BERTON SICARD);INSTALLUX;9394;Non;6,5;;;;;;;
Profil Alu;;SUPPORT ETROIT EXT GAL;ARCELOR (BERTON SICARD);INSTALLUX;9396;Non;6,5;;;;;;;
Profil Alu;;PROFIL DE FINITION INT;ARCELOR (BERTON SICARD);INSTALLUX;9397;Non;6,5;;;;;;;
Profil Alu;;KIT CUVETTE SIMPLE 45°;ARCELOR (BERTON SICARD);INSTALLUX;9934;Non;1;;;;;;;
Profil Alu;;KIT CUVETTE DOUBLE 45°;ARCELOR (BERTON SICARD);INSTALLUX;9935;Non;1;;;;;;;
Profil Alu;;KIT CUVETTE DB CLE 45°;ARCELOR (BERTON SICARD);INSTALLUX;9936;Non;1;;;;;;;
Profil Alu;;KIT CUV SIMPLE AUTO45;ARCELOR (BERTON SICARD);INSTALLUX;9937;Non;1;;;;;;;
Profil Alu;;BARREAU 60X20;ARCELOR (BERTON SICARD);INSTALLUX;121001;Non;6,5;;;;;;;
Profil Alu;;LAME 340X20;ARCELOR (BERTON SICARD);INSTALLUX;121007;Non;4,5;;;;;;;
Profil Alu;;BARREAU 200X20;ARCELOR (BERTON SICARD);INSTALLUX;121008;Non;6,5;;;;;;;
Profil Alu;;LAME 20X20MM CARRE;ARCELOR (BERTON SICARD);INSTALLUX;121009;Non;6,5;;;;;;;
Profil Alu;;LAME 100X20MM;ARCELOR (BERTON SICARD);INSTALLUX;121014;Non;6,5;;;;;;;
Profil Alu;;LAME 100MM AVEC ALVEO;ARCELOR (BERTON SICARD);INSTALLUX;121018;Non;6,5;;;;;;;
Profil Alu;;LAME 170X20MM;ARCELOR (BERTON SICARD);INSTALLUX;121027;Non;3,5;;;;;;;
Profil Alu;;DORMANT CAGE A TOLE;ARCELOR (BERTON SICARD);INSTALLUX;410000;Non;6,5;;;;;;;
Profil Alu;;DORMANT A FOND PLAT;ARCELOR (BERTON SICARD);INSTALLUX;410001;Non;6,5;;;;;;;
Profil Alu;;DORMANT A RECOUVREMENT;ARCELOR (BERTON SICARD);INSTALLUX;410002;Non;6,5;;;;;;;
Profil Alu;;DORMANT CAGE A TOLE PF;ARCELOR (BERTON SICARD);INSTALLUX;410003;Non;6,5;;;;;;;
Profil Alu;;DORMANT A RECOUVREMENT;ARCELOR (BERTON SICARD);INSTALLUX;410004;Non;6,5;;;;;;;
Profil Alu;;DORMANT FOND PLAT GC;ARCELOR (BERTON SICARD);INSTALLUX;410005;Non;6,5;;;;;;;
Profil Alu;;DORMANT A L’ITALIENNE;ARCELOR (BERTON SICARD);INSTALLUX;410006;Non;6,5;;;;;;;
Profil Alu;;INVERSEUR DE FEUILLURE;ARCELOR (BERTON SICARD);INSTALLUX;410007;Non;6,5;;;;;;;
Profil Alu;;DORMANT DE RENOVATION;ARCELOR (BERTON SICARD);INSTALLUX;410009;Non;6,5;;;;;;;
Profil Alu;;PROFIL OUV ITALIENNE;ARCELOR (BERTON SICARD);INSTALLUX;410010;Non;6,5;;;;;;;
Profil Alu;;INVERS. FEUILLURE ITAL;ARCELOR (BERTON SICARD);INSTALLUX;410011;Non;6,5;;;;;;;
Profil Alu;;DORMANT RECOUVR.TAP 100;ARCELOR (BERTON SICARD);INSTALLUX;410015;Non;6,5;;;;;;;
Profil Alu;;PROFIL RECOUVR.TAP 120;ARCELOR (BERTON SICARD);INSTALLUX;410016;Non;6,5;;;;;;;
Profil Alu;;TRAVERSE OUVRANT;ARCELOR (BERTON SICARD);INSTALLUX;410030;Non;6,5;;;;;;;
Profil Alu;;MENEAU 71.5 MM;ARCELOR (BERTON SICARD);INSTALLUX;410031;Non;6,5;;;;;;;
Profil Alu;;MENEAU 71.5 MM.;ARCELOR (BERTON SICARD);INSTALLUX;410031/1;Non;1;;;;;;;
Profil Alu;;MENEAU RENFORCE 71.5 MM;ARCELOR (BERTON SICARD);INSTALLUX;410032;Non;6,5;;;;;;;
Profil Alu;;MENEAU 117 MM;ARCELOR (BERTON SICARD);INSTALLUX;410033;Non;6,5;;;;;;;
Profil Alu;;MENEAU RENFORCE 117 MM;ARCELOR (BERTON SICARD);INSTALLUX;410034;Non;6,5;;;;;;;
Profil Alu;;MENEAU 168 MM;ARCELOR (BERTON SICARD);INSTALLUX;410036;Non;6,5;;;;;;;
Profil Alu;;MENEAU RENFORCE 117 MM;ARCELOR (BERTON SICARD);INSTALLUX;410037;Non;6,5;;;;;;;
Profil Alu;;OUVRANT FRANCAISE CHAN.;ARCELOR (BERTON SICARD);INSTALLUX;410040;Non;6,5;;;;;;;
Profil Alu;;OUVRANT FRANCAISE CHAN.;ARCELOR (BERTON SICARD);INSTALLUX;410041;Non;6,5;;;;;;;
Profil Alu;;OUVRANT FRANCAISE DROIT;ARCELOR (BERTON SICARD);INSTALLUX;410042;Non;6,5;;;;;;;
Profil Alu;;OUVRANT FRANCAISE DROIT;ARCELOR (BERTON SICARD);INSTALLUX;410043;Non;6,5;;;;;;;
Profil Alu;;OUVRANT PF A LA FRAN.;ARCELOR (BERTON SICARD);INSTALLUX;410044;Non;6,5;;;;;;;
Profil Alu;;OUVR. PF FRANCAISE;ARCELOR (BERTON SICARD);INSTALLUX;410044N;Non;6,5;;;;;;;
Profil Alu;;OUVRANT PF;ARCELOR (BERTON SICARD);INSTALLUX;410046;Non;6,5;;;;;;;
Profil Alu;;DORMANT PLAT INT;ARCELOR (BERTON SICARD);INSTALLUX;410049;Non;6,5;;;;;;;
Profil Alu;;DORMANT 124MM;ARCELOR (BERTON SICARD);INSTALLUX;410050;Non;6,5;;;;;;;
Profil Alu;;MONTANT FIXE MONORAIL;ARCELOR (BERTON SICARD);INSTALLUX;410051;Non;6,5;;;;;;;
Profil Alu;;DORMANT ITE DRAIN.DIRECT;ARCELOR (BERTON SICARD);INSTALLUX;410054;Non;6,5;;;;;;;
Profil Alu;;PROFIL DE LIAISO180°;ARCELOR (BERTON SICARD);INSTALLUX;410060;Non;6,5;;;;;;;
Profil Alu;;PROFIL DE LIAISO135°;ARCELOR (BERTON SICARD);INSTALLUX;410061;Non;6,5;;;;;;;
Profil Alu;;PROFIL DE LIAISO90°;ARCELOR (BERTON SICARD);INSTALLUX;410062;Non;6,5;;;;;;;
Profil Alu;;PROFIL DE LIAISON VAR.;ARCELOR (BERTON SICARD);INSTALLUX;410063;Non;6,5;;;;;;;
profil alu;;DORMANT ITE;ARCELOR (BERTON SICARD);INSTALLUX;410065;Non;6,5;;;;;;;
Profil Alu;;DORMANT DRAINAGE DIRECT;ARCELOR (BERTON SICARD);INSTALLUX;410066;Non;6,5;;;;;;;
Profil Alu;;PROFIL DE LIAISON;ARCELOR (BERTON SICARD);INSTALLUX;410067;Non;6,5;;;;;;;
Profil Alu;;OUVRANT CAGE DE 16;ARCELOR (BERTON SICARD);INSTALLUX;410068;Non;6,5;;;;;;;
Profil Alu;;PROFIL DE DILATATION;ARCELOR (BERTON SICARD);INSTALLUX;410070;Non;6,5;;;;;;;
Profil Alu;;DORMANT HT 57MM;ARCELOR (BERTON SICARD);INSTALLUX;410072;Non;6,5;;;;;;;
profil Alu;;JONCTION 3 RAILS;ARCELOR (BERTON SICARD);INSTALLUX;410073;Non;6,5;;;;;;;
Profil Alu;;MENEAU 84 MM;ARCELOR (BERTON SICARD);INSTALLUX;410074;Non;6,5;;;;;;;
profil Alu;;DORMANT D’INTEGRATION;ARCELOR (BERTON SICARD);INSTALLUX;410076;Non;6,5;;;;;;;
profil Alu;;OUVRANT FRANC.AFFLEURANT;ARCELOR (BERTON SICARD);INSTALLUX;410080;Non;6,5;;;;;;;
profil Alu;;OUVRANT FRANC.AFFLEUR.SF;ARCELOR (BERTON SICARD);INSTALLUX;410081;Non;6,5;;;;;;;
profil Alu;;DORMANT CAGE A TOLE OC;ARCELOR (BERTON SICARD);INSTALLUX;413000;Non;6,5;;;;;;;
Profil Alu;;DORMANT PLAT OC;ARCELOR (BERTON SICARD);INSTALLUX;413001;Non;6,5;;;;;;;
Profil Alu;;DORMANT A RECOUVREMENT;ARCELOR (BERTON SICARD);INSTALLUX;413002;Non;6,5;;;;;;;
Profil Alu;;DORMANT HAUT CC OC;ARCELOR (BERTON SICARD);INSTALLUX;413003;Non;6,5;;;;;;;
Profil Alu;;DORMANT OC70 CAGE A TOLE;ARCELOR (BERTON SICARD);INSTALLUX;413004;Non;6,5;;;;;;;
Profil Alu;;DORMANT RENO OC;ARCELOR (BERTON SICARD);INSTALLUX;413009;Non;6,5;;;;;;;
Profil Alu;;DORMANT TAPEE INT 120;ARCELOR (BERTON SICARD);INSTALLUX;413016;Non;6,5;;;;;;;
Profil Alu;;TRAVERSE OUVRANT;ARCELOR (BERTON SICARD);INSTALLUX;413030;Non;6,5;;;;;;;
Profil Alu;;TRAVERSE DT OC 70 109MM;ARCELOR (BERTON SICARD);INSTALLUX;413031;Non;6,5;;;;;;;
Profil Alu;;MENEAU RENFORCE 109.5 MM;ARCELOR (BERTON SICARD);INSTALLUX;413032;Non;6,5;;;;;;;
profil alu;;MENEAU 155 MM;ARCELOR (BERTON SICARD);INSTALLUX;413033;Non;6,5;;;;;;;
Profil Alu;;TRAVERSE OUVRANT 72MM;ARCELOR (BERTON SICARD);INSTALLUX;413035;Non;6,5;;;;;;;
Profil Alu;;MENEAU 206 MM;ARCELOR (BERTON SICARD);INSTALLUX;413036;Non;6,5;;;;;;;
profil alu;;MENEAU ASYMETRIQUE 90.5;ARCELOR (BERTON SICARD);INSTALLUX;413037;Non;6,5;;;;;;;
Profil Alu;;MENEAU ASYMETRIQUE 80;ARCELOR (BERTON SICARD);INSTALLUX;413038;Non;6,5;;;;;;;
Profil Alu;;TRAVERSE DT OC 70 109MM;ARCELOR (BERTON SICARD);INSTALLUX;413039;Non;6,5;;;;;;;
Profil Alu;;DORMANT CD BAS 120 OC;ARCELOR (BERTON SICARD);INSTALLUX;413051;Non;6,5;;;;;;;
Profil Alu;;DORMANT CD TRAV. HT 120;ARCELOR (BERTON SICARD);INSTALLUX;413053;Non;6,5;;;;;;;
Profil Alu;;DORMANT CD MONT.120 OC;ARCELOR (BERTON SICARD);INSTALLUX;413057;Non;6,5;;;;;;;
Profil Alu;;DORMANT RENOVATION SPE;ARCELOR (BERTON SICARD);INSTALLUX;413058;Non;6,5;;;;;;;
Profil Alu;;DORMANT CD BAS 160 OC;ARCELOR (BERTON SICARD);INSTALLUX;413059;Non;6,5;;;;;;;
Profil Alu;;DORMANT CD HT 160MM OC;ARCELOR (BERTON SICARD);INSTALLUX;413060;Non;6,5;;;;;;;
Profil Alu;;DORMANT CD LAT. 160 MM;ARCELOR (BERTON SICARD);INSTALLUX;413061;Non;6,5;;;;;;;
Profil Alu;;DORMANT ITE OC OC;ARCELOR (BERTON SICARD);INSTALLUX;413065;Non;6,5;;;;;;;
Profil Alu;;DORMANT DRAIN.DIR.OC;ARCELOR (BERTON SICARD);INSTALLUX;413066;Non;6,5;;;;;;;
Profil Alu;;MONTANT SERRURE;ARCELOR (BERTON SICARD);INSTALLUX;413070;Non;6,5;;;;;;;
Profil Alu;;DORMANT CD MT 100MM;ARCELOR (BERTON SICARD);INSTALLUX;413071;Non;6,5;;;;;;;
Profil Alu;;DORMANT CD HT 100MM;ARCELOR (BERTON SICARD);INSTALLUX;413072;Non;6,5;;;;;;;
Profil Alu;;DORMANT CD BAS 100MM;ARCELOR (BERTON SICARD);INSTALLUX;413073;Non;6,5;;;;;;;
Profil Alu;;DORMANT CD LAT 180MM;ARCELOR (BERTON SICARD);INSTALLUX;413074;Non;6,5;;;;;;;
Profil Alu;;DORMANT CD HT 180MM;ARCELOR (BERTON SICARD);INSTALLUX;413075;Non;6,5;;;;;;;
Profil Alu;;DORMANT CD BAS 180MM;ARCELOR (BERTON SICARD);INSTALLUX;413076;Non;6,5;;;;;;;
Profil Alu;;DORMANT DE HT: 200MM;ARCELOR (BERTON SICARD);INSTALLUX;413078;Non;6,5;;;;;;;
profil alu;;DORMANT A RECOUVREMENT;ARCELOR (BERTON SICARD);INSTALLUX;413079;Non;6,5;;;;;;;
profil alu;;MONTANT SEMI-FIXE;ARCELOR (BERTON SICARD);INSTALLUX;413080;Non;6,5;;;;;;;
profil alu;;DORMANT 83 CAGE A TOLE;ARCELOR (BERTON SICARD);INSTALLUX;413083;Non;6,5;;;;;;;
profil alu;;DORMANT D’INTEGRATION;ARCELOR (BERTON SICARD);INSTALLUX;413085;Non;6,5;;;;;;;
Profil Alu;;DORM.FON.PLAT DRAI.CACHE;ARCELOR (BERTON SICARD);INSTALLUX;413090;Non;6,5;;;;;;;
Profil Alu;;DORM.FON.PLAT DRAI.DIREC;ARCELOR (BERTON SICARD);INSTALLUX;413091;Non;6,5;;;;;;;
profil alu;;BATTUE RAPPORTEE;ARCELOR (BERTON SICARD);INSTALLUX;420000;Non;6,5;;;;;;;
Profil Alu;;*BATTUE RAPPORTEE.C16;ARCELOR (BERTON SICARD);INSTALLUX;420001;Non;6,5;;;;;;;
profil alu;;LIAISON CAGE A TOLE;ARCELOR (BERTON SICARD);INSTALLUX;420002;Non;6,5;;;;;;;
Profil Alu;;P. DE LIAISON STATIQUE;ARCELOR (BERTON SICARD);INSTALLUX;420003;Non;6,5;;;;;;;
Profil Alu;;COUVRE JOINT PLAT 70 MM;ARCELOR (BERTON SICARD);INSTALLUX;420004;Non;6,5;;;;;;;
Profil Alu;;COUVRE JOINT 24MM;ARCELOR (BERTON SICARD);INSTALLUX;420005;Non;6,5;;;;;;;
Profil Alu;;COUVRE JOINT 35MM;ARCELOR (BERTON SICARD);INSTALLUX;420006;Non;6,5;;;;;;;
Profil Alu;;TAPEE 120MM;ARCELOR (BERTON SICARD);INSTALLUX;420011;Non;6,5;;;;;;;
Profil Alu;;TAPEE 140MM;ARCELOR (BERTON SICARD);INSTALLUX;420012;Non;6,5;;;;;;;
Profil Alu;;TAPEE 160MM;ARCELOR (BERTON SICARD);INSTALLUX;420013;Non;6,5;;;;;;;
Profil Alu;;TAPEE RAPPORTEE DE 200MM;ARCELOR (BERTON SICARD);INSTALLUX;420014;Non;6,5;;;;;;;
Profil Alu;;COUVRE JOINT RENO ARRON.;ARCELOR (BERTON SICARD);INSTALLUX;420018;Non;6,5;;;;;;;
Profil Alu;;COUVRE JOINT RENO CHANF.;ARCELOR (BERTON SICARD);INSTALLUX;420019;Non;6,5;;;;;;;
Profil Alu;;COUVRE JOINT RENO DROIT.;ARCELOR (BERTON SICARD);INSTALLUX;420021;Non;6,5;;;;;;;
Profil Alu;Bavette;BAVETTE 100MM;ARCELOR (BERTON SICARD);INSTALLUX;420023;Non;6,5;;;;;;;
Profil Alu;Bavette;BAVETTE 120MM;ARCELOR (BERTON SICARD);INSTALLUX;420024;Non;6,5;;;;;;;
Profil Alu;Bavette;BAVETTE 140MM;ARCELOR (BERTON SICARD);INSTALLUX;420025;Non;6,5;;;;;;;
Profil Alu;Bavette;BAVETTE 160MM;ARCELOR (BERTON SICARD);INSTALLUX;420026;Non;6,5;;;;;;;
Profil Alu;;COUVRE JOINT 50MM;ARCELOR (BERTON SICARD);INSTALLUX;420028;Non;6,5;;;;;;;
Profil Alu;PARCLOSE;PARCLOSE DROITE /24 A 26;ARCELOR (BERTON SICARD);INSTALLUX;420030;Non;6,5;;;;;;;
Profil Alu;PARCLOSE;PARCLOSE DROITE /27 A 29;ARCELOR (BERTON SICARD);INSTALLUX;420031;Non;6,5;;;;;;;
Profil Alu;PARCLOSE;PARCLOSE DROITE /30 A 32;ARCELOR (BERTON SICARD);INSTALLUX;420032;Non;6,5;;;;;;;
Profil Alu;PARCLOSE;PARCLOSE ARR /24 A 26;ARCELOR (BERTON SICARD);INSTALLUX;420033;Non;6,5;;;;;;;
Profil Alu;PARCLOSE;PARCLOSE ARRO /27 A 29;ARCELOR (BERTON SICARD);INSTALLUX;420034;Non;6,5;;;;;;;
Profil Alu;PARCLOSE;PARCLOSE ARRO /30 A 32;ARCELOR (BERTON SICARD);INSTALLUX;420035;Non;6,5;;;;;;;
Profil Alu;PARCLOSE;PARCLOSE CAR /24 A 26;ARCELOR (BERTON SICARD);INSTALLUX;420036;Non;6,5;;;;;;;
Profil Alu;PARCLOSE;PARCLOSE CAR /27 A 29;ARCELOR (BERTON SICARD);INSTALLUX;420037;Non;6,5;;;;;;;
Profil Alu;PARCLOSE;PARCLOSE CAR /30 A 32;ARCELOR (BERTON SICARD);INSTALLUX;420038;Non;6,5;;;;;;;
Profil Alu;PARCLOSE;PARCLOSE CARREE /42 A 44;ARCELOR (BERTON SICARD);INSTALLUX;420039;Non;6,5;;;;;;;
Profil Alu;PARCLOSE;PARCLOSE CHAN /24 A 26;ARCELOR (BERTON SICARD);INSTALLUX;420040;Non;6,5;;;;;;;
Profil Alu;PARCLOSE;PARCLOSE CHAN /27 A 29;ARCELOR (BERTON SICARD);INSTALLUX;420041;Non;6,5;;;;;;;
Profil Alu;PARCLOSE;PARCLOSE CHAN /30 A 32;ARCELOR (BERTON SICARD);INSTALLUX;420042;Non;6,5;;;;;;;
Profil Alu;Bavette;BAVETTE DE 200MM;ARCELOR (BERTON SICARD);INSTALLUX;420049;Non;6,5;;;;;;;
Profil Alu;;REJET D’EAU;ARCELOR (BERTON SICARD);INSTALLUX;420050;Non;6,5;;;;;;;
Profil Alu;Bavette;BAVETTE TUBUL. 100 RJD;ARCELOR (BERTON SICARD);INSTALLUX;420051;Non;6,5;;;;;;;
Profil Alu;Bavette;BAVETTE TUBUL. 100 RJA;ARCELOR (BERTON SICARD);INSTALLUX;420052;Non;6,5;;;;;;;
Profil Alu;;COUVRE JOINT RENO 80MM;ARCELOR (BERTON SICARD);INSTALLUX;420053;Non;6,5;;;;;;;
Profil Alu;;CACHE FEUILLURE;ARCELOR (BERTON SICARD);INSTALLUX;420054;Non;6,5;;;;;;;
Profil Alu;Bavette;BAVETTE 40MM;ARCELOR (BERTON SICARD);INSTALLUX;420055;Non;6,5;;;;;;;
Profil Alu;Bavette;BAVETTE TUBULAIRE A R.GE;ARCELOR (BERTON SICARD);INSTALLUX;420056;Non;6,5;;;;;;;
Profil Alu;Bavette;BAVETTE CLIP. DIRECT 15;ARCELOR (BERTON SICARD);INSTALLUX;420057;Non;6,5;;;;;;;
Profil Alu;Bavette;BAVETTE CLIP. DIRECT 141;ARCELOR (BERTON SICARD);INSTALLUX;420058;Non;6,5;;;;;;;
Profil Alu;;TAPEE RAPPORTEE 180MM;ARCELOR (BERTON SICARD);INSTALLUX;420059;Non;6,5;;;;;;;
Profil Alu;;TRAVERSE PETIT BOIS;ARCELOR (BERTON SICARD);INSTALLUX;420062;Non;6,5;;;;;;;
Profil Alu;PARCLOSE;PARCLOSE DRT 8 A 11MM;ARCELOR (BERTON SICARD);INSTALLUX;420063;Non;6,5;;;;;;;
Profil Alu;PARCLOSE;PARCLOSE CLIP. D 52 A 55;ARCELOR (BERTON SICARD);INSTALLUX;420064;Non;6,5;;;;;;;
Profil Alu;;LIAISON STAT. GRDE CAGE;ARCELOR (BERTON SICARD);INSTALLUX;420066;Non;6,5;;;;;;;
Profil Alu;Bavette;BAVETTE DE 180MM;ARCELOR (BERTON SICARD);INSTALLUX;420067;Non;6,5;;;;;;;
Profil Alu;PARCLOSE;PARCLOSE DT VIT 45 A 48;ARCELOR (BERTON SICARD);INSTALLUX;420068;Non;6,5;;;;;;;
Profil Alu;;REJET D’EAU;ARCELOR (BERTON SICARD);INSTALLUX;420070;Non;6,5;;;;;;;
Profil Alu;;ETANCHEITE SOUS TRAVERSE;ARCELOR (BERTON SICARD);INSTALLUX;420072;Non;6,5;;;;;;;
Profil Alu;PARCLOSE;PARCLOSE DROITE 36/38MM;ARCELOR (BERTON SICARD);INSTALLUX;420160;Non;6,5;;;;;;;
Profil Alu;;TAPEE DE RENOVATION;ARCELOR (BERTON SICARD);INSTALLUX;420162;Non;6,5;;;;;;;
Profil Alu;Bavette;BAVETTE DE RENOVATION;ARCELOR (BERTON SICARD);INSTALLUX;420163;Non;6,5;;;;;;;
Profil Alu;PARCLOSE;PARCLOSE DT 36 A 39MM;ARCELOR (BERTON SICARD);INSTALLUX;420164;Non;6,5;;;;;;;
Profil Alu;PARCLOSE;PARCLOSE DTE 32 A 35MM;ARCELOR (BERTON SICARD);INSTALLUX;420166;Non;6,5;;;;;;;
Profil Alu;PARCLOSE;PARCLOSE DTE 45 A 48MM;ARCELOR (BERTON SICARD);INSTALLUX;420167;Non;6,5;;;;;;;
Profil Alu;Capot;CAPOT MONTANT SEMI-FIXE;ARCELOR (BERTON SICARD);INSTALLUX;423003;Non;6,5;;;;;;;
Profil Alu;;RALLONGE DE BATTUE;ARCELOR (BERTON SICARD);INSTALLUX;423004;Non;6,5;;;;;;;
Profil Alu;Capot;CAPOT MONTANT SEMI-FIXE;ARCELOR (BERTON SICARD);INSTALLUX;423005;Non;6,5;;;;;;;
Profil Alu;Capot;CAPOT TRAVERSE D’OUV.;ARCELOR (BERTON SICARD);INSTALLUX;423006;Non;6,5;;;;;;;
Profil Alu;Capot;CAPOT TRAVERSE OUVRANT;ARCELOR (BERTON SICARD);INSTALLUX;423009;Non;6,5;;;;;;;
Profil Alu;PARCLOSE;PARCLOSE DT 27 A 29MM;ARCELOR (BERTON SICARD);INSTALLUX;423031;Non;6,5;;;;;;;
Profil Alu;PARCLOSE;PARCLOSE DT 30 A 32MM;ARCELOR (BERTON SICARD);INSTALLUX;423032;Non;6,5;;;;;;;
Profil Alu;PARCLOSE;PARCLOSE DT EP33 A 35;ARCELOR (BERTON SICARD);INSTALLUX;423033;Non;6,5;;;;;;;
Profil Alu;PARCLOSE;PARCLOSE DT EP36 A 38;ARCELOR (BERTON SICARD);INSTALLUX;423034;Non;6,5;;;;;;;
Profil Alu;PARCLOSE;PARCLOSE DT 42 A 47 MM;ARCELOR (BERTON SICARD);INSTALLUX;423036;Non;6,5;;;;;;;
Profil Alu;PARCLOSE;PARCLOSE DT 24 A 26MM;ARCELOR (BERTON SICARD);INSTALLUX;423037;Non;6,5;;;;;;;
Profil Alu;PARCLOSE;PARCLOSE MT SERRURE;ARCELOR (BERTON SICARD);INSTALLUX;423040;Non;6,5;;;;;;;
Profil Alu;;REJET D’EAU;ARCELOR (BERTON SICARD);INSTALLUX;423041;Non;6,5;;;;;;;
Profil Alu;;REJET D EAU;ARCELOR (BERTON SICARD);INSTALLUX;423042;Non;6,5;;;;;;;
Profil Alu;;ETANCHEITE SOUS TRAVERSE;ARCELOR (BERTON SICARD);INSTALLUX;423043;Non;6,5;;;;;;;
Profil Alu;;REJET D’EAU;ARCELOR (BERTON SICARD);INSTALLUX;423044;Non;6,5;;;;;;;
Profil Alu;;BEQUILLE SPLE PORTE ZED;ARCELOR (BERTON SICARD);INSTALLUX;450074;Non;1;;;;;;;
Profil Alu;;PAUMELLE OF CAGE DE 16;ARCELOR (BERTON SICARD);INSTALLUX;450098;Non;50;;;;;;;
Profil Alu;;DORMANT 36.5 GORGE A TL;ARCELOR (BERTON SICARD);INSTALLUX;510000;Non;6,5;;;;;;;
Profil Alu;;DORMANT 36.5 FOND PLAT;ARCELOR (BERTON SICARD);INSTALLUX;510001;Non;6,5;;;;;;;
Profil Alu;;OUVRANT A LA FRANCAISE;ARCELOR (BERTON SICARD);INSTALLUX;510002;Non;6,5;;;;;;;
Profil Alu;;OUVRANT A L’ANGLAISE;ARCELOR (BERTON SICARD);INSTALLUX;510003;Non;6,5;;;;;;;
Profil Alu;;DORMANT 39.7 GORGE A TL;ARCELOR (BERTON SICARD);INSTALLUX;510004;Non;6,5;;;;;;;
Profil Alu;;DORMANT 39.7 FOND PLAT;ARCELOR (BERTON SICARD);INSTALLUX;510005;Non;6,5;;;;;;;
Profil Alu;;BATTUE RAPPORTEE FRANC.;ARCELOR (BERTON SICARD);INSTALLUX;510006;Non;6,5;;;;;;;
Profil Alu;;BATTUE RAPPORTEE ANGL.;ARCELOR (BERTON SICARD);INSTALLUX;510007;Non;6,5;;;;;;;
Profil Alu;;PLINTHE COUPE DROITE;ARCELOR (BERTON SICARD);INSTALLUX;510008;Non;6,5;;;;;;;
Profil Alu;;PLINTHE COUPE DROITE 1M;ARCELOR (BERTON SICARD);INSTALLUX;510008/1;Non;1;;;;;;;
Profil Alu;;DORMANT 39,7 MIXTE;ARCELOR (BERTON SICARD);INSTALLUX;510010;Non;6,5;;;;;;;
Profil Alu;;OUVRANT ANTI PINCE DOIGT;ARCELOR (BERTON SICARD);INSTALLUX;510012;Non;6,5;;;;;;;
Profil Alu;;DORMANT ANTI-PINCE DOIGT;ARCELOR (BERTON SICARD);INSTALLUX;510013;Non;6,5;;;;;;;
Profil Alu;;BATTUE RAPPORTEE DA;ARCELOR (BERTON SICARD);INSTALLUX;510014;Non;6,5;;;;;;;
Profil Alu;;DORMANT DOUBLE ACTION;ARCELOR (BERTON SICARD);INSTALLUX;510015;Non;6,5;;;;;;;
Profil Alu;;DORMANT CAGE A CLIP;ARCELOR (BERTON SICARD);INSTALLUX;510020;Non;6,5;;;;;;;
Profil Alu;;DORMANT D’INTEGRATION;ARCELOR (BERTON SICARD);INSTALLUX;510021;Non;6,5;;;;;;;
Profil Alu;;TRAVERSE REDUITE;ARCELOR (BERTON SICARD);INSTALLUX;510023;Non;6,5;;;;;;;
Profil Alu;;TRAVERSE OUVRANT RED.;ARCELOR (BERTON SICARD);INSTALLUX;510026;Non;6,5;;;;;;;
Profil Alu;;TRAVERSE RED. LG 100;ARCELOR (BERTON SICARD);INSTALLUX;510027;Non;6,5;;;;;;;
Profil Alu;;TRAVERSE RED. LG 125;ARCELOR (BERTON SICARD);INSTALLUX;510028;Non;6,5;;;;;;;
Profil Alu;;DORMANT 39.7 CAGE T OC;ARCELOR (BERTON SICARD);INSTALLUX;513004;Non;6,5;;;;;;;
Profil Alu;;BATTUE RAP.COMETE ANG;ARCELOR (BERTON SICARD);INSTALLUX;513007;Non;6,5;;;;;;;
Profil Alu;;REJET D’EAU OUVR. PERIPH;ARCELOR (BERTON SICARD);INSTALLUX;520002;Non;6,5;;;;;;;
Profil Alu;;PROFIL OUVR.VENT.ELEC.;ARCELOR (BERTON SICARD);INSTALLUX;520003;Non;6,5;;;;;;;
Profil Alu;;PROFIL DORM.VENT.ELEC.;ARCELOR (BERTON SICARD);INSTALLUX;520004;Non;6,5;;;;;;;
Profil Alu;;REJET D’EAU POUR PLINTHE;ARCELOR (BERTON SICARD);INSTALLUX;520005;Non;6,5;;;;;;;
Profil Alu;;PROFIL POIGNEE DE TIRAGE;ARCELOR (BERTON SICARD);INSTALLUX;520006;Non;4,7;;;;;;;
Profil Alu;;SEUIL TRADITIONNEL;ARCELOR (BERTON SICARD);INSTALLUX;520008;Non;6,5;;;;;;;
Profil Alu;Capot;DEMI CAPOT OUVRANT APD;ARCELOR (BERTON SICARD);INSTALLUX;520010;Non;4,7;;;;;;;
Profil Alu;;PORTE BROSSE DORMANT;ARCELOR (BERTON SICARD);INSTALLUX;520012;Non;4,7;;;;;;;
Profil Alu;;CLOSOIR 70;ARCELOR (BERTON SICARD);INSTALLUX;520014;Non;6,5;;;;;;;
Profil Alu;;TAPEE DE 100 MM RPT;ARCELOR (BERTON SICARD);INSTALLUX;620003;Non;6,5;;;;;;;
Profil Alu;;TAPEE DE 120 MM RPT;ARCELOR (BERTON SICARD);INSTALLUX;620004;Non;6,5;;;;;;;
Profil Alu;;TAPEE DE 100 MM RPT ESP;ARCELOR (BERTON SICARD);INSTALLUX;620008;Non;6,5;;;;;;;
Profil Alu;;1/2 PROF POTEAU 150° 124;ARCELOR (BERTON SICARD);INSTALLUX;710001;Non;6,5;;;;;;;
Profil Alu;;1/2 PROF POTEAU 135° 124;ARCELOR (BERTON SICARD);INSTALLUX;710002;Non;6,5;;;;;;;
Profil Alu;Capot;CAPOT 150° CHANFREINE;ARCELOR (BERTON SICARD);INSTALLUX;720001;Non;6,5;;;;;;;
Profil Alu;Capot;CAPOT 135° CHANF;ARCELOR (BERTON SICARD);INSTALLUX;720002;Non;6,5;;;;;;;
Profil Alu;Capot;CAPOT 90° CHANFREINE;ARCELOR (BERTON SICARD);INSTALLUX;720003;Non;6,5;;;;;;;
Profil Alu;Capot;CAPOT 180° EXTREMITE;ARCELOR (BERTON SICARD);INSTALLUX;720004;Non;6,5;;;;;;;
Profil Alu;;JONCTION DORMANT 124MM;ARCELOR (BERTON SICARD);INSTALLUX;720010;Non;6,5;;;;;;;
Profil Alu;;PROF FINITION POTEAU;ARCELOR (BERTON SICARD);INSTALLUX;720012;Non;6,5;;;;;;;
Profil Alu;;PROFIL FINITION RIVE;ARCELOR (BERTON SICARD);INSTALLUX;720013;Non;6,5;;;;;;;
Profil Alu;;SUPPORT COULISSES;ARCELOR (BERTON SICARD);INSTALLUX;720014;Non;6,5;;;;;;;
Profil Alu;;PROFIL EXT RIVE 135MM;ARCELOR (BERTON SICARD);INSTALLUX;720020;Non;6,5;;;;;;;
Profil Alu;;PROFIL INT RIVE 135MM;ARCELOR (BERTON SICARD);INSTALLUX;720021;Non;6,5;;;;;;;
Profil Alu;;PROFIL DE BASE;ARCELOR (BERTON SICARD);INSTALLUX;720050;Non;6,5;;;;;;;
Profil Alu;;PROFIL DE BASE;ARCELOR (BERTON SICARD);INSTALLUX;720050/5;Non;5;;;;;;;
Profil Alu;;PROFIL LATERAL;ARCELOR (BERTON SICARD);INSTALLUX;720051;Non;6,5;;;;;;;
Profil Alu;;PROFIL LATERAL;ARCELOR (BERTON SICARD);INSTALLUX;720051/5;Non;5;;;;;;;
Profil Alu;;GOUTTIERE;ARCELOR (BERTON SICARD);INSTALLUX;720053;Non;6,5;;;;;;;
Profil Alu;;GOUTTIERE;ARCELOR (BERTON SICARD);INSTALLUX;720053/5;Non;5;;;;;;;
Profil Alu;;COUVERCLE;ARCELOR (BERTON SICARD);INSTALLUX;720054;Non;6,5;;;;;;;
Profil Alu;;COUVERCLE;ARCELOR (BERTON SICARD);INSTALLUX;720054/5;Non;5;;;;;;;
Profil Alu;;SUPPORT LAME COTE MOT;ARCELOR (BERTON SICARD);INSTALLUX;720055;Non;6,5;;;;;;;
Profil Alu;;SUPPORT LAME COTE MOT;ARCELOR (BERTON SICARD);INSTALLUX;720055/5;Non;5;;;;;;;
Profil Alu;;LAME PERGOLA;ARCELOR (BERTON SICARD);INSTALLUX;720056N;Non;6,5;;;;;;;
Profil Alu;;LAME PERGOLA;ARCELOR (BERTON SICARD);INSTALLUX;720056N3;Non;3,7;;;;;;;
Profil Alu;;GOULOTTE;ARCELOR (BERTON SICARD);INSTALLUX;720057;Non;6,5;;;;;;;
Profil Alu;;GOULOTTE;ARCELOR (BERTON SICARD);INSTALLUX;720057/5;Non;5;;;;;;;
Profil Alu;;POUTRE 2 MODULES;ARCELOR (BERTON SICARD);INSTALLUX;720066;Non;6,5;;;;;;;
Profil Alu;;POUTRE 2 MODULES;ARCELOR (BERTON SICARD);INSTALLUX;720066/5;Non;5,3;;;;;;;
Profil Alu;;BIELLETTE MOTEUR;ARCELOR (BERTON SICARD);INSTALLUX;760021;Non;1;;;;;;;
Profil Alu;;DORMANT 2 RAILS;ARCELOR (BERTON SICARD);INSTALLUX;910000;Non;6,5;;;;;;;
Profil Alu;;DORMANT 2 RAILS RECU EAU;ARCELOR (BERTON SICARD);INSTALLUX;910001;Non;6,5;;;;;;;
Profil Alu;;DORMANT 3 RAILS;ARCELOR (BERTON SICARD);INSTALLUX;910002;Non;6,5;;;;;;;
Profil Alu;;DORMANT 3 RAILS RECU EAU;ARCELOR (BERTON SICARD);INSTALLUX;910003;Non;6,5;;;;;;;
Profil Alu;;DORMANT 2 RAILS RENO;ARCELOR (BERTON SICARD);INSTALLUX;910004;Non;6,5;;;;;;;
Profil Alu;;DORMANT 2 RAILS PLAT INT;ARCELOR (BERTON SICARD);INSTALLUX;910005;Non;6,5;;;;;;;
Profil Alu;;DORMANT 2 RAILS 124MM;ARCELOR (BERTON SICARD);INSTALLUX;910006;Non;6,5;;;;;;;
Profil Alu;;DORMANT 3 RAILS 124MM;ARCELOR (BERTON SICARD);INSTALLUX;910007;Non;6,5;;;;;;;
profil alu;;DORMANT D’INTEGRATION;ARCELOR (BERTON SICARD);INSTALLUX;910008;Non;6,5;;;;;;;
profil alu;;MONTANT EXTREMITE SIMPLE;ARCELOR (BERTON SICARD);INSTALLUX;910010;Non;6,5;;;;;;;
Profil Alu;;MONTANT EXTREMITE SIMPLE;ARCELOR (BERTON SICARD);INSTALLUX;910010/4;Non;4,6;;;;;;;
profil alu;;MONTANT EXTREMITE CARRE;ARCELOR (BERTON SICARD);INSTALLUX;910011;Non;6,5;;;;;;;
Profil Alu;;MONTANT EXTREMITE CARRE;ARCELOR (BERTON SICARD);INSTALLUX;910011/4;Non;4,6;;;;;;;
Profil Alu;;MONTANT VTX LIGNE CARRE;ARCELOR (BERTON SICARD);INSTALLUX;910012;Non;6,5;;;;;;;
Profil Alu;;MONTANT VTX LIGNE CARRE;ARCELOR (BERTON SICARD);INSTALLUX;910012/4;Non;4,6;;;;;;;
Profil Alu;;MONTANT EXTREMITE ROND;ARCELOR (BERTON SICARD);INSTALLUX;910013;Non;6,5;;;;;;;
Profil Alu;;MONTANT EXTREMITE ROND;ARCELOR (BERTON SICARD);INSTALLUX;910013/4;Non;4,6;;;;;;;
Profil Alu;;MONTANT VTX LIGNE ROND;ARCELOR (BERTON SICARD);INSTALLUX;910014;Non;6,5;;;;;;;
Profil Alu;;MONTANT VTX LIGNE ROND;ARCELOR (BERTON SICARD);INSTALLUX;910014/4;Non;4,6;;;;;;;
Profil Alu;;MONTANT RENFORT REVERS;ARCELOR (BERTON SICARD);INSTALLUX;910016B;Non;6,5;;;;;;;
Profil Alu;;MONTANT CROISEMENT SIMPL;ARCELOR (BERTON SICARD);INSTALLUX;910020;Non;6,5;;;;;;;
Profil Alu;;MONTANT CROISEMENT SIMPL;ARCELOR (BERTON SICARD);INSTALLUX;910020/4;Non;4,6;;;;;;;
Profil Alu;;MONTANT CROISEMENT CARRE;ARCELOR (BERTON SICARD);INSTALLUX;910021;Non;6,5;;;;;;;
Profil Alu;;MONTANT CROISEMENT CARRE;ARCELOR (BERTON SICARD);INSTALLUX;910021/4;Non;4,6;;;;;;;
Profil Alu;;MONTANT CROISEMENT ROND;ARCELOR (BERTON SICARD);INSTALLUX;910022;Non;6,5;;;;;;;
Profil Alu;;MONTANT CROISEMENT ROND;ARCELOR (BERTON SICARD);INSTALLUX;910022/4;Non;4,6;;;;;;;
Profil Alu;;MONTANT CROISEMENT CLAS;ARCELOR (BERTON SICARD);INSTALLUX;910023;Non;6,5;;;;;;;
profil alu;;MONTANT CROISEMENT CLAS;ARCELOR (BERTON SICARD);INSTALLUX;910023/4;Non;4,6;;;;;;;
Profil Alu;;TRAVERSE HAUTE ET BASSE;ARCELOR (BERTON SICARD);INSTALLUX;910030;Non;6,5;;;;;;;
profil alu;;TRAVERSE INTERMEDIAIRE;ARCELOR (BERTON SICARD);INSTALLUX;910031;Non;6,5;;;;;;;
profil alu;;RAIL HAUT RAPPORTE;ARCELOR (BERTON SICARD);INSTALLUX;910041;Non;6,5;;;;;;;
profil alu;;DORMANT 2 RAILS RECOUVR;ARCELOR (BERTON SICARD);INSTALLUX;910050;Non;6,5;;;;;;;
profil alu;;DORMANT 2 RAILS PLAT;ARCELOR (BERTON SICARD);INSTALLUX;910051;Non;6,5;;;;;;;
profil alu;;DORMANT 2 RAILS PLAT;ARCELOR (BERTON SICARD);INSTALLUX;910051N;Non;6,5;;;;;;;
profil alu;;DORMANT 3 RAILS PLAT;ARCELOR (BERTON SICARD);INSTALLUX;910052;Non;6,5;;;;;;;
Profil Alu;;DORMANT 2 RAILS;ARCELOR (BERTON SICARD);INSTALLUX;910200;Non;6,5;;;;;;;
Profil Alu;;SEUIL BAS PREDRAINE;ARCELOR (BERTON SICARD);INSTALLUX;910210P;Non;6,5;;;;;;;
Profil Alu;;SEUIL PREDRAINE 45;ARCELOR (BERTON SICARD);INSTALLUX;910211P;Non;6,5;;;;;;;
Profil Alu;;SEUIL MONORAIL;ARCELOR (BERTON SICARD);INSTALLUX;910212;Non;6,5;;;;;;;
Profil Alu;;SEUIL MONORAIL;ARCELOR (BERTON SICARD);INSTALLUX;910213;Non;6,5;;;;;;;
Profil Alu;;ANGLE SUPPORT GACHE;ARCELOR (BERTON SICARD);INSTALLUX;910225;Non;6,5;;;;;;;
profil Alu;;MONTANT COUVRE RAIL;ARCELOR (BERTON SICARD);INSTALLUX;920003;Non;6,5;;;;;;;
profil Alu;;RECUPERATEUR EAU RAPPORT;ARCELOR (BERTON SICARD);INSTALLUX;920004;Non;6,5;;;;;;;
Profil Alu;;CACHE VIS RECUPERATEUR;ARCELOR (BERTON SICARD);INSTALLUX;920005;Non;6,5;;;;;;;
Profil Alu;;MONTANT COUVRE RAIL;ARCELOR (BERTON SICARD);INSTALLUX;920006;Non;6,5;;;;;;;
Profil Alu;Capot;SUPPORT CAPOT INTERIEUR;ARCELOR (BERTON SICARD);INSTALLUX;920007;Non;6,5;;;;;;;
Profil Alu;;SUPPORT CROISEMENT;ARCELOR (BERTON SICARD);INSTALLUX;920008;Non;6,5;;;;;;;
Profil Alu;;SUPPORT CROISEMENT VR;ARCELOR (BERTON SICARD);INSTALLUX;920009;Non;6,5;;;;;;;
Profil Alu;Capot;CAPOT RECUP EAU GAL;ARCELOR (BERTON SICARD);INSTALLUX;920011;Non;6,5;;;;;;;
Profil Alu;Bavette;BAVETTE GALANDAGE;ARCELOR (BERTON SICARD);INSTALLUX;920012;Non;6,5;;;;;;;
Profil Alu;;CLOSOIR INT GAL;ARCELOR (BERTON SICARD);INSTALLUX;920013;Non;6,5;;;;;;;
Profil Alu;;CLOSOIR DORMANT MONORAIL;ARCELOR (BERTON SICARD);INSTALLUX;920014;Non;6,5;;;;;;;
Profil Alu;Bavette;BAVETTE 110MM;ARCELOR (BERTON SICARD);INSTALLUX;920025;Non;6,5;;;;;;;
Profil Alu;;SEUIL PMR 2 RAILS;ARCELOR (BERTON SICARD);INSTALLUX;920042;Non;6,5;;;;;;;
Profil Alu;;SEUIL PMR 3 RAILS;ARCELOR (BERTON SICARD);INSTALLUX;920043;Non;6,5;;;;;;;
Profil Alu;;TAPEE DOUBLAGE 140 CGD;ARCELOR (BERTON SICARD);INSTALLUX;920050;Non;6,5;;;;;;;
Profil Alu;;TAPEE DOUBLAGE 160 CGD;ARCELOR (BERTON SICARD);INSTALLUX;920051;Non;6,5;;;;;;;
Profil Alu;;TAPEE DOUBLAGE 180 CGD;ARCELOR (BERTON SICARD);INSTALLUX;920052;Non;6,5;;;;;;;
Profil Alu;;TAPEE DOUBLAGE 200 CGD;ARCELOR (BERTON SICARD);INSTALLUX;920053;Non;6,5;;;;;;;
Profil Alu;Capot;CAPOT DE CROISEMENT;ARCELOR (BERTON SICARD);INSTALLUX;920221;Non;6,5;;;;;;;
Profil Alu;Capot;CAPOT RENFORT CROISEMENT;ARCELOR (BERTON SICARD);INSTALLUX;920223;Non;6,5;;;;;;;
Profil Alu;;PROFIL DE FINITION;ARCELOR (BERTON SICARD);INSTALLUX;920224;Non;6,5;;;;;;;
Profil Alu;PARCLOSE;PARCLOSE D’ANGLE;ARCELOR (BERTON SICARD);INSTALLUX;920230;Non;6,5;;;;;;;
Profil Alu;;PAUMELLE A CLAMER;ARCELOR (BERTON SICARD);INSTALLUX;A5032;Non;1;;;;;;;
Profil Alu;;PAUMELLE 3 BR. A CLAMER;ARCELOR (BERTON SICARD);INSTALLUX;A5034;Non;1;;;;;;;
Profil Alu;;GACHE FILANTE 2 VANTAUX;ARCELOR (BERTON SICARD);INSTALLUX;A5037;Non;1;;;;;;;
Profil Alu;;PAUMELLE A CLAMER SS AXE;ARCELOR (BERTON SICARD);INSTALLUX;A5068;Non;1;;;;;;;
Profil Alu;;PAUMELLE 2B APPL. 67/20;ARCELOR (BERTON SICARD);INSTALLUX;A5080;Non;1;;;;;;;
Profil Alu;;PAUMELLE 2B APPL. 92/20;ARCELOR (BERTON SICARD);INSTALLUX;A5081;Non;1;;;;;;;
Profil Alu;;PAUMELLE D’ANGLE SERIE F;ARCELOR (BERTON SICARD);INSTALLUX;A5082;Non;1;;;;;;;
Profil Alu;;PAUMELLE D’ANGLE RPT;ARCELOR (BERTON SICARD);INSTALLUX;A5083;Non;1;;;;;;;
Profil Alu;;PAUMELLE D’ANGLE GD RPT;ARCELOR (BERTON SICARD);INSTALLUX;A5084;Non;1;;;;;;;
Profil Alu;;PAUMELLE 3B 67/20;ARCELOR (BERTON SICARD);INSTALLUX;A5086;Non;1;;;;;;;
Profil Alu;;PAUMELLE 3B 92/20;ARCELOR (BERTON SICARD);INSTALLUX;A5087;Non;1;;;;;;;
Profil Alu;;SEUIL PLAT 8 MM;ARCELOR (BERTON SICARD);INSTALLUX;P5001;Non;6,5;;;;;;;
Profil Alu;;SEUIL RENFORCE 11 MM;ARCELOR (BERTON SICARD);INSTALLUX;P5002;Non;6,5;;;;;;;
Profil Alu;;REJET D’EAU;ARCELOR (BERTON SICARD);INSTALLUX;P5003;Non;6,5;;;;;;;
Profil Alu;;COUVRE JOINT 35;ARCELOR (BERTON SICARD);INSTALLUX;P5004;Non;6,5;;;;;;;
Profil Alu;;COUVRE JOINT 53;ARCELOR (BERTON SICARD);INSTALLUX;P5005;Non;6,5;;;;;;;
Profil Alu;;TRAVERSE 72;ARCELOR (BERTON SICARD);INSTALLUX;P5006T;Non;6,5;;;;;;;
Profil Alu;;TRAVERSE 99;ARCELOR (BERTON SICARD);INSTALLUX;P5007T;Non;6,5;;;;;;;
Profil Alu;;TRAVERSE 168;ARCELOR (BERTON SICARD);INSTALLUX;P5008T;Non;6,5;;;;;;;
Profil Alu;;MENEAU RENFORCE 72;ARCELOR (BERTON SICARD);INSTALLUX;P5009T;Non;6,5;;;;;;;
Profil Alu;;MENEAU RENFORCE 99;ARCELOR (BERTON SICARD);INSTALLUX;P5010T;Non;6,5;;;;;;;
Profil Alu;;BATTUE RAPPORTEE FRANC.;ARCELOR (BERTON SICARD);INSTALLUX;P5011T;Non;6,5;;;;;;;
Profil Alu;;BATTUE RAPPORTEE ANGL.;ARCELOR (BERTON SICARD);INSTALLUX;P5012T;Non;6,5;;;;;;;
Profil Alu;;DORM. FOND PLAT 37,6;ARCELOR (BERTON SICARD);INSTALLUX;P5013T;Non;6,5;;;;;;;
Profil Alu;;DORM. CAGE TOLE 37,6;ARCELOR (BERTON SICARD);INSTALLUX;P5014T;Non;6,5;;;;;;;
Profil Alu;;DORM. FOND PLAT 52,3;ARCELOR (BERTON SICARD);INSTALLUX;P5015T;Non;6,5;;;;;;;
Profil Alu;;DORM. CAGE TOLE 52,3;ARCELOR (BERTON SICARD);INSTALLUX;P5016T;Non;6,5;;;;;;;
Profil Alu;;DORM. FOND PLAT 41,9;ARCELOR (BERTON SICARD);INSTALLUX;P5017T;Non;6,5;;;;;;;
Profil Alu;;DORM. CAGE TOLE 41,9;ARCELOR (BERTON SICARD);INSTALLUX;P5018T;Non;6,5;;;;;;;
Profil Alu;;DORM. FOND PLAT 56,6;ARCELOR (BERTON SICARD);INSTALLUX;P5019T;Non;6,5;;;;;;;
Profil Alu;;DORM. CAGE TOLE 56,6;ARCELOR (BERTON SICARD);INSTALLUX;P5020T;Non;6,5;;;;;;;
Profil Alu;;(*)DORMANT FOND PLAT 28;ARCELOR (BERTON SICARD);INSTALLUX;P5021T;Non;6,5;;;;;;;
Profil Alu;;(*)DORMANT FD PLAT 28 MM;ARCELOR (BERTON SICARD);INSTALLUX;P5022;Non;6,5;;;;;;;
Profil Alu;;OUVRANT A LA FRANCAISE;ARCELOR (BERTON SICARD);INSTALLUX;P5023T;Non;6,5;;;;;;;
Profil Alu;;OUVRANT A L’ANGLAISE;ARCELOR (BERTON SICARD);INSTALLUX;P5024T;Non;6,5;;;;;;;
Profil Alu;;TRAVERSE 72;ARCELOR (BERTON SICARD);INSTALLUX;P5025;Non;6,5;;;;;;;
Profil Alu;;TRAVERSE 99;ARCELOR (BERTON SICARD);INSTALLUX;P5026;Non;6,5;;;;;;;
Profil Alu;;TRAVERSE 168;ARCELOR (BERTON SICARD);INSTALLUX;P5027;Non;6,5;;;;;;;
Profil Alu;;MENEAU RENFORCE 72;ARCELOR (BERTON SICARD);INSTALLUX;P5028;Non;6,5;;;;;;;
Profil Alu;;MENEAU RENFORCE 99;ARCELOR (BERTON SICARD);INSTALLUX;P5029;Non;6,5;;;;;;;
Profil Alu;;DORM. 37,6 FP;ARCELOR (BERTON SICARD);INSTALLUX;P5030;Non;6,5;;;;;;;
Profil Alu;;DORMANT 37,6 CLIP;ARCELOR (BERTON SICARD);INSTALLUX;P5031;Non;6,5;;;;;;;
Profil Alu;;DORMANT 52,3 FP;ARCELOR (BERTON SICARD);INSTALLUX;P5032;Non;6,5;;;;;;;
Profil Alu;;DORMANT 52,3 CLIP;ARCELOR (BERTON SICARD);INSTALLUX;P5033;Non;6,5;;;;;;;
Profil Alu;;DORMANT 41,9 FP CC;ARCELOR (BERTON SICARD);INSTALLUX;P5034;Non;6,5;;;;;;;
Profil Alu;;DORMANT 41,9 CLIP CC;ARCELOR (BERTON SICARD);INSTALLUX;P5035;Non;6,5;;;;;;;
profil alu;;DORMANT 56,6 FP CC;ARCELOR (BERTON SICARD);INSTALLUX;P5036;Non;6,5;;;;;;;
Profil Alu;;OUVRANT DOUBLE ACTION;ARCELOR (BERTON SICARD);INSTALLUX;P5038T;Non;6,5;;;;;;;
Profil Alu;;DORMANT DOUBLE ACTION;ARCELOR (BERTON SICARD);INSTALLUX;P5039T;Non;6,5;;;;;;;
Profil Alu;;OUVRANT A LA FRANCAISE;ARCELOR (BERTON SICARD);INSTALLUX;P5040;Non;6,5;;;;;;;
Profil Alu;;OUVRANT A L’ANGLAISE;ARCELOR (BERTON SICARD);INSTALLUX;P5041;Non;6,5;;;;;;;
Profil Alu;;BATTUE RAPPORTEE ANGL.;ARCELOR (BERTON SICARD);INSTALLUX;P5043;Non;6,5;;;;;;;
Profil Alu;;BATTUE RAPPORTEE FRANC.;ARCELOR (BERTON SICARD);INSTALLUX;P5044;Non;6,5;;;;;;;
Profil Alu;;PROFIL DE BASE HT=28MM;ARCELOR (BERTON SICARD);INSTALLUX;P5049T;Non;6,5;;;;;;;
Profil Alu;;(*)DORMT 28MM CAGE A TOL;ARCELOR (BERTON SICARD);INSTALLUX;P5053T;Non;6,5;;;;;;;
Profil Alu;;MENEAU RENF.SIMPLE 129MM;ARCELOR (BERTON SICARD);INSTALLUX;P5054T;Non;6,5;;;;;;;
Profil Alu;;RAIL HAUT PORTES REPLIA.;ARCELOR (BERTON SICARD);INSTALLUX;P5055;Non;6,5;;;;;;;
Profil Alu;;FINITION HAUTE / P5055;ARCELOR (BERTON SICARD);INSTALLUX;P5058;Non;6,5;;;;;;;
Profil Alu;;BATTUE RAPPORTEE VA/VIEN;ARCELOR (BERTON SICARD);INSTALLUX;P5061T;Non;6,5;;;;;;;
Profil Alu;;OUVRANT DOUBLE ACTION;ARCELOR (BERTON SICARD);INSTALLUX;P5064;Non;6,5;;;;;;;
Profil Alu;;DORMANT DOUBLE ACTION;ARCELOR (BERTON SICARD);INSTALLUX;P5065;Non;6,5;;;;;;;
Profil Alu;;PLINTHE 161MM;ARCELOR (BERTON SICARD);INSTALLUX;P5066T;Non;6,5;;;;;;;
Profil Alu;;PLINTHE 161 MM 1M.;ARCELOR (BERTON SICARD);INSTALLUX;P5066T/1;Non;1;;;;;;;
Profil Alu;;2 DEPARTS 50X55;ARCELOR (BERTON SICARD);INSTALLUX;P5067;Non;6,5;;;;;;;
Profil Alu;;PLINTHE 161MM;ARCELOR (BERTON SICARD);INSTALLUX;P5068;Non;6,5;;;;;;;
Profil Alu;;PLINTHE 161MM LG 1ML;ARCELOR (BERTON SICARD);INSTALLUX;P5068/1;Non;1;;;;;;;
Profil Alu;;(*)DORMANT MIXTE 28MM;ARCELOR (BERTON SICARD);INSTALLUX;P5071T;Non;6,5;;;;;;;
Profil Alu;;(*)DORM.CAGE A TOLE 28MM;ARCELOR (BERTON SICARD);INSTALLUX;P5072;Non;6,5;;;;;;;
Profil Alu;;DORMANT FOND PLAT 30 MM;ARCELOR (BERTON SICARD);INSTALLUX;P5073T;Non;6,5;;;;;;;
Profil Alu;;DORMANT 30MM CAGE A TOLE;ARCELOR (BERTON SICARD);INSTALLUX;P5074T;Non;6,5;;;;;;;
Profil Alu;;DORMANT MIXTE 30MM;ARCELOR (BERTON SICARD);INSTALLUX;P5075T;Non;6,5;;;;;;;
Profil Alu;;DORMANT FOND PLAT 30MM;ARCELOR (BERTON SICARD);INSTALLUX;P5076;Non;6,5;;;;;;;
Profil Alu;;DORMANT CAGE A TOLE 30MM;ARCELOR (BERTON SICARD);INSTALLUX;P5077;Non;6,5;;;;;;;
Profil Alu;;MONTANT PRE-PERCE 50MM;ARCELOR (BERTON SICARD);INSTALLUX;P6039;Non;5,8;;;;;;;
Profil Alu;;MONTANT PRE-PERCE 70MM;ARCELOR (BERTON SICARD);INSTALLUX;P6040;Non;5,8;;;;;;;
Profil Alu;Capot;CAPOT GLISSE;ARCELOR (BERTON SICARD);INSTALLUX;P6041;Non;5,8;;;;;;;
Profil Alu;;MOUSTIQUAIRE;ARCELOR (BERTON SICARD);INSTALLUX;P6046;Non;5,8;;;;;;;
Profil Alu;;TRAVERSE HAUTE;ARCELOR (BERTON SICARD);INSTALLUX;P6051;Non;5,8;;;;;;;
Profil Alu;;TRAVERSE BASSE;ARCELOR (BERTON SICARD);INSTALLUX;P6052;Non;5,8;;;;;;;
Profil Alu;;PORTE LAME;ARCELOR (BERTON SICARD);INSTALLUX;P6053;Non;5,8;;;;;;;
Profil Alu;;PRECADRE BAS;ARCELOR (BERTON SICARD);INSTALLUX;P6056;Non;6,5;;;;;;;
Profil Alu;;PRECADRE HAUT;ARCELOR (BERTON SICARD);INSTALLUX;P6057;Non;6,5;;;;;;;
Profil Alu;;DORMANT PRECADRE;ARCELOR (BERTON SICARD);INSTALLUX;P6058;Non;6,5;;;;;;;
Profil Alu;TUBE;TUBE CARRE 125X125X2,2;ARCELOR (BERTON SICARD);INSTALLUX;TU125125;Non;6,5;;;;;;;
Profil Alu;TUBE;TUBE RECT.20X10X2;ARCELOR (BERTON SICARD);INSTALLUX;TU2010X2;Non;6,5;;;;;;;
Profil Alu;TUBE;TUBE CARRE 20X20X2;ARCELOR (BERTON SICARD);INSTALLUX;TU2020X2;Non;6,5;;;;;;;
Profil Alu;TUBE;TUBE CARRE 25X25X2;ARCELOR (BERTON SICARD);INSTALLUX;TU2525X2;Non;6,5;;;;;;;
Profil Alu;TUBE;TUBE RECT.30X10X2;ARCELOR (BERTON SICARD);INSTALLUX;TU3010X2;Non;6,5;;;;;;;
Profil Alu;TUBE;TUBE DIAMETRE 40X2;ARCELOR (BERTON SICARD);INSTALLUX;TU40X2;Non;6,5;;;;;;;
Profil Alu;TUBE;TUBE RECT. 40X20X2;ARCELOR (BERTON SICARD);INSTALLUX;TU4020X2;Non;6,5;;;;;;;
Profil Alu;TUBE;TUBE DIAMETRE 50X2;ARCELOR (BERTON SICARD);INSTALLUX;TU50X2;Non;4,6;;;;;;;
Profil Alu;TUBE;TUBE RECT. 50X30X1,7;ARCELOR (BERTON SICARD);INSTALLUX;TU503017;Non;6,5;;;;;;;
Profil Alu;TUBE;TUBE DIAM 60 EP 2 MM;ARCELOR (BERTON SICARD);INSTALLUX;TU60X2/3;Non;3,2;;;;;;;
Profil Alu;TUBE;TUBE RECT. 60X20X2;ARCELOR (BERTON SICARD);INSTALLUX;TU6020X2;Non;6,5;;;;;;;
Profil Alu;TUBE;TUBE CARRE 70X70X2;ARCELOR (BERTON SICARD);INSTALLUX;TU7070X2;Non;6,5;;;;;;;
Profil Alu;TUBE;TUBE DIAMETRE 80X2;ARCELOR (BERTON SICARD);INSTALLUX;TU80X2;Non;6,5;;;;;;;
Profil Alu;;PROFIL T 4040X3;ARCELOR (BERTON SICARD);INSTALLUX;T4040X3;Non;6,5;;;;;;;
Profil Alu;;U 10X9X10;ARCELOR (BERTON SICARD);INSTALLUX;U109X2;Non;6,5;;;;;;;
Profil Alu;;U 15X29X15;ARCELOR (BERTON SICARD);INSTALLUX;U15X29;Non;6,5;;;;;;;
Profil Alu;;MONTANT EMBOIT. 32X1,4;ARCELOR (BERTON SICARD);INSTALLUX;U15X32;Non;6,5;;;;;;;
Profil Alu;;U 20X12X20;ARCELOR (BERTON SICARD);INSTALLUX;U2012X2;Non;6,5;;;;;;;
profil alu;;U 20X15X20;ARCELOR (BERTON SICARD);INSTALLUX;U2015X2;Non;6,5;;;;;;;
Profil Alu;;U 20X20X20;ARCELOR (BERTON SICARD);INSTALLUX;U2020X2;Non;6,5;;;;;;;
Profil Alu;;U 20X45X20;ARCELOR (BERTON SICARD);INSTALLUX;U2045X2;Non;6,5;;;;;;;
Profil Alu;;U 25X25X25;ARCELOR (BERTON SICARD);INSTALLUX;U2525X2;Non;6,5;;;;;;;
Profil Alu;;U 25X40X25;ARCELOR (BERTON SICARD);INSTALLUX;U2540X2;Non;6,5;;;;;;;
Profil Alu;;U 30X20X30;ARCELOR (BERTON SICARD);INSTALLUX;U3020X2;Non;6,5;;;;;;;
Profil Alu;Corniéres;CORNIERE PARCLOSE 40X40;ARCELOR (BERTON SICARD);INSTALLUX;11/140;Non;6;;;;;;;
Profil Alu;PARCLOSE;PARCLOSE A PIED 20;ARCELOR (BERTON SICARD);INSTALLUX;20;Non;6;;;;;;;
Profil Alu;PARCLOSE;PARCLOSE A PIED 20;ARCELOR (BERTON SICARD);INSTALLUX;23/20;Non;6;;;;;;;
Profil Alu;PARCLOSE;PARCLOSE A PIED 25;ARCELOR (BERTON SICARD);INSTALLUX;23/25;Non;6;;;;;;;
Profil Alu;PARCLOSE;PARCLOSE A PIED 20;ARCELOR (BERTON SICARD);INSTALLUX;26;Non;6;;;;;;;
Profil Alu;;ANGLE EXTERIEUR 80X80;ARCELOR (BERTON SICARD);INSTALLUX;103;Non;6;;;;;;;
Profil Alu;;ANGLE INTERIEUR 80X80;ARCELOR (BERTON SICARD);INSTALLUX;104;Non;6;;;;;;;
Profil Alu;Bavette;*LIAISON G 140/BAVETTE;ARCELOR (BERTON SICARD);INSTALLUX;108;Non;6;;;;;;;
Profil Alu;PARCLOSE;PARCLOSE INDEPENDANTE;ARCELOR (BERTON SICARD);INSTALLUX;112;Non;6;;;;;;;
Profil Alu;;2 DEPARTS 40X40.;ARCELOR (BERTON SICARD);INSTALLUX;140;Non;6;;;;;;;
Profil Alu;;2 DEPARTS 40X40 RENFORCE;ARCELOR (BERTON SICARD);INSTALLUX;140/R;Non;6;;;;;;;
Profil Alu;;1 DEPART 14X40;ARCELOR (BERTON SICARD);INSTALLUX;141;Non;6;;;;;;;
Profil Alu;;MENEAU 18,5X40;ARCELOR (BERTON SICARD);INSTALLUX;142;Non;6;;;;;;;
Profil Alu;;BANDEAU 150X40;ARCELOR (BERTON SICARD);INSTALLUX;143/15;Non;6;;;;;;;
Profil Alu;;BANDEAU 150X40 LG:996 MM;ARCELOR (BERTON SICARD);INSTALLUX;143/151;Non;1;;;;;;;
Profil Alu;;BANDEAU 80X40;ARCELOR (BERTON SICARD);INSTALLUX;143/80;Non;6;;;;;;;
Profil Alu;;BANDEAU 80X40 LG:996 MM;ARCELOR (BERTON SICARD);INSTALLUX;143/801;Non;1;;;;;;;
Profil Alu;;3 DEPARTS 40X40;ARCELOR (BERTON SICARD);INSTALLUX;146;Non;6;;;;;;;
Profil Alu;;RAIL HAUT PORTE ACCORD.;ARCELOR (BERTON SICARD);INSTALLUX;148;Non;6;;;;;;;
Profil Alu;;SEUIL 40 ET 80;ARCELOR (BERTON SICARD);INSTALLUX;149;Non;6;;;;;;;
profil Alu;;CACHE RAINURE 40;ARCELOR (BERTON SICARD);INSTALLUX;150;Non;6;;;;;;;
Profil Alu;;BATTUE FEUILLURE 35;ARCELOR (BERTON SICARD);INSTALLUX;151;Non;6;;;;;;;
Profil Alu;;BATTUE DBL ETANCHEITE;ARCELOR (BERTON SICARD);INSTALLUX;152;Non;6;;;;;;;
Profil Alu;;CLOSOIR SIMPLE;ARCELOR (BERTON SICARD);INSTALLUX;153;Non;6;;;;;;;
Profil Alu;;BATTUE FEUILLURE 45;ARCELOR (BERTON SICARD);INSTALLUX;154;Non;6;;;;;;;
Profil Alu;;*BATTUE SIMPL ETANCHEITE;ARCELOR (BERTON SICARD);INSTALLUX;157;Non;6;;;;;;;
Profil Alu;PARCLOSE;PARCLOSE A VISSER;ARCELOR (BERTON SICARD);INSTALLUX;164;Non;6;;;;;;;
Profil Alu;;RAIL HAUT PORTE COULISS.;ARCELOR (BERTON SICARD);INSTALLUX;165;Non;6;;;;;;;
Profil Alu;;CACHE PORTE COULISSANTE;ARCELOR (BERTON SICARD);INSTALLUX;167;Non;6;;;;;;;
Profil Alu;;ANGLE EXTERIEUR 80X40;ARCELOR (BERTON SICARD);INSTALLUX;168;Non;6;;;;;;;
Profil Alu;;ANGLE INTERIEUR 80X40;ARCELOR (BERTON SICARD);INSTALLUX;169;Non;6;;;;;;;
Profil Alu;PARCLOSE;*PARCLOSE REMPL. 46/65;ARCELOR (BERTON SICARD);INSTALLUX;173;Non;6;;;;;;;
Profil Alu;;SEUIL PORTE 140;ARCELOR (BERTON SICARD);INSTALLUX;178;Non;6;;;;;;;
Profil Alu;;TRAVERSE DOUBLE CAGE;ARCELOR (BERTON SICARD);INSTALLUX;179;Non;6;;;;;;;
Profil Alu;;HUISSERIE A BATTUE;ARCELOR (BERTON SICARD);INSTALLUX;181;Non;6;;;;;;;
Profil Alu;;OUVRANT FRANC. 40X77;ARCELOR (BERTON SICARD);INSTALLUX;182;Non;6;;;;;;;
Profil Alu;;OUVRANT ANGLAISE 40X77;ARCELOR (BERTON SICARD);INSTALLUX;183;Non;6;;;;;;;
profil alu;;MENEAU 80;ARCELOR (BERTON SICARD);INSTALLUX;184;Non;6;;;;;;;
Profil Alu;;MENEAU 1 AILE FIXE;ARCELOR (BERTON SICARD);INSTALLUX;200;Non;6;;;;;;;
Profil Alu;;TRAV BARREAU DEFENSE;ARCELOR (BERTON SICARD);INSTALLUX;201;Non;6,5;;;;;;;
Profil Alu;PARCLOSE;*PARCLOSE TALON SECURITE;ARCELOR (BERTON SICARD);INSTALLUX;218;Non;6;;;;;;;
Profil Alu;PARCLOSE;PARCLOSE TALON SECURITE;ARCELOR (BERTON SICARD);INSTALLUX;219;Non;6;;;;;;;
Profil Alu;PARCLOSE;PARCLOSE TALON SECURITE;ARCELOR (BERTON SICARD);INSTALLUX;220;Non;6;;;;;;;
Profil Alu;PARCLOSE;PARCLOSE TALON SECURITE;ARCELOR (BERTON SICARD);INSTALLUX;223;Non;6;;;;;;;
Profil Alu;PARCLOSE;PARCLOSE TALON SECURITE;ARCELOR (BERTON SICARD);INSTALLUX;226;Non;6;;;;;;;
Profil Alu;;LISSE HAUTE NON PERFOREE;ARCELOR (BERTON SICARD);INSTALLUX;300;Non;6;;;;;;;
Profil Alu;;MAIN COURANTE 25;ARCELOR (BERTON SICARD);INSTALLUX;301;Non;6;;;;;;;
Profil Alu;;PROFIL BAS PR BARREAUDAG;ARCELOR (BERTON SICARD);INSTALLUX;302;Non;6,5;;;;;;;
Profil Alu;;BARREAU A UNE FIXATION;ARCELOR (BERTON SICARD);INSTALLUX;305;Non;6,5;;;;;;;
Profil Alu;;RAIDISSEUR 40X20;ARCELOR (BERTON SICARD);INSTALLUX;306;Non;6,5;;;;;;;
Profil Alu;;RAIDISSEUR 40X20 USINE;ARCELOR (BERTON SICARD);INSTALLUX;307;Non;6,5;;;;;;;
Profil Alu;;CLOSOIR PROFIL BARREAUDA;ARCELOR (BERTON SICARD);INSTALLUX;308;Non;6,5;;;;;;;
Profil Alu;;PROFIL POUR BARREAUDAGE;ARCELOR (BERTON SICARD);INSTALLUX;309;Non;6,5;;;;;;;
Profil Alu;;MAIN COURANTE 40;ARCELOR (BERTON SICARD);INSTALLUX;310;Non;6;;;;;;;
Profil Alu;;BARREAU OVAL;ARCELOR (BERTON SICARD);INSTALLUX;311;Non;6,5;;;;;;;
Profil Alu;;MAIN COURANTE ELLIPTIQUE;ARCELOR (BERTON SICARD);INSTALLUX;312;Non;6,5;;;;;;;
Profil Alu;;LISSE HTE PERFOREE GC;ARCELOR (BERTON SICARD);INSTALLUX;321;Non;6;;;;;;;
Profil Alu;;LISSE BASS PERFORE GC;ARCELOR (BERTON SICARD);INSTALLUX;322;Non;6;;;;;;;
Profil Alu;;MAIN COURANTE DIAM.63;ARCELOR (BERTON SICARD);INSTALLUX;324;Non;6;;;;;;;
Profil Alu;;LISSE HTE REMP SOUS LISS;ARCELOR (BERTON SICARD);INSTALLUX;326;Non;6,5;;;;;;;
Profil Alu;;LISSE HAUTE PERFOREE;ARCELOR (BERTON SICARD);INSTALLUX;328;Non;6,5;;;;;;;
Profil Alu;;LISSE CIRCULAIRE;ARCELOR (BERTON SICARD);INSTALLUX;329;Non;6,5;;;;;;;
Profil Alu;;MAIN COURANTE;ARCELOR (BERTON SICARD);INSTALLUX;330;Non;6,5;;;;;;;
Profil Alu;;CLOSOIR HAUT BARREAUDAGE;ARCELOR (BERTON SICARD);INSTALLUX;334;Non;6,5;;;;;;;
Profil Alu;;LISSE RECTANGULAIRE;ARCELOR (BERTON SICARD);INSTALLUX;336;Non;6,5;;;;;;;
Profil Alu;;PROFIL CADRE HT RECT.;ARCELOR (BERTON SICARD);INSTALLUX;337;Non;6,5;;;;;;;
Profil Alu;;LISSE HAUTE / LAME 612;ARCELOR (BERTON SICARD);INSTALLUX;338;Non;6,5;;;;;;;
Profil Alu;;BARREAU LOSANGE 1 FIXATI;ARCELOR (BERTON SICARD);INSTALLUX;344;Non;6,5;;;;;;;
Profil Alu;;PROFIL CADRE BAS RECT.;ARCELOR (BERTON SICARD);INSTALLUX;347;Non;6,5;;;;;;;
Profil Alu;;LISSE BASSE PERFOREE;ARCELOR (BERTON SICARD);INSTALLUX;349;Non;6,5;;;;;;;
Profil Alu;EMBOUT;(*)EMBOUT MAIN COUR. 120;ARCELOR (BERTON SICARD);INSTALLUX;359;Non;2;;;;;;;
Profil Alu;EMBOUT;EMBOUT LISSE BASSE;ARCELOR (BERTON SICARD);INSTALLUX;365;Non;2;;;;;;;
Profil Alu;EMBOUT;EMBOUT MAIN COUR.;ARCELOR (BERTON SICARD);INSTALLUX;368;Non;1;;;;;;;
Profil Alu;;MC PR REMPL SOUS LISSE;ARCELOR (BERTON SICARD);INSTALLUX;375;Non;6,5;;;;;;;
Profil Alu;;PROFIL REMP BAS NEZ DALL;ARCELOR (BERTON SICARD);INSTALLUX;377;Non;6,5;;;;;;;
Profil Alu;EMBOUT;EMBOUT MAIN COUR. 63;ARCELOR (BERTON SICARD);INSTALLUX;384;Non;1;;;;;;;
Profil Alu;;FIXATION MUR.MAIN COUR.;ARCELOR (BERTON SICARD);INSTALLUX;385;Non;1;;;;;;;
Profil Alu;;PINCE DLE MAIN COURANTE;ARCELOR (BERTON SICARD);INSTALLUX;395;Non;1;;;;;;;
Profil Alu;;LISSE BASSE / LAME 612;ARCELOR (BERTON SICARD);INSTALLUX;399;Non;6,5;;;;;;;
Profil Alu;;RAIL COULISSANT;ARCELOR (BERTON SICARD);INSTALLUX;640;Non;6,5;;;;;;;
Profil Alu;;LIAISON 140/140;ARCELOR (BERTON SICARD);INSTALLUX;1011;Non;6;;;;;;;
Profil Alu;;BARREAU PORTILLON 140;ARCELOR (BERTON SICARD);INSTALLUX;1050;Non;6,5;;;;;;;
Profil Alu;;POIGNEE BANDEAU;ARCELOR (BERTON SICARD);INSTALLUX;1103;Non;6;;;;;;;
Profil Alu;;POIGNEE BANDEAU LG:996MM;ARCELOR (BERTON SICARD);INSTALLUX;1103/1;Non;1;;;;;;;
Profil Alu;EMBOUT;EMBOUT /318;ARCELOR (BERTON SICARD);INSTALLUX;1233;Non;1;;;;;;;
Profil Alu;EMBOUT;EMBOUT DECOUPE /1103;ARCELOR (BERTON SICARD);INSTALLUX;1618;Non;2;;;;;;;
Profil Alu;;POIGNEE POUSSOIR 250;ARCELOR (BERTON SICARD);INSTALLUX;1623;Non;1;;;;;;;
Profil Alu;;POIGNEE POUSSOIR 350;ARCELOR (BERTON SICARD);INSTALLUX;1624;Non;1;;;;;;;
Profil Alu;;POIGNEE POUSSOIR TUB.350;ARCELOR (BERTON SICARD);INSTALLUX;1641;Non;1;;;;;;;
Profil Alu;;PAUMELLE CLARIT LUXE;ARCELOR (BERTON SICARD);INSTALLUX;1700;Non;2;;;;;;;
Profil Alu;;PAUMELLE PORTE BOIS;ARCELOR (BERTON SICARD);INSTALLUX;1710;Non;2;;;;;;;
Profil Alu;;PAUMELLE PORTE ALU.BAGUE;ARCELOR (BERTON SICARD);INSTALLUX;1723;Non;2;;;;;;;
Profil Alu;;PAUMELLE PORTE ALU.ROULT;ARCELOR (BERTON SICARD);INSTALLUX;1724;Non;2;;;;;;;
Profil Alu;;PAUMELLE CHARIOT;ARCELOR (BERTON SICARD);INSTALLUX;1725;Non;1;;;;;;;
Profil Alu;;PAUMELLE EXTREM CHARIOT;ARCELOR (BERTON SICARD);INSTALLUX;1726;Non;1;;;;;;;
profil alu;;PAUMELLE GUIDE;ARCELOR (BERTON SICARD);INSTALLUX;1727;Non;1;;;;;;;
Profil Alu;;PAUMELLE EXTREM GUIDE;ARCELOR (BERTON SICARD);INSTALLUX;1728;Non;1;;;;;;;
Profil Alu;;PAUMELLE RENF.ECO.REGLA.;ARCELOR (BERTON SICARD);INSTALLUX;1760N;Non;1;;;;;;;
Profil Alu;;POIGNEE CUVETTE;ARCELOR (BERTON SICARD);INSTALLUX;1812;Non;1;;;;;;;
profil alu;;ARRET AU PIED;ARCELOR (BERTON SICARD);INSTALLUX;1817;Non;1;;;;;;;
profil alu;;BEQUILLE SIMPLE CARRE 8;ARCELOR (BERTON SICARD);INSTALLUX;1853N;Non;1;;;;;;;
Profil Alu;;BEQUILLE DOUBLE CARRE 8;ARCELOR (BERTON SICARD);INSTALLUX;1854N;Non;1;;;;;;;
Profil Alu;;BEQUILLE SIMPLE BOREALE;ARCELOR (BERTON SICARD);INSTALLUX;1859;Non;1;;;;;;;
Profil Alu;;BEQUILLE DBL CARRE 8MM;ARCELOR (BERTON SICARD);INSTALLUX;1860;Non;1;;;;;;;
Profil Alu;;*BEQUILLE SIMPLE HORUS;ARCELOR (BERTON SICARD);INSTALLUX;1868;Non;1;;;;;;;
Profil Alu;;*BEQUILLE DBL “HORUS”;ARCELOR (BERTON SICARD);INSTALLUX;1869;Non;1;;;;;;;
Profil Alu;;*BEQUILLE OPERA DOUBLE;ARCELOR (BERTON SICARD);INSTALLUX;1875;Non;1;;;;;;;
Profil Alu;;LIAISON SECTION 50;ARCELOR (BERTON SICARD);INSTALLUX;5022;Non;6,5;;;;;;;
Profil Alu;;PROFIL LIAISON CAGES;ARCELOR (BERTON SICARD);INSTALLUX;5027;Non;6,5;;;;;;;
Profil Alu;;JONCTION RENFORCEE;ARCELOR (BERTON SICARD);INSTALLUX;5040;Non;6,5;;;;;;;
Profil Alu;;RAIDISSEUR 87X36;ARCELOR (BERTON SICARD);INSTALLUX;5041;Non;6,5;;;;;;;
Profil Alu;;RAIDISSEUR 65X36;ARCELOR (BERTON SICARD);INSTALLUX;5042;Non;6,5;;;;;;;
Profil Alu;PARCLOSE;PARCLOSE A VISSER;ARCELOR (BERTON SICARD);INSTALLUX;5048;Non;6,5;;;;;;;
profil alu;PARCLOSE;PARCLOSE A VISSER;ARCELOR (BERTON SICARD);INSTALLUX;5049;Non;6,5;;;;;;;
Profil Alu;PARCLOSE;PARCLOSE ANODISABLE CLIP;ARCELOR (BERTON SICARD);INSTALLUX;5050;Non;6,5;;;;;;;
Profil Alu;PARCLOSE;PARCLOSE CLIPABLE 8.5;ARCELOR (BERTON SICARD);INSTALLUX;5051;Non;6,5;;;;;;;
profil alu;PARCLOSE;PARCLOSE CLIPABLE 18.5;ARCELOR (BERTON SICARD);INSTALLUX;5053;Non;6,5;;;;;;;
Profil Alu;PARCLOSE;PARCLOSE CLIPABLE 23.5;ARCELOR (BERTON SICARD);INSTALLUX;5054;Non;6,5;;;;;;;
Profil Alu;Capot;CAPOT /5041/5042;ARCELOR (BERTON SICARD);INSTALLUX;5057;Non;6,5;;;;;;;
Profil Alu;;ELARGISSEUR DE FEUILLURE;ARCELOR (BERTON SICARD);INSTALLUX;5058;Non;6,5;;;;;;;
Profil Alu;;PROFIL DE DILATATION;ARCELOR (BERTON SICARD);INSTALLUX;5138;Non;6;;;;;;;
Profil Alu;;SEUIL PORTE;ARCELOR (BERTON SICARD);INSTALLUX;5144;Non;6,5;;;;;;;
profil alu;;SEUIL PORTE A BATTUE;ARCELOR (BERTON SICARD);INSTALLUX;5145;Non;6,5;;;;;;;
Profil Alu;;SEUIL PORTE 36.5MM;ARCELOR (BERTON SICARD);INSTALLUX;5146;Non;6;;;;;;;
Profil Alu;;SEUIL PTE VEC ALVEOV;ARCELOR (BERTON SICARD);INSTALLUX;5147;Non;6;;;;;;;
Profil Alu;;PRECADRE ISOLATION 135;ARCELOR (BERTON SICARD);INSTALLUX;5154;Non;6;;;;;;;
profil Alu;;PRECADRE ISOLATION 160;ARCELOR (BERTON SICARD);INSTALLUX;5155;Non;6;;;;;;;
Profil Alu;;PRECADRE ISOLATION 100;ARCELOR (BERTON SICARD);INSTALLUX;5156;Non;6;;;;;;;
Profil Alu;;DORM.PRECADRE ISOL.100;ARCELOR (BERTON SICARD);INSTALLUX;5167TH;Non;6,5;;;;;;;
Profil Alu;;DORM.PRECADRE ISOL 100;ARCELOR (BERTON SICARD);INSTALLUX;5169TH;Non;6,5;;;;;;;
Profil Alu;;DORM. PRECADRE ISOL 120;ARCELOR (BERTON SICARD);INSTALLUX;5170TH;Non;6,5;;;;;;;
Profil Alu;;TAPEE 15;ARCELOR (BERTON SICARD);INSTALLUX;5190;Non;6;;;;;;;
Profil Alu;;TAPEE 25;ARCELOR (BERTON SICARD);INSTALLUX;5191;Non;6;;;;;;;
Profil Alu;;TAPEE 35;ARCELOR (BERTON SICARD);INSTALLUX;5192;Non;6;;;;;;;
Profil Alu;;TAPEE 45;ARCELOR (BERTON SICARD);INSTALLUX;5193;Non;6;;;;;;;
Profil Alu;;TAPEE 55;ARCELOR (BERTON SICARD);INSTALLUX;5194;Non;6;;;;;;;
Profil Alu;;TAPEE 65;ARCELOR (BERTON SICARD);INSTALLUX;5195;Non;6;;;;;;;
Profil Alu;;(*)DORMANT 50;ARCELOR (BERTON SICARD);INSTALLUX;5401TH;Non;6,5;;;;;;;
Profil Alu;;(*)DORM. A RECOUVREMENT;ARCELOR (BERTON SICARD);INSTALLUX;5402TH;Non;6,5;;;;;;;
Profil Alu;;DORMANT SS RECOUV. 64MM;ARCELOR (BERTON SICARD);INSTALLUX;5403TH;Non;6,5;;;;;;;
Profil Alu;;DORMANT 64;ARCELOR (BERTON SICARD);INSTALLUX;5404TH;Non;6,5;;;;;;;
Profil Alu;;(*)DORMANT 50;ARCELOR (BERTON SICARD);INSTALLUX;5405TH;Non;6,5;;;;;;;
Profil Alu;;(*)DORMANT 50;ARCELOR (BERTON SICARD);INSTALLUX;5406TH;Non;6,5;;;;;;;
Profil Alu;;DORMANT ITALIENNE;ARCELOR (BERTON SICARD);INSTALLUX;5407TH;Non;6,5;;;;;;;
Profil Alu;;DORM. ITALIERAPORTE;ARCELOR (BERTON SICARD);INSTALLUX;5408TH;Non;6,5;;;;;;;
Profil Alu;;DORM. INTEGRATIOMRID;ARCELOR (BERTON SICARD);INSTALLUX;5409TH;Non;6,5;;;;;;;
Profil Alu;;INVERSEUR DE FEUILLURE;ARCELOR (BERTON SICARD);INSTALLUX;5410TH;Non;6,5;;;;;;;
Profil Alu;;MENEAU 72;ARCELOR (BERTON SICARD);INSTALLUX;5411TH;Non;6,5;;;;;;;
Profil Alu;;MENEAU 168;ARCELOR (BERTON SICARD);INSTALLUX;5415TH;Non;6,5;;;;;;;
Profil Alu;;MENEAU RENFORCE 72;ARCELOR (BERTON SICARD);INSTALLUX;5416TH;Non;6,5;;;;;;;
Profil Alu;;MENEAU RENFORCE 99;ARCELOR (BERTON SICARD);INSTALLUX;5417TH;Non;6,5;;;;;;;
Profil Alu;;DORMANT 64;ARCELOR (BERTON SICARD);INSTALLUX;5418TH;Non;6,5;;;;;;;
Profil Alu;;DORMANT 64 A RECOUV.;ARCELOR (BERTON SICARD);INSTALLUX;5419TH;Non;6,5;;;;;;;
Profil Alu;;OUVRANT FRANCAISE 65;ARCELOR (BERTON SICARD);INSTALLUX;5421TH;Non;6,5;;;;;;;
Profil Alu;;OUVRANT FRANCAISE 79;ARCELOR (BERTON SICARD);INSTALLUX;5422TH;Non;6,5;;;;;;;
Profil Alu;;OUVRANT FRANCAISE 94;ARCELOR (BERTON SICARD);INSTALLUX;5423TH;Non;6,5;;;;;;;
profil alu;;OUVRANT FRANCAISE 65,5;ARCELOR (BERTON SICARD);INSTALLUX;5424TH;Non;6,5;;;;;;;
Profil Alu;;PROF.DORM. HT 63,8;ARCELOR (BERTON SICARD);INSTALLUX;5427TH;Non;6,5;;;;;;;
Profil Alu;;INTERM. BASCULANT;ARCELOR (BERTON SICARD);INSTALLUX;5428;Non;6,5;;;;;;;
Profil Alu;;OUVRANT ITALIEN. BASCUL;ARCELOR (BERTON SICARD);INSTALLUX;5429TH;Non;6,5;;;;;;;
Profil Alu;;MENEAU SIMPLE 129MM;ARCELOR (BERTON SICARD);INSTALLUX;5432TH;Non;6,5;;;;;;;
Profil Alu;;DORM. A RECOUVREMENT;ARCELOR (BERTON SICARD);INSTALLUX;5433TH;Non;6,5;;;;;;;
Profil Alu;;OUVRANT PROJECTION;ARCELOR (BERTON SICARD);INSTALLUX;5434TH;Non;6,5;;;;;;;
Profil Alu;;MENEAU RENFORCE LG 120MM;ARCELOR (BERTON SICARD);INSTALLUX;5435TH;Non;6,5;;;;;;;
Profil Alu;;DORMANT 100 MM CAGE EXT;ARCELOR (BERTON SICARD);INSTALLUX;5436TH;Non;6,5;;;;;;;
Profil Alu;;MONTANT ANGLE VARIABLE;ARCELOR (BERTON SICARD);INSTALLUX;5450TH;Non;6,5;;;;;;;
Profil Alu;;LIAISON 101,5/101,5RPT;ARCELOR (BERTON SICARD);INSTALLUX;5453TH;Non;6,5;;;;;;;
Profil Alu;;MONTANT ANGLE 135°;ARCELOR (BERTON SICARD);INSTALLUX;5456TH;Non;6,5;;;;;;;
profil alu;;(*)DORM.SS RECOU.SS CAGE;ARCELOR (BERTON SICARD);INSTALLUX;5465TH;Non;6,5;;;;;;;
Profil Alu;;MENEAU RENFORT INTEGRE;ARCELOR (BERTON SICARD);INSTALLUX;5499TH;Non;6,5;;;;;;;
Profil Alu;;AERATEUR ENCASTRABLE;ARCELOR (BERTON SICARD);INSTALLUX;5500;Non;1;;;;;;;
Profil Alu;;DORMANT A RECOUVREMENT;ARCELOR (BERTON SICARD);INSTALLUX;5502TH;Non;6,5;;;;;;;
Profil Alu;;DORMANT MIXTE FP/CAG.TOL;ARCELOR (BERTON SICARD);INSTALLUX;5505TH;Non;6,5;;;;;;;
Profil Alu;PARCLOSE;PARCLOSE ARRONDIE 3,5;ARCELOR (BERTON SICARD);INSTALLUX;5510;Non;6,5;;;;;;;
Profil Alu;PARCLOSE;PARCLOSE ARRONDIE 8.5;ARCELOR (BERTON SICARD);INSTALLUX;5511;Non;6,5;;;;;;;
Profil Alu;PARCLOSE;PARCLOSE ARRONDIE 23.5;ARCELOR (BERTON SICARD);INSTALLUX;5514;Non;6,5;;;;;;;
Profil Alu;PARCLOSE;PARCLOSE ARRONDIE 28,5;ARCELOR (BERTON SICARD);INSTALLUX;5515;Non;6,5;;;;;;;
Profil Alu;PARCLOSE;PARCLOSE MOULUREE 8.5;ARCELOR (BERTON SICARD);INSTALLUX;5517;Non;6,5;;;;;;;
Profil Alu;PARCLOSE;PARCLOSE MOULUREE 13.5;ARCELOR (BERTON SICARD);INSTALLUX;5518;Non;6,5;;;;;;;
Profil Alu;;*OUVRANT PORTE-FEUILLE;ARCELOR (BERTON SICARD);INSTALLUX;5618TH;Non;6,5;;;;;;;
Profil Alu;;*PROFIL DE JOINTEMENT;ARCELOR (BERTON SICARD);INSTALLUX;5622TH;Non;6,5;;;;;;;
Profil Alu;;VERROU SEMI-FIXE;ARCELOR (BERTON SICARD);INSTALLUX;5754;Non;1;;;;;;;
Profil Alu;;CREMONE POMPIER TOURNAN;ARCELOR (BERTON SICARD);INSTALLUX;5762;Non;1;;;;;;;
Profil Alu;;ROSACE DE SECURITE;ARCELOR (BERTON SICARD);INSTALLUX;5765;Non;1;;;;;;;
Profil Alu;;VERROU SEMI-FIXE;ARCELOR (BERTON SICARD);INSTALLUX;5766;Non;1;;;;;;;
Profil Alu;;GACHE HAUTE /5766/5767;ARCELOR (BERTON SICARD);INSTALLUX;5768;Non;1;;;;;;;
Profil Alu;;MAN.INT.5891 SS BEQUILLE;ARCELOR (BERTON SICARD);INSTALLUX;5810;Non;1;;;;;;;
Profil Alu;;POIGNEE A OLIVE GAUCHE;ARCELOR (BERTON SICARD);INSTALLUX;5828;Non;1;;;;;;;
Profil Alu;;VERROU BAIONNETTE;ARCELOR (BERTON SICARD);INSTALLUX;5831;Non;1;;;;;;;
Profil Alu;;COMPAS SUPPLEMENT./5837;ARCELOR (BERTON SICARD);INSTALLUX;5838;Non;1;;;;;;;
Profil Alu;;BEQUILLE PLATE “BOREALE”;ARCELOR (BERTON SICARD);INSTALLUX;5842;Non;1;;;;;;;
Profil Alu;;LOQUETEAU A CLAMER/SOUF.;ARCELOR (BERTON SICARD);INSTALLUX;5849;Non;1;;;;;;;
Profil Alu;;BEQUILLE ESTIVALE DRT;ARCELOR (BERTON SICARD);INSTALLUX;5853;Non;1;;;;;;;
Profil Alu;;BEQUILLE ESTIVALE GCH;ARCELOR (BERTON SICARD);INSTALLUX;5854;Non;1;;;;;;;
Profil Alu;;BEQUILLE ESTIVALE DBL;ARCELOR (BERTON SICARD);INSTALLUX;5855;Non;1;;;;;;;
Profil Alu;;*(PAUMELLE DEUX BRANCHES;ARCELOR (BERTON SICARD);INSTALLUX;5866;Non;2;;;;;;;
Profil Alu;;PAUMELLE 2 BRANCHES;ARCELOR (BERTON SICARD);INSTALLUX;5866N;Non;2;;;;;;;
Profil Alu;;PAUMELLE CL.FAIBLE TRAF.;ARCELOR (BERTON SICARD);INSTALLUX;5867;Non;2;;;;;;;
Profil Alu;;PAUMELLE 3 BRANCHES;ARCELOR (BERTON SICARD);INSTALLUX;5868N;Non;2;;;;;;;
Profil Alu;;BEQUILLE FENETRE OPERA;ARCELOR (BERTON SICARD);INSTALLUX;5871;Non;1;;;;;;;
Profil Alu;;FERM.1.2VANTAUX A CARR;ARCELOR (BERTON SICARD);INSTALLUX;5877N;Non;1;;;;;;;
Profil Alu;;(*PAUMELLE OB 2 VANTAUX;ARCELOR (BERTON SICARD);INSTALLUX;5879N;Non;1;;;;;;;
Profil Alu;;(*FERRURE OB REVERSIBLE;ARCELOR (BERTON SICARD);INSTALLUX;5880P;Non;1;;;;;;;
Profil Alu;;(*FERRURE OB RV.BOIT.ENC;ARCELOR (BERTON SICARD);INSTALLUX;5897N;Non;1;;;;;;;
Profil Alu;;2 DEPARTS 50X55;ARCELOR (BERTON SICARD);INSTALLUX;5900;Non;6;;;;;;;
Profil Alu;;2 DEPARTS 50X28;ARCELOR (BERTON SICARD);INSTALLUX;5901;Non;6;;;;;;;
Profil Alu;;SEUIL TRADI;ARCELOR (BERTON SICARD);INSTALLUX;5903;Non;6,5;;;;;;;
Profil Alu;;MENEAU RENFORCE 55;ARCELOR (BERTON SICARD);INSTALLUX;5905;Non;6;;;;;;;
Profil Alu;;MENEAU RENFORCE 28;ARCELOR (BERTON SICARD);INSTALLUX;5906;Non;6;;;;;;;
Profil Alu;;FEUILLURE RAPPORTEE;ARCELOR (BERTON SICARD);INSTALLUX;5910;Non;6;;;;;;;
Profil Alu;;(*)DORMANT 50 A CAGE;ARCELOR (BERTON SICARD);INSTALLUX;5911;Non;6;;;;;;;
Profil Alu;;(*)DORM.AVEC RECOUVREMEN;ARCELOR (BERTON SICARD);INSTALLUX;5912;Non;6;;;;;;;
Profil Alu;;(*)DORMANT 50 SANS CAGE;ARCELOR (BERTON SICARD);INSTALLUX;5913;Non;6;;;;;;;
Profil Alu;;INVERSEUR DE FEUILLURE;ARCELOR (BERTON SICARD);INSTALLUX;5920;Non;6;;;;;;;
Profil Alu;;DORMANT HT 64 A CAGE;ARCELOR (BERTON SICARD);INSTALLUX;5921;Non;6;;;;;;;
Profil Alu;;DORMANT 64 SANS CAGE;ARCELOR (BERTON SICARD);INSTALLUX;5923;Non;6;;;;;;;
Profil Alu;;DORMANT 128MM;ARCELOR (BERTON SICARD);INSTALLUX;5924;Non;6,5;;;;;;;
Profil Alu;;MENEAU 99;ARCELOR (BERTON SICARD);INSTALLUX;5930;Non;6;;;;;;;
Profil Alu;;MENEAU SIMPLE 72;ARCELOR (BERTON SICARD);INSTALLUX;5931;Non;6;;;;;;;
Profil Alu;;MENEAU RENFORCE 99;ARCELOR (BERTON SICARD);INSTALLUX;5935;Non;6;;;;;;;
Profil Alu;;MENEAU RENFORCE 72;ARCELOR (BERTON SICARD);INSTALLUX;5936;Non;6;;;;;;;
Profil Alu;;MENEAU 168;ARCELOR (BERTON SICARD);INSTALLUX;5939;Non;6;;;;;;;
Profil Alu;;MENEAU 168X50-1M;ARCELOR (BERTON SICARD);INSTALLUX;5939/1;Non;1;;;;;;;
Profil Alu;;OUVRANT FRANC. 65.5;ARCELOR (BERTON SICARD);INSTALLUX;5941;Non;6;;;;;;;
Profil Alu;;OUVRANT FRANC. 79;ARCELOR (BERTON SICARD);INSTALLUX;5942;Non;6;;;;;;;
Profil Alu;;OUVRANT FRANCAISE 94;ARCELOR (BERTON SICARD);INSTALLUX;5943;Non;6;;;;;;;
Profil Alu;;BATTUE RAPORT. VA/VIENT;ARCELOR (BERTON SICARD);INSTALLUX;5971;Non;6;;;;;;;
Profil Alu;;BATTUE RAPPORTEE;ARCELOR (BERTON SICARD);INSTALLUX;5972;Non;6;;;;;;;
profil alu;;CLOSOIR FEUILLURE;ARCELOR (BERTON SICARD);INSTALLUX;5978;Non;6;;;;;;;
Profil Alu;;CLOSOIR 50;ARCELOR (BERTON SICARD);INSTALLUX;5979;Non;6;;;;;;;
Profil Alu;;DORMANT 50 CAGE CLIP/TOL;ARCELOR (BERTON SICARD);INSTALLUX;5980;Non;6,5;;;;;;;
Profil Alu;;DORMANT A RECOUVREMENT;ARCELOR (BERTON SICARD);INSTALLUX;5981;Non;6,5;;;;;;;
Profil Alu;;DORMANT 50 SANS CAGE;ARCELOR (BERTON SICARD);INSTALLUX;5982;Non;6,5;;;;;;;
Profil Alu;;PROFIL CACHE CAGE A TOLE;ARCELOR (BERTON SICARD);INSTALLUX;6596;Non;6,5;;;;;;;
Profil Alu;;LIAISON COUVRE JOINT;ARCELOR (BERTON SICARD);INSTALLUX;6598/4;Non;4,6;;;;;;;
Profil Alu;;REJET OU RECUP. D’EAU;ARCELOR (BERTON SICARD);INSTALLUX;6621;Non;6,5;;;;;;;
Profil Alu;;JET D’EAU;ARCELOR (BERTON SICARD);INSTALLUX;6622;Non;6,5;;;;;;;
Profil Alu;;REJET D’EAU A CLIPER;ARCELOR (BERTON SICARD);INSTALLUX;6623;Non;6,5;;;;;;;
Profil Alu;;RECUPERATEUR EAU CLIPE;ARCELOR (BERTON SICARD);INSTALLUX;6624;Non;6,5;;;;;;;
Profil Alu;;BANDEAU VENTOUSE ELCTRMG;ARCELOR (BERTON SICARD);INSTALLUX;6625/4;Non;4,6;;;;;;;
Profil Alu;;RENFORT BANDEAU /6625;ARCELOR (BERTON SICARD);INSTALLUX;6626/4;Non;4,6;;;;;;;
Profil Alu;;MOULURE RUSTIQUE;ARCELOR (BERTON SICARD);INSTALLUX;6631;Non;6,5;;;;;;;
Profil Alu;;RECUPERATEUR EAU;ARCELOR (BERTON SICARD);INSTALLUX;6635;Non;6,5;;;;;;;
Profil Alu;;COUVRE JOINT RECUP.;ARCELOR (BERTON SICARD);INSTALLUX;6636;Non;6,5;;;;;;;
Profil Alu;Bavette;BAVETTE 40;ARCELOR (BERTON SICARD);INSTALLUX;6640;Non;6,5;;;;;;;
Profil Alu;Bavette;BAVETTE 60;ARCELOR (BERTON SICARD);INSTALLUX;6641;Non;6,5;;;;;;;
Profil Alu;Bavette;BAVETTE 80;ARCELOR (BERTON SICARD);INSTALLUX;6642;Non;6,5;;;;;;;
Profil Alu;Bavette;BAVETTE 100;ARCELOR (BERTON SICARD);INSTALLUX;6643;Non;6,5;;;;;;;
Profil Alu;Bavette;BAVETTE 120;ARCELOR (BERTON SICARD);INSTALLUX;6644;Non;6,5;;;;;;;
Profil Alu;Bavette;BAVETTE 150;ARCELOR (BERTON SICARD);INSTALLUX;6645;Non;6,5;;;;;;;
Profil Alu;EMBOUT;EMBOUT DE BAVETTE LG:1M;ARCELOR (BERTON SICARD);INSTALLUX;6647/1;Non;1;;;;;;;
Profil Alu;Bavette;BAVETTE TUBUL.100MM RJD;ARCELOR (BERTON SICARD);INSTALLUX;6648;Non;6,5;;;;;;;
Profil Alu;Bavette;BAVETTE TUBUL. 100MM RJA;ARCELOR (BERTON SICARD);INSTALLUX;6649;Non;6,5;;;;;;;
Profil Alu;;COUVRE PIECE APPUI EXT.;ARCELOR (BERTON SICARD);INSTALLUX;6650;Non;6,5;;;;;;;
Profil Alu;;OUVRANT MOUSTIQUAIRE.;ARCELOR (BERTON SICARD);INSTALLUX;6801;Non;6,5;;;;;;;
Profil Alu;;DORMANT MOUSTI CAGES;ARCELOR (BERTON SICARD);INSTALLUX;6804;Non;6,5;;;;;;;
Profil Alu;Capot;CAPOT OGIVE 150;ARCELOR (BERTON SICARD);INSTALLUX;6959;Non;6,5;;;;;;;
Profil Alu;;DORM.PERI.RENOV.MENUISER;ARCELOR (BERTON SICARD);INSTALLUX;6973;Non;6,5;;;;;;;
Profil Alu;Capot;INTERCALAIRE CAPOT OGIVE;ARCELOR (BERTON SICARD);INSTALLUX;6975;Non;6,5;;;;;;;
Profil Alu;;CACHE RAINURE;ARCELOR (BERTON SICARD);INSTALLUX;7014;Non;6,5;;;;;;;
Profil Alu;;POTEAU 150° 75;ARCELOR (BERTON SICARD);INSTALLUX;7016/4TH;Non;4,8;;;;;;;
Profil Alu;;POTEAU 150° 75;ARCELOR (BERTON SICARD);INSTALLUX;7016TH;Non;6,5;;;;;;;
Profil Alu;;POTEAU 150° 120;ARCELOR (BERTON SICARD);INSTALLUX;7017/4TH;Non;4,8;;;;;;;
Profil Alu;;POTEAU 150° 120;ARCELOR (BERTON SICARD);INSTALLUX;7017TH;Non;6,5;;;;;;;
Profil Alu;;REPRISE ARTICULATION;ARCELOR (BERTON SICARD);INSTALLUX;7028;Non;6,5;;;;;;;
Profil Alu;Capot;CAPOT DE RIVE 94 MM;ARCELOR (BERTON SICARD);INSTALLUX;7038;Non;6,5;;;;;;;
Profil Alu;;CACHE ARTICULATION;ARCELOR (BERTON SICARD);INSTALLUX;7039;Non;6,5;;;;;;;
Profil Alu;;OBTURATEUR 16;ARCELOR (BERTON SICARD);INSTALLUX;7042;Non;6,5;;;;;;;
Profil Alu;;OBTURATEUR 25;ARCELOR (BERTON SICARD);INSTALLUX;7044;Non;6,5;;;;;;;
Profil Alu;;LIAISO65X31;ARCELOR (BERTON SICARD);INSTALLUX;7054TH;Non;6,5;;;;;;;
Profil Alu;;JONCTION IMPOSTE 110X31;ARCELOR (BERTON SICARD);INSTALLUX;7056TH;Non;6,5;;;;;;;
Profil Alu;;OBTURATEUR 55MM;ARCELOR (BERTON SICARD);INSTALLUX;7108;Non;6,5;;;;;;;
Profil Alu;;PROFIL LIAISON 135° 120;ARCELOR (BERTON SICARD);INSTALLUX;7127/4TH;Non;4,8;;;;;;;
Profil Alu;;PROFIL LIAISO135° 120;ARCELOR (BERTON SICARD);INSTALLUX;7127TH;Non;6,5;;;;;;;
Profil Alu;Cheneau;SABLIERE VR INTEGRE;ARCELOR (BERTON SICARD);INSTALLUX;7130/3TH;Non;3,25;;;;;;;
Profil Alu;Capot;ACCROCHE BAS DE CAPOT;ARCELOR (BERTON SICARD);INSTALLUX;7133;Non;6,5;;;;;;;
Profil Alu;;COULISSE VOLET ROULANT;ARCELOR (BERTON SICARD);INSTALLUX;7134;Non;6,5;;;;;;;
Profil Alu;;DORM. CHASSIS TOITURE;ARCELOR (BERTON SICARD);INSTALLUX;7150TH;Non;6,5;;;;;;;
Profil Alu;;OUVR. CACHE CHASSIS TOIT;ARCELOR (BERTON SICARD);INSTALLUX;7151;Non;6,5;;;;;;;
Profil Alu;;POTEAU ANGLE 90° 65X75;ARCELOR (BERTON SICARD);INSTALLUX;7152/4TH;Non;4,8;;;;;;;
Profil Alu;;POTEAU ANGLE 90° 65X75;ARCELOR (BERTON SICARD);INSTALLUX;7152TH;Non;6,5;;;;;;;
profil alu;;LAME FINALE VOLET ROULAN;ARCELOR (BERTON SICARD);INSTALLUX;7153;Non;6,5;;;;;;;
Profil Alu;;TRAVERSE INTERMEDIAIRE;ARCELOR (BERTON SICARD);INSTALLUX;7208;Non;6,5;;;;;;;
Profil Alu;Capot;CAPOT 84;ARCELOR (BERTON SICARD);INSTALLUX;7210;Non;6,5;;;;;;;
Profil Alu;Capot;CAPOT 94;ARCELOR (BERTON SICARD);INSTALLUX;7211;Non;6,5;;;;;;;
Profil Alu;Capot;CAPOT 94;ARCELOR (BERTON SICARD);INSTALLUX;7211/4;Non;4,7;;;;;;;
Profil Alu;Capot;CAPOT DE RIVE 84;ARCELOR (BERTON SICARD);INSTALLUX;7212;Non;6,5;;;;;;;
Profil Alu;Capot;*CAPOT DECALE P.THERMOT.;ARCELOR (BERTON SICARD);INSTALLUX;7214;Non;6,5;;;;;;;
Profil Alu;PARCLOSE;PARCLOSE REMPL.09/13;ARCELOR (BERTON SICARD);INSTALLUX;7215;Non;6,5;;;;;;;
Profil Alu;PARCLOSE;PARCLOSE REMPL.16/20;ARCELOR (BERTON SICARD);INSTALLUX;7216;Non;6,5;;;;;;;
Profil Alu;PARCLOSE;PARCLOSE REMPL.23/27;ARCELOR (BERTON SICARD);INSTALLUX;7217;Non;6,5;;;;;;;
Profil Alu;PARCLOSE;PARCLOSE REMPL.51/55;ARCELOR (BERTON SICARD);INSTALLUX;7219;Non;6,5;;;;;;;
Profil Alu;EMBOUT;EMBOUT RIVE/7306TH D+G;ARCELOR (BERTON SICARD);INSTALLUX;7257;Non;1;;;;;;;
Profil Alu;;EPINE RPTH 100 MM;ARCELOR (BERTON SICARD);INSTALLUX;7300/4TH;Non;4,7;;;;;;;
Profil Alu;;EPINE RPTH 100 MM;ARCELOR (BERTON SICARD);INSTALLUX;7300TH;Non;6,5;;;;;;;
Profil Alu;;EPINE RPTH 120;ARCELOR (BERTON SICARD);INSTALLUX;7301/4TH;Non;4,7;;;;;;;
Profil Alu;;EPINE RPTH 120;ARCELOR (BERTON SICARD);INSTALLUX;7301TH;Non;6,5;;;;;;;
Profil Alu;;EPINE TUBUL.;ARCELOR (BERTON SICARD);INSTALLUX;7302;Non;6,5;;;;;;;
Profil Alu;;CHEVRORIVE 100;ARCELOR (BERTON SICARD);INSTALLUX;7307;Non;6,5;;;;;;;
Profil Alu;;SEUIL RALLONGE;ARCELOR (BERTON SICARD);INSTALLUX;7323TH;Non;6,5;;;;;;;
Profil Alu;;EPINE TUBULAIRE REM=55MM;ARCELOR (BERTON SICARD);INSTALLUX;7324/4TH;Non;4,7;;;;;;;
Profil Alu;;EPINE TUBULAIRE REM=55MM;ARCELOR (BERTON SICARD);INSTALLUX;7324TH;Non;6,5;;;;;;;
Profil Alu;;PROFIL DE RIVE REM=55MM;ARCELOR (BERTON SICARD);INSTALLUX;7325TH;Non;6,5;;;;;;;
Profil Alu;;ARETIER TUBUL.RPTH 150;ARCELOR (BERTON SICARD);INSTALLUX;7330TH;Non;6,5;;;;;;;
Profil Alu;REHAUSSE;REHAUSSE CHANF. DC 104;ARCELOR (BERTON SICARD);INSTALLUX;7604;Non;6,5;;;;;;;
Profil Alu;REHAUSSE;REHAUSSE CHANF. DC 104;ARCELOR (BERTON SICARD);INSTALLUX;7604;Non;6,5;;;;;;;
Profil Alu;Cheneau;SABLIERE CHENEAU 138MM;ARCELOR (BERTON SICARD);INSTALLUX;7607/4TH;Non;4,5;;;;;;;
Profil Alu;Cheneau;SABLIERE CHENEAU 138MM;ARCELOR (BERTON SICARD);INSTALLUX;7607TH;Non;6,5;;;;;;;
Profil Alu;Cheneau;(*)PROF BARDAGE CHENEAU;ARCELOR (BERTON SICARD);INSTALLUX;7618;Non;6,5;;;;;;;
Profil Alu;;PROFILE FIXATIOBARDAGE;ARCELOR (BERTON SICARD);INSTALLUX;7619;Non;6,5;;;;;;;
Profil Alu;;CHEVROMOULURE 230 MM;ARCELOR (BERTON SICARD);INSTALLUX;7622;Non;6,5;;;;;;;
Profil Alu;;CHEVRO106MM;ARCELOR (BERTON SICARD);INSTALLUX;7624/4;Non;4,7;;;;;;;
Profil Alu;Capot;CAPOT CLIPPE 31;ARCELOR (BERTON SICARD);INSTALLUX;7625;Non;6,5;;;;;;;
Profil Alu;Capot;CAPOT VISSE 31;ARCELOR (BERTON SICARD);INSTALLUX;7626/4;Non;4,7;;;;;;;
Profil Alu;Bavette;(*)BAVETTE ETANCHEITE;ARCELOR (BERTON SICARD);INSTALLUX;7627;Non;6,5;;;;;;;
Profil Alu;Cheneau;CHENEAU 230;ARCELOR (BERTON SICARD);INSTALLUX;7628;Non;6,5;;;;;;;
Profil Alu;Cheneau;CHENEAU 230;ARCELOR (BERTON SICARD);INSTALLUX;7628/4;Non;4;;;;;;;
Profil Alu;;(*)COFFRE VOLET ROUL 257;ARCELOR (BERTON SICARD);INSTALLUX;7629;Non;6,5;;;;;;;
Profil Alu;;DEMI ARETIER ARTICULE;ARCELOR (BERTON SICARD);INSTALLUX;7633;Non;6,5;;;;;;;
Profil Alu;;CHEVRODE RIVE;ARCELOR (BERTON SICARD);INSTALLUX;7635TH;Non;6,5;;;;;;;
profil alu;;CHEVRORIVE 105 MM;ARCELOR (BERTON SICARD);INSTALLUX;7637TH;Non;6,5;;;;;;;
profil alu;Faitiere;BAVETTE FAITIERE 125;ARCELOR (BERTON SICARD);INSTALLUX;7638;Non;6,5;;;;;;;
Profil Alu;Faitiere;BAVETTE FAITIERE 125;ARCELOR (BERTON SICARD);INSTALLUX;7638;Non;6,5;;;;;;;
Profil Alu;;ARTICULATION ARETIER;ARCELOR (BERTON SICARD);INSTALLUX;7643;Non;6,5;;;;;;;
Profil Alu;;SUPPORT BORDE VR;ARCELOR (BERTON SICARD);INSTALLUX;7644;Non;6,5;;;;;;;
Profil Alu;Faitiere;BAVETTE FAITIERE 125;ARCELOR (BERTON SICARD);INSTALLUX;7638;Non;6,5;;;;;;;
Profil Alu;;OBTURATEUR;ARCELOR (BERTON SICARD);INSTALLUX;7646/4;Non;4,7;;;;;;;
Profil Alu;Chevron;CHEVRON 156MM;ARCELOR (BERTON SICARD);INSTALLUX;7649;Non;6,5;;;;;;;
Profil Alu;Faitiere;BAVETTE FAITIERE 125;ARCELOR (BERTON SICARD);INSTALLUX;7638;Non;6,5;;;;;;;
Profil Alu;Chevron;CHEVRON 106MM SEMI RENF;ARCELOR (BERTON SICARD);INSTALLUX;7653;Non;6,5;;;;;;;
Profil Alu;Chevron;CHEVRON 106MM SEMI RENF;ARCELOR (BERTON SICARD);INSTALLUX;7653/4;Non;4;;;;;;;
Profil Alu;;TRAVERSE INTERM TUB;ARCELOR (BERTON SICARD);INSTALLUX;7655/4;Non;4,7;;;;;;;
Profil Alu;;ARTICULA BORDEE DRAINEE;ARCELOR (BERTON SICARD);INSTALLUX;7658THP;Non;6,5;;;;;;;
Profil Alu;;CACHE ARTICULATION;ARCELOR (BERTON SICARD);INSTALLUX;7659;Non;6,5;;;;;;;
Profil Alu;Chevron;CHEVRON 106MM RENFORCE;ARCELOR (BERTON SICARD);INSTALLUX;7661;Non;6,5;;;;;;;
Profil Alu;Chevron;CHEVRON 106MM RENFORCE;ARCELOR (BERTON SICARD);INSTALLUX;7661/4;Non;4,7;;;;;;;
Profil Alu;;ARETIER MOULURE 160MM;ARCELOR (BERTON SICARD);INSTALLUX;7662;Non;6,5;;;;;;;
Profil Alu;;ARETIER MOULURE 160MM;ARCELOR (BERTON SICARD);INSTALLUX;7662/4;Non;4,7;;;;;;;
Profil Alu;;ARET MOUL 180 SS CAGE;ARCELOR (BERTON SICARD);INSTALLUX;7663;Non;6,5;;;;;;;
Profil Alu;Capot;CAPOT TRAVERSE INTERM;ARCELOR (BERTON SICARD);INSTALLUX;7664/4;Non;4,7;;;;;;;
Profil Alu;;PROFIL NOUE;ARCELOR (BERTON SICARD);INSTALLUX;7665;Non;6,5;;;;;;;
Profil Alu;;PROFIL NOUE;ARCELOR (BERTON SICARD);INSTALLUX;7665/4;Non;4,7;;;;;;;
Profil Alu;;(*)PROFIL DE LIAISON;ARCELOR (BERTON SICARD);INSTALLUX;7668TH;Non;6,5;;;;;;;
Profil Alu;Faitiere;BAVETTE FAITIERE 125;ARCELOR (BERTON SICARD);INSTALLUX;7638;Non;6,5;;;;;;;
Profil Alu;;ADAPTATEUR POUTRE BOIS;ARCELOR (BERTON SICARD);INSTALLUX;7673;Non;6,5;;;;;;;
Profil Alu;;ARTICULATION NOUE;ARCELOR (BERTON SICARD);INSTALLUX;7674;Non;6,5;;;;;;;
Profil Alu;;PROFIL DE FINITION;ARCELOR (BERTON SICARD);INSTALLUX;7679;Non;6,5;;;;;;;
Profil Alu;;(*)POTEAU 180°;ARCELOR (BERTON SICARD);INSTALLUX;7680TH;Non;6,5;;;;;;;
Profil Alu;;(*)POTEAU 90° RENTRANT;ARCELOR (BERTON SICARD);INSTALLUX;7681TH;Non;6,5;;;;;;;
Profil Alu;;(*)POTEAU 90° SORTANT;ARCELOR (BERTON SICARD);INSTALLUX;7682TH;Non;6,5;;;;;;;
profil alu;;(*)POTEAU 150°;ARCELOR (BERTON SICARD);INSTALLUX;7683TH;Non;6,5;;;;;;;
Profil Alu;;(*)POTEAU 135°;ARCELOR (BERTON SICARD);INSTALLUX;7684TH;Non;6,5;;;;;;;
Profil Alu;Faitiere;BAVETTE FAITIERE 125;ARCELOR (BERTON SICARD);INSTALLUX;7638;Non;6,5;;;;;;;
Profil Alu;;ARTICULATIOCHEVRO156;ARCELOR (BERTON SICARD);INSTALLUX;7690;Non;6,5;;;;;;;
Profil Alu;;CHEVRORIVE 70;ARCELOR (BERTON SICARD);INSTALLUX;7691TH;Non;6,5;;;;;;;
Profil Alu;TUBE;TUBE DIAM 16X1,5 /7751;ARCELOR (BERTON SICARD);INSTALLUX;7766;Non;6;;;;;;;
Profil Alu;Capot;CAPOT MOULURE VR;ARCELOR (BERTON SICARD);INSTALLUX;7785;Non;6,5;;;;;;;
profil alu;Chevron;CHEVRON MOULUREE 66MM;ARCELOR (BERTON SICARD);INSTALLUX;7795;Non;6,5;;;;;;;
Profil Alu;REHAUSSE;REHAUSSE CHANF. DC 104;ARCELOR (BERTON SICARD);INSTALLUX;7604;Non;6,5;;;;;;;
Profil Alu;REHAUSSE;REHAUSSE CHANF. DC 104;ARCELOR (BERTON SICARD);INSTALLUX;7604;Non;6,5;;;;;;;
Profil Alu;Capot;CAPOT VISSE 39;ARCELOR (BERTON SICARD);INSTALLUX;7816/4;Non;4,7;;;;;;;
Profil Alu;Capot;CAPOT VISSE 39;ARCELOR (BERTON SICARD);INSTALLUX;7816/4M;Non;4;;;;;;;
Profil Alu;Capot;CAPOT CLIPPE 39;ARCELOR (BERTON SICARD);INSTALLUX;7817;Non;6,5;;;;;;;
Profil Alu;Capot;CAPOT CLIPPE 39 DECALE;ARCELOR (BERTON SICARD);INSTALLUX;7818;Non;6,5;;;;;;;
Profil Alu;Capot;CAPOT DECALE A VISSER;ARCELOR (BERTON SICARD);INSTALLUX;7820;Non;6,5;;;;;;;
Profil Alu;;(*)SUPPORT 90° COUL VR;ARCELOR (BERTON SICARD);INSTALLUX;7824;Non;6,5;;;;;;;
Profil Alu;;ARETIER MOULURE 126;ARCELOR (BERTON SICARD);INSTALLUX;7828;Non;6,5;;;;;;;
Profil Alu;Capot;CAPOT CLIPPE 36;ARCELOR (BERTON SICARD);INSTALLUX;7835;Non;6,5;;;;;;;
Profil Alu;Capot;CAPOT VISSE 36;ARCELOR (BERTON SICARD);INSTALLUX;7836/4;Non;4,7;;;;;;;
Profil Alu;;TRAVERSE 168MM;ARCELOR (BERTON SICARD);INSTALLUX;8108;Non;6,5;;;;;;;
Profil Alu;;MONTANT 60X170MM;ARCELOR (BERTON SICARD);INSTALLUX;8110;Non;6,5;;;;;;;
Profil Alu;;MONTANT 228X54;ARCELOR (BERTON SICARD);INSTALLUX;8177;Non;6,5;;;;;;;
Profil Alu;;MONTANT 53X54;ARCELOR (BERTON SICARD);INSTALLUX;8178;Non;6,5;;;;;;;
Profil Alu;;MONTANT 73X54;ARCELOR (BERTON SICARD);INSTALLUX;8179;Non;6,5;;;;;;;
Profil Alu;;MONTANT 100X54;ARCELOR (BERTON SICARD);INSTALLUX;8181;Non;6,5;;;;;;;
MONTANT;;MONTANT 150X54;ARCELOR (BERTON SICARD);INSTALLUX;8183;Non;6,5;;;;;;;
Profil Alu;;MONTANT 185X54;ARCELOR (BERTON SICARD);INSTALLUX;8184;Non;6,5;;;;;;;
TRAVERSE;;TRAVERSE 38,5X54;ARCELOR (BERTON SICARD);INSTALLUX;8186;Non;6,5;;;;;;;
TRAVERSE;;TRAVERSE 53X54;ARCELOR (BERTON SICARD);INSTALLUX;8187;Non;6,5;;;;;;;
Profil Alu;Capot;CAPOT EXT.46 ARRONDI;ARCELOR (BERTON SICARD);INSTALLUX;8198;Non;6,5;;;;;;;
Profil Alu;PARCLOSE;*PARCLOSE 9;ARCELOR (BERTON SICARD);INSTALLUX;8200;Non;6,5;;;;;;;
Profil Alu;PARCLOSE;PARCLOSE 18;ARCELOR (BERTON SICARD);INSTALLUX;8201;Non;6,5;;;;;;;
Profil Alu;Capot;CAPOT OGIVE 89.5;ARCELOR (BERTON SICARD);INSTALLUX;8205;Non;6,5;;;;;;;
Profil Alu;Capot;CAPOT OGIVE 70;ARCELOR (BERTON SICARD);INSTALLUX;8213;Non;6,5;;;;;;;
Profil Alu;;ADAPT.OUVRANT ITALIENNE;ARCELOR (BERTON SICARD);INSTALLUX;8242;Non;6,5;;;;;;;
Profil Alu;Capot;CAPOT EN H;ARCELOR (BERTON SICARD);INSTALLUX;8289;Non;6,5;;;;;;;
Profil Alu;Capot;CAPOT 16;ARCELOR (BERTON SICARD);INSTALLUX;8291;Non;6,5;;;;;;;
Profil Alu;Capot;CAPOT 20;ARCELOR (BERTON SICARD);INSTALLUX;8292;Non;6,5;;;;;;;
Profil Alu;Capot;CAPOT SERREUR;ARCELOR (BERTON SICARD);INSTALLUX;8293;Non;6,5;;;;;;;
Profil Alu;Capot;CAPOT SERREUR;ARCELOR (BERTON SICARD);INSTALLUX;8294;Non;6,5;;;;;;;
profil alu;;MONTANT 31;ARCELOR (BERTON SICARD);INSTALLUX;8500;Non;6,5;;;;;;;
Profil Alu;;MONTANT 58;ARCELOR (BERTON SICARD);INSTALLUX;8501;Non;6,5;;;;;;;
Profil Alu;;MONTANT 78;ARCELOR (BERTON SICARD);INSTALLUX;8502;Non;6,5;;;;;;;
Profil Alu;;MONTANT 98;ARCELOR (BERTON SICARD);INSTALLUX;8503;Non;6,5;;;;;;;
profil alu;;MONTANT 118;ARCELOR (BERTON SICARD);INSTALLUX;8504;Non;6,5;;;;;;;
Profil Alu;;MONTANT 138;ARCELOR (BERTON SICARD);INSTALLUX;8505;Non;6,5;;;;;;;
Profil Alu;;MONTANT 158;ARCELOR (BERTON SICARD);INSTALLUX;8506;Non;6,5;;;;;;;
Profil Alu;;MONTANT 178;ARCELOR (BERTON SICARD);INSTALLUX;8507;Non;6,5;;;;;;;
Profil Alu;;MONTANT 198;ARCELOR (BERTON SICARD);INSTALLUX;8508;Non;6,5;;;;;;;
Profil Alu;;MONTANT 218;ARCELOR (BERTON SICARD);INSTALLUX;8509;Non;6,5;;;;;;;
Profil Alu;;MONTANT 238;ARCELOR (BERTON SICARD);INSTALLUX;8510;Non;6,5;;;;;;;
Profil Alu;;TRAVERSE 31;ARCELOR (BERTON SICARD);INSTALLUX;8511;Non;6,5;;;;;;;
Profil Alu;;TRAVERSE 58;ARCELOR (BERTON SICARD);INSTALLUX;8512;Non;6,5;;;;;;;
Profil Alu;;TRAVERSE 78;ARCELOR (BERTON SICARD);INSTALLUX;8513;Non;6,5;;;;;;;
Profil Alu;;TRAVERSE 98;ARCELOR (BERTON SICARD);INSTALLUX;8514;Non;6,5;;;;;;;
TRAVERSE;;TRAVERSE 118;ARCELOR (BERTON SICARD);INSTALLUX;8515;Non;6,5;;;;;;;
Profil Alu;;TRAVERSE 138;ARCELOR (BERTON SICARD);INSTALLUX;8516;Non;6,5;;;;;;;
Profil Alu;;"MONTANT H=31; L=70MM";ARCELOR (BERTON SICARD);INSTALLUX;8518;Non;6,5;;;;;;;
Profil Alu;;MONTANT DE 218MM;ARCELOR (BERTON SICARD);INSTALLUX;8519;Non;6,5;;;;;;;
Profil Alu;;POTEAU D’ANGLE;ARCELOR (BERTON SICARD);INSTALLUX;8520;Non;6,5;;;;;;;
Profil Alu;;PROFIL DE DILATATION A98;ARCELOR (BERTON SICARD);INSTALLUX;8521;Non;6,5;;;;;;;
Profil Alu;;PROFIL DE DILATATION B98;ARCELOR (BERTON SICARD);INSTALLUX;8522;Non;6,5;;;;;;;
Profil Alu;;PROFIL DE DILATATION 118;ARCELOR (BERTON SICARD);INSTALLUX;8523;Non;6,5;;;;;;;
Profil Alu;;PROFIL DE DILATATION 118;ARCELOR (BERTON SICARD);INSTALLUX;8524;Non;6,5;;;;;;;
Profil Alu;;PROFIL DE DILATATION 138;ARCELOR (BERTON SICARD);INSTALLUX;8525;Non;6,5;;;;;;;
Profil Alu;PARCLOSE;PARCLOSE 10;ARCELOR (BERTON SICARD);INSTALLUX;8535;Non;6,5;;;;;;;
Profil Alu;PARCLOSE;PARCLOSE 20;ARCELOR (BERTON SICARD);INSTALLUX;8536;Non;6,5;;;;;;;
Profil Alu;PARCLOSE;PARCLOSE 30;ARCELOR (BERTON SICARD);INSTALLUX;8537;Non;6,5;;;;;;;
Profil Alu;;SERREUR VERRIERE;ARCELOR (BERTON SICARD);INSTALLUX;8541;Non;6,5;;;;;;;
Profil Alu;;PROFIL ADAPTATION;ARCELOR (BERTON SICARD);INSTALLUX;8542;Non;6,5;;;;;;;
Profil Alu;;OUVRANT ITALIENNE DESIGN;ARCELOR (BERTON SICARD);INSTALLUX;8556;Non;6,5;;;;;;;
Profil Alu;;DORMANT ITALIENNE DESIGN;ARCELOR (BERTON SICARD);INSTALLUX;8557;Non;6,5;;;;;;;
Profil Alu;;REDUCTEUR MONTANT 30MM;ARCELOR (BERTON SICARD);INSTALLUX;8568;Non;6,5;;;;;;;
Profil Alu;;REDUCTEUR MONTANT 20MM;ARCELOR (BERTON SICARD);INSTALLUX;8573;Non;6,5;;;;;;;
Profil Alu;;REDUCTEUR MONTANT 10MM;ARCELOR (BERTON SICARD);INSTALLUX;8574;Non;6,5;;;;;;;
Profil Alu;;MONTANT MINCE DE 158;ARCELOR (BERTON SICARD);INSTALLUX;8575;Non;6,5;;;;;;;
Profil Alu;;SERREUR SPECIFIQUE;ARCELOR (BERTON SICARD);INSTALLUX;8582;Non;6,5;;;;;;;
Profil Alu;;VECALU GAUCHE;ARCELOR (BERTON SICARD);INSTALLUX;8667;Non;1;;;;;;;
Profil Alu;;VECALU DROITE;ARCELOR (BERTON SICARD);INSTALLUX;8668;Non;1;;;;;;;
Profil Alu;;OUVRANT POMPIER;ARCELOR (BERTON SICARD);INSTALLUX;8670;Non;6,5;;;;;;;
Profil Alu;;DORMANT POMPIER;ARCELOR (BERTON SICARD);INSTALLUX;8671;Non;6,5;;;;;;;
Profil Alu;;CADRE FIXE OUVRANT 24;ARCELOR (BERTON SICARD);INSTALLUX;8803;Non;6;;;;;;;
Profil Alu;;TRAVERSE;ARCELOR (BERTON SICARD);INSTALLUX;8810;Non;6;;;;;;;
Profil Alu;;TRAVERSE RENFORCEE;ARCELOR (BERTON SICARD);INSTALLUX;8811;Non;6;;;;;;;
Profil Alu;;MONTANT 116X72.5;ARCELOR (BERTON SICARD);INSTALLUX;8813;Non;6,5;;;;;;;
Profil Alu;;MONTANT 93,5X72,5;ARCELOR (BERTON SICARD);INSTALLUX;8814;Non;6,5;;;;;;;
Profil Alu;;MONTANT 82X72.5;ARCELOR (BERTON SICARD);INSTALLUX;8815;Non;6,5;;;;;;;
Profil Alu;;DEMI TRAVERSE RENFORCEE;ARCELOR (BERTON SICARD);INSTALLUX;8822;Non;6;;;;;;;
Profil Alu;;DEMI MONTANT 54,5X42,7;ARCELOR (BERTON SICARD);INSTALLUX;8823;Non;6,5;;;;;;;
Profil Alu;PARCLOSE;PARCLOSE 27;ARCELOR (BERTON SICARD);INSTALLUX;8830;Non;6;;;;;;;
Profil Alu;;SUPPORT DE COLLAGE;ARCELOR (BERTON SICARD);INSTALLUX;8832;Non;6;;;;;;;
Profil Alu;;CADRE OUVRANT RPTH;ARCELOR (BERTON SICARD);INSTALLUX;8843TH;Non;6,5;;;;;;;
Profil Alu;;CADRE OUV VEC TH BL;ARCELOR (BERTON SICARD);INSTALLUX;8844;Non;6,5;;;;;;;
Profil Alu;;DEMI MONTANT 116MM;ARCELOR (BERTON SICARD);INSTALLUX;8853;Non;6,5;;;;;;;
Profil Alu;PARCLOSE;PARCLOSE POUR 8857;ARCELOR (BERTON SICARD);INSTALLUX;8859;Non;6;;;;;;;
Profil Alu;PARCLOSE;PARCLOSE VEP VITRAGE=43;ARCELOR (BERTON SICARD);INSTALLUX;8873;Non;6,5;;;;;;;
Profil Alu;;FERMETURE GAUCHE OUVRANT;ARCELOR (BERTON SICARD);INSTALLUX;8920;Non;1;;;;;;;
Profil Alu;;FERMETURE DROITE OUVRANT;ARCELOR (BERTON SICARD);INSTALLUX;8921;Non;1;;;;;;;
Profil Alu;;CHICANE RAPPORTEE;ARCELOR (BERTON SICARD);INSTALLUX;9002;Non;6,5;;;;;;;
Profil Alu;;PROFIL AERATEUR 24MM;ARCELOR (BERTON SICARD);INSTALLUX;9022;Non;6;;;;;;;
Profil Alu;;PRF AERATEUR 24 HT LG3M;ARCELOR (BERTON SICARD);INSTALLUX;9022/3;Non;3;;;;;;;
Profil Alu;;PROFIL AERATEUR 24MM BAS;ARCELOR (BERTON SICARD);INSTALLUX;9023;Non;6;;;;;;;
Profil Alu;;PRF AERATEUR 24 BAS LG3M;ARCELOR (BERTON SICARD);INSTALLUX;9023/3;Non;3;;;;;;;
Profil Alu;Bavette;BAVETTE 40;ARCELOR (BERTON SICARD);INSTALLUX;9130;Non;6,5;;;;;;;
Profil Alu;Bavette;BAVETTE 60;ARCELOR (BERTON SICARD);INSTALLUX;9131;Non;6,5;;;;;;;
Profil Alu;Bavette;BAVETTE 80;ARCELOR (BERTON SICARD);INSTALLUX;9132;Non;6,5;;;;;;;
Profil Alu;Bavette;BAVETTE 150;ARCELOR (BERTON SICARD);INSTALLUX;9133;Non;6,5;;;;;;;
Profil Alu;;COUVRE JOINT 70;ARCELOR (BERTON SICARD);INSTALLUX;9142;Non;6,5;;;;;;;
profil alu;;COUVRE JOINT 50;ARCELOR (BERTON SICARD);INSTALLUX;9143;Non;6,5;;;;;;;
profil alu;;COUVRE JOINT 35;ARCELOR (BERTON SICARD);INSTALLUX;9145;Non;6,5;;;;;;;
profil alu;Bavette;BAVETTE 100;ARCELOR (BERTON SICARD);INSTALLUX;9146;Non;6,5;;;;;;;
profil alu;Bavette;BAVETTE 120;ARCELOR (BERTON SICARD);INSTALLUX;9147;Non;6,5;;;;;;;
profil alu;;COUVRE JOINT 20;ARCELOR (BERTON SICARD);INSTALLUX;9148;Non;6,5;;;;;;;
Profil Alu;;COUVRE JOINT 50;ARCELOR (BERTON SICARD);INSTALLUX;9154;Non;6,5;;;;;;;
Profil Alu;;COUVRE PIECE APPUI EXT.;ARCELOR (BERTON SICARD);INSTALLUX;9155;Non;6,5;;;;;;;
Profil Alu;;COUVRE JOINT 35MM TOLE;ARCELOR (BERTON SICARD);INSTALLUX;9156;Non;6,5;;;;;;;
Profil Alu;;COUVRE JOINT 70MM TOLE;ARCELOR (BERTON SICARD);INSTALLUX;9157;Non;6,5;;;;;;;
profil alu;;COUVRE JOINT 35 MOULURE;ARCELOR (BERTON SICARD);INSTALLUX;9162;Non;6,5;;;;;;;
Profil Alu;;COUVRE JOINT 50 MM;ARCELOR (BERTON SICARD);INSTALLUX;9163;Non;6,5;;;;;;;
Profil Alu;;COUVRE JOINT 70;ARCELOR (BERTON SICARD);INSTALLUX;9174;Non;6,5;;;;;;;
Profil Alu;;MONTANT EXT. SIMPLE;ARCELOR (BERTON SICARD);INSTALLUX;9190;Non;6,5;;;;;;;
Profil Alu;;MONTANT EXT. SIMPLE;ARCELOR (BERTON SICARD);INSTALLUX;9190/4;Non;4,6;;;;;;;
Profil Alu;;MONTANT EXT. RENFORCE;ARCELOR (BERTON SICARD);INSTALLUX;9191;Non;6,5;;;;;;;
Profil Alu;;MONTANT EXT. RENFORCE;ARCELOR (BERTON SICARD);INSTALLUX;9191/4;Non;4,6;;;;;;;
Profil Alu;;MONTANT CROIS. SIMPLE;ARCELOR (BERTON SICARD);INSTALLUX;9192;Non;6,5;;;;;;;
Profil Alu;;MONTANT CROIS. SIMPLE;ARCELOR (BERTON SICARD);INSTALLUX;9192/4;Non;4,6;;;;;;;
Profil Alu;;MONTANT CROIS. RENFORCE;ARCELOR (BERTON SICARD);INSTALLUX;9194;Non;6,5;;;;;;;
Profil Alu;;MONTANT CROIS. RENFORCE;ARCELOR (BERTON SICARD);INSTALLUX;9194/4;Non;4,6;;;;;;;
Profil Alu;;TRAVERSE HAUTE ET BASSE;ARCELOR (BERTON SICARD);INSTALLUX;9195;Non;6,5;;;;;;;
Profil Alu;;TRAVERSE INTERMEDIAIRE;ARCELOR (BERTON SICARD);INSTALLUX;9196;Non;6,5;;;;;;;
Profil Alu;;MONTANT EXT. SIMPLE;ARCELOR (BERTON SICARD);INSTALLUX;9290/4TH;Non;4,6;;;;;;;
Profil Alu;;MONTANT EXT. SIMPLE;ARCELOR (BERTON SICARD);INSTALLUX;9290TH;Non;6,5;;;;;;;
Profil Alu;;MONTANT LAT. RENFORCE;ARCELOR (BERTON SICARD);INSTALLUX;9291/4TH;Non;4,6;;;;;;;
Profil Alu;;MONTANT LAT. RENFORCE;ARCELOR (BERTON SICARD);INSTALLUX;9291TH;Non;6,5;;;;;;;
Profil Alu;;MONTANT CROIS. SIMPLE;ARCELOR (BERTON SICARD);INSTALLUX;9292/4TH;Non;4,6;;;;;;;
Profil Alu;;MONTANT CROIS. SIMPLE;ARCELOR (BERTON SICARD);INSTALLUX;9292TH;Non;6,5;;;;;;;
Profil Alu;;MONTANT CROIS. RENFORCE;ARCELOR (BERTON SICARD);INSTALLUX;9294/4TH;Non;4,6;;;;;;;
Profil Alu;;MONTANT CROIS. RENFORCE;ARCELOR (BERTON SICARD);INSTALLUX;9294TH;Non;6,5;;;;;;;
Profil Alu;;TRAVERSE INTERMEDIAIRE;ARCELOR (BERTON SICARD);INSTALLUX;9296TH;Non;6,5;;;;;;;
Profil Alu;;DORM. PERIPH.2 RAILS O;ARCELOR (BERTON SICARD);INSTALLUX;9303;Non;6,5;;;;;;;
Profil Alu;;DORM. PERIPH.2 RAILS O;ARCELOR (BERTON SICARD);INSTALLUX;9304;Non;6,5;;;;;;;
Profil Alu;;DORM. PERI.2 RAILS O CJ;ARCELOR (BERTON SICARD);INSTALLUX;9305;Non;6,5;;;;;;;
Profil Alu;;DORM. PERIPH.2 RAILS O;ARCELOR (BERTON SICARD);INSTALLUX;9309;Non;6,5;;;;;;;
Profil Alu;;DORM. PERIPH.3 RAILS O;ARCELOR (BERTON SICARD);INSTALLUX;9317;Non;6,5;;;;;;;
Profil Alu;;DORM. PERIPH.3 RAILS O;ARCELOR (BERTON SICARD);INSTALLUX;9319;Non;6,5;;;;;;;
Profil Alu;;DORM. RAPPORTE 2 RAILS O;ARCELOR (BERTON SICARD);INSTALLUX;9323;Non;6,5;;;;;;;
Profil Alu;;RAIL ALUMINIUM RAPPORTE;ARCELOR (BERTON SICARD);INSTALLUX;9330;Non;6,5;;;;;;;
profil alu;;DORMANT GALANDAGE;ARCELOR (BERTON SICARD);INSTALLUX;9333;Non;6,5;;;;;;;
Profil Alu;Capot;CAPOT INT GALANDAGE;ARCELOR (BERTON SICARD);INSTALLUX;9334;Non;6,5;;;;;;;
Profil Alu;Capot;CAPOT INT COUPE GAL;ARCELOR (BERTON SICARD);INSTALLUX;9335;Non;6,5;;;;;;;
Profil Alu;;SUP. CHICANE RAPPORTE;ARCELOR (BERTON SICARD);INSTALLUX;9336;Non;6,5;;;;;;;
Profil Alu;Capot;CAPOT CHICANE RAPPORTEE;ARCELOR (BERTON SICARD);INSTALLUX;9337;Non;6,5;;;;;;;
Profil Alu;;CHICANE RAPPORTEE;ARCELOR (BERTON SICARD);INSTALLUX;9338;Non;6,5;;;;;;;
Profil Alu;;CLOSOIR INT GAL 2 RAILS;ARCELOR (BERTON SICARD);INSTALLUX;9339;Non;6,5;;;;;;;
Profil Alu;Capot;SUPPORT CAPOT POUR GAL;ARCELOR (BERTON SICARD);INSTALLUX;9343;Non;6,5;;;;;;;
Profil Alu;Capot;CAPOT EXT POUR COULISSE;ARCELOR (BERTON SICARD);INSTALLUX;9348;Non;6,5;;;;;;;
Profil Alu;Capot;*CAPOT EXTERIEUR 40°;ARCELOR (BERTON SICARD);INSTALLUX;9354;Non;6,5;;;;;;;
Profil Alu;;DORM.MONORAIL GORGE CLIP;ARCELOR (BERTON SICARD);INSTALLUX;9356TH;Non;6,5;;;;;;;
Profil Alu;;DORMANT MONORAIL DROIT;ARCELOR (BERTON SICARD);INSTALLUX;9357TH;Non;6,5;;;;;;;
Profil Alu;;DORM. PERIPH.2 RAILS O;ARCELOR (BERTON SICARD);INSTALLUX;9359TH;Non;6,5;;;;;;;
Profil Alu;;DORM. PERIPH.2 RAILS O;ARCELOR (BERTON SICARD);INSTALLUX;9363TH;Non;6,5;;;;;;;
Profil Alu;;DORM. PERIPH.2 RAILS O;ARCELOR (BERTON SICARD);INSTALLUX;9364TH;Non;6,5;;;;;;;
Profil Alu;;DORM. PERIP.2RAILS OCJ;ARCELOR (BERTON SICARD);INSTALLUX;9365TH;Non;6,5;;;;;;;
Profil Alu;;DORMANT MOUSTIQUAIRE;ARCELOR (BERTON SICARD);INSTALLUX;9366TH;Non;6,5;;;;;;;
Profil Alu;;DORM. RAPP. 2 RAILS O.;ARCELOR (BERTON SICARD);INSTALLUX;9367TH;Non;6,5;;;;;;;
Profil Alu;;DORM. PERIPH. 2 R MIXTE;ARCELOR (BERTON SICARD);INSTALLUX;9368TH;Non;6,5;;;;;;;
Profil Alu;;DORM. PERIPH.3 RAILS O;ARCELOR (BERTON SICARD);INSTALLUX;9371TH;Non;6,5;;;;;;;
Profil Alu;;DORM. PERIPH.3 RAILS O;ARCELOR (BERTON SICARD);INSTALLUX;9373TH;Non;6,5;;;;;;;
Profil Alu;;DORM. PERIPH.3 R MIXTE;ARCELOR (BERTON SICARD);INSTALLUX;9374TH;Non;6,5;;;;;;;
Profil Alu;;DORMANT GAL 1 RAIL;ARCELOR (BERTON SICARD);INSTALLUX;9375TH;Non;6,5;;;;;;;
Profil Alu;;DORMANT GAL 2 RAILS;ARCELOR (BERTON SICARD);INSTALLUX;9376TH;Non;6,5;;;;;;;
Profil Alu;;DORMANT GAL 2 RAILS 80MM;ARCELOR (BERTON SICARD);INSTALLUX;9377TH;Non;6,5;;;;;;;
Profil Alu;;CLOSOIR DORM. MONORAIL;ARCELOR (BERTON SICARD);INSTALLUX;9390;Non;6,5;;;;;;;
Profil Alu;;CLOSOIR INT. HORIZONTAL;ARCELOR (BERTON SICARD);INSTALLUX;9391;Non;6,5;;;;;;;
Profil Alu;;CLOSOIR INT. VERTICAL;ARCELOR (BERTON SICARD);INSTALLUX;9392;Non;6,5;;;;;;;
Profil Alu;;REJET D’EAU-MONORAIL;ARCELOR (BERTON SICARD);INSTALLUX;9393;Non;6,5;;;;;;;
Profil Alu;;RAIL HAUT RAPPORTE;ARCELOR (BERTON SICARD);INSTALLUX;9394;Non;6,5;;;;;;;
Profil Alu;;SUPPORT ETROIT EXT GAL;ARCELOR (BERTON SICARD);INSTALLUX;9396;Non;6,5;;;;;;;
Profil Alu;;PROFIL DE FINITION INT;ARCELOR (BERTON SICARD);INSTALLUX;9397;Non;6,5;;;;;;;
Profil Alu;;AERATEUR ENCASTRABLE;ARCELOR (BERTON SICARD);INSTALLUX;9460;Non;1;;;;;;;
Profil Alu;;BUTEE ARRET MULTI VTX;ARCELOR (BERTON SICARD);INSTALLUX;9617;Non;1;;;;;;;
Profil Alu;;POIGNEE MANOEUVRE;ARCELOR (BERTON SICARD);INSTALLUX;9804;Non;1;;;;;;;
Profil Alu;;FERM. CUV. MULTIPTS;ARCELOR (BERTON SICARD);INSTALLUX;9848;Non;1;;;;;;;
Profil Alu;;POIGN MANOEUVRE APPLI;ARCELOR (BERTON SICARD);INSTALLUX;9865;Non;1;;;;;;;
Profil Alu;;*FERMETURE SEMI-FIXE;ARCELOR (BERTON SICARD);INSTALLUX;9882;Non;1;;;;;;;
Profil Alu;;GACHE DORM. PERIPHER.;ARCELOR (BERTON SICARD);INSTALLUX;9890;Non;1;;;;;;;
Profil Alu;;*GACHE 9880 DORM.PERIPH;ARCELOR (BERTON SICARD);INSTALLUX;9895;Non;1;;;;;;;
Profil Alu;;*GACHE VANTAUX EN LIGNE;ARCELOR (BERTON SICARD);INSTALLUX;9897;Non;1;;;;;;;
Profil Alu;;FACADE MONTANT RENF;ARCELOR (BERTON SICARD);INSTALLUX;9918;Non;1;;;;;;;
Profil Alu;;FERMETURE SIMPLE;ARCELOR (BERTON SICARD);INSTALLUX;9921;Non;1;;;;;;;
Profil Alu;;FERMETURE EN SAILLIE;ARCELOR (BERTON SICARD);INSTALLUX;9923;Non;1;;;;;;;
Profil Alu;;KIT CUVETTE SIMPLE 45°;ARCELOR (BERTON SICARD);INSTALLUX;9934;Non;1;;;;;;;
Profil Alu;;KIT CUVETTE DOUBLE 45°;ARCELOR (BERTON SICARD);INSTALLUX;9935;Non;1;;;;;;;
Profil Alu;;*KIT CUVETTE DOUBLE45°;ARCELOR (BERTON SICARD);INSTALLUX;9935A;Non;1;;;;;;;
Profil Alu;;KIT CUVETTE DB CLE 45°;ARCELOR (BERTON SICARD);INSTALLUX;9936;Non;1;;;;;;;
Profil Alu;;KIT CUV SIMPLE AUTO45;ARCELOR (BERTON SICARD);INSTALLUX;9937;Non;1;;;;;;;
Profil Alu;;*KIT CUV SIMPLE AUTO45;ARCELOR (BERTON SICARD);INSTALLUX;9937A;Non;1;;;;;;;
Profil Alu;;COQUILLE MANOEUVRE SPLE;ARCELOR (BERTON SICARD);INSTALLUX;9948;Non;1;;;;;;;
Profil Alu;;CALIPSO INT.MANOEUVRT;ARCELOR (BERTON SICARD);INSTALLUX;9960;Non;1;;;;;;;
Profil Alu;;CALIPSO EXT.MANOEUVRT;ARCELOR (BERTON SICARD);INSTALLUX;9961;Non;1;;;;;;;
Profil Alu;;CALIPSO EXTERIEUR FIX;ARCELOR (BERTON SICARD);INSTALLUX;9963;Non;1;;;;;;;
Profil Alu;;LAME 20X20MM CARRE;ARCELOR (BERTON SICARD);INSTALLUX;121009;Non;6,5;;;;;;;
Profil Alu;;LAME 20X20MM;ARCELOR (BERTON SICARD);INSTALLUX;121013;Non;6,5;;;;;;;
Profil Alu;;DORMANT CAGE A TOLE;ARCELOR (BERTON SICARD);INSTALLUX;410000;Non;6,5;;;;;;;
Profil Alu;;DORMANT A FOND PLAT;ARCELOR (BERTON SICARD);INSTALLUX;410001;Non;6,5;;;;;;;
Profil Alu;;DORMANT A RECOUVREMENT;ARCELOR (BERTON SICARD);INSTALLUX;410002;Non;6,5;;;;;;;
Profil Alu;;DORMANT CAGE A TOLE PF;ARCELOR (BERTON SICARD);INSTALLUX;410003;Non;6,5;;;;;;;
Profil Alu;;DORMANT A RECOUVREMENT;ARCELOR (BERTON SICARD);INSTALLUX;410004;Non;6,5;;;;;;;
Profil Alu;;DORMANT FOND PLAT GC;ARCELOR (BERTON SICARD);INSTALLUX;410005;Non;6,5;;;;;;;
Profil Alu;;DORMANT A L’ITALIENNE;ARCELOR (BERTON SICARD);INSTALLUX;410006;Non;6,5;;;;;;;
Profil Alu;;INVERSEUR DE FEUILLURE;ARCELOR (BERTON SICARD);INSTALLUX;410007;Non;6,5;;;;;;;
Profil Alu;;DORMANT DE RENOVATION;ARCELOR (BERTON SICARD);INSTALLUX;410009;Non;6,5;;;;;;;
Profil Alu;;PROFIL OUV ITALIENNE;ARCELOR (BERTON SICARD);INSTALLUX;410010;Non;6,5;;;;;;;
Profil Alu;;INVERS. FEUILLURE ITAL;ARCELOR (BERTON SICARD);INSTALLUX;410011;Non;6,5;;;;;;;
Profil Alu;;DORMANT RECOUVR.TAP 100;ARCELOR (BERTON SICARD);INSTALLUX;410015;Non;6,5;;;;;;;
Profil Alu;;PROFIL RECOUVR.TAP 120;ARCELOR (BERTON SICARD);INSTALLUX;410016;Non;6,5;;;;;;;
Profil Alu;;TRAVERSE OUVRANT;ARCELOR (BERTON SICARD);INSTALLUX;410030;Non;6,5;;;;;;;
Profil Alu;;MENEAU 71.5 MM;ARCELOR (BERTON SICARD);INSTALLUX;410031;Non;6,5;;;;;;;
Profil Alu;;MENEAU 71.5 MM.;ARCELOR (BERTON SICARD);INSTALLUX;410031/1;Non;1;;;;;;;
Profil Alu;;MENEAU RENFORCE 71.5 MM;ARCELOR (BERTON SICARD);INSTALLUX;410032;Non;6,5;;;;;;;
Profil Alu;;MENEAU 117 MM;ARCELOR (BERTON SICARD);INSTALLUX;410033;Non;6,5;;;;;;;
Profil Alu;;MENEAU RENFORCE 117 MM;ARCELOR (BERTON SICARD);INSTALLUX;410034;Non;6,5;;;;;;;
Profil Alu;;MENEAU 168 MM;ARCELOR (BERTON SICARD);INSTALLUX;410036;Non;6,5;;;;;;;
Profil Alu;;MENEAU RENFORCE 117 MM;ARCELOR (BERTON SICARD);INSTALLUX;410037;Non;6,5;;;;;;;
Profil Alu;;OUVRANT FRANCAISE CHAN.;ARCELOR (BERTON SICARD);INSTALLUX;410040;Non;6,5;;;;;;;
Profil Alu;;OUVRANT FRANCAISE CHAN.;ARCELOR (BERTON SICARD);INSTALLUX;410041;Non;6,5;;;;;;;
profil alu;;OUVRANT FRANCAISE DROIT;ARCELOR (BERTON SICARD);INSTALLUX;410042;Non;6,5;;;;;;;
Profil Alu;;OUVRANT FRANCAISE DROIT;ARCELOR (BERTON SICARD);INSTALLUX;410043;Non;6,5;;;;;;;
Profil Alu;;OUVRANT PF A LA FRAN.;ARCELOR (BERTON SICARD);INSTALLUX;410044;Non;6,5;;;;;;;
Profil Alu;;OUVR. PF FRANCAISE;ARCELOR (BERTON SICARD);INSTALLUX;410044N;Non;6,5;;;;;;;
Profil Alu;;OUVRANT PF;ARCELOR (BERTON SICARD);INSTALLUX;410046;Non;6,5;;;;;;;
Profil Alu;;DORMANT PLAT INT;ARCELOR (BERTON SICARD);INSTALLUX;410049;Non;6,5;;;;;;;
Profil Alu;;DORMANT 124MM;ARCELOR (BERTON SICARD);INSTALLUX;410050;Non;6,5;;;;;;;
Profil Alu;;MONTANT FIXE MONORAIL;ARCELOR (BERTON SICARD);INSTALLUX;410051;Non;6,5;;;;;;;
Profil Alu;;DORMANT ITE DRAIN.DIRECT;ARCELOR (BERTON SICARD);INSTALLUX;410054;Non;6,5;;;;;;;
Profil Alu;;PROFIL DE LIAISO180°;ARCELOR (BERTON SICARD);INSTALLUX;410060;Non;6,5;;;;;;;
Profil Alu;;PROFIL DE LIAISO135°;ARCELOR (BERTON SICARD);INSTALLUX;410061;Non;6,5;;;;;;;
Profil Alu;;PROFIL DE LIAISO90°;ARCELOR (BERTON SICARD);INSTALLUX;410062;Non;6,5;;;;;;;
Profil Alu;;PROFIL DE LIAISON VAR.;ARCELOR (BERTON SICARD);INSTALLUX;410063;Non;6,5;;;;;;;
Profil Alu;;DORMANT ITE;ARCELOR (BERTON SICARD);INSTALLUX;410065;Non;6,5;;;;;;;
Profil Alu;;DORMANT DRAINAGE DIRECT;ARCELOR (BERTON SICARD);INSTALLUX;410066;Non;6,5;;;;;;;
Profil Alu;;PROFIL DE LIAISON;ARCELOR (BERTON SICARD);INSTALLUX;410067;Non;6,5;;;;;;;
Profil Alu;;OUVRANT CAGE DE 16;ARCELOR (BERTON SICARD);INSTALLUX;410068;Non;6,5;;;;;;;
Profil Alu;;PROFIL DE DILATATION;ARCELOR (BERTON SICARD);INSTALLUX;410070;Non;6,5;;;;;;;
Profil Alu;;DORMANT HT 57MM;ARCELOR (BERTON SICARD);INSTALLUX;410072;Non;6,5;;;;;;;
Profil Alu;;JONCTION 3 RAILS;ARCELOR (BERTON SICARD);INSTALLUX;410073;Non;6,5;;;;;;;
Profil Alu;;MENEAU 84 MM;ARCELOR (BERTON SICARD);INSTALLUX;410074;Non;6,5;;;;;;;
Profil Alu;;DORMANT D’INTEGRATION;ARCELOR (BERTON SICARD);INSTALLUX;410076;Non;6,5;;;;;;;
Profil Alu;;OUVRANT FRANC.AFFLEURANT;ARCELOR (BERTON SICARD);INSTALLUX;410080;Non;6,5;;;;;;;
profil Alu;;OUVRANT FRANC.AFFLEUR.SF;ARCELOR (BERTON SICARD);INSTALLUX;410081;Non;6,5;;;;;;;
profil Alu;;DORMANT CAGE A TOLE OC;ARCELOR (BERTON SICARD);INSTALLUX;413000;Non;6,5;;;;;;;
Profil Alu;;DORMANT PLAT OC;ARCELOR (BERTON SICARD);INSTALLUX;413001;Non;6,5;;;;;;;
Profil Alu;;DORMANT A RECOUVREMENT;ARCELOR (BERTON SICARD);INSTALLUX;413002;Non;6,5;;;;;;;
Profil Alu;;DORMANT HAUT CC OC;ARCELOR (BERTON SICARD);INSTALLUX;413003;Non;6,5;;;;;;;
Profil Alu;;DORMANT OC70 CAGE A TOLE;ARCELOR (BERTON SICARD);INSTALLUX;413004;Non;6,5;;;;;;;
Profil Alu;;DORMANT RENO OC;ARCELOR (BERTON SICARD);INSTALLUX;413009;Non;6,5;;;;;;;
Profil Alu;;DORMANT TAPEE INT 120;ARCELOR (BERTON SICARD);INSTALLUX;413016;Non;6,5;;;;;;;
Profil Alu;REHAUSSE;REHAUSSE CHANF. DC 104;ARCELOR (BERTON SICARD);INSTALLUX;7604;Non;6,5;;;;;;;
Profil Alu;;TRAVERSE OUVRANT;ARCELOR (BERTON SICARD);INSTALLUX;413030;Non;6,5;;;;;;;
Profil Alu;;TRAVERSE DT OC 70 109MM;ARCELOR (BERTON SICARD);INSTALLUX;413031;Non;6,5;;;;;;;
profil alu;;MENEAU RENFORCE 109.5 MM;ARCELOR (BERTON SICARD);INSTALLUX;413032;Non;6,5;;;;;;;
Profil Alu;;MENEAU 155 MM;ARCELOR (BERTON SICARD);INSTALLUX;413033;Non;6,5;;;;;;;
Profil Alu;;TRAVERSE OUVRANT 72MM;ARCELOR (BERTON SICARD);INSTALLUX;413035;Non;6,5;;;;;;;
profil alu;;MENEAU 206 MM;ARCELOR (BERTON SICARD);INSTALLUX;413036;Non;6,5;;;;;;;
Profil Alu;;MENEAU ASYMETRIQUE 90.5;ARCELOR (BERTON SICARD);INSTALLUX;413037;Non;6,5;;;;;;;
Profil Alu;;MENEAU ASYMETRIQUE 80;ARCELOR (BERTON SICARD);INSTALLUX;413038;Non;6,5;;;;;;;
Profil Alu;;TRAVERSE DT OC 70 109MM;ARCELOR (BERTON SICARD);INSTALLUX;413039;Non;6,5;;;;;;;
Profil Alu;;413040NR   OUVRANT CH 23-28 NR;ARCELOR (BERTON SICARD);INSTALLUX;413040NR;Non;6,5;;;;;;;
Profil Alu;;413041NR   OUVRANT SF CH 23-28NR;ARCELOR (BERTON SICARD);INSTALLUX;413041NR;Non;6,5;;;;;;;
Profil Alu;;413042NR   OUVRANT DROIT 23-28 NR;ARCELOR (BERTON SICARD);INSTALLUX;413042NR;Non;6,5;;;;;;;
Profil Alu;;413043NR   OUVRANT SF DT 23-28 NR;ARCELOR (BERTON SICARD);INSTALLUX;413043NR;Non;6,5;;;;;;;
Profil Alu;;SEUIL REDUIT RPT;ARCELOR (BERTON SICARD);INSTALLUX;413048;Non;6,5;;;;;;;
Profil Alu;;SEUIL REDUIT RPT;ARCELOR (BERTON SICARD);INSTALLUX;413049;Non;6,5;;;;;;;
Profil Alu;;413050NR   OUVRANT C16 (23-28);ARCELOR (BERTON SICARD);INSTALLUX;413050NR;Non;6,5;;;;;;;
Profil Alu;;DORMANT CD BAS 120 OC;ARCELOR (BERTON SICARD);INSTALLUX;413051;Non;6,5;;;;;;;
Profil Alu;;DORMANT CD TRAV. HT 120;ARCELOR (BERTON SICARD);INSTALLUX;413053;Non;6,5;;;;;;;
Profil Alu;;DORMANT CD MONT.120 OC;ARCELOR (BERTON SICARD);INSTALLUX;413057;Non;6,5;;;;;;;
Profil Alu;;DORMANT RENOVATION SPE;ARCELOR (BERTON SICARD);INSTALLUX;413058;Non;6,5;;;;;;;
Profil Alu;;DORMANT CD BAS 160 OC;ARCELOR (BERTON SICARD);INSTALLUX;413059;Non;6,5;;;;;;;
Profil Alu;;DORMANT CD HT 160MM OC;ARCELOR (BERTON SICARD);INSTALLUX;413060;Non;6,5;;;;;;;
Profil Alu;;DORMANT CD LAT. 160 MM;ARCELOR (BERTON SICARD);INSTALLUX;413061;Non;6,5;;;;;;;
Profil Alu;;413063NR   OUVRANT DROIT 29-34 NR;ARCELOR (BERTON SICARD);INSTALLUX;413063NR;Non;6,5;;;;;;;
Profil Alu;;413064NR   OUVRANT SF DT 29-34NR;ARCELOR (BERTON SICARD);INSTALLUX;413064NR;Non;6,5;;;;;;;
profil alu;;DORMANT ITE OC OC;ARCELOR (BERTON SICARD);INSTALLUX;413065;Non;6,5;;;;;;;
profil alu;;DORMANT DRAIN.DIR.OC;ARCELOR (BERTON SICARD);INSTALLUX;413066;Non;6,5;;;;;;;
profil alu;;413067NR   OUVRANT DT 35-40NR;ARCELOR (BERTON SICARD);INSTALLUX;413067NR;Non;6,5;;;;;;;
profil alu;;MONTANT SERRURE;ARCELOR (BERTON SICARD);INSTALLUX;413070;Non;6,5;;;;;;;
Profil Alu;;DORMANT CD MT 100MM;ARCELOR (BERTON SICARD);INSTALLUX;413071;Non;6,5;;;;;;;
Profil Alu;;DORMANT CD HT 100MM;ARCELOR (BERTON SICARD);INSTALLUX;413072;Non;6,5;;;;;;;
profil alu;;DORMANT CD BAS 100MM;ARCELOR (BERTON SICARD);INSTALLUX;413073;Non;6,5;;;;;;;
Profil Alu;;DORMANT CD LAT 180MM;ARCELOR (BERTON SICARD);INSTALLUX;413074;Non;6,5;;;;;;;
profil alu;;DORMANT CD HT 180MM;ARCELOR (BERTON SICARD);INSTALLUX;413075;Non;6,5;;;;;;;
Profil Alu;;DORMANT CD BAS 180MM;ARCELOR (BERTON SICARD);INSTALLUX;413076;Non;6,5;;;;;;;
Profil Alu;;DORMANT DE RENOVATION;ARCELOR (BERTON SICARD);INSTALLUX;413077;Non;6,5;;;;;;;
Profil Alu;;DORMANT DE HT: 200MM;ARCELOR (BERTON SICARD);INSTALLUX;413078;Non;6,5;;;;;;;
Profil Alu;;DORMANT A RECOUVREMENT;ARCELOR (BERTON SICARD);INSTALLUX;413079;Non;6,5;;;;;;;
Profil Alu;;MONTANT SEMI-FIXE;ARCELOR (BERTON SICARD);INSTALLUX;413080;Non;6,5;;;;;;;
Profil Alu;;DORMANT 83 CAGE A TOLE;ARCELOR (BERTON SICARD);INSTALLUX;413083;Non;6,5;;;;;;;
Profil Alu;;DORMANT D’INTEGRATION;ARCELOR (BERTON SICARD);INSTALLUX;413085;Non;6,5;;;;;;;
Profil Alu;;DORM.FON.PLAT DRAI.CACHE;ARCELOR (BERTON SICARD);INSTALLUX;413090;Non;6,5;;;;;;;
Profil Alu;;DORM.FON.PLAT DRAI.DIREC;ARCELOR (BERTON SICARD);INSTALLUX;413091;Non;6,5;;;;;;;
Profil Alu;;BATTUE RAPPORTEE;ARCELOR (BERTON SICARD);INSTALLUX;420000;Non;6,5;;;;;;;
Profil Alu;;*BATTUE RAPPORTEE.C16;ARCELOR (BERTON SICARD);INSTALLUX;420001;Non;6,5;;;;;;;
Profil Alu;;LIAISON CAGE A TOLE;ARCELOR (BERTON SICARD);INSTALLUX;420002;Non;6,5;;;;;;;
Profil Alu;;COUVRE JOINT PLAT 70 MM;ARCELOR (BERTON SICARD);INSTALLUX;420004;Non;6,5;;;;;;;
Profil Alu;;COUVRE JOINT 24MM;ARCELOR (BERTON SICARD);INSTALLUX;420005;Non;6,5;;;;;;;
Profil Alu;;COUVRE JOINT 35MM;ARCELOR (BERTON SICARD);INSTALLUX;420006;Non;6,5;;;;;;;
Profil Alu;;TAPEE 120MM;ARCELOR (BERTON SICARD);INSTALLUX;420011;Non;6,5;;;;;;;
Profil Alu;;TAPEE 140MM;ARCELOR (BERTON SICARD);INSTALLUX;420012;Non;6,5;;;;;;;
Profil Alu;;TAPEE 160MM;ARCELOR (BERTON SICARD);INSTALLUX;420013;Non;6,5;;;;;;;
Profil Alu;;TAPEE RAPPORTEE DE 200MM;ARCELOR (BERTON SICARD);INSTALLUX;420014;Non;6,5;;;;;;;
Profil Alu;;COUVRE JOINT RENO ARRON.;ARCELOR (BERTON SICARD);INSTALLUX;420018;Non;6,5;;;;;;;
Profil Alu;;COUVRE JOINT RENO CHANF.;ARCELOR (BERTON SICARD);INSTALLUX;420019;Non;6,5;;;;;;;
Profil Alu;;COUVRE JOINT RENO DROIT.;ARCELOR (BERTON SICARD);INSTALLUX;420021;Non;6,5;;;;;;;
Profil Alu;Bavette;BAVETTE 100MM;ARCELOR (BERTON SICARD);INSTALLUX;420023;Non;6,5;;;;;;;
Profil Alu;Bavette;BAVETTE 120MM;ARCELOR (BERTON SICARD);INSTALLUX;420024;Non;6,5;;;;;;;
Profil Alu;Bavette;BAVETTE 140MM;ARCELOR (BERTON SICARD);INSTALLUX;420025;Non;6,5;;;;;;;
Profil Alu;Bavette;BAVETTE 160MM;ARCELOR (BERTON SICARD);INSTALLUX;420026;Non;6,5;;;;;;;
Profil Alu;;COUVRE JOINT 50MM;ARCELOR (BERTON SICARD);INSTALLUX;420028;Non;6,5;;;;;;;
Profil Alu;PARCLOSE;PARCLOSE DROITE /24 A 26;ARCELOR (BERTON SICARD);INSTALLUX;420030;Non;6,5;;;;;;;
Profil Alu;PARCLOSE;PARCLOSE DROITE /27 A 29;ARCELOR (BERTON SICARD);INSTALLUX;420031;Non;6,5;;;;;;;
Profil Alu;PARCLOSE;PARCLOSE DROITE /30 A 32;ARCELOR (BERTON SICARD);INSTALLUX;420032;Non;6,5;;;;;;;
Profil Alu;PARCLOSE;PARCLOSE ARR /24 A 26;ARCELOR (BERTON SICARD);INSTALLUX;420033;Non;6,5;;;;;;;
Profil Alu;PARCLOSE;PARCLOSE ARRO /27 A 29;ARCELOR (BERTON SICARD);INSTALLUX;420034;Non;6,5;;;;;;;
Profil Alu;PARCLOSE;PARCLOSE ARRO /30 A 32;ARCELOR (BERTON SICARD);INSTALLUX;420035;Non;6,5;;;;;;;
Profil Alu;PARCLOSE;PARCLOSE CAR /24 A 26;ARCELOR (BERTON SICARD);INSTALLUX;420036;Non;6,5;;;;;;;
Profil Alu;PARCLOSE;PARCLOSE CAR /27 A 29;ARCELOR (BERTON SICARD);INSTALLUX;420037;Non;6,5;;;;;;;
Profil Alu;PARCLOSE;PARCLOSE CAR /30 A 32;ARCELOR (BERTON SICARD);INSTALLUX;420038;Non;6,5;;;;;;;
Profil Alu;PARCLOSE;PARCLOSE CARREE /42 A 44;ARCELOR (BERTON SICARD);INSTALLUX;420039;Non;6,5;;;;;;;
Profil Alu;PARCLOSE;PARCLOSE CHAN /24 A 26;ARCELOR (BERTON SICARD);INSTALLUX;420040;Non;6,5;;;;;;;
Profil Alu;PARCLOSE;PARCLOSE CHAN /27 A 29;ARCELOR (BERTON SICARD);INSTALLUX;420041;Non;6,5;;;;;;;
Profil Alu;PARCLOSE;PARCLOSE CHAN /30 A 32;ARCELOR (BERTON SICARD);INSTALLUX;420042;Non;6,5;;;;;;;
Profil Alu;Bavette;BAVETTE DE 200MM;ARCELOR (BERTON SICARD);INSTALLUX;420049;Non;6,5;;;;;;;
Profil Alu;;REJET D’EAU;ARCELOR (BERTON SICARD);INSTALLUX;420050;Non;6,5;;;;;;;
Profil Alu;Bavette;BAVETTE TUBUL. 100 RJD;ARCELOR (BERTON SICARD);INSTALLUX;420051;Non;6,5;;;;;;;
Profil Alu;Bavette;BAVETTE TUBUL. 100 RJA;ARCELOR (BERTON SICARD);INSTALLUX;420052;Non;6,5;;;;;;;
Profil Alu;;COUVRE JOINT RENO 80MM;ARCELOR (BERTON SICARD);INSTALLUX;420053;Non;6,5;;;;;;;
Profil Alu;;CACHE FEUILLURE;ARCELOR (BERTON SICARD);INSTALLUX;420054;Non;6,5;;;;;;;
Profil Alu;Bavette;BAVETTE 40MM;ARCELOR (BERTON SICARD);INSTALLUX;420055;Non;6,5;;;;;;;
Profil Alu;Bavette;BAVETTE TUBULAIRE A R.GE;ARCELOR (BERTON SICARD);INSTALLUX;420056;Non;6,5;;;;;;;
Profil Alu;Bavette;BAVETTE CLIP. DIRECT 15;ARCELOR (BERTON SICARD);INSTALLUX;420057;Non;6,5;;;;;;;
Profil Alu;Bavette;BAVETTE CLIP. DIRECT 141;ARCELOR (BERTON SICARD);INSTALLUX;420058;Non;6,5;;;;;;;
Profil Alu;;TAPEE RAPPORTEE 180MM;ARCELOR (BERTON SICARD);INSTALLUX;420059;Non;6,5;;;;;;;
Profil Alu;;TRAVERSE PETIT BOIS;ARCELOR (BERTON SICARD);INSTALLUX;420062;Non;6,5;;;;;;;
Profil Alu;PARCLOSE;PARCLOSE DRT 8 A 11MM;ARCELOR (BERTON SICARD);INSTALLUX;420063;Non;6,5;;;;;;;
Profil Alu;PARCLOSE;PARCLOSE CLIP. D 52 A 55;ARCELOR (BERTON SICARD);INSTALLUX;420064;Non;6,5;;;;;;;
Profil Alu;Bavette;BAVETTE DE 180MM;ARCELOR (BERTON SICARD);INSTALLUX;420067;Non;6,5;;;;;;;
Profil Alu;PARCLOSE;PARCLOSE DT VIT 45 A 48;ARCELOR (BERTON SICARD);INSTALLUX;420068;Non;6,5;;;;;;;
Profil Alu;;REJET D’EAU;ARCELOR (BERTON SICARD);INSTALLUX;420070;Non;6,5;;;;;;;
Profil Alu;;ETANCHEITE SOUS TRAVERSE;ARCELOR (BERTON SICARD);INSTALLUX;420072;Non;6,5;;;;;;;
Profil Alu;PARCLOSE;PARCLOSE DROITE 36/38MM;ARCELOR (BERTON SICARD);INSTALLUX;420160;Non;6,5;;;;;;;
Profil Alu;;TAPEE DE RENOVATION;ARCELOR (BERTON SICARD);INSTALLUX;420162;Non;6,5;;;;;;;
Profil Alu;Bavette;BAVETTE DE RENOVATION;ARCELOR (BERTON SICARD);INSTALLUX;420163;Non;6,5;;;;;;;
Profil Alu;PARCLOSE;PARCLOSE DT 36 A 39MM;ARCELOR (BERTON SICARD);INSTALLUX;420164;Non;6,5;;;;;;;
Profil Alu;PARCLOSE;PARCLOSE DTE 32 A 35MM;ARCELOR (BERTON SICARD);INSTALLUX;420166;Non;6,5;;;;;;;
Profil Alu;PARCLOSE;PARCLOSE DTE 45 A 48MM;ARCELOR (BERTON SICARD);INSTALLUX;420167;Non;6,5;;;;;;;
Profil Alu;Capot;CAPOT MONTANT SEMI-FIXE;ARCELOR (BERTON SICARD);INSTALLUX;423003;Non;6,5;;;;;;;
Profil Alu;;RALLONGE DE BATTUE;ARCELOR (BERTON SICARD);INSTALLUX;423004;Non;6,5;;;;;;;
Profil Alu;Capot;CAPOT MONTANT SEMI-FIXE;ARCELOR (BERTON SICARD);INSTALLUX;423005;Non;6,5;;;;;;;
Profil Alu;Capot;CAPOT TRAVERSE D’OUV.;ARCELOR (BERTON SICARD);INSTALLUX;423006;Non;6,5;;;;;;;
Profil Alu;;TAPEE RETOUR DE 50;ARCELOR (BERTON SICARD);INSTALLUX;423008;Non;6,5;;;;;;;
Profil Alu;Capot;CAPOT TRAVERSE OUVRANT;ARCELOR (BERTON SICARD);INSTALLUX;423009;Non;6,5;;;;;;;
Profil Alu;PARCLOSE;PARCLOSE DT 27 A 29MM;ARCELOR (BERTON SICARD);INSTALLUX;423031;Non;6,5;;;;;;;
Profil Alu;PARCLOSE;PARCLOSE DT 30 A 32MM;ARCELOR (BERTON SICARD);INSTALLUX;423032;Non;6,5;;;;;;;
Profil Alu;PARCLOSE;PARCLOSE DT EP33 A 35;ARCELOR (BERTON SICARD);INSTALLUX;423033;Non;6,5;;;;;;;
Profil Alu;PARCLOSE;PARCLOSE DT EP36 A 38;ARCELOR (BERTON SICARD);INSTALLUX;423034;Non;6,5;;;;;;;
Profil Alu;PARCLOSE;PARCLOSE DT 42 A 47 MM;ARCELOR (BERTON SICARD);INSTALLUX;423036;Non;6,5;;;;;;;
Profil Alu;PARCLOSE;PARCLOSE DT 24 A 26MM;ARCELOR (BERTON SICARD);INSTALLUX;423037;Non;6,5;;;;;;;
Profil Alu;PARCLOSE;PARCLOSE MT SERRURE;ARCELOR (BERTON SICARD);INSTALLUX;423040;Non;6,5;;;;;;;
Profil Alu;;REJET D’EAU;ARCELOR (BERTON SICARD);INSTALLUX;423041;Non;6,5;;;;;;;
Profil Alu;;REJET D EAU;ARCELOR (BERTON SICARD);INSTALLUX;423042;Non;6,5;;;;;;;
Profil Alu;;ETANCHEITE SOUS TRAVERSE;ARCELOR (BERTON SICARD);INSTALLUX;423043;Non;6,5;;;;;;;
Profil Alu;;REJET D’EAU;ARCELOR (BERTON SICARD);INSTALLUX;423044;Non;6,5;;;;;;;
Profil Alu;;PAUMELLE A CLAMER REGLA.;ARCELOR (BERTON SICARD);INSTALLUX;450037;Non;2;;;;;;;
Profil Alu;;BEQUILLE SPLE PORTE ZED;ARCELOR (BERTON SICARD);INSTALLUX;450074;Non;1;;;;;;;
Profil Alu;;*BEQUILLE DR.PORTE ZED;ARCELOR (BERTON SICARD);INSTALLUX;450074D;Non;1;;;;;;;
Profil Alu;;*BEQUILLE G.PORTE ZED;ARCELOR (BERTON SICARD);INSTALLUX;450074G;Non;1;;;;;;;
Profil Alu;;*BEQUILLE FENETRE ZED;ARCELOR (BERTON SICARD);INSTALLUX;450075A;Non;1;;;;;;;
Profil Alu;;*BEQUILLE DBLE PORTE ZED;ARCELOR (BERTON SICARD);INSTALLUX;450076A;Non;1;;;;;;;
Profil Alu;;KIT PAUMELLE OB;ARCELOR (BERTON SICARD);INSTALLUX;450090;Non;1;;;;;;;
Profil Alu;;PAUMELLE OF CAGE DE 16;ARCELOR (BERTON SICARD);INSTALLUX;450098;Non;50;;;;;;;
Profil Alu;;ENS CHARN. OB SUP+INF;ARCELOR (BERTON SICARD);INSTALLUX;450127;Non;1;;;;;;;
Profil Alu;;ENS CHARN. OF SUP+INF;ARCELOR (BERTON SICARD);INSTALLUX;450129;Non;1;;;;;;;
Profil Alu;;KIT CHARNIERE 3 LAMES;ARCELOR (BERTON SICARD);INSTALLUX;450138;Non;1;;;;;;;
Profil Alu;;LOQUETEAU;ARCELOR (BERTON SICARD);INSTALLUX;450147;Non;1;;;;;;;
Profil Alu;;FERRURE OB REVERIBLE;ARCELOR (BERTON SICARD);INSTALLUX;460100;Non;1;;;;;;;
Profil Alu;;KIT PAUMELLE OB 2VTX;ARCELOR (BERTON SICARD);INSTALLUX;460103;Non;1;;;;;;;
Profil Alu;;FERRURE OB BOI. ENCASTRE;ARCELOR (BERTON SICARD);INSTALLUX;460104;Non;1;;;;;;;
Profil Alu;;DORMANT 36.5 GORGE A TL;ARCELOR (BERTON SICARD);INSTALLUX;510000;Non;6,5;;;;;;;
Profil Alu;;DORMANT 36.5 FOND PLAT;ARCELOR (BERTON SICARD);INSTALLUX;510001;Non;6,5;;;;;;;
Profil Alu;;OUVRANT A LA FRANCAISE;ARCELOR (BERTON SICARD);INSTALLUX;510002;Non;6,5;;;;;;;
Profil Alu;;OUVRANT A L’ANGLAISE;ARCELOR (BERTON SICARD);INSTALLUX;510003;Non;6,5;;;;;;;
Profil Alu;;DORMANT 39.7 GORGE A TL;ARCELOR (BERTON SICARD);INSTALLUX;510004;Non;6,5;;;;;;;
Profil Alu;;DORMANT 39.7 FOND PLAT;ARCELOR (BERTON SICARD);INSTALLUX;510005;Non;6,5;;;;;;;
Profil Alu;;BATTUE RAPPORTEE FRANC.;ARCELOR (BERTON SICARD);INSTALLUX;510006;Non;6,5;;;;;;;
Profil Alu;;BATTUE RAPPORTEE ANGL.;ARCELOR (BERTON SICARD);INSTALLUX;510007;Non;6,5;;;;;;;
Profil Alu;;PLINTHE COUPE DROITE;ARCELOR (BERTON SICARD);INSTALLUX;510008;Non;6,5;;;;;;;
Profil Alu;;PLINTHE COUPE DROITE 1M;ARCELOR (BERTON SICARD);INSTALLUX;510008/1;Non;1;;;;;;;
Profil Alu;;SEUIL A RPT;ARCELOR (BERTON SICARD);INSTALLUX;510009;Non;6,5;;;;;;;
Profil Alu;;DORMANT 39,7 MIXTE;ARCELOR (BERTON SICARD);INSTALLUX;510010;Non;6,5;;;;;;;
Profil Alu;;OUVRANT ANTI PINCE DOIGT;ARCELOR (BERTON SICARD);INSTALLUX;510012;Non;6,5;;;;;;;
Profil Alu;;DORMANT ANTI-PINCE DOIGT;ARCELOR (BERTON SICARD);INSTALLUX;510013;Non;6,5;;;;;;;
Profil Alu;;BATTUE RAPPORTEE DA;ARCELOR (BERTON SICARD);INSTALLUX;510014;Non;6,5;;;;;;;
Profil Alu;;DORMANT DOUBLE ACTION;ARCELOR (BERTON SICARD);INSTALLUX;510015;Non;6,5;;;;;;;
Profil Alu;;DORMANT CAGE A CLIP;ARCELOR (BERTON SICARD);INSTALLUX;510020;Non;6,5;;;;;;;
Profil Alu;;DORMANT D’INTEGRATION;ARCELOR (BERTON SICARD);INSTALLUX;510021;Non;6,5;;;;;;;
Profil Alu;;TRAVERSE REDUITE;ARCELOR (BERTON SICARD);INSTALLUX;510023;Non;6,5;;;;;;;
Profil Alu;REHAUSSE;REHAUSSE CHANF. DC 104;ARCELOR (BERTON SICARD);INSTALLUX;7604;Non;6,5;;;;;;;
Profil Alu;;TRAVERSE OUVRANT RED.;ARCELOR (BERTON SICARD);INSTALLUX;510026;Non;6,5;;;;;;;
Profil Alu;;TRAVERSE RED. LG 100;ARCELOR (BERTON SICARD);INSTALLUX;510027;Non;6,5;;;;;;;
Profil Alu;;TRAVERSE RED. LG 125;ARCELOR (BERTON SICARD);INSTALLUX;510028;Non;6,5;;;;;;;
Profil Alu;;DORMANT 39.7 CAGE T OC;ARCELOR (BERTON SICARD);INSTALLUX;513004;Non;6,5;;;;;;;
Profil Alu;;BATTUE RAP. COMETE FRA;ARCELOR (BERTON SICARD);INSTALLUX;513006;Non;6,5;;;;;;;
Profil Alu;;BATTUE RAP.COMETE ANG;ARCELOR (BERTON SICARD);INSTALLUX;513007;Non;6,5;;;;;;;
Profil Alu;;REJET D’EAU OUVR. PERIPH;ARCELOR (BERTON SICARD);INSTALLUX;520002;Non;6,5;;;;;;;
Profil Alu;;PROFIL OUVR.VENT.ELEC.;ARCELOR (BERTON SICARD);INSTALLUX;520003;Non;6,5;;;;;;;
Profil Alu;;PROFIL DORM.VENT.ELEC.;ARCELOR (BERTON SICARD);INSTALLUX;520004;Non;6,5;;;;;;;
Profil Alu;;REJET D’EAU POUR PLINTHE;ARCELOR (BERTON SICARD);INSTALLUX;520005;Non;6,5;;;;;;;
Profil Alu;;PROFIL POIGNEE DE TIRAGE;ARCELOR (BERTON SICARD);INSTALLUX;520006;Non;4,7;;;;;;;
Profil Alu;;SEUIL TRADITIONNEL;ARCELOR (BERTON SICARD);INSTALLUX;520008;Non;6,5;;;;;;;
Profil Alu;Capot;DEMI CAPOT OUVRANT APD;ARCELOR (BERTON SICARD);INSTALLUX;520010;Non;4,7;;;;;;;
Profil Alu;;PORTE BROSSE DORMANT;ARCELOR (BERTON SICARD);INSTALLUX;520012;Non;4,7;;;;;;;
Profil Alu;;CLOSOIR 70;ARCELOR (BERTON SICARD);INSTALLUX;520014;Non;6,5;;;;;;;
Profil Alu;;VERROU SF EN APPLIQUE;ARCELOR (BERTON SICARD);INSTALLUX;550034;Non;1;;;;;;;
Profil Alu;;BEQUILLE EXT.ANTIPANIC;ARCELOR (BERTON SICARD);INSTALLUX;550048;Non;1;;;;;;;
Profil Alu;;BOITIER PUSH PAD;ARCELOR (BERTON SICARD);INSTALLUX;550052;Non;1;;;;;;;
Profil Alu;;KIT DEVOYE 9MM POUR 5762;ARCELOR (BERTON SICARD);INSTALLUX;550076;Non;1;;;;;;;
Profil Alu;;PAUMELLE A CLAMER;ARCELOR (BERTON SICARD);INSTALLUX;560011;Non;1;;;;;;;
Profil Alu;;PAUMELLE 3 LAMES A CLA;ARCELOR (BERTON SICARD);INSTALLUX;560032;Non;1;;;;;;;
Profil Alu;;SEUIL 90X8;ARCELOR (BERTON SICARD);INSTALLUX;620000;Non;6,5;;;;;;;
Profil Alu;;TAPEE DE 100 MM RPT;ARCELOR (BERTON SICARD);INSTALLUX;620003;Non;6,5;;;;;;;
profil Alu;;TAPEE DE 120 MM RPT;ARCELOR (BERTON SICARD);INSTALLUX;620004;Non;6,5;;;;;;;
Profil Alu;;TAPEE DE 100 MM RPT ESP;ARCELOR (BERTON SICARD);INSTALLUX;620008;Non;6,5;;;;;;;
Profil Alu;;1/2 PROF POTEAU 150° 124;ARCELOR (BERTON SICARD);INSTALLUX;710001;Non;6,5;;;;;;;
Profil Alu;;1/2 PROF POTEAU 135° 124;ARCELOR (BERTON SICARD);INSTALLUX;710002;Non;6,5;;;;;;;
Profil Alu;Capot;CAPOT 150° CHANFREINE;ARCELOR (BERTON SICARD);INSTALLUX;720001;Non;6,5;;;;;;;
Profil Alu;Capot;CAPOT 135° CHANF;ARCELOR (BERTON SICARD);INSTALLUX;720002;Non;6,5;;;;;;;
Profil Alu;Capot;CAPOT 90° CHANFREINE;ARCELOR (BERTON SICARD);INSTALLUX;720003;Non;6,5;;;;;;;
Profil Alu;Capot;CAPOT 180° EXTREMITE;ARCELOR (BERTON SICARD);INSTALLUX;720004;Non;6,5;;;;;;;
Profil Alu;;JONCTION DORMANT 124MM;ARCELOR (BERTON SICARD);INSTALLUX;720010;Non;6,5;;;;;;;
Profil Alu;;PROF FINITION POTEAU;ARCELOR (BERTON SICARD);INSTALLUX;720012;Non;6,5;;;;;;;
Profil Alu;;PROFIL FINITION RIVE;ARCELOR (BERTON SICARD);INSTALLUX;720013;Non;6,5;;;;;;;
Profil Alu;;SUPPORT COULISSES;ARCELOR (BERTON SICARD);INSTALLUX;720014;Non;6,5;;;;;;;
Profil Alu;;PROFIL EXT RIVE 135MM;ARCELOR (BERTON SICARD);INSTALLUX;720020;Non;6,5;;;;;;;
Profil Alu;;PROFIL INT RIVE 135MM;ARCELOR (BERTON SICARD);INSTALLUX;720021;Non;6,5;;;;;;;
Profil Alu;;SUPPORT LUMINAIRE;ARCELOR (BERTON SICARD);INSTALLUX;720060;Non;4;;;;;;;
Profil Alu;;PEIGNE ANTI-SOULEVEMENT;ARCELOR (BERTON SICARD);INSTALLUX;760027;Non;4;;;;;;;
Profil Alu;;DORMANT 2 RAILS;ARCELOR (BERTON SICARD);INSTALLUX;910000;Non;6,5;;;;;;;
Profil Alu;;DORMANT 2 RAILS RECU EAU;ARCELOR (BERTON SICARD);INSTALLUX;910001;Non;6,5;;;;;;;
Profil Alu;;DORMANT 3 RAILS;ARCELOR (BERTON SICARD);INSTALLUX;910002;Non;6,5;;;;;;;
Profil Alu;;DORMANT 3 RAILS RECU EAU;ARCELOR (BERTON SICARD);INSTALLUX;910003;Non;6,5;;;;;;;
Profil Alu;;DORMANT 2 RAILS RENO;ARCELOR (BERTON SICARD);INSTALLUX;910004;Non;6,5;;;;;;;
Profil Alu;;DORMANT 2 RAILS PLAT INT;ARCELOR (BERTON SICARD);INSTALLUX;910005;Non;6,5;;;;;;;
Profil Alu;;DORMANT 2 RAILS 124MM;ARCELOR (BERTON SICARD);INSTALLUX;910006;Non;6,5;;;;;;;
Profil Alu;;DORMANT 3 RAILS 124MM;ARCELOR (BERTON SICARD);INSTALLUX;910007;Non;6,5;;;;;;;
Profil Alu;;DORMANT D’INTEGRATION;ARCELOR (BERTON SICARD);INSTALLUX;910008;Non;6,5;;;;;;;
Profil Alu;;MONTANT EXTREMITE SIMPLE;ARCELOR (BERTON SICARD);INSTALLUX;910010;Non;6,5;;;;;;;
Profil Alu;;MONTANT EXTREMITE SIMPLE;ARCELOR (BERTON SICARD);INSTALLUX;910010/4;Non;4,6;;;;;;;
Profil Alu;;MONT EXTREM ANTI BILAME;ARCELOR (BERTON SICARD);INSTALLUX;910010B;Non;6,5;;;;;;;
Profil Alu;;MONT EXTREM ANTI BILAME;ARCELOR (BERTON SICARD);INSTALLUX;910010B4;Non;4,6;;;;;;;
Profil Alu;;MONTANT EXTREMITE CARRE;ARCELOR (BERTON SICARD);INSTALLUX;910011;Non;6,5;;;;;;;
Profil Alu;;MONTANT EXTREMITE CARRE;ARCELOR (BERTON SICARD);INSTALLUX;910011/4;Non;4,6;;;;;;;
Profil Alu;;MONT CARRE ANTI BILAME;ARCELOR (BERTON SICARD);INSTALLUX;910011B4;Non;4,6;;;;;;;
profil alu;;MONTANT VTX LIGNE CARRE;ARCELOR (BERTON SICARD);INSTALLUX;910012;Non;6,5;;;;;;;
profil alu;;MONTANT VTX LIGNE CARRE;ARCELOR (BERTON SICARD);INSTALLUX;910012/4;Non;4,6;;;;;;;
Profil Alu;;MONTANT EXTREMITE ROND;ARCELOR (BERTON SICARD);INSTALLUX;910013;Non;6,5;;;;;;;
profil alu;;MONTANT EXTREMITE ROND;ARCELOR (BERTON SICARD);INSTALLUX;910013/4;Non;4,6;;;;;;;
Profil Alu;;MONT ROND ANTI BILAME;ARCELOR (BERTON SICARD);INSTALLUX;910013B4;Non;4,6;;;;;;;
Profil Alu;;MONTANT VTX LIGNE ROND;ARCELOR (BERTON SICARD);INSTALLUX;910014;Non;6,5;;;;;;;
Profil Alu;;MONTANT VTX LIGNE ROND;ARCELOR (BERTON SICARD);INSTALLUX;910014/4;Non;4,6;;;;;;;
Profil Alu;;MONTANT RENFORT REVERS;ARCELOR (BERTON SICARD);INSTALLUX;910016B;Non;6,5;;;;;;;
Profil Alu;;MONTANT CROISEMENT SIMPL;ARCELOR (BERTON SICARD);INSTALLUX;910020;Non;6,5;;;;;;;
Profil Alu;;MONTANT CROISEMENT SIMPL;ARCELOR (BERTON SICARD);INSTALLUX;910020/4;Non;4,6;;;;;;;
Profil Alu;;MONTANT CROISEMENT CARRE;ARCELOR (BERTON SICARD);INSTALLUX;910021;Non;6,5;;;;;;;
Profil Alu;;MONTANT CROISEMENT CARRE;ARCELOR (BERTON SICARD);INSTALLUX;910021/4;Non;4,6;;;;;;;
Profil Alu;;MONTANT CROISEMENT ROND;ARCELOR (BERTON SICARD);INSTALLUX;910022;Non;6,5;;;;;;;
Profil Alu;;MONTANT CROISEMENT ROND;ARCELOR (BERTON SICARD);INSTALLUX;910022/4;Non;4,6;;;;;;;
Profil Alu;;MONTANT CROISEMENT CLAS;ARCELOR (BERTON SICARD);INSTALLUX;910023;Non;6,5;;;;;;;
Profil Alu;;MONTANT CROISEMENT CLAS;ARCELOR (BERTON SICARD);INSTALLUX;910023/4;Non;4,6;;;;;;;
Profil Alu;;TRAVERSE HAUTE ET BASSE;ARCELOR (BERTON SICARD);INSTALLUX;910030;Non;6,5;;;;;;;
Profil Alu;;TRAVERSE INTERMEDIAIRE;ARCELOR (BERTON SICARD);INSTALLUX;910031;Non;6,5;;;;;;;
Profil Alu;;RAIL HAUT RAPPORTE;ARCELOR (BERTON SICARD);INSTALLUX;910041;Non;6,5;;;;;;;
Profil Alu;;DORMANT 2 RAILS RECOUVR;ARCELOR (BERTON SICARD);INSTALLUX;910050;Non;6,5;;;;;;;
Profil Alu;;DORMANT 2 RAILS PLAT;ARCELOR (BERTON SICARD);INSTALLUX;910051;Non;6,5;;;;;;;
Profil Alu;;DORMANT 2 RAILS PLAT;ARCELOR (BERTON SICARD);INSTALLUX;910051N;Non;6,5;;;;;;;
Profil Alu;;DORMANT 3 RAILS PLAT;ARCELOR (BERTON SICARD);INSTALLUX;910052;Non;6,5;;;;;;;
Profil Alu;;DORMANT 2 RAILS;ARCELOR (BERTON SICARD);INSTALLUX;910200;Non;6,5;;;;;;;
Profil Alu;;SEUIL BAS PREDRAINE;ARCELOR (BERTON SICARD);INSTALLUX;910210P;Non;6,5;;;;;;;
Profil Alu;;RAIL ALUMINIUM;ARCELOR (BERTON SICARD);INSTALLUX;920001;Non;6,5;;;;;;;
profil alu;;MONTANT COUVRE RAIL;ARCELOR (BERTON SICARD);INSTALLUX;920003;Non;6,5;;;;;;;
Profil Alu;;RECUPERATEUR EAU RAPPORT;ARCELOR (BERTON SICARD);INSTALLUX;920004;Non;6,5;;;;;;;
profil alu;;CACHE VIS RECUPERATEUR;ARCELOR (BERTON SICARD);INSTALLUX;920005;Non;6,5;;;;;;;
profil alu;;MONTANT COUVRE RAIL;ARCELOR (BERTON SICARD);INSTALLUX;920006;Non;6,5;;;;;;;
Profil Alu;Capot;SUPPORT CAPOT INTERIEUR;ARCELOR (BERTON SICARD);INSTALLUX;920007;Non;6,5;;;;;;;
Profil Alu;;SUPPORT CROISEMENT;ARCELOR (BERTON SICARD);INSTALLUX;920008;Non;6,5;;;;;;;
Profil Alu;;SUPPORT CROISEMENT VR;ARCELOR (BERTON SICARD);INSTALLUX;920009;Non;6,5;;;;;;;
Profil Alu;Capot;CAPOT RECUP EAU GAL;ARCELOR (BERTON SICARD);INSTALLUX;920011;Non;6,5;;;;;;;
Profil Alu;Bavette;BAVETTE GALANDAGE;ARCELOR (BERTON SICARD);INSTALLUX;920012;Non;6,5;;;;;;;
Profil Alu;;CLOSOIR INT GAL;ARCELOR (BERTON SICARD);INSTALLUX;920013;Non;6,5;;;;;;;
Profil Alu;;CLOSOIR DORMANT MONORAIL;ARCELOR (BERTON SICARD);INSTALLUX;920014;Non;6,5;;;;;;;
Profil Alu;Bavette;BAVETTE 110MM;ARCELOR (BERTON SICARD);INSTALLUX;920025;Non;6,5;;;;;;;
Profil Alu;;SEUIL PMR 2 RAILS;ARCELOR (BERTON SICARD);INSTALLUX;920042;Non;6,5;;;;;;;
Profil Alu;;SEUIL PMR 3 RAILS;ARCELOR (BERTON SICARD);INSTALLUX;920043;Non;6,5;;;;;;;
Profil Alu;;RAIL ALUMINIUM;ARCELOR (BERTON SICARD);INSTALLUX;920044;Non;6,5;;;;;;;
Profil Alu;Capot;CAPOT DE CROISEMENT;ARCELOR (BERTON SICARD);INSTALLUX;920221;Non;6,5;;;;;;;
Profil Alu;Capot;CAPOT RENFORT CROISEMENT;ARCELOR (BERTON SICARD);INSTALLUX;920223;Non;6,5;;;;;;;
profil Alu;;PROFIL DE FINITION;ARCELOR (BERTON SICARD);INSTALLUX;920224;Non;6,5;;;;;;;
profil Alu;;PAUMELLE A CLAMER;ARCELOR (BERTON SICARD);INSTALLUX;A5032;Non;1;;;;;;;
Profil Alu;;PAUMELLE 2B APPL. 67/20;ARCELOR (BERTON SICARD);INSTALLUX;A5080;Non;1;;;;;;;
Profil Alu;;PAUMELLE 2B APPL. 92/20;ARCELOR (BERTON SICARD);INSTALLUX;A5081;Non;1;;;;;;;
profil Alu;;PAUMELLE D’ANGLE SERIE F;ARCELOR (BERTON SICARD);INSTALLUX;A5082;Non;1;;;;;;;
Profil Alu;;PAUMELLE D’ANGLE RPT;ARCELOR (BERTON SICARD);INSTALLUX;A5083;Non;1;;;;;;;
Profil Alu;;PAUMELLE D’ANGLE GD RPT;ARCELOR (BERTON SICARD);INSTALLUX;A5084;Non;1;;;;;;;
Profil Alu;;REJET D’EAU;ARCELOR (BERTON SICARD);INSTALLUX;P5003;Non;6,5;;;;;;;
Profil Alu;;COUVRE JOINT 35;ARCELOR (BERTON SICARD);INSTALLUX;P5004;Non;6,5;;;;;;;
profil Alu;;COUVRE JOINT 53;ARCELOR (BERTON SICARD);INSTALLUX;P5005;Non;6,5;;;;;;;
Profil Alu;;TRAVERSE 72;ARCELOR (BERTON SICARD);INSTALLUX;P5006T;Non;6,5;;;;;;;
Profil Alu;;TRAVERSE 99;ARCELOR (BERTON SICARD);INSTALLUX;P5007T;Non;6,5;;;;;;;
Profil Alu;;TRAVERSE 168;ARCELOR (BERTON SICARD);INSTALLUX;P5008T;Non;6,5;;;;;;;
Profil Alu;;MENEAU RENFORCE 72;ARCELOR (BERTON SICARD);INSTALLUX;P5009T;Non;6,5;;;;;;;
Profil Alu;;MENEAU RENFORCE 99;ARCELOR (BERTON SICARD);INSTALLUX;P5010T;Non;6,5;;;;;;;
Profil Alu;;BATTUE RAPPORTEE FRANC.;ARCELOR (BERTON SICARD);INSTALLUX;P5011T;Non;6,5;;;;;;;
Profil Alu;;BATTUE RAPPORTEE ANGL.;ARCELOR (BERTON SICARD);INSTALLUX;P5012T;Non;6,5;;;;;;;
Profil Alu;;DORM. FOND PLAT 37,6;ARCELOR (BERTON SICARD);INSTALLUX;P5013T;Non;6,5;;;;;;;
Profil Alu;;DORM. CAGE TOLE 37,6;ARCELOR (BERTON SICARD);INSTALLUX;P5014T;Non;6,5;;;;;;;
Profil Alu;;DORM. FOND PLAT 52,3;ARCELOR (BERTON SICARD);INSTALLUX;P5015T;Non;6,5;;;;;;;
Profil Alu;;DORM. CAGE TOLE 52,3;ARCELOR (BERTON SICARD);INSTALLUX;P5016T;Non;6,5;;;;;;;
Profil Alu;;DORM. FOND PLAT 41,9;ARCELOR (BERTON SICARD);INSTALLUX;P5017T;Non;6,5;;;;;;;
Profil Alu;;DORM. CAGE TOLE 41,9;ARCELOR (BERTON SICARD);INSTALLUX;P5018T;Non;6,5;;;;;;;
Profil Alu;;DORM. FOND PLAT 56,6;ARCELOR (BERTON SICARD);INSTALLUX;P5019T;Non;6,5;;;;;;;
Profil Alu;;DORM. CAGE TOLE 56,6;ARCELOR (BERTON SICARD);INSTALLUX;P5020T;Non;6,5;;;;;;;
Profil Alu;;(*)DORMANT FOND PLAT 28;ARCELOR (BERTON SICARD);INSTALLUX;P5021T;Non;6,5;;;;;;;
Profil Alu;;(*)DORMANT FD PLAT 28 MM;ARCELOR (BERTON SICARD);INSTALLUX;P5022;Non;6,5;;;;;;;
Profil Alu;;OUVRANT A LA FRANCAISE;ARCELOR (BERTON SICARD);INSTALLUX;P5023T;Non;6,5;;;;;;;
Profil Alu;;OUVRANT A L’ANGLAISE;ARCELOR (BERTON SICARD);INSTALLUX;P5024T;Non;6,5;;;;;;;
Profil Alu;;TRAVERSE 72;ARCELOR (BERTON SICARD);INSTALLUX;P5025;Non;6,5;;;;;;;
Profil Alu;;TRAVERSE 99;ARCELOR (BERTON SICARD);INSTALLUX;P5026;Non;6,5;;;;;;;
Profil Alu;;TRAVERSE 168;ARCELOR (BERTON SICARD);INSTALLUX;P5027;Non;6,5;;;;;;;
Profil Alu;;MENEAU RENFORCE 72;ARCELOR (BERTON SICARD);INSTALLUX;P5028;Non;6,5;;;;;;;
Profil Alu;;MENEAU RENFORCE 99;ARCELOR (BERTON SICARD);INSTALLUX;P5029;Non;6,5;;;;;;;
Profil Alu;;DORM. 37,6 FP;ARCELOR (BERTON SICARD);INSTALLUX;P5030;Non;6,5;;;;;;;
Profil Alu;;DORMANT 37,6 CLIP;ARCELOR (BERTON SICARD);INSTALLUX;P5031;Non;6,5;;;;;;;
Profil Alu;;DORMANT 52,3 FP;ARCELOR (BERTON SICARD);INSTALLUX;P5032;Non;6,5;;;;;;;
Profil Alu;;DORMANT 52,3 CLIP;ARCELOR (BERTON SICARD);INSTALLUX;P5033;Non;6,5;;;;;;;
Profil Alu;;DORMANT 41,9 FP CC;ARCELOR (BERTON SICARD);INSTALLUX;P5034;Non;6,5;;;;;;;
Profil Alu;;DORMANT 41,9 CLIP CC;ARCELOR (BERTON SICARD);INSTALLUX;P5035;Non;6,5;;;;;;;
Profil Alu;;DORMANT 56,6 FP CC;ARCELOR (BERTON SICARD);INSTALLUX;P5036;Non;6,5;;;;;;;
Profil Alu;;OUVRANT DOUBLE ACTION;ARCELOR (BERTON SICARD);INSTALLUX;P5038T;Non;6,5;;;;;;;
Profil Alu;;DORMANT DOUBLE ACTION;ARCELOR (BERTON SICARD);INSTALLUX;P5039T;Non;6,5;;;;;;;
Profil Alu;;OUVRANT A LA FRANCAISE;ARCELOR (BERTON SICARD);INSTALLUX;P5040;Non;6,5;;;;;;;
Profil Alu;;OUVRANT A L’ANGLAISE;ARCELOR (BERTON SICARD);INSTALLUX;P5041;Non;6,5;;;;;;;
Profil Alu;;BATTUE RAPPORTEE ANGL.;ARCELOR (BERTON SICARD);INSTALLUX;P5043;Non;6,5;;;;;;;
Profil Alu;;BATTUE RAPPORTEE FRANC.;ARCELOR (BERTON SICARD);INSTALLUX;P5044;Non;6,5;;;;;;;
Profil Alu;;PROFIL DE BASE HT=28MM;ARCELOR (BERTON SICARD);INSTALLUX;P5049T;Non;6,5;;;;;;;
profil alu;;(*)DORMT 28MM CAGE A TOL;ARCELOR (BERTON SICARD);INSTALLUX;P5053T;Non;6,5;;;;;;;
Profil Alu;;MENEAU RENF.SIMPLE 129MM;ARCELOR (BERTON SICARD);INSTALLUX;P5054T;Non;6,5;;;;;;;
Profil Alu;;RAIL HAUT PORTES REPLIA.;ARCELOR (BERTON SICARD);INSTALLUX;P5055;Non;6,5;;;;;;;
Profil Alu;;FINITION HAUTE / P5055;ARCELOR (BERTON SICARD);INSTALLUX;P5058;Non;6,5;;;;;;;
Profil Alu;;BATTUE RAPPORTEE VA/VIEN;ARCELOR (BERTON SICARD);INSTALLUX;P5061T;Non;6,5;;;;;;;
Profil Alu;;OUVRANT DOUBLE ACTION;ARCELOR (BERTON SICARD);INSTALLUX;P5064;Non;6,5;;;;;;;
Profil Alu;;DORMANT DOUBLE ACTION;ARCELOR (BERTON SICARD);INSTALLUX;P5065;Non;6,5;;;;;;;
Profil Alu;;PLINTHE 161MM;ARCELOR (BERTON SICARD);INSTALLUX;P5066T;Non;6,5;;;;;;;
Profil Alu;;PLINTHE 161 MM 1M.;ARCELOR (BERTON SICARD);INSTALLUX;P5066T/1;Non;1;;;;;;;
Profil Alu;;2 DEPARTS 50X55;ARCELOR (BERTON SICARD);INSTALLUX;P5067;Non;6,5;;;;;;;
Profil Alu;;PLINTHE 161MM;ARCELOR (BERTON SICARD);INSTALLUX;P5068;Non;6,5;;;;;;;
Profil Alu;;PLINTHE 161MM LG 1ML;ARCELOR (BERTON SICARD);INSTALLUX;P5068/1;Non;1;;;;;;;
Profil Alu;;(*)DORMANT MIXTE 28MM;ARCELOR (BERTON SICARD);INSTALLUX;P5071T;Non;6,5;;;;;;;
Profil Alu;;(*)DORM.CAGE A TOLE 28MM;ARCELOR (BERTON SICARD);INSTALLUX;P5072;Non;6,5;;;;;;;
Profil Alu;;DORMANT FOND PLAT 30 MM;ARCELOR (BERTON SICARD);INSTALLUX;P5073T;Non;6,5;;;;;;;
Profil Alu;;DORMANT 30MM CAGE A TOLE;ARCELOR (BERTON SICARD);INSTALLUX;P5074T;Non;6,5;;;;;;;
Profil Alu;;DORMANT MIXTE 30MM;ARCELOR (BERTON SICARD);INSTALLUX;P5075T;Non;6,5;;;;;;;
Profil Alu;;DORMANT FOND PLAT 30MM;ARCELOR (BERTON SICARD);INSTALLUX;P5076;Non;6,5;;;;;;;
Profil Alu;;DORMANT CAGE A TOLE 30MM;ARCELOR (BERTON SICARD);INSTALLUX;P5077;Non;6,5;;;;;;;
Profil Alu;;MONTANT PRE-PERCE 50MM;ARCELOR (BERTON SICARD);INSTALLUX;P6039;Non;5,8;;;;;;;
Profil Alu;;MONTANT PRE-PERCE 70MM;ARCELOR (BERTON SICARD);INSTALLUX;P6040;Non;5,8;;;;;;;
Profil Alu;Capot;CAPOT GLISSE;ARCELOR (BERTON SICARD);INSTALLUX;P6041;Non;5,8;;;;;;;
Profil Alu;;MOUSTIQUAIRE;ARCELOR (BERTON SICARD);INSTALLUX;P6046;Non;5,8;;;;;;;
Profil Alu;;LAME ALU JALOUSIE;ARCELOR (BERTON SICARD);INSTALLUX;P6050;Non;6,5;;;;;;;
Profil Alu;;TRAVERSE HAUTE;ARCELOR (BERTON SICARD);INSTALLUX;P6051;Non;5,8;;;;;;;
Profil Alu;;TRAVERSE BASSE;ARCELOR (BERTON SICARD);INSTALLUX;P6052;Non;5,8;;;;;;;
Profil Alu;;PORTE LAME;ARCELOR (BERTON SICARD);INSTALLUX;P6053;Non;5,8;;;;;;;
Profil Alu;;PRECADRE BAS;ARCELOR (BERTON SICARD);INSTALLUX;P6056;Non;6,5;;;;;;;
Profil Alu;;PRECADRE HAUT;ARCELOR (BERTON SICARD);INSTALLUX;P6057;Non;6,5;;;;;;;
Profil Alu;;DORMANT PRECADRE;ARCELOR (BERTON SICARD);INSTALLUX;P6058;Non;6,5;;;;;;;
Profil Alu;;DORMANT VOLET BATTANT;ARCELOR (BERTON SICARD);INSTALLUX;P6060;Non;6,5;;;;;;;
Profil Alu;;OUVRANT VOLET BATTANT;ARCELOR (BERTON SICARD);INSTALLUX;P6061;Non;6,5;;;;;;;
Profil Alu;;OUVRANT SEMI-FIXE VOLET;ARCELOR (BERTON SICARD);INSTALLUX;P6062;Non;6,5;;;;;;;
Profil Alu;;REMPLISSAGE PANNEAU;ARCELOR (BERTON SICARD);INSTALLUX;P6063;Non;6,5;;;;;;;
Profil Alu;TUBE;TUBE CARRE 125X125X2,2;ARCELOR (BERTON SICARD);INSTALLUX;TU125125;Non;6,5;;;;;;;
Profil Alu;TUBE;TUBE RECT.20X10X2;ARCELOR (BERTON SICARD);INSTALLUX;TU2010X2;Non;6,5;;;;;;;
Profil Alu;TUBE;TUBE CARRE 20X20X2;ARCELOR (BERTON SICARD);INSTALLUX;TU2020X2;Non;6,5;;;;;;;
Profil Alu;TUBE;TUBE CARRE 25X25X2;ARCELOR (BERTON SICARD);INSTALLUX;TU2525X2;Non;6,5;;;;;;;
Profil Alu;TUBE;TUBE RECT.30X10X2;ARCELOR (BERTON SICARD);INSTALLUX;TU3010X2;Non;6,5;;;;;;;
Profil Alu;TUBE;TUBE DIAMETRE 40X2;ARCELOR (BERTON SICARD);INSTALLUX;TU40X2;Non;6,5;;;;;;;
Profil Alu;TUBE;TUBE RECT. 40X20X2;ARCELOR (BERTON SICARD);INSTALLUX;TU4020X2;Non;6,5;;;;;;;
Profil Alu;TUBE;TUBE 45X45X1.5 LG2;ARCELOR (BERTON SICARD);INSTALLUX;TU4545/2;Non;1995;;;;;;;
Profil Alu;TUBE;TUBE 45X45X1.5;ARCELOR (BERTON SICARD);INSTALLUX;TU454515;Non;6;;;;;;;
Profil Alu;TUBE;TUBE DIAMETRE 50X2;ARCELOR (BERTON SICARD);INSTALLUX;TU50X2;Non;4,6;;;;;;;
Profil Alu;TUBE;TUBE RECT. 50X30X1,7;ARCELOR (BERTON SICARD);INSTALLUX;TU503017;Non;6,5;;;;;;;
Profil Alu;TUBE;TUBE DIAM 60 EP 2 MM;ARCELOR (BERTON SICARD);INSTALLUX;TU60X2/3;Non;3,2;;;;;;;
Profil Alu;TUBE;TUBE RECT. 60X20X2;ARCELOR (BERTON SICARD);INSTALLUX;TU6020X2;Non;6,5;;;;;;;
Profil Alu;TUBE;TUBE CARRE 70X70X2;ARCELOR (BERTON SICARD);INSTALLUX;TU7070X2;Non;6,5;;;;;;;
Profil Alu;TUBE;TUBE DIAMETRE 80X2;ARCELOR (BERTON SICARD);INSTALLUX;TU80X2;Non;6,5;;;;;;;
Profil Alu;;PROFIL T 4040X3;ARCELOR (BERTON SICARD);INSTALLUX;T4040X3;Non;6,5;;;;;;;
Profil Alu;;U 10X9X10;ARCELOR (BERTON SICARD);INSTALLUX;U109X2;Non;6,5;;;;;;;
Profil Alu;;U 15X29X15;ARCELOR (BERTON SICARD);INSTALLUX;U15X29;Non;6,5;;;;;;;
Profil Alu;;MONTANT EMBOIT. 32X1,4;ARCELOR (BERTON SICARD);INSTALLUX;U15X32;Non;6,5;;;;;;;
Profil Alu;;U 20X12X20;ARCELOR (BERTON SICARD);INSTALLUX;U2012X2;Non;6,5;;;;;;;
Profil Alu;;U 20X15X20;ARCELOR (BERTON SICARD);INSTALLUX;U2015X2;Non;6,5;;;;;;;
Profil Alu;;U 20X20X20;ARCELOR (BERTON SICARD);INSTALLUX;U2020X2;Non;6,5;;;;;;;
Profil Alu;;U 20X45X20;ARCELOR (BERTON SICARD);INSTALLUX;U2045X2;Non;6,5;;;;;;;
Profil Alu;;U 25X25X25;ARCELOR (BERTON SICARD);INSTALLUX;U2525X2;Non;6,5;;;;;;;
Profil Alu;;U 25X40X25;ARCELOR (BERTON SICARD);INSTALLUX;U2540X2;Non;6,5;;;;;;;
Profil Alu;;U 30X20X30;ARCELOR (BERTON SICARD);INSTALLUX;U3020X2;Non;6,5;;;;;;;
Profil Alu;Corniéres;CORNIERE PARCLOSE 40X40;ARCELOR (BERTON SICARD);INSTALLUX;11/140;Non;6;;;;;;;
Profil Alu;PARCLOSE;PARCLOSE A PIED 20;ARCELOR (BERTON SICARD);INSTALLUX;20L;Non;6;;;;;;;
Profil Alu;PARCLOSE;PARCLOSE A PIED 25;ARCELOR (BERTON SICARD);INSTALLUX;21L;Non;6;;;;;;;
Profil Alu;PARCLOSE;PARCLOSE A PIED 20;ARCELOR (BERTON SICARD);INSTALLUX;23/20L;Non;6;;;;;;;
Profil Alu;PARCLOSE;PARCLOSE A PIED 25;ARCELOR (BERTON SICARD);INSTALLUX;23/25L;Non;6;;;;;;;
Profil Alu;PARCLOSE;PARCLOSE A PIED 20;ARCELOR (BERTON SICARD);INSTALLUX;26L;Non;6;;;;;;;
Profil Alu;PARCLOSE;PARCLOSE A PIED 20;ARCELOR (BERTON SICARD);INSTALLUX;27/20L;Non;6;;;;;;;
Profil Alu;;ANGLE EXTERIEUR 80X80;ARCELOR (BERTON SICARD);INSTALLUX;103;Non;6;;;;;;;
Profil Alu;;ANGLE INTERIEUR 80X80;ARCELOR (BERTON SICARD);INSTALLUX;104;Non;6;;;;;;;
Profil Alu;Bavette;*LIAISON G 140/BAVETTE;ARCELOR (BERTON SICARD);INSTALLUX;108;Non;6;;;;;;;
Profil Alu;PARCLOSE;PARCLOSE INDEPENDANTE;ARCELOR (BERTON SICARD);INSTALLUX;112;Non;6;;;;;;;
Profil Alu;;2 DEPARTS 40X40.;ARCELOR (BERTON SICARD);INSTALLUX;140;Non;6;;;;;;;
Profil Alu;;2 DEPARTS 40X40 RENFORCE;ARCELOR (BERTON SICARD);INSTALLUX;140/R;Non;6;;;;;;;
Profil Alu;;1 DEPART 14X40;ARCELOR (BERTON SICARD);INSTALLUX;141;Non;6;;;;;;;
profil Alu;;MENEAU 18,5X40;ARCELOR (BERTON SICARD);INSTALLUX;142;Non;6;;;;;;;
Profil Alu;;BANDEAU 150X40;ARCELOR (BERTON SICARD);INSTALLUX;143/15;Non;6;;;;;;;
Profil Alu;;BANDEAU 150X40 LG:996 MM;ARCELOR (BERTON SICARD);INSTALLUX;143/151;Non;1;;;;;;;
Profil Alu;;BANDEAU 80X40;ARCELOR (BERTON SICARD);INSTALLUX;143/80;Non;6;;;;;;;
Profil Alu;;BANDEAU 80X40 LG:996 MM;ARCELOR (BERTON SICARD);INSTALLUX;143/801;Non;1;;;;;;;
Profil Alu;;3 DEPARTS 40X40;ARCELOR (BERTON SICARD);INSTALLUX;146;Non;6;;;;;;;
Profil Alu;;RAIL HAUT PORTE ACCORD.;ARCELOR (BERTON SICARD);INSTALLUX;148;Non;6;;;;;;;
Profil Alu;;SEUIL 40 ET 80;ARCELOR (BERTON SICARD);INSTALLUX;149;Non;6;;;;;;;
Profil Alu;;CACHE RAINURE 40;ARCELOR (BERTON SICARD);INSTALLUX;150L;Non;6;;;;;;;
Profil Alu;;BATTUE FEUILLURE 35;ARCELOR (BERTON SICARD);INSTALLUX;151;Non;6;;;;;;;
Profil Alu;;BATTUE DBL ETANCHEITE;ARCELOR (BERTON SICARD);INSTALLUX;152L;Non;6;;;;;;;
Profil Alu;;CLOSOIR SIMPLE;ARCELOR (BERTON SICARD);INSTALLUX;153L;Non;6;;;;;;;
Profil Alu;;BATTUE FEUILLURE 45;ARCELOR (BERTON SICARD);INSTALLUX;154;Non;6;;;;;;;
Profil Alu;;*BATTUE SIMPL ETANCHEITE;ARCELOR (BERTON SICARD);INSTALLUX;157;Non;6;;;;;;;
Profil Alu;PARCLOSE;PARCLOSE A VISSER;ARCELOR (BERTON SICARD);INSTALLUX;164;Non;6;;;;;;;
Profil Alu;;RAIL HAUT PORTE COULISS.;ARCELOR (BERTON SICARD);INSTALLUX;165;Non;6;;;;;;;
Profil Alu;;CACHE PORTE COULISSANTE;ARCELOR (BERTON SICARD);INSTALLUX;167;Non;6;;;;;;;
Profil Alu;;ANGLE EXTERIEUR 80X40;ARCELOR (BERTON SICARD);INSTALLUX;168;Non;6;;;;;;;
Profil Alu;;ANGLE INTERIEUR 80X40;ARCELOR (BERTON SICARD);INSTALLUX;169;Non;6;;;;;;;
Profil Alu;PARCLOSE;*PARCLOSE REMPL. 46/65;ARCELOR (BERTON SICARD);INSTALLUX;173;Non;6;;;;;;;
Profil Alu;;SEUIL PORTE 140;ARCELOR (BERTON SICARD);INSTALLUX;178;Non;6;;;;;;;
Profil Alu;;TRAVERSE DOUBLE CAGE;ARCELOR (BERTON SICARD);INSTALLUX;179;Non;6;;;;;;;
Profil Alu;;HUISSERIE A BATTUE;ARCELOR (BERTON SICARD);INSTALLUX;181;Non;6;;;;;;;
profil alu;;OUVRANT FRANC. 40X77;ARCELOR (BERTON SICARD);INSTALLUX;182;Non;6;;;;;;;
Profil Alu;;OUVRANT ANGLAISE 40X77;ARCELOR (BERTON SICARD);INSTALLUX;183;Non;6;;;;;;;
Profil Alu;;MENEAU 80;ARCELOR (BERTON SICARD);INSTALLUX;184;Non;6;;;;;;;
Profil Alu;;MENEAU 1 AILE FIXE;ARCELOR (BERTON SICARD);INSTALLUX;200;Non;6;;;;;;;
Profil Alu;;TRAV BARREAU DEFENSE;ARCELOR (BERTON SICARD);INSTALLUX;201;Non;6,5;;;;;;;
Profil Alu;;DORMANT 140 RALLONGE;ARCELOR (BERTON SICARD);INSTALLUX;205;Non;6,5;;;;;;;
Profil Alu;PARCLOSE;*PARCLOSE TALON SECURITE;ARCELOR (BERTON SICARD);INSTALLUX;218;Non;6;;;;;;;
Profil Alu;PARCLOSE;PARCLOSE TALON SECURITE;ARCELOR (BERTON SICARD);INSTALLUX;219;Non;6;;;;;;;
Profil Alu;PARCLOSE;PARCLOSE TALON SECURITE;ARCELOR (BERTON SICARD);INSTALLUX;220;Non;6;;;;;;;
Profil Alu;PARCLOSE;PARCLOSE TALON SECURITE;ARCELOR (BERTON SICARD);INSTALLUX;223;Non;6;;;;;;;
Profil Alu;PARCLOSE;PARCLOSE TALON SECURITE;ARCELOR (BERTON SICARD);INSTALLUX;226;Non;6;;;;;;;
Profil Alu;;LISSE HAUTE NON PERFOREE;ARCELOR (BERTON SICARD);INSTALLUX;300;Non;6;;;;;;;
Profil Alu;;MAIN COURANTE 25;ARCELOR (BERTON SICARD);INSTALLUX;301;Non;6;;;;;;;
Profil Alu;;PROFIL BAS PR BARREAUDAG;ARCELOR (BERTON SICARD);INSTALLUX;302;Non;6,5;;;;;;;
Profil Alu;;BARREAU A UNE FIXATION;ARCELOR (BERTON SICARD);INSTALLUX;305;Non;6,5;;;;;;;
Profil Alu;;RAIDISSEUR 40X20;ARCELOR (BERTON SICARD);INSTALLUX;306;Non;6,5;;;;;;;
Profil Alu;;RAIDISSEUR 40X20 USINE;ARCELOR (BERTON SICARD);INSTALLUX;307;Non;6,5;;;;;;;
Profil Alu;;CLOSOIR PROFIL BARREAUDA;ARCELOR (BERTON SICARD);INSTALLUX;308;Non;6,5;;;;;;;
Profil Alu;;PROFIL POUR BARREAUDAGE;ARCELOR (BERTON SICARD);INSTALLUX;309;Non;6,5;;;;;;;
Profil Alu;;MAIN COURANTE 40;ARCELOR (BERTON SICARD);INSTALLUX;310;Non;6;;;;;;;
Profil Alu;;BARREAU OVAL;ARCELOR (BERTON SICARD);INSTALLUX;311;Non;6,5;;;;;;;
Profil Alu;;MAIN COURANTE ELLIPTIQUE;ARCELOR (BERTON SICARD);INSTALLUX;312;Non;6,5;;;;;;;
Profil Alu;;LISSE HTE PERFOREE GC;ARCELOR (BERTON SICARD);INSTALLUX;321;Non;6;;;;;;;
Profil Alu;;LISSE BASS PERFORE GC;ARCELOR (BERTON SICARD);INSTALLUX;322;Non;6;;;;;;;
Profil Alu;;MAIN COURANTE DIAM.63;ARCELOR (BERTON SICARD);INSTALLUX;324;Non;6;;;;;;;
Profil Alu;;LISSE HTE REMP SOUS LISS;ARCELOR (BERTON SICARD);INSTALLUX;326;Non;6,5;;;;;;;
Profil Alu;;LISSE HAUTE PERFOREE;ARCELOR (BERTON SICARD);INSTALLUX;328;Non;6,5;;;;;;;
Profil Alu;;LISSE CIRCULAIRE;ARCELOR (BERTON SICARD);INSTALLUX;329;Non;6,5;;;;;;;
Profil Alu;;MAIN COURANTE;ARCELOR (BERTON SICARD);INSTALLUX;330;Non;6,5;;;;;;;
Profil Alu;;CLOSOIR HAUT BARREAUDAGE;ARCELOR (BERTON SICARD);INSTALLUX;334;Non;6,5;;;;;;;
Profil Alu;;LISSE RECTANGULAIRE;ARCELOR (BERTON SICARD);INSTALLUX;336;Non;6,5;;;;;;;
Profil Alu;;PROFIL CADRE HT RECT.;ARCELOR (BERTON SICARD);INSTALLUX;337;Non;6,5;;;;;;;
Profil Alu;;LISSE HAUTE / LAME 612;ARCELOR (BERTON SICARD);INSTALLUX;338;Non;6,5;;;;;;;
Profil Alu;;BARREAU LOSANGE 1 FIXATI;ARCELOR (BERTON SICARD);INSTALLUX;344;Non;6,5;;;;;;;
Profil Alu;;PROFIL CADRE BAS RECT.;ARCELOR (BERTON SICARD);INSTALLUX;347;Non;6,5;;;;;;;
Profil Alu;;LISSE BASSE PERFOREE;ARCELOR (BERTON SICARD);INSTALLUX;349;Non;6,5;;;;;;;
Profil Alu;EMBOUT;EMBOUT MAIN COUR. 25MM;ARCELOR (BERTON SICARD);INSTALLUX;357;Non;1;;;;;;;
Profil Alu;EMBOUT;(*)EMBOUT MAIN COUR. 120;ARCELOR (BERTON SICARD);INSTALLUX;359;Non;2;;;;;;;
Profil Alu;EMBOUT;EMBOUT LISSE BASSE;ARCELOR (BERTON SICARD);INSTALLUX;365;Non;2;;;;;;;
Profil Alu;EMBOUT;EMBOUT MAIN COUR.;ARCELOR (BERTON SICARD);INSTALLUX;368;Non;1;;;;;;;
Profil Alu;;MC PR REMPL SOUS LISSE;ARCELOR (BERTON SICARD);INSTALLUX;375;Non;6,5;;;;;;;
Profil Alu;;PROFIL REMP BAS NEZ DALL;ARCELOR (BERTON SICARD);INSTALLUX;377;Non;6,5;;;;;;;
Profil Alu;EMBOUT;EMBOUT MAIN COUR. 63;ARCELOR (BERTON SICARD);INSTALLUX;384;Non;1;;;;;;;
Profil Alu;;FIXATION MUR.MAIN COUR.;ARCELOR (BERTON SICARD);INSTALLUX;385;Non;1;;;;;;;
Profil Alu;;CROSSE DE MAIN COURANTE.;ARCELOR (BERTON SICARD);INSTALLUX;386;Non;1;;;;;;;
Profil Alu;;LISSE BASSE / LAME 612;ARCELOR (BERTON SICARD);INSTALLUX;399;Non;6,5;;;;;;;
Profil Alu;;TRAV.BASSE/AUTOPORTANT;ARCELOR (BERTON SICARD);INSTALLUX;500;Non;6,5;;;;;;;
Profil Alu;;POTEAU VARIABLE;ARCELOR (BERTON SICARD);INSTALLUX;505;Non;6,5;;;;;;;
Profil Alu;;LAME 120X20;ARCELOR (BERTON SICARD);INSTALLUX;506;Non;6,5;;;;;;;
Profil Alu;;PLASTRON POTEAU 150X150;ARCELOR (BERTON SICARD);INSTALLUX;508;Non;6;;;;;;;
Profil Alu;;PLASTRON POTEAU LG 2M;ARCELOR (BERTON SICARD);INSTALLUX;508/2;Non;1995;;;;;;;
Profil Alu;;POTEAU 150X150;ARCELOR (BERTON SICARD);INSTALLUX;509;Non;6;;;;;;;
Profil Alu;;POTEAU 150X150 LG 2M;ARCELOR (BERTON SICARD);INSTALLUX;509/2;Non;1995;;;;;;;
Profil Alu;;CLOSOIR EXTREMITE BOMBE;ARCELOR (BERTON SICARD);INSTALLUX;519;Non;6,5;;;;;;;
Profil Alu;;MONTANT 3 RAINURES;ARCELOR (BERTON SICARD);INSTALLUX;523;Non;6,5;;;;;;;
Profil Alu;;MONTANT 3 RAINURES;ARCELOR (BERTON SICARD);INSTALLUX;523/4;Non;4;;;;;;;
Profil Alu;;BARREAU ECONOMIQUE 80X20;ARCELOR (BERTON SICARD);INSTALLUX;526;Non;6,5;;;;;;;
Profil Alu;;PROFIL SUPPORT TOLE;ARCELOR (BERTON SICARD);INSTALLUX;529;Non;6,5;;;;;;;
Profil Alu;;CACHE SECURITE / 509;ARCELOR (BERTON SICARD);INSTALLUX;538;Non;6,5;;;;;;;
Profil Alu;;GUIDE OLIVE CACHE CREMA;ARCELOR (BERTON SICARD);INSTALLUX;541I;Non;6,5;;;;;;;
Profil Alu;;GUIDE OLIVE CACHE CREMA;ARCELOR (BERTON SICARD);INSTALLUX;541I/4;Non;4,5;;;;;;;
profil alu;;RAIDISSEUR PR 541 ET 543;ARCELOR (BERTON SICARD);INSTALLUX;542;Non;6,5;;;;;;;
Profil Alu;;RAIDISSEUR PR 541 ET 543;ARCELOR (BERTON SICARD);INSTALLUX;542/4;Non;4,5;;;;;;;
Profil Alu;;CALE ARRIERE PAUMELLE;ARCELOR (BERTON SICARD);INSTALLUX;562;Non;2;;;;;;;
Profil Alu;;PORTE OLIVE GUIDE LAT CO;ARCELOR (BERTON SICARD);INSTALLUX;578;Non;1;;;;;;;
profil alu;;PROFIL/TOLE EP 2 MM;ARCELOR (BERTON SICARD);INSTALLUX;580;Non;6,5;;;;;;;
profil alu;;EMB FINITION GUIDE OLIVE;ARCELOR (BERTON SICARD);INSTALLUX;584;Non;1;;;;;;;
Profil Alu;EMBOUT;KIT EMBOUT CACHE CREMAIL;ARCELOR (BERTON SICARD);INSTALLUX;585;Non;1;;;;;;;
Profil Alu;;CACHE ROULETTE;ARCELOR (BERTON SICARD);INSTALLUX;594;Non;2;;;;;;;
Profil Alu;;GUIDE A LA FERMETURE;ARCELOR (BERTON SICARD);INSTALLUX;595;Non;1;;;;;;;
Profil Alu;;PETITE TRAVERSE;ARCELOR (BERTON SICARD);INSTALLUX;597;Non;6,5;;;;;;;
Profil Alu;;*PORTE OLIV GUID LAT COU;ARCELOR (BERTON SICARD);INSTALLUX;598;Non;1;;;;;;;
Profil Alu;;PORTE OLIVE GUID SUP COU;ARCELOR (BERTON SICARD);INSTALLUX;599;Non;1;;;;;;;
Profil Alu;;MONTANT 140X115;ARCELOR (BERTON SICARD);INSTALLUX;601;Non;5;;;;;;;
Profil Alu;;LAME ‘Z’ 110X20;ARCELOR (BERTON SICARD);INSTALLUX;607;Non;6,5;;;;;;;
Profil Alu;;PETITE TRAVERSE;ARCELOR (BERTON SICARD);INSTALLUX;608;Non;6,5;;;;;;;
Profil Alu;;PROFIL DE BATTUE;ARCELOR (BERTON SICARD);INSTALLUX;610;Non;5;;;;;;;
Profil Alu;;LAME 100X20;ARCELOR (BERTON SICARD);INSTALLUX;611;Non;6,5;;;;;;;
Profil Alu;;BARREAU 100X20;ARCELOR (BERTON SICARD);INSTALLUX;612;Non;6,5;;;;;;;
profil alu;;LAME 200X20;ARCELOR (BERTON SICARD);INSTALLUX;613;Non;6,5;;;;;;;
Profil Alu;;TRAVERSE HAUTE;ARCELOR (BERTON SICARD);INSTALLUX;615;Non;6,5;;;;;;;
Profil Alu;;CHAPEAU GENDARME 1420;ARCELOR (BERTON SICARD);INSTALLUX;615/C1;Non;1;;;;;;;
profil alu;;CHAPEAU GENDARME 2000;ARCELOR (BERTON SICARD);INSTALLUX;615/C2;Non;1;;;;;;;
Profil Alu;;CHAPEAU GENDARME 2250;ARCELOR (BERTON SICARD);INSTALLUX;615/C3;Non;1;;;;;;;
Profil Alu;;CHAPEAU GENDARME 2600;ARCELOR (BERTON SICARD);INSTALLUX;615/C4;Non;1;;;;;;;
Profil Alu;;BUTEE PORTILLON;ARCELOR (BERTON SICARD);INSTALLUX;616;Non;1;;;;;;;
Profil Alu;;CACHE RAINURE;ARCELOR (BERTON SICARD);INSTALLUX;620;Non;6,5;;;;;;;
Profil Alu;;CACHE RAINURE;ARCELOR (BERTON SICARD);INSTALLUX;620/5;Non;5;;;;;;;
Profil Alu;;TRAVERSE INTERMEDIAIRE;ARCELOR (BERTON SICARD);INSTALLUX;621;Non;6,5;;;;;;;
profil alu;;CHAPEAU GENDARME 1420;ARCELOR (BERTON SICARD);INSTALLUX;621/C1;Non;1;;;;;;;
Profil Alu;;CHAPEAU GENDARME 2000;ARCELOR (BERTON SICARD);INSTALLUX;621/C2;Non;1;;;;;;;
Profil Alu;;CHAPEAU GENDARME 2250;ARCELOR (BERTON SICARD);INSTALLUX;621/C3;Non;1;;;;;;;
Profil Alu;;CHAPEAU GENDARME 2600;ARCELOR (BERTON SICARD);INSTALLUX;621/C4;Non;1;;;;;;;
profil Alu;;TRAVERSE INTERMEDIAIRE;ARCELOR (BERTON SICARD);INSTALLUX;621/3;Non;3,2;;;;;;;
Profil Alu;;TRAVERSE BASSE;ARCELOR (BERTON SICARD);INSTALLUX;622;Non;6,5;;;;;;;
Profil Alu;;TRAVERSE BASSE;ARCELOR (BERTON SICARD);INSTALLUX;622/3;Non;3,2;;;;;;;
profil Alu;;MONTANT D’EXTREMITE;ARCELOR (BERTON SICARD);INSTALLUX;623;Non;6,5;;;;;;;
Profil Alu;;MONTANT D’EXTREMITE;ARCELOR (BERTON SICARD);INSTALLUX;623/4;Non;4;;;;;;;
Profil Alu;;POTEAU 3 DEPARTS;ARCELOR (BERTON SICARD);INSTALLUX;624/5;Non;5;;;;;;;
Profil Alu;;POTEAU DE CLOTURE;ARCELOR (BERTON SICARD);INSTALLUX;625;Non;6,5;;;;;;;
Profil Alu;;TRAVERSE DE CLOTURE;ARCELOR (BERTON SICARD);INSTALLUX;626;Non;6,5;;;;;;;
Profil Alu;;1/2 TRAVERSE 30;ARCELOR (BERTON SICARD);INSTALLUX;627;Non;6,5;;;;;;;
Profil Alu;;1/2 TRAVERSE 30;ARCELOR (BERTON SICARD);INSTALLUX;627/3;Non;3,2;;;;;;;
Profil Alu;;1/2 TRAVERSE 60;ARCELOR (BERTON SICARD);INSTALLUX;628;Non;6,5;;;;;;;
Profil Alu;;1/2 TRAVERSE 60;ARCELOR (BERTON SICARD);INSTALLUX;628/3;Non;3,2;;;;;;;
profil alu;;MENEAU 80;ARCELOR (BERTON SICARD);INSTALLUX;629;Non;6,5;;;;;;;
Profil Alu;;MENEAU 80 CINTRE 2001;ARCELOR (BERTON SICARD);INSTALLUX;629/P3;Non;1;;;;;;;
Profil Alu;PARCLOSE;PARCLOSE REMPL. 2;ARCELOR (BERTON SICARD);INSTALLUX;630;Non;6,5;;;;;;;
Profil Alu;;CLOSOIR EXTREMITE;ARCELOR (BERTON SICARD);INSTALLUX;632;Non;6,5;;;;;;;
Profil Alu;;CLOSOIR EXTREMITE;ARCELOR (BERTON SICARD);INSTALLUX;632/3;Non;3,2;;;;;;;
Profil Alu;;TRAV. CLOTURE DBL CLIP.;ARCELOR (BERTON SICARD);INSTALLUX;633;Non;6,5;;;;;;;
Profil Alu;;BARREAU 20X20;ARCELOR (BERTON SICARD);INSTALLUX;635;Non;6,5;;;;;;;
Profil Alu;;BARREAU 20X20;ARCELOR (BERTON SICARD);INSTALLUX;635/5;Non;5;;;;;;;
profil alu;;FESTON NON USINE;ARCELOR (BERTON SICARD);INSTALLUX;638;Non;6,5;;;;;;;
Profil Alu;EMBOUT;EMBOUT /MONTANT 625;ARCELOR (BERTON SICARD);INSTALLUX;655;Non;2;;;;;;;
Profil Alu;;PAIRE VOLUTE INTER;ARCELOR (BERTON SICARD);INSTALLUX;663;Non;1;;;;;;;
Profil Alu;;PAIRE VOLUTE CENTRALE;ARCELOR (BERTON SICARD);INSTALLUX;664;Non;1;;;;;;;
Profil Alu;EMBOUT;EMBOUT FLEUR DE LYS;ARCELOR (BERTON SICARD);INSTALLUX;665;Non;10;;;;;;;
Profil Alu;EMBOUT;EMBOUT BOULE;ARCELOR (BERTON SICARD);INSTALLUX;666;Non;10;;;;;;;
Profil Alu;EMBOUT;EMBOUT FLECHE;ARCELOR (BERTON SICARD);INSTALLUX;667;Non;10;;;;;;;
Profil Alu;EMBOUT;EMBOUT ROND;ARCELOR (BERTON SICARD);INSTALLUX;668;Non;10;;;;;;;
Profil Alu;EMBOUT;EMBOUT DE LAME/612;ARCELOR (BERTON SICARD);INSTALLUX;669;Non;10;;;;;;;
profil Alu;;BUTEE ARRET AU SOL;ARCELOR (BERTON SICARD);INSTALLUX;678;Non;1;;;;;;;
Profil Alu;;REGULATEUR DE PENTE;ARCELOR (BERTON SICARD);INSTALLUX;679;Non;1;;;;;;;
profil alu;EMBOUT;EMBOUT FINITION /626/641;ARCELOR (BERTON SICARD);INSTALLUX;680;Non;2;;;;;;;
profil Alu;EMBOUT;EMBOUT /622;ARCELOR (BERTON SICARD);INSTALLUX;683;Non;1;;;;;;;
Profil Alu;;PAIRE VOLUTE SUPERIEURE;ARCELOR (BERTON SICARD);INSTALLUX;688;Non;1;;;;;;;
profil Alu;;LIAISON 140/140;ARCELOR (BERTON SICARD);INSTALLUX;1011;Non;6;;;;;;;
Profil Alu;;BARREAU PORTILLON 140;ARCELOR (BERTON SICARD);INSTALLUX;1050;Non;6,5;;;;;;;
Profil Alu;;POIGNEE BANDEAU;ARCELOR (BERTON SICARD);INSTALLUX;1103;Non;6;;;;;;;
Profil Alu;;POIGNEE BANDEAU LG:996MM;ARCELOR (BERTON SICARD);INSTALLUX;1103/1;Non;1;;;;;;;
Profil Alu;EMBOUT;EMBOUT /318;ARCELOR (BERTON SICARD);INSTALLUX;1233;Non;1;;;;;;;
Profil Alu;;POIGNEE POUSSOIR 250;ARCELOR (BERTON SICARD);INSTALLUX;1623;Non;1;;;;;;;
Profil Alu;;POIGNEE POUSSOIR 350;ARCELOR (BERTON SICARD);INSTALLUX;1624;Non;1;;;;;;;
Profil Alu;;POIGNEE POUSSOIR TUB.350;ARCELOR (BERTON SICARD);INSTALLUX;1641;Non;1;;;;;;;
Profil Alu;;PAUMELLE CLARIT LUXE;ARCELOR (BERTON SICARD);INSTALLUX;1700;Non;2;;;;;;;
Profil Alu;;PAUMELLE PORTE BOIS;ARCELOR (BERTON SICARD);INSTALLUX;1710;Non;2;;;;;;;
Profil Alu;;PAUMELLE PORTE ALU.BAGUE;ARCELOR (BERTON SICARD);INSTALLUX;1723;Non;2;;;;;;;
Profil Alu;;PAUMELLE PORTE ALU.ROULT;ARCELOR (BERTON SICARD);INSTALLUX;1724;Non;2;;;;;;;
Profil Alu;;PAUMELLE CHARIOT;ARCELOR (BERTON SICARD);INSTALLUX;1725;Non;1;;;;;;;
Profil Alu;;PAUMELLE EXTREM CHARIOT;ARCELOR (BERTON SICARD);INSTALLUX;1726;Non;1;;;;;;;
Profil Alu;;PAUMELLE GUIDE;ARCELOR (BERTON SICARD);INSTALLUX;1727;Non;1;;;;;;;
Profil Alu;;PAUMELLE EXTREM GUIDE;ARCELOR (BERTON SICARD);INSTALLUX;1728;Non;1;;;;;;;
Profil Alu;;ARRET AU PIED;ARCELOR (BERTON SICARD);INSTALLUX;1817;Non;1;;;;;;;
Profil Alu;;BEQUILLE SIMPLE CARRE 8;ARCELOR (BERTON SICARD);INSTALLUX;1853N;Non;1;;;;;;;
Profil Alu;;BEQUILLE DOUBLE CARRE 8;ARCELOR (BERTON SICARD);INSTALLUX;1854N;Non;1;;;;;;;
Profil Alu;;BEQUILLE SIMPLE BOREALE;ARCELOR (BERTON SICARD);INSTALLUX;1859;Non;1;;;;;;;
Profil Alu;;BEQUILLE DBL CARRE 8MM;ARCELOR (BERTON SICARD);INSTALLUX;1860;Non;1;;;;;;;
Profil Alu;;*BEQUILLE OPERA SIMPLE;ARCELOR (BERTON SICARD);INSTALLUX;1874;Non;1;;;;;;;
Profil Alu;;LIAISON SECTION 50;ARCELOR (BERTON SICARD);INSTALLUX;5022;Non;6,5;;;;;;;
Profil Alu;;PROFIL LIAISON CAGES;ARCELOR (BERTON SICARD);INSTALLUX;5027;Non;6,5;;;;;;;
Profil Alu;;JONCTION RENFORCEE;ARCELOR (BERTON SICARD);INSTALLUX;5040;Non;6,5;;;;;;;
Profil Alu;;RAIDISSEUR 87X36;ARCELOR (BERTON SICARD);INSTALLUX;5041;Non;6,5;;;;;;;
Profil Alu;;RAIDISSEUR 65X36;ARCELOR (BERTON SICARD);INSTALLUX;5042;Non;6,5;;;;;;;
Profil Alu;PARCLOSE;PARCLOSE A VISSER;ARCELOR (BERTON SICARD);INSTALLUX;5048;Non;6,5;;;;;;;
Profil Alu;PARCLOSE;PARCLOSE A VISSER;ARCELOR (BERTON SICARD);INSTALLUX;5049;Non;6,5;;;;;;;
Profil Alu;PARCLOSE;PARCLOSE CLIP 8.5 LAQUEE;ARCELOR (BERTON SICARD);INSTALLUX;5051L;Non;6,5;;;;;;;
Profil Alu;PARCLOSE;PARCLOSE CLIPABLE 18.5;ARCELOR (BERTON SICARD);INSTALLUX;5053;Non;6,5;;;;;;;
Profil Alu;PARCLOSE;PARCLOSE CLIPABLE 23.5;ARCELOR (BERTON SICARD);INSTALLUX;5054;Non;6,5;;;;;;;
Profil Alu;Capot;CAPOT /5041/5042;ARCELOR (BERTON SICARD);INSTALLUX;5057;Non;6,5;;;;;;;
Profil Alu;;ELARGISSEUR DE FEUILLURE;ARCELOR (BERTON SICARD);INSTALLUX;5058;Non;6,5;;;;;;;
Profil Alu;;PROFIL DE DILATATION;ARCELOR (BERTON SICARD);INSTALLUX;5138;Non;6;;;;;;;
Profil Alu;;SEUIL PORTE;ARCELOR (BERTON SICARD);INSTALLUX;5144;Non;6,5;;;;;;;
Profil Alu;;SEUIL PORTE A BATTUE;ARCELOR (BERTON SICARD);INSTALLUX;5145;Non;6,5;;;;;;;
Profil Alu;;SEUIL PORTE 36.5MM;ARCELOR (BERTON SICARD);INSTALLUX;5146;Non;6;;;;;;;
Profil Alu;;SEUIL PTE VEC ALVEOV;ARCELOR (BERTON SICARD);INSTALLUX;5147;Non;6;;;;;;;
Profil Alu;;PRECADRE ISOLATION 135;ARCELOR (BERTON SICARD);INSTALLUX;5154;Non;6;;;;;;;
Profil Alu;;PRECADRE ISOLATION 160;ARCELOR (BERTON SICARD);INSTALLUX;5155;Non;6;;;;;;;
Profil Alu;;PRECADRE ISOLATION 100;ARCELOR (BERTON SICARD);INSTALLUX;5156;Non;6;;;;;;;
Profil Alu;;DORM.PRECADRE ISOL.100;ARCELOR (BERTON SICARD);INSTALLUX;5167TH;Non;6,5;;;;;;;
Profil Alu;;DORM.PRECADRE ISOL 100;ARCELOR (BERTON SICARD);INSTALLUX;5169TH;Non;6,5;;;;;;;
Profil Alu;;DORM. PRECADRE ISOL 120;ARCELOR (BERTON SICARD);INSTALLUX;5170TH;Non;6,5;;;;;;;
Profil Alu;;TAPEE 15;ARCELOR (BERTON SICARD);INSTALLUX;5190;Non;6;;;;;;;
Profil Alu;;TAPEE 25;ARCELOR (BERTON SICARD);INSTALLUX;5191;Non;6;;;;;;;
Profil Alu;;TAPEE 35;ARCELOR (BERTON SICARD);INSTALLUX;5192;Non;6;;;;;;;
Profil Alu;;TAPEE 45;ARCELOR (BERTON SICARD);INSTALLUX;5193;Non;6;;;;;;;
Profil Alu;;TAPEE 55;ARCELOR (BERTON SICARD);INSTALLUX;5194;Non;6;;;;;;;
Profil Alu;;TAPEE 65;ARCELOR (BERTON SICARD);INSTALLUX;5195;Non;6;;;;;;;
Profil Alu;;(*)DORMANT 50;ARCELOR (BERTON SICARD);INSTALLUX;5401TH;Non;6,5;;;;;;;
Profil Alu;;(*)DORM. A RECOUVREMENT;ARCELOR (BERTON SICARD);INSTALLUX;5402TH;Non;6,5;;;;;;;
Profil Alu;;DORMANT SS RECOUV. 64MM;ARCELOR (BERTON SICARD);INSTALLUX;5403TH;Non;6,5;;;;;;;
Profil Alu;;DORMANT 64;ARCELOR (BERTON SICARD);INSTALLUX;5404TH;Non;6,5;;;;;;;
Profil Alu;;(*)DORMANT 50;ARCELOR (BERTON SICARD);INSTALLUX;5405TH;Non;6,5;;;;;;;
Profil Alu;;(*)DORMANT 50;ARCELOR (BERTON SICARD);INSTALLUX;5406TH;Non;6,5;;;;;;;
Profil Alu;;DORMANT ITALIENNE;ARCELOR (BERTON SICARD);INSTALLUX;5407TH;Non;6,5;;;;;;;
Profil Alu;;DORM. ITALIERAPORTE;ARCELOR (BERTON SICARD);INSTALLUX;5408TH;Non;6,5;;;;;;;
Profil Alu;;DORM. INTEGRATIOMRID;ARCELOR (BERTON SICARD);INSTALLUX;5409TH;Non;6,5;;;;;;;
Profil Alu;;INVERSEUR DE FEUILLURE;ARCELOR (BERTON SICARD);INSTALLUX;5410TH;Non;6,5;;;;;;;
Profil Alu;;MENEAU 72;ARCELOR (BERTON SICARD);INSTALLUX;5411TH;Non;6,5;;;;;;;
Profil Alu;;MENEAU 168;ARCELOR (BERTON SICARD);INSTALLUX;5415TH;Non;6,5;;;;;;;
Profil Alu;;MENEAU RENFORCE 72;ARCELOR (BERTON SICARD);INSTALLUX;5416TH;Non;6,5;;;;;;;
Profil Alu;;MENEAU RENFORCE 99;ARCELOR (BERTON SICARD);INSTALLUX;5417TH;Non;6,5;;;;;;;
Profil Alu;;DORMANT 64;ARCELOR (BERTON SICARD);INSTALLUX;5418TH;Non;6,5;;;;;;;
Profil Alu;;DORMANT 64 A RECOUV.;ARCELOR (BERTON SICARD);INSTALLUX;5419TH;Non;6,5;;;;;;;
Profil Alu;;OUVRANT FRANCAISE 65;ARCELOR (BERTON SICARD);INSTALLUX;5421TH;Non;6,5;;;;;;;
Profil Alu;;OUVRANT FRANCAISE 79;ARCELOR (BERTON SICARD);INSTALLUX;5422TH;Non;6,5;;;;;;;
Profil Alu;;OUVRANT FRANCAISE 94;ARCELOR (BERTON SICARD);INSTALLUX;5423TH;Non;6,5;;;;;;;
Profil Alu;;OUVRANT FRANCAISE 65,5;ARCELOR (BERTON SICARD);INSTALLUX;5424TH;Non;6,5;;;;;;;
profil alu;;PROF.DORM. HT 63,8;ARCELOR (BERTON SICARD);INSTALLUX;5427TH;Non;6,5;;;;;;;
Profil Alu;;INTERM. BASCULANT;ARCELOR (BERTON SICARD);INSTALLUX;5428;Non;6,5;;;;;;;
Profil Alu;;OUVRANT ITALIEN. BASCUL;ARCELOR (BERTON SICARD);INSTALLUX;5429TH;Non;6,5;;;;;;;
Profil Alu;;MENEAU SIMPLE 129MM;ARCELOR (BERTON SICARD);INSTALLUX;5432TH;Non;6,5;;;;;;;
Profil Alu;;DORM. A RECOUVREMENT;ARCELOR (BERTON SICARD);INSTALLUX;5433TH;Non;6,5;;;;;;;
Profil Alu;;OUVRANT PROJECTION;ARCELOR (BERTON SICARD);INSTALLUX;5434TH;Non;6,5;;;;;;;
Profil Alu;;MENEAU RENFORCE LG 120MM;ARCELOR (BERTON SICARD);INSTALLUX;5435TH;Non;6,5;;;;;;;
Profil Alu;;DORMANT 100 MM CAGE EXT;ARCELOR (BERTON SICARD);INSTALLUX;5436TH;Non;6,5;;;;;;;
Profil Alu;;MONTANT ANGLE VARIABLE;ARCELOR (BERTON SICARD);INSTALLUX;5450TH;Non;6,5;;;;;;;
Profil Alu;;LIAISON 101,5/101,5RPT;ARCELOR (BERTON SICARD);INSTALLUX;5453TH;Non;6,5;;;;;;;
Profil Alu;;MONTANT ANGLE 135°;ARCELOR (BERTON SICARD);INSTALLUX;5456TH;Non;6,5;;;;;;;
profil alu;;(*)DORM.SS RECOU.SS CAGE;ARCELOR (BERTON SICARD);INSTALLUX;5465TH;Non;6,5;;;;;;;
Profil Alu;;MENEAU RENFORT INTEGRE;ARCELOR (BERTON SICARD);INSTALLUX;5499TH;Non;6,5;;;;;;;
Profil Alu;;DORMANT A RECOUVREMENT;ARCELOR (BERTON SICARD);INSTALLUX;5502TH;Non;6,5;;;;;;;
Profil Alu;;DORMANT MIXTE FP/CAG.TOL;ARCELOR (BERTON SICARD);INSTALLUX;5505TH;Non;6,5;;;;;;;
Profil Alu;PARCLOSE;PARCLOSE ARRONDIE 3,5;ARCELOR (BERTON SICARD);INSTALLUX;5510;Non;6,5;;;;;;;
Profil Alu;PARCLOSE;PARCLOSE ARRONDIE 8.5;ARCELOR (BERTON SICARD);INSTALLUX;5511;Non;6,5;;;;;;;
Profil Alu;PARCLOSE;PARCLOSE ARRONDIE 23.5;ARCELOR (BERTON SICARD);INSTALLUX;5514;Non;6,5;;;;;;;
Profil Alu;PARCLOSE;PARCLOSE ARRONDIE 28,5;ARCELOR (BERTON SICARD);INSTALLUX;5515;Non;6,5;;;;;;;
Profil Alu;PARCLOSE;PARCLOSE MOULUREE 8.5;ARCELOR (BERTON SICARD);INSTALLUX;5517;Non;6,5;;;;;;;
Profil Alu;PARCLOSE;PARCLOSE MOULUREE 13.5;ARCELOR (BERTON SICARD);INSTALLUX;5518;Non;6,5;;;;;;;
Profil Alu;;*OUVRANT PORTE-FEUILLE;ARCELOR (BERTON SICARD);INSTALLUX;5618TH;Non;6,5;;;;;;;
Profil Alu;;*PROFIL DE JOINTEMENT;ARCELOR (BERTON SICARD);INSTALLUX;5622TH;Non;6,5;;;;;;;
Profil Alu;;*PAUMELLE REGL 2 BRANC;ARCELOR (BERTON SICARD);INSTALLUX;5730;Non;1;;;;;;;
Profil Alu;;*PAUMELLE REGL 2 BRANC;ARCELOR (BERTON SICARD);INSTALLUX;5734;Non;1;;;;;;;
Profil Alu;;VERROU SEMI-FIXE;ARCELOR (BERTON SICARD);INSTALLUX;5754;Non;1;;;;;;;
Profil Alu;;CREMONE POMPIER TOURNAN;ARCELOR (BERTON SICARD);INSTALLUX;5762;Non;1;;;;;;;
Profil Alu;;ROSACE DE SECURITE;ARCELOR (BERTON SICARD);INSTALLUX;5765;Non;1;;;;;;;
Profil Alu;;POIGNEE A OLIVE GAUCHE;ARCELOR (BERTON SICARD);INSTALLUX;5828;Non;1;;;;;;;
Profil Alu;;VERROU BAIONNETTE;ARCELOR (BERTON SICARD);INSTALLUX;5831;Non;1;;;;;;;
Profil Alu;;BEQUILLE PLATE “BOREALE”;ARCELOR (BERTON SICARD);INSTALLUX;5842;Non;1;;;;;;;
Profil Alu;;LOQUETEAU A CLAMER/SOUF.;ARCELOR (BERTON SICARD);INSTALLUX;5849;Non;1;;;;;;;
Profil Alu;;BEQUILLE ESTIVALE DRT;ARCELOR (BERTON SICARD);INSTALLUX;5853;Non;1;;;;;;;
Profil Alu;;BEQUILLE ESTIVALE GCH;ARCELOR (BERTON SICARD);INSTALLUX;5854;Non;1;;;;;;;
Profil Alu;;BEQUILLE ESTIVALE DBL;ARCELOR (BERTON SICARD);INSTALLUX;5855;Non;1;;;;;;;
Profil Alu;;*(PAUMELLE DEUX BRANCHES;ARCELOR (BERTON SICARD);INSTALLUX;5866;Non;2;;;;;;;
Profil Alu;;PAUMELLE 2 BRANCHES;ARCELOR (BERTON SICARD);INSTALLUX;5866N;Non;2;;;;;;;
Profil Alu;;PAUMELLE CL.FAIBLE TRAF.;ARCELOR (BERTON SICARD);INSTALLUX;5867;Non;2;;;;;;;
Profil Alu;;PAUMELLE 3 BRANCHES;ARCELOR (BERTON SICARD);INSTALLUX;5868N;Non;2;;;;;;;
Profil Alu;;FERM.1.2VANTAUX A CARR;ARCELOR (BERTON SICARD);INSTALLUX;5877N;Non;1;;;;;;;
Profil Alu;;(*PAUMELLE OB 2 VANTAUX;ARCELOR (BERTON SICARD);INSTALLUX;5879N;Non;1;;;;;;;
Profil Alu;;2 DEPARTS 50X55;ARCELOR (BERTON SICARD);INSTALLUX;5900;Non;6;;;;;;;
Profil Alu;;2 DEPARTS 50X28;ARCELOR (BERTON SICARD);INSTALLUX;5901;Non;6;;;;;;;
Profil Alu;;SEUIL TRADI;ARCELOR (BERTON SICARD);INSTALLUX;5903;Non;6,5;;;;;;;
Profil Alu;;MENEAU RENFORCE 55;ARCELOR (BERTON SICARD);INSTALLUX;5905;Non;6;;;;;;;
Profil Alu;;MENEAU RENFORCE 28;ARCELOR (BERTON SICARD);INSTALLUX;5906;Non;6;;;;;;;
Profil Alu;;FEUILLURE RAPPORTEE;ARCELOR (BERTON SICARD);INSTALLUX;5910;Non;6;;;;;;;
Profil Alu;;(*)DORMANT 50 A CAGE;ARCELOR (BERTON SICARD);INSTALLUX;5911;Non;6;;;;;;;
Profil Alu;;(*)DORM.AVEC RECOUVREMEN;ARCELOR (BERTON SICARD);INSTALLUX;5912;Non;6;;;;;;;
Profil Alu;;(*)DORMANT 50 SANS CAGE;ARCELOR (BERTON SICARD);INSTALLUX;5913;Non;6;;;;;;;
Profil Alu;;INVERSEUR DE FEUILLURE;ARCELOR (BERTON SICARD);INSTALLUX;5920;Non;6;;;;;;;
Profil Alu;;DORMANT HT 64 A CAGE;ARCELOR (BERTON SICARD);INSTALLUX;5921;Non;6;;;;;;;
Profil Alu;;DORMANT 64 SANS CAGE;ARCELOR (BERTON SICARD);INSTALLUX;5923;Non;6;;;;;;;
Profil Alu;;DORMANT 128MM;ARCELOR (BERTON SICARD);INSTALLUX;5924;Non;6,5;;;;;;;
Profil Alu;;MENEAU 99;ARCELOR (BERTON SICARD);INSTALLUX;5930;Non;6;;;;;;;
Profil Alu;;MENEAU SIMPLE 72;ARCELOR (BERTON SICARD);INSTALLUX;5931;Non;6;;;;;;;
Profil Alu;;MENEAU RENFORCE 99;ARCELOR (BERTON SICARD);INSTALLUX;5935;Non;6;;;;;;;
Profil Alu;;MENEAU RENFORCE 72;ARCELOR (BERTON SICARD);INSTALLUX;5936;Non;6;;;;;;;
Profil Alu;;MENEAU 168;ARCELOR (BERTON SICARD);INSTALLUX;5939;Non;6;;;;;;;
Profil Alu;;MENEAU 168X50-1M;ARCELOR (BERTON SICARD);INSTALLUX;5939/1;Non;1;;;;;;;
Profil Alu;;OUVRANT FRANC. 65.5;ARCELOR (BERTON SICARD);INSTALLUX;5941;Non;6;;;;;;;
Profil Alu;;OUVRANT FRANC. 79;ARCELOR (BERTON SICARD);INSTALLUX;5942;Non;6;;;;;;;
Profil Alu;;OUVRANT FRANCAISE 94;ARCELOR (BERTON SICARD);INSTALLUX;5943;Non;6;;;;;;;
Profil Alu;;BATTUE RAPORT. VA/VIENT;ARCELOR (BERTON SICARD);INSTALLUX;5971;Non;6;;;;;;;
Profil Alu;;BATTUE RAPPORTEE;ARCELOR (BERTON SICARD);INSTALLUX;5972;Non;6;;;;;;;
Profil Alu;;CLOSOIR FEUILLURE;ARCELOR (BERTON SICARD);INSTALLUX;5978;Non;6;;;;;;;
Profil Alu;;CLOSOIR 50;ARCELOR (BERTON SICARD);INSTALLUX;5979;Non;6;;;;;;;
Profil Alu;;DORMANT 50 CAGE CLIP/TOL;ARCELOR (BERTON SICARD);INSTALLUX;5980;Non;6,5;;;;;;;
Profil Alu;;DORMANT A RECOUVREMENT;ARCELOR (BERTON SICARD);INSTALLUX;5981;Non;6,5;;;;;;;
Profil Alu;;DORMANT 50 SANS CAGE;ARCELOR (BERTON SICARD);INSTALLUX;5982;Non;6,5;;;;;;;
profil alu;;PROFIL CACHE CAGE A TOLE;ARCELOR (BERTON SICARD);INSTALLUX;6596;Non;6,5;;;;;;;
Profil Alu;;LIAISON COUVRE JOINT;ARCELOR (BERTON SICARD);INSTALLUX;6598/4;Non;4,6;;;;;;;
Profil Alu;;REJET OU RECUP. D’EAU;ARCELOR (BERTON SICARD);INSTALLUX;6621;Non;6,5;;;;;;;
Profil Alu;;JET D’EAU;ARCELOR (BERTON SICARD);INSTALLUX;6622;Non;6,5;;;;;;;
Profil Alu;;REJET D’EAU A CLIPER;ARCELOR (BERTON SICARD);INSTALLUX;6623;Non;6,5;;;;;;;
Profil Alu;;RECUPERATEUR EAU CLIPE;ARCELOR (BERTON SICARD);INSTALLUX;6624;Non;6,5;;;;;;;
Profil Alu;;BANDEAU VENTOUSE ELCTRMG;ARCELOR (BERTON SICARD);INSTALLUX;6625/4;Non;4,6;;;;;;;
Profil Alu;;RENFORT BANDEAU /6625;ARCELOR (BERTON SICARD);INSTALLUX;6626/4;Non;4,6;;;;;;;
Profil Alu;;MOULURE RUSTIQUE;ARCELOR (BERTON SICARD);INSTALLUX;6631;Non;6,5;;;;;;;
Profil Alu;;RECUPERATEUR EAU;ARCELOR (BERTON SICARD);INSTALLUX;6635;Non;6,5;;;;;;;
Profil Alu;;COUVRE JOINT RECUP.;ARCELOR (BERTON SICARD);INSTALLUX;6636;Non;6,5;;;;;;;
Profil Alu;Bavette;BAVETTE 40;ARCELOR (BERTON SICARD);INSTALLUX;6640;Non;6,5;;;;;;;
Profil Alu;Bavette;BAVETTE 60;ARCELOR (BERTON SICARD);INSTALLUX;6641;Non;6,5;;;;;;;
Profil Alu;Bavette;BAVETTE 80;ARCELOR (BERTON SICARD);INSTALLUX;6642;Non;6,5;;;;;;;
Profil Alu;Bavette;BAVETTE 100;ARCELOR (BERTON SICARD);INSTALLUX;6643;Non;6,5;;;;;;;
Profil Alu;Bavette;BAVETTE 120;ARCELOR (BERTON SICARD);INSTALLUX;6644;Non;6,5;;;;;;;
Profil Alu;Bavette;BAVETTE 150;ARCELOR (BERTON SICARD);INSTALLUX;6645;Non;6,5;;;;;;;
Profil Alu;EMBOUT;EMBOUT DE BAVETTE LG:1M;ARCELOR (BERTON SICARD);INSTALLUX;6647/1;Non;1;;;;;;;
Profil Alu;Bavette;BAVETTE TUBUL.100MM RJD;ARCELOR (BERTON SICARD);INSTALLUX;6648;Non;6,5;;;;;;;
Profil Alu;Bavette;BAVETTE TUBUL. 100MM RJA;ARCELOR (BERTON SICARD);INSTALLUX;6649;Non;6,5;;;;;;;
Profil Alu;;COUVRE PIECE APPUI EXT.;ARCELOR (BERTON SICARD);INSTALLUX;6650;Non;6,5;;;;;;;
Profil Alu;;OUVRANT MOUSTIQUAIRE.;ARCELOR (BERTON SICARD);INSTALLUX;6801;Non;6,5;;;;;;;
Profil Alu;;DORMANT MOUSTI CAGES;ARCELOR (BERTON SICARD);INSTALLUX;6804;Non;6,5;;;;;;;
Profil Alu;Capot;CAPOT OGIVE 150;ARCELOR (BERTON SICARD);INSTALLUX;6959;Non;6,5;;;;;;;
Profil Alu;;DORM.PERI.RENOV.MENUISER;ARCELOR (BERTON SICARD);INSTALLUX;6973;Non;6,5;;;;;;;
Profil Alu;Capot;INTERCALAIRE CAPOT OGIVE;ARCELOR (BERTON SICARD);INSTALLUX;6975;Non;6,5;;;;;;;
Profil Alu;;PROFIL TUBULAIRE;ARCELOR (BERTON SICARD);INSTALLUX;6976;Non;6,5;;;;;;;
Profil Alu;EMBOUT;EMBOUT /6960;ARCELOR (BERTON SICARD);INSTALLUX;6982;Non;1;;;;;;;
Profil Alu;EMBOUT;EMBOUT /6959;ARCELOR (BERTON SICARD);INSTALLUX;6984;Non;1;;;;;;;
Profil Alu;EMBOUT;EMBOUT SUR 8205;ARCELOR (BERTON SICARD);INSTALLUX;6986;Non;1;;;;;;;
Profil Alu;;CACHE RAINURE;ARCELOR (BERTON SICARD);INSTALLUX;7014;Non;6,5;;;;;;;
Profil Alu;;POTEAU 150° 75;ARCELOR (BERTON SICARD);INSTALLUX;7016/4TH;Non;4,8;;;;;;;
Profil Alu;;POTEAU 150° 75;ARCELOR (BERTON SICARD);INSTALLUX;7016TH;Non;6,5;;;;;;;
Profil Alu;;POTEAU 150° 120;ARCELOR (BERTON SICARD);INSTALLUX;7017/4TH;Non;4,8;;;;;;;
Profil Alu;;POTEAU 150° 120;ARCELOR (BERTON SICARD);INSTALLUX;7017TH;Non;6,5;;;;;;;
Profil Alu;;REPRISE ARTICULATION;ARCELOR (BERTON SICARD);INSTALLUX;7028;Non;6,5;;;;;;;
Profil Alu;Capot;CAPOT DE RIVE 94 MM;ARCELOR (BERTON SICARD);INSTALLUX;7038;Non;6,5;;;;;;;
Profil Alu;;CACHE ARTICULATION;ARCELOR (BERTON SICARD);INSTALLUX;7039;Non;6,5;;;;;;;
Profil Alu;;OBTURATEUR 16;ARCELOR (BERTON SICARD);INSTALLUX;7042;Non;6,5;;;;;;;
Profil Alu;;OBTURATEUR 25;ARCELOR (BERTON SICARD);INSTALLUX;7044;Non;6,5;;;;;;;
Profil Alu;;LIAISO65X31;ARCELOR (BERTON SICARD);INSTALLUX;7054TH;Non;6,5;;;;;;;
Profil Alu;;JONCTION IMPOSTE 110X31;ARCELOR (BERTON SICARD);INSTALLUX;7056TH;Non;6,5;;;;;;;
Profil Alu;;OBTURATEUR 55MM;ARCELOR (BERTON SICARD);INSTALLUX;7108;Non;6,5;;;;;;;
Profil Alu;;PROFIL LIAISON 135° 120;ARCELOR (BERTON SICARD);INSTALLUX;7127/4TH;Non;4,8;;;;;;;
Profil Alu;;PROFIL LIAISO135° 120;ARCELOR (BERTON SICARD);INSTALLUX;7127TH;Non;6,5;;;;;;;
Profil Alu;Cheneau;SABLIERE VR INTEGRE;ARCELOR (BERTON SICARD);INSTALLUX;7130/3TH;Non;3,25;;;;;;;
Profil Alu;Capot;ACCROCHE BAS DE CAPOT;ARCELOR (BERTON SICARD);INSTALLUX;7133;Non;6,5;;;;;;;
Profil Alu;;COULISSE VOLET ROULANT;ARCELOR (BERTON SICARD);INSTALLUX;7134;Non;6,5;;;;;;;
profil alu;;DORM. CHASSIS TOITURE;ARCELOR (BERTON SICARD);INSTALLUX;7150TH;Non;6,5;;;;;;;
Profil Alu;;OUVR. CACHE CHASSIS TOIT;ARCELOR (BERTON SICARD);INSTALLUX;7151;Non;6,5;;;;;;;
Profil Alu;;POTEAU ANGLE 90° 65X75;ARCELOR (BERTON SICARD);INSTALLUX;7152/4TH;Non;4,8;;;;;;;
Profil Alu;;POTEAU ANGLE 90° 65X75;ARCELOR (BERTON SICARD);INSTALLUX;7152TH;Non;6,5;;;;;;;
Profil Alu;;LAME FINALE VOLET ROULAN;ARCELOR (BERTON SICARD);INSTALLUX;7153;Non;6,5;;;;;;;
Profil Alu;;TRAVERSE INTERMEDIAIRE;ARCELOR (BERTON SICARD);INSTALLUX;7208;Non;6,5;;;;;;;
Profil Alu;Capot;CAPOT 84;ARCELOR (BERTON SICARD);INSTALLUX;7210;Non;6,5;;;;;;;
Profil Alu;Capot;CAPOT 94;ARCELOR (BERTON SICARD);INSTALLUX;7211;Non;6,5;;;;;;;
Profil Alu;Capot;CAPOT 94;ARCELOR (BERTON SICARD);INSTALLUX;7211/4;Non;4,7;;;;;;;
Profil Alu;Capot;CAPOT DE RIVE 84;ARCELOR (BERTON SICARD);INSTALLUX;7212;Non;6,5;;;;;;;
Profil Alu;Capot;*CAPOT DECALE P.THERMOT.;ARCELOR (BERTON SICARD);INSTALLUX;7214;Non;6,5;;;;;;;
Profil Alu;PARCLOSE;PARCLOSE REMPL.09/13;ARCELOR (BERTON SICARD);INSTALLUX;7215;Non;6,5;;;;;;;
Profil Alu;PARCLOSE;PARCLOSE REMPL.16/20;ARCELOR (BERTON SICARD);INSTALLUX;7216;Non;6,5;;;;;;;
Profil Alu;PARCLOSE;PARCLOSE REMPL.23/27;ARCELOR (BERTON SICARD);INSTALLUX;7217;Non;6,5;;;;;;;
Profil Alu;PARCLOSE;PARCLOSE REMPL.51/55;ARCELOR (BERTON SICARD);INSTALLUX;7219;Non;6,5;;;;;;;
Profil Alu;EMBOUT;EMBOUT RIVE/7306TH D+G;ARCELOR (BERTON SICARD);INSTALLUX;7257;Non;1;;;;;;;
Profil Alu;EMBOUT;EMBOUT /ARETIER 7235TH;ARCELOR (BERTON SICARD);INSTALLUX;7259;Non;1;;;;;;;
Profil Alu;EMBOUT;EMBOUT RIVE /TUB.7207;ARCELOR (BERTON SICARD);INSTALLUX;7267;Non;1;;;;;;;
Profil Alu;;EPINE RPTH 100 MM;ARCELOR (BERTON SICARD);INSTALLUX;7300/4TH;Non;4,7;;;;;;;
Profil Alu;;EPINE RPTH 100 MM;ARCELOR (BERTON SICARD);INSTALLUX;7300TH;Non;6,5;;;;;;;
Profil Alu;;EPINE RPTH 120;ARCELOR (BERTON SICARD);INSTALLUX;7301/4TH;Non;4,7;;;;;;;
Profil Alu;;EPINE RPTH 120;ARCELOR (BERTON SICARD);INSTALLUX;7301TH;Non;6,5;;;;;;;
Profil Alu;;EPINE TUBUL.;ARCELOR (BERTON SICARD);INSTALLUX;7302;Non;6,5;;;;;;;
Profil Alu;;CHEVRORIVE 100;ARCELOR (BERTON SICARD);INSTALLUX;7307;Non;6,5;;;;;;;
Profil Alu;;SEUIL RALLONGE;ARCELOR (BERTON SICARD);INSTALLUX;7323TH;Non;6,5;;;;;;;
Profil Alu;;EPINE TUBULAIRE REM=55MM;ARCELOR (BERTON SICARD);INSTALLUX;7324/4TH;Non;4,7;;;;;;;
profil alu;;EPINE TUBULAIRE REM=55MM;ARCELOR (BERTON SICARD);INSTALLUX;7324TH;Non;6,5;;;;;;;
Profil Alu;;PROFIL DE RIVE REM=55MM;ARCELOR (BERTON SICARD);INSTALLUX;7325TH;Non;6,5;;;;;;;
Profil Alu;;ARETIER TUBUL.RPTH 150;ARCELOR (BERTON SICARD);INSTALLUX;7330TH;Non;6,5;;;;;;;
Profil Alu;Cheneau;SABLIERE CHENEAU 138MM;ARCELOR (BERTON SICARD);INSTALLUX;7607/4TH;Non;4,5;;;;;;;
Profil Alu;Cheneau;SABLIERE CHENEAU 138MM;ARCELOR (BERTON SICARD);INSTALLUX;7607TH;Non;6,5;;;;;;;
Profil Alu;Cheneau;(*)PROF BARDAGE CHENEAU;ARCELOR (BERTON SICARD);INSTALLUX;7618;Non;6,5;;;;;;;
Profil Alu;;PROFILE FIXATIOBARDAGE;ARCELOR (BERTON SICARD);INSTALLUX;7619;Non;6,5;;;;;;;
Profil Alu;;CHEVROMOULURE 230 MM;ARCELOR (BERTON SICARD);INSTALLUX;7622;Non;6,5;;;;;;;
Profil Alu;;CHEVRO106MM;ARCELOR (BERTON SICARD);INSTALLUX;7624/4;Non;4,7;;;;;;;
Profil Alu;Capot;CAPOT CLIPPE 31;ARCELOR (BERTON SICARD);INSTALLUX;7625;Non;6,5;;;;;;;
Profil Alu;Capot;CAPOT VISSE 31;ARCELOR (BERTON SICARD);INSTALLUX;7626/4;Non;4,7;;;;;;;
Profil Alu;Bavette;(*)BAVETTE ETANCHEITE;ARCELOR (BERTON SICARD);INSTALLUX;7627;Non;6,5;;;;;;;
Profil Alu;Cheneau;CHENEAU 230;ARCELOR (BERTON SICARD);INSTALLUX;7628;Non;6,5;;;;;;;
Profil Alu;Cheneau;CHENEAU 230;ARCELOR (BERTON SICARD);INSTALLUX;7628/4;Non;4;;;;;;;
Profil Alu;;(*)COFFRE VOLET ROUL 257;ARCELOR (BERTON SICARD);INSTALLUX;7629;Non;6,5;;;;;;;
Profil Alu;;DEMI ARETIER ARTICULE;ARCELOR (BERTON SICARD);INSTALLUX;7633;Non;6,5;;;;;;;
Profil Alu;;CHEVRODE RIVE;ARCELOR (BERTON SICARD);INSTALLUX;7635TH;Non;6,5;;;;;;;
profil alu;;CHEVRORIVE 105 MM;ARCELOR (BERTON SICARD);INSTALLUX;7637TH;Non;6,5;;;;;;;
profil alu;;SUPPORT BORDE VR;ARCELOR (BERTON SICARD);INSTALLUX;7644;Non;6,5;;;;;;;
Profil Alu;;OBTURATEUR;ARCELOR (BERTON SICARD);INSTALLUX;7646/4;Non;4,7;;;;;;;
Profil Alu;Chevron;CHEVRON 156MM;ARCELOR (BERTON SICARD);INSTALLUX;7649;Non;6,5;;;;;;;
Profil Alu;Chevron;CHEVRON 106MM SEMI RENF;ARCELOR (BERTON SICARD);INSTALLUX;7653;Non;6,5;;;;;;;
Profil Alu;Chevron;CHEVRON 106MM SEMI RENF;ARCELOR (BERTON SICARD);INSTALLUX;7653/4;Non;4;;;;;;;
Profil Alu;;TRAVERSE INTERM TUB;ARCELOR (BERTON SICARD);INSTALLUX;7655/4;Non;4,7;;;;;;;
Profil Alu;;SUPPORT BORDE;ARCELOR (BERTON SICARD);INSTALLUX;7657;Non;6,5;;;;;;;
Profil Alu;;ARTICULA BORDEE DRAINEE;ARCELOR (BERTON SICARD);INSTALLUX;7658THP;Non;6,5;;;;;;;
Profil Alu;;CACHE ARTICULATION;ARCELOR (BERTON SICARD);INSTALLUX;7659;Non;6,5;;;;;;;
Profil Alu;Chevron;CHEVRON 106MM RENFORCE;ARCELOR (BERTON SICARD);INSTALLUX;7661;Non;6,5;;;;;;;
Profil Alu;Chevron;CHEVRON 106MM RENFORCE;ARCELOR (BERTON SICARD);INSTALLUX;7661/4;Non;4,7;;;;;;;
Profil Alu;;ARETIER MOULURE 160MM;ARCELOR (BERTON SICARD);INSTALLUX;7662;Non;6,5;;;;;;;
Profil Alu;;ARETIER MOULURE 160MM;ARCELOR (BERTON SICARD);INSTALLUX;7662/4;Non;4,7;;;;;;;
Profil Alu;;ARET MOUL 180 SS CAGE;ARCELOR (BERTON SICARD);INSTALLUX;7663;Non;6,5;;;;;;;
Profil Alu;Capot;CAPOT TRAVERSE INTERM;ARCELOR (BERTON SICARD);INSTALLUX;7664/4;Non;4,7;;;;;;;
Profil Alu;;PROFIL NOUE;ARCELOR (BERTON SICARD);INSTALLUX;7665;Non;6,5;;;;;;;
Profil Alu;;PROFIL NOUE;ARCELOR (BERTON SICARD);INSTALLUX;7665/4;Non;4,7;;;;;;;
Profil Alu;;(*)PROFIL DE LIAISON;ARCELOR (BERTON SICARD);INSTALLUX;7668TH;Non;6,5;;;;;;;
Profil Alu;;ADAPTATEUR POUTRE BOIS;ARCELOR (BERTON SICARD);INSTALLUX;7673;Non;6,5;;;;;;;
Profil Alu;;ARTICULATION NOUE;ARCELOR (BERTON SICARD);INSTALLUX;7674;Non;6,5;;;;;;;
Profil Alu;;PROFIL DE FINITION;ARCELOR (BERTON SICARD);INSTALLUX;7679;Non;6,5;;;;;;;
Profil Alu;;(*)POTEAU 180°;ARCELOR (BERTON SICARD);INSTALLUX;7680TH;Non;6,5;;;;;;;
Profil Alu;;(*)POTEAU 90° RENTRANT;ARCELOR (BERTON SICARD);INSTALLUX;7681TH;Non;6,5;;;;;;;
Profil Alu;;(*)POTEAU 90° SORTANT;ARCELOR (BERTON SICARD);INSTALLUX;7682TH;Non;6,5;;;;;;;
Profil Alu;;(*)POTEAU 150°;ARCELOR (BERTON SICARD);INSTALLUX;7683TH;Non;6,5;;;;;;;
Profil Alu;;(*)POTEAU 135°;ARCELOR (BERTON SICARD);INSTALLUX;7684TH;Non;6,5;;;;;;;
Profil Alu;;ARTICULATIOCHEVRO156;ARCELOR (BERTON SICARD);INSTALLUX;7690;Non;6,5;;;;;;;
Profil Alu;;CHEVRORIVE 70;ARCELOR (BERTON SICARD);INSTALLUX;7691TH;Non;6,5;;;;;;;
Profil Alu;;*KIT EMB.CHEVR /7604;ARCELOR (BERTON SICARD);INSTALLUX;7746;Non;1;;;;;;;
Profil Alu;TUBE;TUBE DIAM 16X1,5 /7751;ARCELOR (BERTON SICARD);INSTALLUX;7766;Non;6;;;;;;;
Profil Alu;Capot;CAPOT MOULURE VR;ARCELOR (BERTON SICARD);INSTALLUX;7785;Non;6,5;;;;;;;
Profil Alu;Capot;CAPOT MOULURE VR LG 4M;ARCELOR (BERTON SICARD);INSTALLUX;7785/4;Non;4;;;;;;;
Profil Alu;Chevron;CHEVRON MOULUREE 66MM;ARCELOR (BERTON SICARD);INSTALLUX;7795;Non;6,5;;;;;;;
Profil Alu;Capot;CAPOT VISSE 39;ARCELOR (BERTON SICARD);INSTALLUX;7816/4;Non;4,7;;;;;;;
Profil Alu;Capot;CAPOT VISSE 39;ARCELOR (BERTON SICARD);INSTALLUX;7816/4M;Non;4;;;;;;;
Profil Alu;Capot;CAPOT CLIPPE 39;ARCELOR (BERTON SICARD);INSTALLUX;7817;Non;6,5;;;;;;;
Profil Alu;Capot;CAPOT CLIPPE 39 DECALE;ARCELOR (BERTON SICARD);INSTALLUX;7818;Non;6,5;;;;;;;
Profil Alu;Capot;CAPOT DECALE A VISSER;ARCELOR (BERTON SICARD);INSTALLUX;7820;Non;6,5;;;;;;;
Profil Alu;;(*)SUPPORT 90° COUL VR;ARCELOR (BERTON SICARD);INSTALLUX;7824;Non;6,5;;;;;;;
Profil Alu;;ARETIER MOULURE 126;ARCELOR (BERTON SICARD);INSTALLUX;7828;Non;6,5;;;;;;;
Profil Alu;Capot;CAPOT CLIPPE 36;ARCELOR (BERTON SICARD);INSTALLUX;7835;Non;6,5;;;;;;;
Profil Alu;Capot;CAPOT VISSE 36;ARCELOR (BERTON SICARD);INSTALLUX;7836/4;Non;4,7;;;;;;;
Profil Alu;;TRAVERSE 116MM;ARCELOR (BERTON SICARD);INSTALLUX;8101;Non;6,5;;;;;;;
Profil Alu;;TRAVERSE 157MM;ARCELOR (BERTON SICARD);INSTALLUX;8102;Non;6,5;;;;;;;
Profil Alu;Capot;CAPOT 16MM L=60MM;ARCELOR (BERTON SICARD);INSTALLUX;8103;Non;6,5;;;;;;;
Profil Alu;Capot;CAPOT DE 20MM L60MM;ARCELOR (BERTON SICARD);INSTALLUX;8105;Non;6,5;;;;;;;
Profil Alu;;MONTANT 60X158MM;ARCELOR (BERTON SICARD);INSTALLUX;8106;Non;6,5;;;;;;;
Profil Alu;;TRAVERSE 168MM;ARCELOR (BERTON SICARD);INSTALLUX;8108;Non;6,5;;;;;;;
Profil Alu;;MONTANT 60X170MM;ARCELOR (BERTON SICARD);INSTALLUX;8110;Non;6,5;;;;;;;
Profil Alu;;MONTANT 228X54;ARCELOR (BERTON SICARD);INSTALLUX;8177;Non;6,5;;;;;;;
MONTANT;;MONTANT 53X54;ARCELOR (BERTON SICARD);INSTALLUX;8178;Non;6,5;;;;;;;
MONTANT;;MONTANT 73X54;ARCELOR (BERTON SICARD);INSTALLUX;8179;Non;6,5;;;;;;;
MONTANT;;MONTANT 100X54;ARCELOR (BERTON SICARD);INSTALLUX;8181;Non;6,5;;;;;;;
Profil Alu;;MONTANT 150X54;ARCELOR (BERTON SICARD);INSTALLUX;8183;Non;6,5;;;;;;;
Profil Alu;;MONTANT 185X54;ARCELOR (BERTON SICARD);INSTALLUX;8184;Non;6,5;;;;;;;
Profil Alu;;TRAVERSE 38,5X54;ARCELOR (BERTON SICARD);INSTALLUX;8186;Non;6,5;;;;;;;
Profil Alu;;TRAVERSE 53X54;ARCELOR (BERTON SICARD);INSTALLUX;8187;Non;6,5;;;;;;;
Profil Alu;Capot;CAPOT EXT.46 ARRONDI;ARCELOR (BERTON SICARD);INSTALLUX;8198;Non;6,5;;;;;;;
*PARCLOSE;PARCLOSE;*PARCLOSE 9;ARCELOR (BERTON SICARD);INSTALLUX;8200;Non;6,5;;;;;;;
Profil Alu;PARCLOSE;PARCLOSE 18;ARCELOR (BERTON SICARD);INSTALLUX;8201;Non;6,5;;;;;;;
Profil Alu;Capot;CAPOT OGIVE 89.5;ARCELOR (BERTON SICARD);INSTALLUX;8205;Non;6,5;;;;;;;
Profil Alu;Capot;CAPOT OGIVE 70;ARCELOR (BERTON SICARD);INSTALLUX;8213;Non;6,5;;;;;;;
Profil Alu;;ADAPT.OUVRANT ITALIENNE;ARCELOR (BERTON SICARD);INSTALLUX;8242;Non;6,5;;;;;;;
Profil Alu;Capot;CAPOT EN H;ARCELOR (BERTON SICARD);INSTALLUX;8289;Non;6,5;;;;;;;
Profil Alu;Capot;CAPOT 16;ARCELOR (BERTON SICARD);INSTALLUX;8291;Non;6,5;;;;;;;
Profil Alu;Capot;CAPOT 20;ARCELOR (BERTON SICARD);INSTALLUX;8292;Non;6,5;;;;;;;
Profil Alu;Capot;CAPOT SERREUR;ARCELOR (BERTON SICARD);INSTALLUX;8293;Non;6,5;;;;;;;
Profil Alu;Capot;CAPOT SERREUR;ARCELOR (BERTON SICARD);INSTALLUX;8294;Non;6,5;;;;;;;
profil alu;;MONTANT 31;ARCELOR (BERTON SICARD);INSTALLUX;8500;Non;6,5;;;;;;;
Profil Alu;;MONTANT 58;ARCELOR (BERTON SICARD);INSTALLUX;8501;Non;6,5;;;;;;;
Profil Alu;;MONTANT 78;ARCELOR (BERTON SICARD);INSTALLUX;8502;Non;6,5;;;;;;;
Profil Alu;;MONTANT 98;ARCELOR (BERTON SICARD);INSTALLUX;8503;Non;6,5;;;;;;;
Profil Alu;;MONTANT 118;ARCELOR (BERTON SICARD);INSTALLUX;8504;Non;6,5;;;;;;;
Profil Alu;;MONTANT 138;ARCELOR (BERTON SICARD);INSTALLUX;8505;Non;6,5;;;;;;;
Profil Alu;;MONTANT 158;ARCELOR (BERTON SICARD);INSTALLUX;8506;Non;6,5;;;;;;;
Profil Alu;;MONTANT 178;ARCELOR (BERTON SICARD);INSTALLUX;8507;Non;6,5;;;;;;;
Profil Alu;;MONTANT 198;ARCELOR (BERTON SICARD);INSTALLUX;8508;Non;6,5;;;;;;;
Profil Alu;;MONTANT 218;ARCELOR (BERTON SICARD);INSTALLUX;8509;Non;6,5;;;;;;;
Profil Alu;;MONTANT 238;ARCELOR (BERTON SICARD);INSTALLUX;8510;Non;6,5;;;;;;;
Profil Alu;;TRAVERSE 31;ARCELOR (BERTON SICARD);INSTALLUX;8511;Non;6,5;;;;;;;
TRAVERSE;;TRAVERSE 58;ARCELOR (BERTON SICARD);INSTALLUX;8512;Non;6,5;;;;;;;
Profil Alu;;TRAVERSE 78;ARCELOR (BERTON SICARD);INSTALLUX;8513;Non;6,5;;;;;;;
Profil Alu;;TRAVERSE 98;ARCELOR (BERTON SICARD);INSTALLUX;8514;Non;6,5;;;;;;;
Profil Alu;;TRAVERSE 118;ARCELOR (BERTON SICARD);INSTALLUX;8515;Non;6,5;;;;;;;
Profil Alu;;TRAVERSE 138;ARCELOR (BERTON SICARD);INSTALLUX;8516;Non;6,5;;;;;;;
Profil Alu;;"MONTANT H=31; L=70MM";ARCELOR (BERTON SICARD);INSTALLUX;8518;Non;6,5;;;;;;;
Profil Alu;;MONTANT DE 218MM;ARCELOR (BERTON SICARD);INSTALLUX;8519;Non;6,5;;;;;;;
Profil Alu;;POTEAU D’ANGLE;ARCELOR (BERTON SICARD);INSTALLUX;8520;Non;6,5;;;;;;;
Profil Alu;;PROFIL DE DILATATION A98;ARCELOR (BERTON SICARD);INSTALLUX;8521;Non;6,5;;;;;;;
Profil Alu;;PROFIL DE DILATATION B98;ARCELOR (BERTON SICARD);INSTALLUX;8522;Non;6,5;;;;;;;
Profil Alu;;PROFIL DE DILATATION 118;ARCELOR (BERTON SICARD);INSTALLUX;8523;Non;6,5;;;;;;;
Profil Alu;;PROFIL DE DILATATION 118;ARCELOR (BERTON SICARD);INSTALLUX;8524;Non;6,5;;;;;;;
Profil Alu;;PROFIL DE DILATATION 138;ARCELOR (BERTON SICARD);INSTALLUX;8525;Non;6,5;;;;;;;
Profil Alu;PARCLOSE;PARCLOSE 10;ARCELOR (BERTON SICARD);INSTALLUX;8535;Non;6,5;;;;;;;
Profil Alu;PARCLOSE;PARCLOSE 20;ARCELOR (BERTON SICARD);INSTALLUX;8536;Non;6,5;;;;;;;
Profil Alu;PARCLOSE;PARCLOSE 30;ARCELOR (BERTON SICARD);INSTALLUX;8537;Non;6,5;;;;;;;
Profil Alu;;SERREUR VERRIERE;ARCELOR (BERTON SICARD);INSTALLUX;8541;Non;6,5;;;;;;;
Profil Alu;;PROFIL ADAPTATION;ARCELOR (BERTON SICARD);INSTALLUX;8542;Non;6,5;;;;;;;
Profil Alu;;OUVRANT ITALIENNE DESIGN;ARCELOR (BERTON SICARD);INSTALLUX;8556;Non;6,5;;;;;;;
Profil Alu;;DORMANT ITALIENNE DESIGN;ARCELOR (BERTON SICARD);INSTALLUX;8557;Non;6,5;;;;;;;
Profil Alu;Capot;CAPOT DE 190;ARCELOR (BERTON SICARD);INSTALLUX;8566;Non;6,3;;;;;;;
Profil Alu;;MONTANT DE 208;ARCELOR (BERTON SICARD);INSTALLUX;8569;Non;6,5;;;;;;;
Profil Alu;;TRAVERSE PERCUTANTE 206;ARCELOR (BERTON SICARD);INSTALLUX;8570;Non;6,5;;;;;;;
Profil Alu;;MONTANT MINCE DE 158;ARCELOR (BERTON SICARD);INSTALLUX;8575;Non;6,5;;;;;;;
Profil Alu;;OUVRANT POMPIER;ARCELOR (BERTON SICARD);INSTALLUX;8670;Non;6,5;;;;;;;
Profil Alu;;DORMANT POMPIER;ARCELOR (BERTON SICARD);INSTALLUX;8671;Non;6,5;;;;;;;
Profil Alu;;CADRE FIXE OUVRANT 24;ARCELOR (BERTON SICARD);INSTALLUX;8803;Non;6;;;;;;;
Profil Alu;;TRAVERSE;ARCELOR (BERTON SICARD);INSTALLUX;8810;Non;6;;;;;;;
Profil Alu;;TRAVERSE RENFORCEE;ARCELOR (BERTON SICARD);INSTALLUX;8811;Non;6;;;;;;;
Profil Alu;;MONTANT 116X72.5;ARCELOR (BERTON SICARD);INSTALLUX;8813;Non;6,5;;;;;;;
Profil Alu;;MONTANT 93,5X72,5;ARCELOR (BERTON SICARD);INSTALLUX;8814;Non;6,5;;;;;;;
Profil Alu;;MONTANT 82X72.5;ARCELOR (BERTON SICARD);INSTALLUX;8815;Non;6,5;;;;;;;
Profil Alu;;DEMI TRAVERSE RENFORCEE;ARCELOR (BERTON SICARD);INSTALLUX;8822;Non;6;;;;;;;
Profil Alu;;DEMI MONTANT 54,5X42,7;ARCELOR (BERTON SICARD);INSTALLUX;8823;Non;6,5;;;;;;;
Profil Alu;PARCLOSE;PARCLOSE 27;ARCELOR (BERTON SICARD);INSTALLUX;8830;Non;6;;;;;;;
Profil Alu;PARCLOSE;PARCLOSE RIVETER;ARCELOR (BERTON SICARD);INSTALLUX;8842;Non;6,5;;;;;;;
Profil Alu;;CADRE OUVRANT RPTH;ARCELOR (BERTON SICARD);INSTALLUX;8843TH;Non;6,5;;;;;;;
Profil Alu;;CADRE OUV VEC TH BL;ARCELOR (BERTON SICARD);INSTALLUX;8844;Non;6,5;;;;;;;
Profil Alu;;DEMI MONTANT 116MM;ARCELOR (BERTON SICARD);INSTALLUX;8853;Non;6,5;;;;;;;
Profil Alu;PARCLOSE;PARCLOSE POUR 8857;ARCELOR (BERTON SICARD);INSTALLUX;8859;Non;6;;;;;;;
Profil Alu;PARCLOSE;PARCLOSE VEP VITRAGE=43;ARCELOR (BERTON SICARD);INSTALLUX;8873;Non;6,5;;;;;;;
Profil Alu;;BEQUILLE POUR 8953;ARCELOR (BERTON SICARD);INSTALLUX;8954;Non;1;;;;;;;
Profil Alu;;CHICANE RAPPORTEE;ARCELOR (BERTON SICARD);INSTALLUX;9002;Non;6,5;;;;;;;
Profil Alu;;PROFIL AERATEUR 24MM;ARCELOR (BERTON SICARD);INSTALLUX;9022;Non;6;;;;;;;
Profil Alu;;PRF AERATEUR 24 HT LG3M;ARCELOR (BERTON SICARD);INSTALLUX;9022/3;Non;3;;;;;;;
Profil Alu;;PROFIL AERATEUR 24MM BAS;ARCELOR (BERTON SICARD);INSTALLUX;9023;Non;6;;;;;;;
Profil Alu;;PRF AERATEUR 24 BAS LG3M;ARCELOR (BERTON SICARD);INSTALLUX;9023/3;Non;3;;;;;;;
Profil Alu;Bavette;BAVETTE 40;ARCELOR (BERTON SICARD);INSTALLUX;9130;Non;6,5;;;;;;;
Profil Alu;Bavette;BAVETTE 60;ARCELOR (BERTON SICARD);INSTALLUX;9131;Non;6,5;;;;;;;
Profil Alu;Bavette;BAVETTE 80;ARCELOR (BERTON SICARD);INSTALLUX;9132;Non;6,5;;;;;;;
Profil Alu;Bavette;BAVETTE 150;ARCELOR (BERTON SICARD);INSTALLUX;9133;Non;6,5;;;;;;;
Profil Alu;;COUVRE JOINT 70;ARCELOR (BERTON SICARD);INSTALLUX;9142;Non;6,5;;;;;;;
Profil Alu;;COUVRE JOINT 50;ARCELOR (BERTON SICARD);INSTALLUX;9143;Non;6,5;;;;;;;
Profil Alu;;COUVRE JOINT 35;ARCELOR (BERTON SICARD);INSTALLUX;9145;Non;6,5;;;;;;;
Profil Alu;Bavette;BAVETTE 100;ARCELOR (BERTON SICARD);INSTALLUX;9146;Non;6,5;;;;;;;
Profil Alu;Bavette;BAVETTE 120;ARCELOR (BERTON SICARD);INSTALLUX;9147;Non;6,5;;;;;;;
profil alu;;COUVRE JOINT 20;ARCELOR (BERTON SICARD);INSTALLUX;9148;Non;6,5;;;;;;;
profil alu;;COUVRE JOINT 50;ARCELOR (BERTON SICARD);INSTALLUX;9154;Non;6,5;;;;;;;
profil alu;;COUVRE PIECE APPUI EXT.;ARCELOR (BERTON SICARD);INSTALLUX;9155;Non;6,5;;;;;;;
profil alu;;COUVRE JOINT 35MM TOLE;ARCELOR (BERTON SICARD);INSTALLUX;9156;Non;6,5;;;;;;;
profil alu;;COUVRE JOINT 70MM TOLE;ARCELOR (BERTON SICARD);INSTALLUX;9157;Non;6,5;;;;;;;
Profil Alu;;COUVRE JOINT 35 MOULURE;ARCELOR (BERTON SICARD);INSTALLUX;9162;Non;6,5;;;;;;;
Profil Alu;;COUVRE JOINT 50 MM;ARCELOR (BERTON SICARD);INSTALLUX;9163;Non;6,5;;;;;;;
Profil Alu;;COUVRE JOINT 70;ARCELOR (BERTON SICARD);INSTALLUX;9174;Non;6,5;;;;;;;
Profil Alu;;MONTANT EXT. SIMPLE;ARCELOR (BERTON SICARD);INSTALLUX;9190;Non;6,5;;;;;;;
profil alu;;MONTANT EXT. SIMPLE;ARCELOR (BERTON SICARD);INSTALLUX;9190/4;Non;4,6;;;;;;;
Profil Alu;;MONTANT EXT. RENFORCE;ARCELOR (BERTON SICARD);INSTALLUX;9191;Non;6,5;;;;;;;
Profil Alu;;MONTANT EXT. RENFORCE;ARCELOR (BERTON SICARD);INSTALLUX;9191/4;Non;4,6;;;;;;;
Profil Alu;;MONTANT CROIS. SIMPLE;ARCELOR (BERTON SICARD);INSTALLUX;9192;Non;6,5;;;;;;;
Profil Alu;;MONTANT CROIS. SIMPLE;ARCELOR (BERTON SICARD);INSTALLUX;9192/4;Non;4,6;;;;;;;
Profil Alu;;MONTANT CROIS. RENFORCE;ARCELOR (BERTON SICARD);INSTALLUX;9194;Non;6,5;;;;;;;
Profil Alu;;MONTANT CROIS. RENFORCE;ARCELOR (BERTON SICARD);INSTALLUX;9194/4;Non;4,6;;;;;;;
Profil Alu;;TRAVERSE HAUTE ET BASSE;ARCELOR (BERTON SICARD);INSTALLUX;9195;Non;6,5;;;;;;;
Profil Alu;;TRAVERSE INTERMEDIAIRE;ARCELOR (BERTON SICARD);INSTALLUX;9196;Non;6,5;;;;;;;
Profil Alu;;MONTANT EXT. SIMPLE;ARCELOR (BERTON SICARD);INSTALLUX;9290/4TH;Non;4,6;;;;;;;
Profil Alu;;MONTANT EXT. SIMPLE;ARCELOR (BERTON SICARD);INSTALLUX;9290TH;Non;6,5;;;;;;;
Profil Alu;;MONTANT LAT. RENFORCE;ARCELOR (BERTON SICARD);INSTALLUX;9291/4TH;Non;4,6;;;;;;;
Profil Alu;;MONTANT LAT. RENFORCE;ARCELOR (BERTON SICARD);INSTALLUX;9291TH;Non;6,5;;;;;;;
Profil Alu;;MONTANT CROIS. SIMPLE;ARCELOR (BERTON SICARD);INSTALLUX;9292/4TH;Non;4,6;;;;;;;
Profil Alu;;MONTANT CROIS. SIMPLE;ARCELOR (BERTON SICARD);INSTALLUX;9292TH;Non;6,5;;;;;;;
Profil Alu;;MONTANT CROIS. RENFORCE;ARCELOR (BERTON SICARD);INSTALLUX;9294/4TH;Non;4,6;;;;;;;
Profil Alu;;MONTANT CROIS. RENFORCE;ARCELOR (BERTON SICARD);INSTALLUX;9294TH;Non;6,5;;;;;;;
Profil Alu;;TRAVERSE INTERMEDIAIRE;ARCELOR (BERTON SICARD);INSTALLUX;9296TH;Non;6,5;;;;;;;
Profil Alu;;DORM. PERIPH.2 RAILS O;ARCELOR (BERTON SICARD);INSTALLUX;9303;Non;6,5;;;;;;;
Profil Alu;;DORM. PERIPH.2 RAILS O;ARCELOR (BERTON SICARD);INSTALLUX;9304;Non;6,5;;;;;;;
Profil Alu;;DORM. PERI.2 RAILS O CJ;ARCELOR (BERTON SICARD);INSTALLUX;9305;Non;6,5;;;;;;;
Profil Alu;;DORM. PERIPH.2 RAILS O;ARCELOR (BERTON SICARD);INSTALLUX;9309;Non;6,5;;;;;;;
Profil Alu;;DORM. PERIPH.3 RAILS O;ARCELOR (BERTON SICARD);INSTALLUX;9317;Non;6,5;;;;;;;
Profil Alu;;DORM. PERIPH.3 RAILS O;ARCELOR (BERTON SICARD);INSTALLUX;9319;Non;6,5;;;;;;;
Profil Alu;;DORM. RAPPORTE 2 RAILS O;ARCELOR (BERTON SICARD);INSTALLUX;9323;Non;6,5;;;;;;;
Profil Alu;;DORMANT GALANDAGE;ARCELOR (BERTON SICARD);INSTALLUX;9333;Non;6,5;;;;;;;
Profil Alu;Capot;CAPOT INT GALANDAGE;ARCELOR (BERTON SICARD);INSTALLUX;9334;Non;6,5;;;;;;;
Profil Alu;Capot;CAPOT INT COUPE GAL;ARCELOR (BERTON SICARD);INSTALLUX;9335;Non;6,5;;;;;;;
profil alu;;SUP. CHICANE RAPPORTE;ARCELOR (BERTON SICARD);INSTALLUX;9336;Non;6,5;;;;;;;
Profil Alu;Capot;CAPOT CHICANE RAPPORTEE;ARCELOR (BERTON SICARD);INSTALLUX;9337;Non;6,5;;;;;;;
Profil Alu;;CHICANE RAPPORTEE;ARCELOR (BERTON SICARD);INSTALLUX;9338;Non;6,5;;;;;;;
Profil Alu;;CLOSOIR INT GAL 2 RAILS;ARCELOR (BERTON SICARD);INSTALLUX;9339;Non;6,5;;;;;;;
Profil Alu;Capot;SUPPORT CAPOT POUR GAL;ARCELOR (BERTON SICARD);INSTALLUX;9343;Non;6,5;;;;;;;
Profil Alu;Capot;CAPOT EXT POUR COULISSE;ARCELOR (BERTON SICARD);INSTALLUX;9348;Non;6,5;;;;;;;
Profil Alu;Capot;*CAPOT EXTERIEUR 40°;ARCELOR (BERTON SICARD);INSTALLUX;9354;Non;6,5;;;;;;;
Profil Alu;;DORM.MONORAIL GORGE CLIP;ARCELOR (BERTON SICARD);INSTALLUX;9356TH;Non;6,5;;;;;;;
Profil Alu;;DORMANT MONORAIL DROIT;ARCELOR (BERTON SICARD);INSTALLUX;9357TH;Non;6,5;;;;;;;
Profil Alu;;DORM. PERIPH.2 RAILS O;ARCELOR (BERTON SICARD);INSTALLUX;9359TH;Non;6,5;;;;;;;
Profil Alu;;DORM. PERIPH.2 RAILS O;ARCELOR (BERTON SICARD);INSTALLUX;9363TH;Non;6,5;;;;;;;
Profil Alu;;DORM. PERIPH.2 RAILS O;ARCELOR (BERTON SICARD);INSTALLUX;9364TH;Non;6,5;;;;;;;
Profil Alu;;DORM. PERIP.2RAILS OCJ;ARCELOR (BERTON SICARD);INSTALLUX;9365TH;Non;6,5;;;;;;;
Profil Alu;;DORMANT MOUSTIQUAIRE;ARCELOR (BERTON SICARD);INSTALLUX;9366TH;Non;6,5;;;;;;;
Profil Alu;;DORM. RAPP. 2 RAILS O.;ARCELOR (BERTON SICARD);INSTALLUX;9367TH;Non;6,5;;;;;;;
Profil Alu;;DORM. PERIPH. 2 R MIXTE;ARCELOR (BERTON SICARD);INSTALLUX;9368TH;Non;6,5;;;;;;;
Profil Alu;;DORM. PERIPH.3 RAILS O;ARCELOR (BERTON SICARD);INSTALLUX;9371TH;Non;6,5;;;;;;;
Profil Alu;;DORM. PERIPH.3 RAILS O;ARCELOR (BERTON SICARD);INSTALLUX;9373TH;Non;6,5;;;;;;;
Profil Alu;;DORM. PERIPH.3 R MIXTE;ARCELOR (BERTON SICARD);INSTALLUX;9374TH;Non;6,5;;;;;;;
Profil Alu;;DORMANT GAL 1 RAIL;ARCELOR (BERTON SICARD);INSTALLUX;9375TH;Non;6,5;;;;;;;
Profil Alu;;DORMANT GAL 2 RAILS;ARCELOR (BERTON SICARD);INSTALLUX;9376TH;Non;6,5;;;;;;;
Profil Alu;;DORMANT GAL 2 RAILS 80MM;ARCELOR (BERTON SICARD);INSTALLUX;9377TH;Non;6,5;;;;;;;
Profil Alu;;CLOSOIR DORM. MONORAIL;ARCELOR (BERTON SICARD);INSTALLUX;9390;Non;6,5;;;;;;;
Profil Alu;;CLOSOIR INT. HORIZONTAL;ARCELOR (BERTON SICARD);INSTALLUX;9391;Non;6,5;;;;;;;
Profil Alu;;CLOSOIR INT. VERTICAL;ARCELOR (BERTON SICARD);INSTALLUX;9392;Non;6,5;;;;;;;
Profil Alu;;REJET D’EAU-MONORAIL;ARCELOR (BERTON SICARD);INSTALLUX;9393;Non;6,5;;;;;;;
Profil Alu;;RAIL HAUT RAPPORTE;ARCELOR (BERTON SICARD);INSTALLUX;9394;Non;6,5;;;;;;;
Profil Alu;;SUPPORT ETROIT EXT GAL;ARCELOR (BERTON SICARD);INSTALLUX;9396;Non;6,5;;;;;;;
Profil Alu;;PROFIL DE FINITION INT;ARCELOR (BERTON SICARD);INSTALLUX;9397;Non;6,5;;;;;;;
Profil Alu;;BUTEE ARRET MULTI VTX;ARCELOR (BERTON SICARD);INSTALLUX;9617;Non;1;;;;;;;
Profil Alu;EMBOUT;EMBOUT MENEAU RENF / VIS;ARCELOR (BERTON SICARD);INSTALLUX;9714;Non;2;;;;;;;
Profil Alu;;POIGNEE MANOEUVRE;ARCELOR (BERTON SICARD);INSTALLUX;9804;Non;1;;;;;;;
Profil Alu;;FERRURE A CLE A POIGN;ARCELOR (BERTON SICARD);INSTALLUX;9847;Non;1;;;;;;;
Profil Alu;;FERM. CUV. MULTIPTS;ARCELOR (BERTON SICARD);INSTALLUX;9848;Non;1;;;;;;;
Profil Alu;;FERM.CUV.POIGN MULTIP;ARCELOR (BERTON SICARD);INSTALLUX;9849;Non;1;;;;;;;
Profil Alu;;POIGN MANOEUVRE ENCAS;ARCELOR (BERTON SICARD);INSTALLUX;9864;Non;1;;;;;;;
Profil Alu;;POIGN MANOEUVRE APPLI;ARCELOR (BERTON SICARD);INSTALLUX;9865;Non;1;;;;;;;
Profil Alu;;*GACHE/9880 DOR SS RECUP;ARCELOR (BERTON SICARD);INSTALLUX;9894;Non;1;;;;;;;
Profil Alu;;*GACHE 9880 DORM.PERIPH;ARCELOR (BERTON SICARD);INSTALLUX;9895;Non;1;;;;;;;
Profil Alu;;FACADE MONTANT RENF;ARCELOR (BERTON SICARD);INSTALLUX;9918;Non;1;;;;;;;
Profil Alu;;FERMETURE SIMPLE;ARCELOR (BERTON SICARD);INSTALLUX;9921;Non;1;;;;;;;
Profil Alu;;FERMETURE EN SAILLIE;ARCELOR (BERTON SICARD);INSTALLUX;9923;Non;1;;;;;;;
Profil Alu;;KIT CUVETTE SIMPLE 45°;ARCELOR (BERTON SICARD);INSTALLUX;9934;Non;1;;;;;;;
Profil Alu;;*KIT CUVETTE SIMPLE45°;ARCELOR (BERTON SICARD);INSTALLUX;9934A;Non;1;;;;;;;
Profil Alu;;KIT CUVETTE DOUBLE 45°;ARCELOR (BERTON SICARD);INSTALLUX;9935;Non;1;;;;;;;
Profil Alu;;*KIT CUVETTE DOUBLE45°;ARCELOR (BERTON SICARD);INSTALLUX;9935A;Non;1;;;;;;;
Profil Alu;;KIT CUVETTE DB CLE 45°;ARCELOR (BERTON SICARD);INSTALLUX;9936;Non;1;;;;;;;
Profil Alu;;*KIT CUVETTE DB CLE45°;ARCELOR (BERTON SICARD);INSTALLUX;9936A;Non;1;;;;;;;
Profil Alu;;KIT CUV SIMPLE AUTO45;ARCELOR (BERTON SICARD);INSTALLUX;9937;Non;1;;;;;;;
Profil Alu;;*KIT CUV SIMPLE AUTO45;ARCELOR (BERTON SICARD);INSTALLUX;9937A;Non;1;;;;;;;
Profil Alu;;COQUILLE MANOEUVRE SPLE;ARCELOR (BERTON SICARD);INSTALLUX;9948;Non;1;;;;;;;
Profil Alu;;CALIPSO INT.MANOEUVRT;ARCELOR (BERTON SICARD);INSTALLUX;9960;Non;1;;;;;;;
Profil Alu;;CALIPSO EXT.MANOEUVRT;ARCELOR (BERTON SICARD);INSTALLUX;9961;Non;1;;;;;;;
Profil Alu;;BARREAU 60X20;ARCELOR (BERTON SICARD);INSTALLUX;121001;Non;6,5;;;;;;;
Profil Alu;;LAME 340X20;ARCELOR (BERTON SICARD);INSTALLUX;121007;Non;4,5;;;;;;;
Profil Alu;;BARREAU 200X20;ARCELOR (BERTON SICARD);INSTALLUX;121008;Non;6,5;;;;;;;
Profil Alu;;LAME 20X20MM CARRE;ARCELOR (BERTON SICARD);INSTALLUX;121009;Non;6,5;;;;;;;
Profil Alu;;LAME 20X20MM;ARCELOR (BERTON SICARD);INSTALLUX;121013;Non;6,5;;;;;;;
Profil Alu;;LAME 100X20MM;ARCELOR (BERTON SICARD);INSTALLUX;121014;Non;6,5;;;;;;;
Profil Alu;;LAME 100MM AVEC ALVEO;ARCELOR (BERTON SICARD);INSTALLUX;121018;Non;6,5;;;;;;;
Profil Alu;;TRAVERSE INTERMEDIAIRE;ARCELOR (BERTON SICARD);INSTALLUX;121021;Non;6,5;;;;;;;
Profil Alu;;TRAVERSE BASSE;ARCELOR (BERTON SICARD);INSTALLUX;121022;Non;6,5;;;;;;;
Profil Alu;;TRAVERSE BASSE;ARCELOR (BERTON SICARD);INSTALLUX;121022/3;Non;3,2;;;;;;;
Profil Alu;;LAME 170X20MM;ARCELOR (BERTON SICARD);INSTALLUX;121027;Non;3,5;;;;;;;
Profil Alu;;DORMANT CAGE A TOLE;ARCELOR (BERTON SICARD);INSTALLUX;410000;Non;6,5;;;;;;;
Profil Alu;;DORMANT A FOND PLAT;ARCELOR (BERTON SICARD);INSTALLUX;410001;Non;6,5;;;;;;;
Profil Alu;;DORMANT A RECOUVREMENT;ARCELOR (BERTON SICARD);INSTALLUX;410002;Non;6,5;;;;;;;
Profil Alu;;DORMANT CAGE A TOLE PF;ARCELOR (BERTON SICARD);INSTALLUX;410003;Non;6,5;;;;;;;
Profil Alu;;DORMANT A RECOUVREMENT;ARCELOR (BERTON SICARD);INSTALLUX;410004;Non;6,5;;;;;;;
Profil Alu;;DORMANT FOND PLAT GC;ARCELOR (BERTON SICARD);INSTALLUX;410005;Non;6,5;;;;;;;
Profil Alu;;DORMANT A L’ITALIENNE;ARCELOR (BERTON SICARD);INSTALLUX;410006;Non;6,5;;;;;;;
Profil Alu;;INVERSEUR DE FEUILLURE;ARCELOR (BERTON SICARD);INSTALLUX;410007;Non;6,5;;;;;;;
Profil Alu;;DORMANT DE RENOVATION;ARCELOR (BERTON SICARD);INSTALLUX;410009;Non;6,5;;;;;;;
Profil Alu;;PROFIL OUV ITALIENNE;ARCELOR (BERTON SICARD);INSTALLUX;410010;Non;6,5;;;;;;;
Profil Alu;;INVERS. FEUILLURE ITAL;ARCELOR (BERTON SICARD);INSTALLUX;410011;Non;6,5;;;;;;;
Profil Alu;;DORMANT RECOUVR.TAP 100;ARCELOR (BERTON SICARD);INSTALLUX;410015;Non;6,5;;;;;;;
profil alu;;PROFIL RECOUVR.TAP 120;ARCELOR (BERTON SICARD);INSTALLUX;410016;Non;6,5;;;;;;;
Profil Alu;;TRAVERSE OUVRANT;ARCELOR (BERTON SICARD);INSTALLUX;410030;Non;6,5;;;;;;;
Profil Alu;;MENEAU 71.5 MM;ARCELOR (BERTON SICARD);INSTALLUX;410031;Non;6,5;;;;;;;
Profil Alu;;MENEAU 71.5 MM.;ARCELOR (BERTON SICARD);INSTALLUX;410031/1;Non;1;;;;;;;
Profil Alu;;MENEAU RENFORCE 71.5 MM;ARCELOR (BERTON SICARD);INSTALLUX;410032;Non;6,5;;;;;;;
Profil Alu;;MENEAU 117 MM;ARCELOR (BERTON SICARD);INSTALLUX;410033;Non;6,5;;;;;;;
Profil Alu;;MENEAU RENFORCE 117 MM;ARCELOR (BERTON SICARD);INSTALLUX;410034;Non;6,5;;;;;;;
Profil Alu;;MENEAU 168 MM;ARCELOR (BERTON SICARD);INSTALLUX;410036;Non;6,5;;;;;;;
Profil Alu;;MENEAU RENFORCE 117 MM;ARCELOR (BERTON SICARD);INSTALLUX;410037;Non;6,5;;;;;;;
Profil Alu;;OUVRANT FRANCAISE CHAN.;ARCELOR (BERTON SICARD);INSTALLUX;410040;Non;6,5;;;;;;;
Profil Alu;;OUVRANT FRANCAISE CHAN.;ARCELOR (BERTON SICARD);INSTALLUX;410041;Non;6,5;;;;;;;
Profil Alu;;OUVRANT FRANCAISE DROIT;ARCELOR (BERTON SICARD);INSTALLUX;410042;Non;6,5;;;;;;;
Profil Alu;;OUVRANT FRANCAISE DROIT;ARCELOR (BERTON SICARD);INSTALLUX;410043;Non;6,5;;;;;;;
Profil Alu;;OUVRANT PF A LA FRAN.;ARCELOR (BERTON SICARD);INSTALLUX;410044;Non;6,5;;;;;;;
Profil Alu;;OUVR. PF FRANCAISE;ARCELOR (BERTON SICARD);INSTALLUX;410044N;Non;6,5;;;;;;;
Profil Alu;;OUVRANT PF;ARCELOR (BERTON SICARD);INSTALLUX;410046;Non;6,5;;;;;;;
Profil Alu;;DORMANT PLAT INT;ARCELOR (BERTON SICARD);INSTALLUX;410049;Non;6,5;;;;;;;
Profil Alu;;DORMANT 124MM;ARCELOR (BERTON SICARD);INSTALLUX;410050;Non;6,5;;;;;;;
Profil Alu;;MONTANT FIXE MONORAIL;ARCELOR (BERTON SICARD);INSTALLUX;410051;Non;6,5;;;;;;;
Profil Alu;;DORMANT ITE DRAIN.DIRECT;ARCELOR (BERTON SICARD);INSTALLUX;410054;Non;6,5;;;;;;;
Profil Alu;;PROFIL DE LIAISO180°;ARCELOR (BERTON SICARD);INSTALLUX;410060;Non;6,5;;;;;;;
Profil Alu;;PROFIL DE LIAISO135°;ARCELOR (BERTON SICARD);INSTALLUX;410061;Non;6,5;;;;;;;
Profil Alu;;PROFIL DE LIAISO90°;ARCELOR (BERTON SICARD);INSTALLUX;410062;Non;6,5;;;;;;;
Profil Alu;;PROFIL DE LIAISON VAR.;ARCELOR (BERTON SICARD);INSTALLUX;410063;Non;6,5;;;;;;;
Profil Alu;;DORMANT ITE;ARCELOR (BERTON SICARD);INSTALLUX;410065;Non;6,5;;;;;;;
Profil Alu;;DORMANT DRAINAGE DIRECT;ARCELOR (BERTON SICARD);INSTALLUX;410066;Non;6,5;;;;;;;
profil Alu;;PROFIL DE LIAISON;ARCELOR (BERTON SICARD);INSTALLUX;410067;Non;6,5;;;;;;;
Profil Alu;;OUVRANT CAGE DE 16;ARCELOR (BERTON SICARD);INSTALLUX;410068;Non;6,5;;;;;;;
profil Alu;;PROFIL DE DILATATION;ARCELOR (BERTON SICARD);INSTALLUX;410070;Non;6,5;;;;;;;
profil Alu;;DORMANT HT 57MM;ARCELOR (BERTON SICARD);INSTALLUX;410072;Non;6,5;;;;;;;
profil Alu;;JONCTION 3 RAILS;ARCELOR (BERTON SICARD);INSTALLUX;410073;Non;6,5;;;;;;;
profil Alu;;MENEAU 84 MM;ARCELOR (BERTON SICARD);INSTALLUX;410074;Non;6,5;;;;;;;
Profil Alu;;DORMANT D’INTEGRATION;ARCELOR (BERTON SICARD);INSTALLUX;410076;Non;6,5;;;;;;;
Profil Alu;;OUVRANT FRANC.AFFLEURANT;ARCELOR (BERTON SICARD);INSTALLUX;410080;Non;6,5;;;;;;;
Profil Alu;;OUVRANT FRANC.AFFLEUR.SF;ARCELOR (BERTON SICARD);INSTALLUX;410081;Non;6,5;;;;;;;
profil Alu;;DORMANT CAGE A TOLE OC;ARCELOR (BERTON SICARD);INSTALLUX;413000;Non;6,5;;;;;;;
Profil Alu;;DORMANT PLAT OC;ARCELOR (BERTON SICARD);INSTALLUX;413001;Non;6,5;;;;;;;
Profil Alu;;DORMANT A RECOUVREMENT;ARCELOR (BERTON SICARD);INSTALLUX;413002;Non;6,5;;;;;;;
Profil Alu;;DORMANT HAUT CC OC;ARCELOR (BERTON SICARD);INSTALLUX;413003;Non;6,5;;;;;;;
Profil Alu;;DORMANT OC70 CAGE A TOLE;ARCELOR (BERTON SICARD);INSTALLUX;413004;Non;6,5;;;;;;;
Profil Alu;;DORMANT RENO OC;ARCELOR (BERTON SICARD);INSTALLUX;413009;Non;6,5;;;;;;;
Profil Alu;;DORMANT TAPEE INT 120;ARCELOR (BERTON SICARD);INSTALLUX;413016;Non;6,5;;;;;;;
Profil Alu;(*)REHAUSSE;(*)REHAUSSE 200;ARCELOR (BERTON SICARD);INSTALLUX;7623;Non;6,5;;;;;;;
Profil Alu;;TRAVERSE OUVRANT;ARCELOR (BERTON SICARD);INSTALLUX;413030;Non;6,5;;;;;;;
Profil Alu;;TRAVERSE DT OC 70 109MM;ARCELOR (BERTON SICARD);INSTALLUX;413031;Non;6,5;;;;;;;
profil alu;;MENEAU RENFORCE 109.5 MM;ARCELOR (BERTON SICARD);INSTALLUX;413032;Non;6,5;;;;;;;
Profil Alu;;MENEAU 155 MM;ARCELOR (BERTON SICARD);INSTALLUX;413033;Non;6,5;;;;;;;
Profil Alu;;TRAVERSE OUVRANT 72MM;ARCELOR (BERTON SICARD);INSTALLUX;413035;Non;6,5;;;;;;;
profil alu;;MENEAU 206 MM;ARCELOR (BERTON SICARD);INSTALLUX;413036;Non;6,5;;;;;;;
Profil Alu;;MENEAU ASYMETRIQUE 90.5;ARCELOR (BERTON SICARD);INSTALLUX;413037;Non;6,5;;;;;;;
Profil Alu;;MENEAU ASYMETRIQUE 80;ARCELOR (BERTON SICARD);INSTALLUX;413038;Non;6,5;;;;;;;
Profil Alu;;TRAVERSE DT OC 70 109MM;ARCELOR (BERTON SICARD);INSTALLUX;413039;Non;6,5;;;;;;;
Profil Alu;;DORMANT CD BAS 120 OC;ARCELOR (BERTON SICARD);INSTALLUX;413051;Non;6,5;;;;;;;
Profil Alu;;DORMANT CD TRAV. HT 120;ARCELOR (BERTON SICARD);INSTALLUX;413053;Non;6,5;;;;;;;
Profil Alu;;DORMANT CD MONT.120 OC;ARCELOR (BERTON SICARD);INSTALLUX;413057;Non;6,5;;;;;;;
Profil Alu;;DORMANT RENOVATION SPE;ARCELOR (BERTON SICARD);INSTALLUX;413058;Non;6,5;;;;;;;
Profil Alu;;DORMANT CD BAS 160 OC;ARCELOR (BERTON SICARD);INSTALLUX;413059;Non;6,5;;;;;;;
Profil Alu;;DORMANT CD HT 160MM OC;ARCELOR (BERTON SICARD);INSTALLUX;413060;Non;6,5;;;;;;;
Profil Alu;;DORMANT CD LAT. 160 MM;ARCELOR (BERTON SICARD);INSTALLUX;413061;Non;6,5;;;;;;;
Profil Alu;;DORMANT ITE OC OC;ARCELOR (BERTON SICARD);INSTALLUX;413065;Non;6,5;;;;;;;
Profil Alu;;DORMANT DRAIN.DIR.OC;ARCELOR (BERTON SICARD);INSTALLUX;413066;Non;6,5;;;;;;;
Profil Alu;;MONTANT SERRURE;ARCELOR (BERTON SICARD);INSTALLUX;413070;Non;6,5;;;;;;;
Profil Alu;;DORMANT CD MT 100MM;ARCELOR (BERTON SICARD);INSTALLUX;413071;Non;6,5;;;;;;;
Profil Alu;;DORMANT CD HT 100MM;ARCELOR (BERTON SICARD);INSTALLUX;413072;Non;6,5;;;;;;;
Profil Alu;;DORMANT CD BAS 100MM;ARCELOR (BERTON SICARD);INSTALLUX;413073;Non;6,5;;;;;;;
Profil Alu;;DORMANT CD LAT 180MM;ARCELOR (BERTON SICARD);INSTALLUX;413074;Non;6,5;;;;;;;
Profil Alu;;DORMANT CD HT 180MM;ARCELOR (BERTON SICARD);INSTALLUX;413075;Non;6,5;;;;;;;
Profil Alu;;DORMANT CD BAS 180MM;ARCELOR (BERTON SICARD);INSTALLUX;413076;Non;6,5;;;;;;;
profil alu;;DORMANT DE HT: 200MM;ARCELOR (BERTON SICARD);INSTALLUX;413078;Non;6,5;;;;;;;
profil alu;;DORMANT A RECOUVREMENT;ARCELOR (BERTON SICARD);INSTALLUX;413079;Non;6,5;;;;;;;
profil alu;;MONTANT SEMI-FIXE;ARCELOR (BERTON SICARD);INSTALLUX;413080;Non;6,5;;;;;;;
profil alu;;DORMANT 83 CAGE A TOLE;ARCELOR (BERTON SICARD);INSTALLUX;413083;Non;6,5;;;;;;;
Profil Alu;;DORMANT D’INTEGRATION;ARCELOR (BERTON SICARD);INSTALLUX;413085;Non;6,5;;;;;;;
Profil Alu;;DORM.FON.PLAT DRAI.CACHE;ARCELOR (BERTON SICARD);INSTALLUX;413090;Non;6,5;;;;;;;
profil alu;;DORM.FON.PLAT DRAI.DIREC;ARCELOR (BERTON SICARD);INSTALLUX;413091;Non;6,5;;;;;;;
Profil Alu;;BATTUE RAPPORTEE;ARCELOR (BERTON SICARD);INSTALLUX;420000;Non;6,5;;;;;;;
profil alu;;*BATTUE RAPPORTEE.C16;ARCELOR (BERTON SICARD);INSTALLUX;420001;Non;6,5;;;;;;;
Profil Alu;;LIAISON CAGE A TOLE;ARCELOR (BERTON SICARD);INSTALLUX;420002;Non;6,5;;;;;;;
Profil Alu;;COUVRE JOINT PLAT 70 MM;ARCELOR (BERTON SICARD);INSTALLUX;420004;Non;6,5;;;;;;;
Profil Alu;;COUVRE JOINT 24MM;ARCELOR (BERTON SICARD);INSTALLUX;420005;Non;6,5;;;;;;;
Profil Alu;;COUVRE JOINT 35MM;ARCELOR (BERTON SICARD);INSTALLUX;420006;Non;6,5;;;;;;;
Profil Alu;;TAPEE 120MM;ARCELOR (BERTON SICARD);INSTALLUX;420011;Non;6,5;;;;;;;
Profil Alu;;TAPEE 140MM;ARCELOR (BERTON SICARD);INSTALLUX;420012;Non;6,5;;;;;;;
Profil Alu;;TAPEE 160MM;ARCELOR (BERTON SICARD);INSTALLUX;420013;Non;6,5;;;;;;;
Profil Alu;;TAPEE RAPPORTEE DE 200MM;ARCELOR (BERTON SICARD);INSTALLUX;420014;Non;6,5;;;;;;;
Profil Alu;;COUVRE JOINT RENO ARRON.;ARCELOR (BERTON SICARD);INSTALLUX;420018;Non;6,5;;;;;;;
Profil Alu;;COUVRE JOINT RENO CHANF.;ARCELOR (BERTON SICARD);INSTALLUX;420019;Non;6,5;;;;;;;
Profil Alu;;COUVRE JOINT RENO DROIT.;ARCELOR (BERTON SICARD);INSTALLUX;420021;Non;6,5;;;;;;;
Profil Alu;Bavette;BAVETTE 100MM;ARCELOR (BERTON SICARD);INSTALLUX;420023;Non;6,5;;;;;;;
Profil Alu;Bavette;BAVETTE 120MM;ARCELOR (BERTON SICARD);INSTALLUX;420024;Non;6,5;;;;;;;
Profil Alu;Bavette;BAVETTE 140MM;ARCELOR (BERTON SICARD);INSTALLUX;420025;Non;6,5;;;;;;;
Profil Alu;Bavette;BAVETTE 160MM;ARCELOR (BERTON SICARD);INSTALLUX;420026;Non;6,5;;;;;;;
Profil Alu;;COUVRE JOINT 50MM;ARCELOR (BERTON SICARD);INSTALLUX;420028;Non;6,5;;;;;;;
Profil Alu;PARCLOSE;PARCLOSE DROITE /24 A 26;ARCELOR (BERTON SICARD);INSTALLUX;420030;Non;6,5;;;;;;;
Profil Alu;PARCLOSE;PARCLOSE DROITE /27 A 29;ARCELOR (BERTON SICARD);INSTALLUX;420031;Non;6,5;;;;;;;
Profil Alu;PARCLOSE;PARCLOSE DROITE /30 A 32;ARCELOR (BERTON SICARD);INSTALLUX;420032;Non;6,5;;;;;;;
Profil Alu;PARCLOSE;PARCLOSE ARR /24 A 26;ARCELOR (BERTON SICARD);INSTALLUX;420033;Non;6,5;;;;;;;
Profil Alu;PARCLOSE;PARCLOSE ARRO /27 A 29;ARCELOR (BERTON SICARD);INSTALLUX;420034;Non;6,5;;;;;;;
Profil Alu;PARCLOSE;PARCLOSE ARRO /30 A 32;ARCELOR (BERTON SICARD);INSTALLUX;420035;Non;6,5;;;;;;;
Profil Alu;PARCLOSE;PARCLOSE CAR /24 A 26;ARCELOR (BERTON SICARD);INSTALLUX;420036;Non;6,5;;;;;;;
Profil Alu;PARCLOSE;PARCLOSE CAR /27 A 29;ARCELOR (BERTON SICARD);INSTALLUX;420037;Non;6,5;;;;;;;
Profil Alu;PARCLOSE;PARCLOSE CAR /30 A 32;ARCELOR (BERTON SICARD);INSTALLUX;420038;Non;6,5;;;;;;;
Profil Alu;PARCLOSE;PARCLOSE CARREE /42 A 44;ARCELOR (BERTON SICARD);INSTALLUX;420039;Non;6,5;;;;;;;
Profil Alu;PARCLOSE;PARCLOSE CHAN /24 A 26;ARCELOR (BERTON SICARD);INSTALLUX;420040;Non;6,5;;;;;;;
Profil Alu;PARCLOSE;PARCLOSE CHAN /27 A 29;ARCELOR (BERTON SICARD);INSTALLUX;420041;Non;6,5;;;;;;;
Profil Alu;PARCLOSE;PARCLOSE CHAN /30 A 32;ARCELOR (BERTON SICARD);INSTALLUX;420042;Non;6,5;;;;;;;
Profil Alu;Bavette;BAVETTE DE 200MM;ARCELOR (BERTON SICARD);INSTALLUX;420049;Non;6,5;;;;;;;
Profil Alu;;REJET D’EAU;ARCELOR (BERTON SICARD);INSTALLUX;420050;Non;6,5;;;;;;;
Profil Alu;Bavette;BAVETTE TUBUL. 100 RJD;ARCELOR (BERTON SICARD);INSTALLUX;420051;Non;6,5;;;;;;;
Profil Alu;Bavette;BAVETTE TUBUL. 100 RJA;ARCELOR (BERTON SICARD);INSTALLUX;420052;Non;6,5;;;;;;;
Profil Alu;;COUVRE JOINT RENO 80MM;ARCELOR (BERTON SICARD);INSTALLUX;420053;Non;6,5;;;;;;;
Profil Alu;;CACHE FEUILLURE;ARCELOR (BERTON SICARD);INSTALLUX;420054;Non;6,5;;;;;;;
Profil Alu;Bavette;BAVETTE 40MM;ARCELOR (BERTON SICARD);INSTALLUX;420055;Non;6,5;;;;;;;
Profil Alu;Bavette;BAVETTE TUBULAIRE A R.GE;ARCELOR (BERTON SICARD);INSTALLUX;420056;Non;6,5;;;;;;;
Profil Alu;Bavette;BAVETTE CLIP. DIRECT 15;ARCELOR (BERTON SICARD);INSTALLUX;420057;Non;6,5;;;;;;;
Profil Alu;Bavette;BAVETTE CLIP. DIRECT 141;ARCELOR (BERTON SICARD);INSTALLUX;420058;Non;6,5;;;;;;;
Profil Alu;;TAPEE RAPPORTEE 180MM;ARCELOR (BERTON SICARD);INSTALLUX;420059;Non;6,5;;;;;;;
Profil Alu;;TRAVERSE PETIT BOIS;ARCELOR (BERTON SICARD);INSTALLUX;420062;Non;6,5;;;;;;;
Profil Alu;PARCLOSE;PARCLOSE DRT 8 A 11MM;ARCELOR (BERTON SICARD);INSTALLUX;420063;Non;6,5;;;;;;;
Profil Alu;PARCLOSE;PARCLOSE CLIP. D 52 A 55;ARCELOR (BERTON SICARD);INSTALLUX;420064;Non;6,5;;;;;;;
Profil Alu;Bavette;BAVETTE DE 180MM;ARCELOR (BERTON SICARD);INSTALLUX;420067;Non;6,5;;;;;;;
Profil Alu;PARCLOSE;PARCLOSE DT VIT 45 A 48;ARCELOR (BERTON SICARD);INSTALLUX;420068;Non;6,5;;;;;;;
Profil Alu;;REJET D’EAU;ARCELOR (BERTON SICARD);INSTALLUX;420070;Non;6,5;;;;;;;
Profil Alu;;ETANCHEITE SOUS TRAVERSE;ARCELOR (BERTON SICARD);INSTALLUX;420072;Non;6,5;;;;;;;
Profil Alu;PARCLOSE;PARCLOSE DROITE 36/38MM;ARCELOR (BERTON SICARD);INSTALLUX;420160;Non;6,5;;;;;;;
Profil Alu;;TAPEE DE RENOVATION;ARCELOR (BERTON SICARD);INSTALLUX;420162;Non;6,5;;;;;;;
Profil Alu;Bavette;BAVETTE DE RENOVATION;ARCELOR (BERTON SICARD);INSTALLUX;420163;Non;6,5;;;;;;;
Profil Alu;PARCLOSE;PARCLOSE DT 36 A 39MM;ARCELOR (BERTON SICARD);INSTALLUX;420164;Non;6,5;;;;;;;
Profil Alu;PARCLOSE;PARCLOSE DTE 32 A 35MM;ARCELOR (BERTON SICARD);INSTALLUX;420166;Non;6,5;;;;;;;
Profil Alu;PARCLOSE;PARCLOSE DTE 45 A 48MM;ARCELOR (BERTON SICARD);INSTALLUX;420167;Non;6,5;;;;;;;
Profil Alu;Capot;CAPOT MONTANT SEMI-FIXE;ARCELOR (BERTON SICARD);INSTALLUX;423003;Non;6,5;;;;;;;
Profil Alu;;RALLONGE DE BATTUE;ARCELOR (BERTON SICARD);INSTALLUX;423004;Non;6,5;;;;;;;
Profil Alu;Capot;CAPOT MONTANT SEMI-FIXE;ARCELOR (BERTON SICARD);INSTALLUX;423005;Non;6,5;;;;;;;
Profil Alu;Capot;CAPOT TRAVERSE D’OUV.;ARCELOR (BERTON SICARD);INSTALLUX;423006;Non;6,5;;;;;;;
Profil Alu;Capot;CAPOT TRAVERSE OUVRANT;ARCELOR (BERTON SICARD);INSTALLUX;423009;Non;6,5;;;;;;;
Profil Alu;PARCLOSE;PARCLOSE DT 27 A 29MM;ARCELOR (BERTON SICARD);INSTALLUX;423031;Non;6,5;;;;;;;
Profil Alu;PARCLOSE;PARCLOSE DT 30 A 32MM;ARCELOR (BERTON SICARD);INSTALLUX;423032;Non;6,5;;;;;;;
Profil Alu;PARCLOSE;PARCLOSE DT EP33 A 35;ARCELOR (BERTON SICARD);INSTALLUX;423033;Non;6,5;;;;;;;
Profil Alu;PARCLOSE;PARCLOSE DT EP36 A 38;ARCELOR (BERTON SICARD);INSTALLUX;423034;Non;6,5;;;;;;;
Profil Alu;PARCLOSE;PARCLOSE DT 42 A 47 MM;ARCELOR (BERTON SICARD);INSTALLUX;423036;Non;6,5;;;;;;;
Profil Alu;PARCLOSE;PARCLOSE DT 24 A 26MM;ARCELOR (BERTON SICARD);INSTALLUX;423037;Non;6,5;;;;;;;
Profil Alu;PARCLOSE;PARCLOSE MT SERRURE;ARCELOR (BERTON SICARD);INSTALLUX;423040;Non;6,5;;;;;;;
Profil Alu;;REJET D’EAU;ARCELOR (BERTON SICARD);INSTALLUX;423041;Non;6,5;;;;;;;
Profil Alu;;REJET D EAU;ARCELOR (BERTON SICARD);INSTALLUX;423042;Non;6,5;;;;;;;
Profil Alu;;ETANCHEITE SOUS TRAVERSE;ARCELOR (BERTON SICARD);INSTALLUX;423043;Non;6,5;;;;;;;
Profil Alu;;REJET D’EAU;ARCELOR (BERTON SICARD);INSTALLUX;423044;Non;6,5;;;;;;;
Profil Alu;;DORMANT 36.5 GORGE A TL;ARCELOR (BERTON SICARD);INSTALLUX;510000;Non;6,5;;;;;;;
Profil Alu;;DORMANT 36.5 FOND PLAT;ARCELOR (BERTON SICARD);INSTALLUX;510001;Non;6,5;;;;;;;
Profil Alu;;OUVRANT A LA FRANCAISE;ARCELOR (BERTON SICARD);INSTALLUX;510002;Non;6,5;;;;;;;
Profil Alu;;OUVRANT A L’ANGLAISE;ARCELOR (BERTON SICARD);INSTALLUX;510003;Non;6,5;;;;;;;
Profil Alu;;DORMANT 39.7 GORGE A TL;ARCELOR (BERTON SICARD);INSTALLUX;510004;Non;6,5;;;;;;;
Profil Alu;;DORMANT 39.7 FOND PLAT;ARCELOR (BERTON SICARD);INSTALLUX;510005;Non;6,5;;;;;;;
Profil Alu;;BATTUE RAPPORTEE FRANC.;ARCELOR (BERTON SICARD);INSTALLUX;510006;Non;6,5;;;;;;;
Profil Alu;;BATTUE RAPPORTEE ANGL.;ARCELOR (BERTON SICARD);INSTALLUX;510007;Non;6,5;;;;;;;
Profil Alu;;PLINTHE COUPE DROITE;ARCELOR (BERTON SICARD);INSTALLUX;510008;Non;6,5;;;;;;;
Profil Alu;;PLINTHE COUPE DROITE 1M;ARCELOR (BERTON SICARD);INSTALLUX;510008/1;Non;1;;;;;;;
Profil Alu;;DORMANT 39,7 MIXTE;ARCELOR (BERTON SICARD);INSTALLUX;510010;Non;6,5;;;;;;;
Profil Alu;;OUVRANT ANTI PINCE DOIGT;ARCELOR (BERTON SICARD);INSTALLUX;510012;Non;6,5;;;;;;;
Profil Alu;;DORMANT ANTI-PINCE DOIGT;ARCELOR (BERTON SICARD);INSTALLUX;510013;Non;6,5;;;;;;;
Profil Alu;;BATTUE RAPPORTEE DA;ARCELOR (BERTON SICARD);INSTALLUX;510014;Non;6,5;;;;;;;
Profil Alu;;DORMANT DOUBLE ACTION;ARCELOR (BERTON SICARD);INSTALLUX;510015;Non;6,5;;;;;;;
Profil Alu;;DORMANT CAGE A CLIP;ARCELOR (BERTON SICARD);INSTALLUX;510020;Non;6,5;;;;;;;
Profil Alu;;DORMANT D’INTEGRATION;ARCELOR (BERTON SICARD);INSTALLUX;510021;Non;6,5;;;;;;;
Profil Alu;;TRAVERSE REDUITE;ARCELOR (BERTON SICARD);INSTALLUX;510023;Non;6,5;;;;;;;
Profil Alu;(*)REHAUSSE;(*)REHAUSSE 200;ARCELOR (BERTON SICARD);INSTALLUX;7623;Non;6,5;;;;;;;
Profil Alu;;TRAVERSE OUVRANT RED.;ARCELOR (BERTON SICARD);INSTALLUX;510026;Non;6,5;;;;;;;
Profil Alu;;TRAVERSE RED. LG 100;ARCELOR (BERTON SICARD);INSTALLUX;510027;Non;6,5;;;;;;;
Profil Alu;;TRAVERSE RED. LG 125;ARCELOR (BERTON SICARD);INSTALLUX;510028;Non;6,5;;;;;;;
Profil Alu;;DORMANT 39.7 CAGE T OC;ARCELOR (BERTON SICARD);INSTALLUX;513004;Non;6,5;;;;;;;
Profil Alu;;BATTUE RAP. COMETE FRA;ARCELOR (BERTON SICARD);INSTALLUX;513006;Non;6,5;;;;;;;
Profil Alu;;BATTUE RAP.COMETE ANG;ARCELOR (BERTON SICARD);INSTALLUX;513007;Non;6,5;;;;;;;
Profil Alu;;REJET D’EAU OUVR. PERIPH;ARCELOR (BERTON SICARD);INSTALLUX;520002;Non;6,5;;;;;;;
Profil Alu;;PROFIL OUVR.VENT.ELEC.;ARCELOR (BERTON SICARD);INSTALLUX;520003;Non;6,5;;;;;;;
Profil Alu;;PROFIL DORM.VENT.ELEC.;ARCELOR (BERTON SICARD);INSTALLUX;520004;Non;6,5;;;;;;;
Profil Alu;;REJET D’EAU POUR PLINTHE;ARCELOR (BERTON SICARD);INSTALLUX;520005;Non;6,5;;;;;;;
Profil Alu;;PROFIL POIGNEE DE TIRAGE;ARCELOR (BERTON SICARD);INSTALLUX;520006;Non;4,7;;;;;;;
Profil Alu;;SEUIL TRADITIONNEL;ARCELOR (BERTON SICARD);INSTALLUX;520008;Non;6,5;;;;;;;
Profil Alu;Capot;DEMI CAPOT OUVRANT APD;ARCELOR (BERTON SICARD);INSTALLUX;520010;Non;4,7;;;;;;;
Profil Alu;;PORTE BROSSE DORMANT;ARCELOR (BERTON SICARD);INSTALLUX;520012;Non;4,7;;;;;;;
Profil Alu;;CLOSOIR 70;ARCELOR (BERTON SICARD);INSTALLUX;520014;Non;6,5;;;;;;;
Profil Alu;;KIT DEVOYE 9MM POUR 5762;ARCELOR (BERTON SICARD);INSTALLUX;550076;Non;1;;;;;;;
Profil Alu;;TAPEE DE 100 MM RPT;ARCELOR (BERTON SICARD);INSTALLUX;620003;Non;6,5;;;;;;;
Profil Alu;;TAPEE DE 120 MM RPT;ARCELOR (BERTON SICARD);INSTALLUX;620004;Non;6,5;;;;;;;
Profil Alu;;TAPEE DE 100 MM RPT ESP;ARCELOR (BERTON SICARD);INSTALLUX;620008;Non;6,5;;;;;;;
Profil Alu;;1/2 PROF POTEAU 150° 124;ARCELOR (BERTON SICARD);INSTALLUX;710001;Non;6,5;;;;;;;
Profil Alu;;1/2 PROF POTEAU 135° 124;ARCELOR (BERTON SICARD);INSTALLUX;710002;Non;6,5;;;;;;;
Profil Alu;Capot;CAPOT 150° CHANFREINE;ARCELOR (BERTON SICARD);INSTALLUX;720001;Non;6,5;;;;;;;
Profil Alu;Capot;CAPOT 135° CHANF;ARCELOR (BERTON SICARD);INSTALLUX;720002;Non;6,5;;;;;;;
Profil Alu;Capot;CAPOT 90° CHANFREINE;ARCELOR (BERTON SICARD);INSTALLUX;720003;Non;6,5;;;;;;;
Profil Alu;Capot;CAPOT 180° EXTREMITE;ARCELOR (BERTON SICARD);INSTALLUX;720004;Non;6,5;;;;;;;
Profil Alu;;JONCTION DORMANT 124MM;ARCELOR (BERTON SICARD);INSTALLUX;720010;Non;6,5;;;;;;;
Profil Alu;;PROF FINITION POTEAU;ARCELOR (BERTON SICARD);INSTALLUX;720012;Non;6,5;;;;;;;
Profil Alu;;PROFIL FINITION RIVE;ARCELOR (BERTON SICARD);INSTALLUX;720013;Non;6,5;;;;;;;
Profil Alu;;SUPPORT COULISSES;ARCELOR (BERTON SICARD);INSTALLUX;720014;Non;6,5;;;;;;;
Profil Alu;;PROFIL EXT RIVE 135MM;ARCELOR (BERTON SICARD);INSTALLUX;720020;Non;6,5;;;;;;;
Profil Alu;;PROFIL INT RIVE 135MM;ARCELOR (BERTON SICARD);INSTALLUX;720021;Non;6,5;;;;;;;
Profil Alu;;PROFIL DE BASE;ARCELOR (BERTON SICARD);INSTALLUX;720050;Non;6,5;;;;;;;
Profil Alu;;PROFIL DE BASE;ARCELOR (BERTON SICARD);INSTALLUX;720050/5;Non;5;;;;;;;
Profil Alu;;PROFIL LATERAL;ARCELOR (BERTON SICARD);INSTALLUX;720051;Non;6,5;;;;;;;
Profil Alu;;PROFIL LATERAL;ARCELOR (BERTON SICARD);INSTALLUX;720051/5;Non;5;;;;;;;
Profil Alu;;GOUTTIERE;ARCELOR (BERTON SICARD);INSTALLUX;720053;Non;6,5;;;;;;;
Profil Alu;;GOUTTIERE;ARCELOR (BERTON SICARD);INSTALLUX;720053/5;Non;5;;;;;;;
Profil Alu;;COUVERCLE;ARCELOR (BERTON SICARD);INSTALLUX;720054;Non;6,5;;;;;;;
Profil Alu;;COUVERCLE;ARCELOR (BERTON SICARD);INSTALLUX;720054/5;Non;5;;;;;;;
Profil Alu;;SUPPORT LAME COTE MOT;ARCELOR (BERTON SICARD);INSTALLUX;720055;Non;6,5;;;;;;;
Profil Alu;;SUPPORT LAME COTE MOT;ARCELOR (BERTON SICARD);INSTALLUX;720055/5;Non;5;;;;;;;
Profil Alu;;LAME PERGOLA;ARCELOR (BERTON SICARD);INSTALLUX;720056N;Non;6,5;;;;;;;
Profil Alu;;LAME PERGOLA;ARCELOR (BERTON SICARD);INSTALLUX;720056N3;Non;3,7;;;;;;;
Profil Alu;;GOULOTTE;ARCELOR (BERTON SICARD);INSTALLUX;720057;Non;6,5;;;;;;;
Profil Alu;;GOULOTTE;ARCELOR (BERTON SICARD);INSTALLUX;720057/5;Non;5;;;;;;;
Profil Alu;;POUTRE 2 MODULES;ARCELOR (BERTON SICARD);INSTALLUX;720066;Non;6,5;;;;;;;
Profil Alu;;POUTRE 2 MODULES;ARCELOR (BERTON SICARD);INSTALLUX;720066/5;Non;5,3;;;;;;;
Profil Alu;;DORMANT 2 RAILS;ARCELOR (BERTON SICARD);INSTALLUX;910000;Non;6,5;;;;;;;
Profil Alu;;DORMANT 2 RAILS RECU EAU;ARCELOR (BERTON SICARD);INSTALLUX;910001;Non;6,5;;;;;;;
Profil Alu;;DORMANT 3 RAILS;ARCELOR (BERTON SICARD);INSTALLUX;910002;Non;6,5;;;;;;;
Profil Alu;;DORMANT 3 RAILS RECU EAU;ARCELOR (BERTON SICARD);INSTALLUX;910003;Non;6,5;;;;;;;
Profil Alu;;DORMANT 2 RAILS RENO;ARCELOR (BERTON SICARD);INSTALLUX;910004;Non;6,5;;;;;;;
Profil Alu;;DORMANT 2 RAILS PLAT INT;ARCELOR (BERTON SICARD);INSTALLUX;910005;Non;6,5;;;;;;;
Profil Alu;;DORMANT 2 RAILS 124MM;ARCELOR (BERTON SICARD);INSTALLUX;910006;Non;6,5;;;;;;;
Profil Alu;;DORMANT 3 RAILS 124MM;ARCELOR (BERTON SICARD);INSTALLUX;910007;Non;6,5;;;;;;;
profil alu;;DORMANT D’INTEGRATION;ARCELOR (BERTON SICARD);INSTALLUX;910008;Non;6,5;;;;;;;
profil alu;;DORMANT 4 RAILS;ARCELOR (BERTON SICARD);INSTALLUX;910009;Non;6,5;;;;;;;
Profil Alu;;MONTANT EXTREMITE SIMPLE;ARCELOR (BERTON SICARD);INSTALLUX;910010;Non;6,5;;;;;;;
profil alu;;MONTANT EXTREMITE SIMPLE;ARCELOR (BERTON SICARD);INSTALLUX;910010/4;Non;4,6;;;;;;;
Profil Alu;;MONT EXTREM ANTI BILAME;ARCELOR (BERTON SICARD);INSTALLUX;910010B;Non;6,5;;;;;;;
Profil Alu;;MONT EXTREM ANTI BILAME;ARCELOR (BERTON SICARD);INSTALLUX;910010B4;Non;4,6;;;;;;;
Profil Alu;;MONTANT EXTREMITE CARRE;ARCELOR (BERTON SICARD);INSTALLUX;910011;Non;6,5;;;;;;;
Profil Alu;;MONTANT EXTREMITE CARRE;ARCELOR (BERTON SICARD);INSTALLUX;910011/4;Non;4,6;;;;;;;
Profil Alu;;MONT CARRE ANTI BILAME;ARCELOR (BERTON SICARD);INSTALLUX;910011B4;Non;4,6;;;;;;;
Profil Alu;;MONTANT VTX LIGNE CARRE;ARCELOR (BERTON SICARD);INSTALLUX;910012;Non;6,5;;;;;;;
Profil Alu;;MONTANT VTX LIGNE CARRE;ARCELOR (BERTON SICARD);INSTALLUX;910012/4;Non;4,6;;;;;;;
Profil Alu;;MONTANT EXTREMITE ROND;ARCELOR (BERTON SICARD);INSTALLUX;910013;Non;6,5;;;;;;;
Profil Alu;;MONTANT EXTREMITE ROND;ARCELOR (BERTON SICARD);INSTALLUX;910013/4;Non;4,6;;;;;;;
Profil Alu;;MONT ROND ANTI BILAME;ARCELOR (BERTON SICARD);INSTALLUX;910013B4;Non;4,6;;;;;;;
Profil Alu;;MONTANT VTX LIGNE ROND;ARCELOR (BERTON SICARD);INSTALLUX;910014;Non;6,5;;;;;;;
Profil Alu;;MONTANT VTX LIGNE ROND;ARCELOR (BERTON SICARD);INSTALLUX;910014/4;Non;4,6;;;;;;;
Profil Alu;;MONTANT RENFORT REVERS;ARCELOR (BERTON SICARD);INSTALLUX;910016B;Non;6,5;;;;;;;
Profil Alu;;MONTANT CROISEMENT SIMPL;ARCELOR (BERTON SICARD);INSTALLUX;910020;Non;6,5;;;;;;;
Profil Alu;;MONTANT CROISEMENT SIMPL;ARCELOR (BERTON SICARD);INSTALLUX;910020/4;Non;4,6;;;;;;;
Profil Alu;;MONTANT CROISEMENT CARRE;ARCELOR (BERTON SICARD);INSTALLUX;910021;Non;6,5;;;;;;;
profil alu;;MONTANT CROISEMENT CARRE;ARCELOR (BERTON SICARD);INSTALLUX;910021/4;Non;4,6;;;;;;;
Profil Alu;;MONTANT CROISEMENT ROND;ARCELOR (BERTON SICARD);INSTALLUX;910022;Non;6,5;;;;;;;
profil alu;;MONTANT CROISEMENT ROND;ARCELOR (BERTON SICARD);INSTALLUX;910022/4;Non;4,6;;;;;;;
profil alu;;MONTANT CROISEMENT CLAS;ARCELOR (BERTON SICARD);INSTALLUX;910023;Non;6,5;;;;;;;
profil alu;;MONTANT CROISEMENT CLAS;ARCELOR (BERTON SICARD);INSTALLUX;910023/4;Non;4,6;;;;;;;
profil alu;;TRAVERSE HAUTE ET BASSE;ARCELOR (BERTON SICARD);INSTALLUX;910030;Non;6,5;;;;;;;
profil alu;;TRAVERSE INTERMEDIAIRE;ARCELOR (BERTON SICARD);INSTALLUX;910031;Non;6,5;;;;;;;
profil alu;;RAIL HAUT RAPPORTE;ARCELOR (BERTON SICARD);INSTALLUX;910041;Non;6,5;;;;;;;
Profil Alu;;DORMANT 2 RAILS RECOUVR;ARCELOR (BERTON SICARD);INSTALLUX;910050;Non;6,5;;;;;;;
Profil Alu;;DORMANT 2 RAILS PLAT;ARCELOR (BERTON SICARD);INSTALLUX;910051;Non;6,5;;;;;;;
Profil Alu;;DORMANT 2 RAILS PLAT;ARCELOR (BERTON SICARD);INSTALLUX;910051N;Non;6,5;;;;;;;
Profil Alu;;DORMANT 3 RAILS PLAT;ARCELOR (BERTON SICARD);INSTALLUX;910052;Non;6,5;;;;;;;
Profil Alu;;DORMANT 2 RAILS;ARCELOR (BERTON SICARD);INSTALLUX;910200;Non;6,5;;;;;;;
Profil Alu;;SEUIL BAS PREDRAINE;ARCELOR (BERTON SICARD);INSTALLUX;910210P;Non;6,5;;;;;;;
profil Alu;;SEUIL PREDRAINE 45;ARCELOR (BERTON SICARD);INSTALLUX;910211P;Non;6,5;;;;;;;
profil Alu;;SEUIL MONORAIL;ARCELOR (BERTON SICARD);INSTALLUX;910212;Non;6,5;;;;;;;
Profil Alu;;SEUIL MONORAIL;ARCELOR (BERTON SICARD);INSTALLUX;910213;Non;6,5;;;;;;;
Profil Alu;;OUVRANT ANGLE;ARCELOR (BERTON SICARD);INSTALLUX;910224;Non;6,5;;;;;;;
Profil Alu;;ANGLE SUPPORT GACHE;ARCELOR (BERTON SICARD);INSTALLUX;910225;Non;6,5;;;;;;;
Profil Alu;;MONTANT COUVRE RAIL;ARCELOR (BERTON SICARD);INSTALLUX;920003;Non;6,5;;;;;;;
Profil Alu;;RECUPERATEUR EAU RAPPORT;ARCELOR (BERTON SICARD);INSTALLUX;920004;Non;6,5;;;;;;;
Profil Alu;;CACHE VIS RECUPERATEUR;ARCELOR (BERTON SICARD);INSTALLUX;920005;Non;6,5;;;;;;;
Profil Alu;;MONTANT COUVRE RAIL;ARCELOR (BERTON SICARD);INSTALLUX;920006;Non;6,5;;;;;;;
Profil Alu;Capot;SUPPORT CAPOT INTERIEUR;ARCELOR (BERTON SICARD);INSTALLUX;920007;Non;6,5;;;;;;;
Profil Alu;;SUPPORT CROISEMENT;ARCELOR (BERTON SICARD);INSTALLUX;920008;Non;6,5;;;;;;;
Profil Alu;;SUPPORT CROISEMENT VR;ARCELOR (BERTON SICARD);INSTALLUX;920009;Non;6,5;;;;;;;
Profil Alu;Capot;CAPOT RECUP EAU GAL;ARCELOR (BERTON SICARD);INSTALLUX;920011;Non;6,5;;;;;;;
Profil Alu;Bavette;BAVETTE GALANDAGE;ARCELOR (BERTON SICARD);INSTALLUX;920012;Non;6,5;;;;;;;
Profil Alu;;CLOSOIR INT GAL;ARCELOR (BERTON SICARD);INSTALLUX;920013;Non;6,5;;;;;;;
Profil Alu;;CLOSOIR DORMANT MONORAIL;ARCELOR (BERTON SICARD);INSTALLUX;920014;Non;6,5;;;;;;;
Profil Alu;Bavette;BAVETTE 110MM;ARCELOR (BERTON SICARD);INSTALLUX;920025;Non;6,5;;;;;;;
Profil Alu;;SEUIL PMR 2 RAILS;ARCELOR (BERTON SICARD);INSTALLUX;920042;Non;6,5;;;;;;;
profil Alu;;SEUIL PMR 3 RAILS;ARCELOR (BERTON SICARD);INSTALLUX;920043;Non;6,5;;;;;;;
profil Alu;;TAPEE DOUBLAGE 140 CGD;ARCELOR (BERTON SICARD);INSTALLUX;920050;Non;6,5;;;;;;;
Profil Alu;;TAPEE DOUBLAGE 160 CGD;ARCELOR (BERTON SICARD);INSTALLUX;920051;Non;6,5;;;;;;;
Profil Alu;;TAPEE DOUBLAGE 180 CGD;ARCELOR (BERTON SICARD);INSTALLUX;920052;Non;6,5;;;;;;;
profil Alu;;TAPEE DOUBLAGE 200 CGD;ARCELOR (BERTON SICARD);INSTALLUX;920053;Non;6,5;;;;;;;
Profil Alu;Capot;CAPOT DE CROISEMENT;ARCELOR (BERTON SICARD);INSTALLUX;920221;Non;6,5;;;;;;;
Profil Alu;Capot;CAPOT RENFORT CROISEMENT;ARCELOR (BERTON SICARD);INSTALLUX;920223;Non;6,5;;;;;;;
Profil Alu;;PROFIL DE FINITION;ARCELOR (BERTON SICARD);INSTALLUX;920224;Non;6,5;;;;;;;
Profil Alu;PARCLOSE;PARCLOSE D’ANGLE;ARCELOR (BERTON SICARD);INSTALLUX;920230;Non;6,5;;;;;;;
profil Alu;;PAUMELLE A CLAMER;ARCELOR (BERTON SICARD);INSTALLUX;A5032;Non;1;;;;;;;
Profil Alu;;PAUMELLE 3 BR. A CLAMER;ARCELOR (BERTON SICARD);INSTALLUX;A5034;Non;1;;;;;;;
Profil Alu;;PAUMELLE A CLAMER SS AXE;ARCELOR (BERTON SICARD);INSTALLUX;A5068;Non;1;;;;;;;
Profil Alu;;PAUMELLE 2B APPL. 67/20;ARCELOR (BERTON SICARD);INSTALLUX;A5080;Non;1;;;;;;;
Profil Alu;;PAUMELLE 2B APPL. 92/20;ARCELOR (BERTON SICARD);INSTALLUX;A5081;Non;1;;;;;;;
Profil Alu;;PAUMELLE D’ANGLE SERIE F;ARCELOR (BERTON SICARD);INSTALLUX;A5082;Non;1;;;;;;;
Profil Alu;;PAUMELLE D’ANGLE RPT;ARCELOR (BERTON SICARD);INSTALLUX;A5083;Non;1;;;;;;;
Profil Alu;;PAUMELLE D’ANGLE GD RPT;ARCELOR (BERTON SICARD);INSTALLUX;A5084;Non;1;;;;;;;
Profil Alu;;PAUMELLE 3B 67/20;ARCELOR (BERTON SICARD);INSTALLUX;A5086;Non;1;;;;;;;
Profil Alu;;PAUMELLE 3B 92/20;ARCELOR (BERTON SICARD);INSTALLUX;A5087;Non;1;;;;;;;
Profil Alu;;CREMONE RAMSES E.REDUIT;ARCELOR (BERTON SICARD);INSTALLUX;A6077;Non;1;;;;;;;
Profil Alu;;REJET D’EAU;ARCELOR (BERTON SICARD);INSTALLUX;P5003;Non;6,5;;;;;;;
Profil Alu;;COUVRE JOINT 35;ARCELOR (BERTON SICARD);INSTALLUX;P5004;Non;6,5;;;;;;;
Profil Alu;;COUVRE JOINT 53;ARCELOR (BERTON SICARD);INSTALLUX;P5005;Non;6,5;;;;;;;
Profil Alu;;TRAVERSE 72;ARCELOR (BERTON SICARD);INSTALLUX;P5006T;Non;6,5;;;;;;;
Profil Alu;;TRAVERSE 99;ARCELOR (BERTON SICARD);INSTALLUX;P5007T;Non;6,5;;;;;;;
Profil Alu;;TRAVERSE 168;ARCELOR (BERTON SICARD);INSTALLUX;P5008T;Non;6,5;;;;;;;
Profil Alu;;MENEAU RENFORCE 72;ARCELOR (BERTON SICARD);INSTALLUX;P5009T;Non;6,5;;;;;;;
Profil Alu;;MENEAU RENFORCE 99;ARCELOR (BERTON SICARD);INSTALLUX;P5010T;Non;6,5;;;;;;;
Profil Alu;;BATTUE RAPPORTEE FRANC.;ARCELOR (BERTON SICARD);INSTALLUX;P5011T;Non;6,5;;;;;;;
Profil Alu;;BATTUE RAPPORTEE ANGL.;ARCELOR (BERTON SICARD);INSTALLUX;P5012T;Non;6,5;;;;;;;
Profil Alu;;DORM. FOND PLAT 37,6;ARCELOR (BERTON SICARD);INSTALLUX;P5013T;Non;6,5;;;;;;;
Profil Alu;;DORM. CAGE TOLE 37,6;ARCELOR (BERTON SICARD);INSTALLUX;P5014T;Non;6,5;;;;;;;
Profil Alu;;DORM. FOND PLAT 52,3;ARCELOR (BERTON SICARD);INSTALLUX;P5015T;Non;6,5;;;;;;;
Profil Alu;;DORM. CAGE TOLE 52,3;ARCELOR (BERTON SICARD);INSTALLUX;P5016T;Non;6,5;;;;;;;
Profil Alu;;DORM. FOND PLAT 41,9;ARCELOR (BERTON SICARD);INSTALLUX;P5017T;Non;6,5;;;;;;;
Profil Alu;;DORM. CAGE TOLE 41,9;ARCELOR (BERTON SICARD);INSTALLUX;P5018T;Non;6,5;;;;;;;
Profil Alu;;DORM. FOND PLAT 56,6;ARCELOR (BERTON SICARD);INSTALLUX;P5019T;Non;6,5;;;;;;;
Profil Alu;;DORM. CAGE TOLE 56,6;ARCELOR (BERTON SICARD);INSTALLUX;P5020T;Non;6,5;;;;;;;
Profil Alu;;(*)DORMANT FOND PLAT 28;ARCELOR (BERTON SICARD);INSTALLUX;P5021T;Non;6,5;;;;;;;
Profil Alu;;(*)DORMANT FD PLAT 28 MM;ARCELOR (BERTON SICARD);INSTALLUX;P5022;Non;6,5;;;;;;;
Profil Alu;;OUVRANT A LA FRANCAISE;ARCELOR (BERTON SICARD);INSTALLUX;P5023T;Non;6,5;;;;;;;
Profil Alu;;OUVRANT A L’ANGLAISE;ARCELOR (BERTON SICARD);INSTALLUX;P5024T;Non;6,5;;;;;;;
Profil Alu;;TRAVERSE 72;ARCELOR (BERTON SICARD);INSTALLUX;P5025;Non;6,5;;;;;;;
Profil Alu;;TRAVERSE 99;ARCELOR (BERTON SICARD);INSTALLUX;P5026;Non;6,5;;;;;;;
Profil Alu;;TRAVERSE 168;ARCELOR (BERTON SICARD);INSTALLUX;P5027;Non;6,5;;;;;;;
Profil Alu;;MENEAU RENFORCE 72;ARCELOR (BERTON SICARD);INSTALLUX;P5028;Non;6,5;;;;;;;
Profil Alu;;MENEAU RENFORCE 99;ARCELOR (BERTON SICARD);INSTALLUX;P5029;Non;6,5;;;;;;;
Profil Alu;;DORM. 37,6 FP;ARCELOR (BERTON SICARD);INSTALLUX;P5030;Non;6,5;;;;;;;
Profil Alu;;DORMANT 37,6 CLIP;ARCELOR (BERTON SICARD);INSTALLUX;P5031;Non;6,5;;;;;;;
Profil Alu;;DORMANT 52,3 FP;ARCELOR (BERTON SICARD);INSTALLUX;P5032;Non;6,5;;;;;;;
Profil Alu;;DORMANT 52,3 CLIP;ARCELOR (BERTON SICARD);INSTALLUX;P5033;Non;6,5;;;;;;;
Profil Alu;;DORMANT 41,9 FP CC;ARCELOR (BERTON SICARD);INSTALLUX;P5034;Non;6,5;;;;;;;
Profil Alu;;DORMANT 41,9 CLIP CC;ARCELOR (BERTON SICARD);INSTALLUX;P5035;Non;6,5;;;;;;;
Profil Alu;;DORMANT 56,6 FP CC;ARCELOR (BERTON SICARD);INSTALLUX;P5036;Non;6,5;;;;;;;
Profil Alu;;OUVRANT DOUBLE ACTION;ARCELOR (BERTON SICARD);INSTALLUX;P5038T;Non;6,5;;;;;;;
profil alu;;DORMANT DOUBLE ACTION;ARCELOR (BERTON SICARD);INSTALLUX;P5039T;Non;6,5;;;;;;;
Profil Alu;;OUVRANT A LA FRANCAISE;ARCELOR (BERTON SICARD);INSTALLUX;P5040;Non;6,5;;;;;;;
Profil Alu;;OUVRANT A L’ANGLAISE;ARCELOR (BERTON SICARD);INSTALLUX;P5041;Non;6,5;;;;;;;
Profil Alu;;BATTUE RAPPORTEE ANGL.;ARCELOR (BERTON SICARD);INSTALLUX;P5043;Non;6,5;;;;;;;
Profil Alu;;BATTUE RAPPORTEE FRANC.;ARCELOR (BERTON SICARD);INSTALLUX;P5044;Non;6,5;;;;;;;
Profil Alu;;PROFIL DE BASE HT=28MM;ARCELOR (BERTON SICARD);INSTALLUX;P5049T;Non;6,5;;;;;;;
Profil Alu;;(*)DORMT 28MM CAGE A TOL;ARCELOR (BERTON SICARD);INSTALLUX;P5053T;Non;6,5;;;;;;;
Profil Alu;;MENEAU RENF.SIMPLE 129MM;ARCELOR (BERTON SICARD);INSTALLUX;P5054T;Non;6,5;;;;;;;
Profil Alu;;RAIL HAUT PORTES REPLIA.;ARCELOR (BERTON SICARD);INSTALLUX;P5055;Non;6,5;;;;;;;
Profil Alu;;FINITION HAUTE / P5055;ARCELOR (BERTON SICARD);INSTALLUX;P5058;Non;6,5;;;;;;;
Profil Alu;;BATTUE RAPPORTEE VA/VIEN;ARCELOR (BERTON SICARD);INSTALLUX;P5061T;Non;6,5;;;;;;;
Profil Alu;;OUVRANT DOUBLE ACTION;ARCELOR (BERTON SICARD);INSTALLUX;P5064;Non;6,5;;;;;;;
Profil Alu;;DORMANT DOUBLE ACTION;ARCELOR (BERTON SICARD);INSTALLUX;P5065;Non;6,5;;;;;;;
Profil Alu;;PLINTHE 161MM;ARCELOR (BERTON SICARD);INSTALLUX;P5066T;Non;6,5;;;;;;;
Profil Alu;;PLINTHE 161 MM 1M.;ARCELOR (BERTON SICARD);INSTALLUX;P5066T/1;Non;1;;;;;;;
Profil Alu;;2 DEPARTS 50X55;ARCELOR (BERTON SICARD);INSTALLUX;P5067;Non;6,5;;;;;;;
Profil Alu;;PLINTHE 161MM;ARCELOR (BERTON SICARD);INSTALLUX;P5068;Non;6,5;;;;;;;
Profil Alu;;PLINTHE 161MM LG 1ML;ARCELOR (BERTON SICARD);INSTALLUX;P5068/1;Non;1;;;;;;;
Profil Alu;;(*)DORMANT MIXTE 28MM;ARCELOR (BERTON SICARD);INSTALLUX;P5071T;Non;6,5;;;;;;;
Profil Alu;;(*)DORM.CAGE A TOLE 28MM;ARCELOR (BERTON SICARD);INSTALLUX;P5072;Non;6,5;;;;;;;
Profil Alu;;DORMANT FOND PLAT 30 MM;ARCELOR (BERTON SICARD);INSTALLUX;P5073T;Non;6,5;;;;;;;
Profil Alu;;DORMANT 30MM CAGE A TOLE;ARCELOR (BERTON SICARD);INSTALLUX;P5074T;Non;6,5;;;;;;;
Profil Alu;;DORMANT MIXTE 30MM;ARCELOR (BERTON SICARD);INSTALLUX;P5075T;Non;6,5;;;;;;;
Profil Alu;;DORMANT FOND PLAT 30MM;ARCELOR (BERTON SICARD);INSTALLUX;P5076;Non;6,5;;;;;;;
Profil Alu;;DORMANT CAGE A TOLE 30MM;ARCELOR (BERTON SICARD);INSTALLUX;P5077;Non;6,5;;;;;;;
Profil Alu;;MONTANT PRE-PERCE 50MM;ARCELOR (BERTON SICARD);INSTALLUX;P6039;Non;5,8;;;;;;;
Profil Alu;;MONTANT PRE-PERCE 70MM;ARCELOR (BERTON SICARD);INSTALLUX;P6040;Non;5,8;;;;;;;
Profil Alu;Capot;CAPOT GLISSE;ARCELOR (BERTON SICARD);INSTALLUX;P6041;Non;5,8;;;;;;;
Profil Alu;;MOUSTIQUAIRE;ARCELOR (BERTON SICARD);INSTALLUX;P6046;Non;5,8;;;;;;;
Profil Alu;;LAME ALU JALOUSIE;ARCELOR (BERTON SICARD);INSTALLUX;P6050;Non;6,5;;;;;;;
Profil Alu;;TRAVERSE HAUTE;ARCELOR (BERTON SICARD);INSTALLUX;P6051;Non;5,8;;;;;;;
Profil Alu;;TRAVERSE BASSE;ARCELOR (BERTON SICARD);INSTALLUX;P6052;Non;5,8;;;;;;;
Profil Alu;;PORTE LAME;ARCELOR (BERTON SICARD);INSTALLUX;P6053;Non;5,8;;;;;;;
Profil Alu;(*)REHAUSSE;(*)REHAUSSE 150;ARCELOR (BERTON SICARD);INSTALLUX;7648;Non;6,5;;;;;;;
Profil Alu;;PRECADRE BAS;ARCELOR (BERTON SICARD);INSTALLUX;P6056;Non;6,5;;;;;;;
Profil Alu;;PRECADRE HAUT;ARCELOR (BERTON SICARD);INSTALLUX;P6057;Non;6,5;;;;;;;
Profil Alu;;DORMANT PRECADRE;ARCELOR (BERTON SICARD);INSTALLUX;P6058;Non;6,5;;;;;;;
Profil Alu;;DORMANT VOLET BATTANT;ARCELOR (BERTON SICARD);INSTALLUX;P6060;Non;6,5;;;;;;;
Profil Alu;;OUVRANT VOLET BATTANT;ARCELOR (BERTON SICARD);INSTALLUX;P6061;Non;6,5;;;;;;;
Profil Alu;;OUVRANT SEMI-FIXE VOLET;ARCELOR (BERTON SICARD);INSTALLUX;P6062;Non;6,5;;;;;;;
Profil Alu;;REMPLISSAGE PANNEAU;ARCELOR (BERTON SICARD);INSTALLUX;P6063;Non;6,5;;;;;;;
Profil Alu;TUBE;TUBE CARRE 125X125X2,2;ARCELOR (BERTON SICARD);INSTALLUX;TU125125;Non;6,5;;;;;;;
Profil Alu;TUBE;TUBE RECT.20X10X2;ARCELOR (BERTON SICARD);INSTALLUX;TU2010X2;Non;6,5;;;;;;;
Profil Alu;TUBE;TUBE CARRE 20X20X2;ARCELOR (BERTON SICARD);INSTALLUX;TU2020X2;Non;6,5;;;;;;;
Profil Alu;TUBE;TUBE CARRE 25X25X2;ARCELOR (BERTON SICARD);INSTALLUX;TU2525X2;Non;6,5;;;;;;;
Profil Alu;TUBE;TUBE RECT.30X10X2;ARCELOR (BERTON SICARD);INSTALLUX;TU3010X2;Non;6,5;;;;;;;
Profil Alu;TUBE;TUBE DIAMETRE 40X2;ARCELOR (BERTON SICARD);INSTALLUX;TU40X2;Non;6,5;;;;;;;
Profil Alu;TUBE;TUBE RECT. 40X20X2;ARCELOR (BERTON SICARD);INSTALLUX;TU4020X2;Non;6,5;;;;;;;
Profil Alu;TUBE;TUBE 45X45X1.5 LG2;ARCELOR (BERTON SICARD);INSTALLUX;TU4545/2;Non;1995;;;;;;;
Profil Alu;TUBE;TUBE 45X45X1.5;ARCELOR (BERTON SICARD);INSTALLUX;TU454515;Non;6;;;;;;;
Profil Alu;TUBE;TUBE DIAMETRE 50X2;ARCELOR (BERTON SICARD);INSTALLUX;TU50X2;Non;4,6;;;;;;;
Profil Alu;TUBE;TUBE RECT. 50X30X1,7;ARCELOR (BERTON SICARD);INSTALLUX;TU503017;Non;6,5;;;;;;;
Profil Alu;TUBE;TUBE DIAM 60 EP 2 MM;ARCELOR (BERTON SICARD);INSTALLUX;TU60X2/3;Non;3,2;;;;;;;
Profil Alu;TUBE;TUBE RECT. 60X20X2;ARCELOR (BERTON SICARD);INSTALLUX;TU6020X2;Non;6,5;;;;;;;
Profil Alu;TUBE;TUBE CARRE 70X70X2;ARCELOR (BERTON SICARD);INSTALLUX;TU7070X2;Non;6,5;;;;;;;
Profil Alu;TUBE;TUBE DIAMETRE 80X2;ARCELOR (BERTON SICARD);INSTALLUX;TU80X2;Non;6,5;;;;;;;
Profil Alu;;PROFIL T 4040X3;ARCELOR (BERTON SICARD);INSTALLUX;T4040X3;Non;6,5;;;;;;;
Profil Alu;;U 10X9X10;ARCELOR (BERTON SICARD);INSTALLUX;U109X2;Non;6,5;;;;;;;
Profil Alu;;U 15X29X15;ARCELOR (BERTON SICARD);INSTALLUX;U15X29;Non;6,5;;;;;;;
Profil Alu;;MONTANT EMBOIT. 32X1,4;ARCELOR (BERTON SICARD);INSTALLUX;U15X32;Non;6,5;;;;;;;
Profil Alu;;U 20X12X20;ARCELOR (BERTON SICARD);INSTALLUX;U2012X2;Non;6,5;;;;;;;
Profil Alu;;U 20X15X20;ARCELOR (BERTON SICARD);INSTALLUX;U2015X2;Non;6,5;;;;;;;
Profil Alu;;U 20X20X20;ARCELOR (BERTON SICARD);INSTALLUX;U2020X2;Non;6,5;;;;;;;
Profil Alu;;U 20X45X20;ARCELOR (BERTON SICARD);INSTALLUX;U2045X2;Non;6,5;;;;;;;
Profil Alu;;U 25X25X25;ARCELOR (BERTON SICARD);INSTALLUX;U2525X2;Non;6,5;;;;;;;
Profil Alu;;U 25X40X25;ARCELOR (BERTON SICARD);INSTALLUX;U2540X2;Non;6,5;;;;;;;
Profil Alu;;U 30X20X30;ARCELOR (BERTON SICARD);INSTALLUX;U3020X2;Non;6,5;;;;;;;
Profil Alu;Corniéres;CORNIERE PARCLOSE 40X40;ARCELOR (BERTON SICARD);INSTALLUX;11/140;Non;6;;;;;;;
Profil Alu;PARCLOSE;PARCLOSE A PIED 20;ARCELOR (BERTON SICARD);INSTALLUX;20L;Non;6;;;;;;;
Profil Alu;PARCLOSE;PARCLOSE A PIED 25;ARCELOR (BERTON SICARD);INSTALLUX;21L;Non;6;;;;;;;
Profil Alu;PARCLOSE;PARCLOSE A PIED 20;ARCELOR (BERTON SICARD);INSTALLUX;23/20L;Non;6;;;;;;;
Profil Alu;PARCLOSE;PARCLOSE A PIED 25;ARCELOR (BERTON SICARD);INSTALLUX;23/25L;Non;6;;;;;;;
Profil Alu;PARCLOSE;PARCLOSE A PIED 20;ARCELOR (BERTON SICARD);INSTALLUX;26L;Non;6;;;;;;;
Profil Alu;PARCLOSE;PARCLOSE A PIED 20;ARCELOR (BERTON SICARD);INSTALLUX;27/20L;Non;6;;;;;;;
Profil Alu;;ANGLE EXTERIEUR 80X80;ARCELOR (BERTON SICARD);INSTALLUX;103;Non;6;;;;;;;
Profil Alu;;ANGLE INTERIEUR 80X80;ARCELOR (BERTON SICARD);INSTALLUX;104;Non;6;;;;;;;
Profil Alu;Bavette;*LIAISON G 140/BAVETTE;ARCELOR (BERTON SICARD);INSTALLUX;108;Non;6;;;;;;;
Profil Alu;PARCLOSE;PARCLOSE INDEPENDANTE;ARCELOR (BERTON SICARD);INSTALLUX;112;Non;6;;;;;;;
Profil Alu;;2 DEPARTS 40X40.;ARCELOR (BERTON SICARD);INSTALLUX;140;Non;6;;;;;;;
Profil Alu;;2 DEPARTS 40X40 RENFORCE;ARCELOR (BERTON SICARD);INSTALLUX;140/R;Non;6;;;;;;;
profil Alu;;1 DEPART 14X40;ARCELOR (BERTON SICARD);INSTALLUX;141;Non;6;;;;;;;
Profil Alu;;MENEAU 18,5X40;ARCELOR (BERTON SICARD);INSTALLUX;142;Non;6;;;;;;;
Profil Alu;;BANDEAU 150X40;ARCELOR (BERTON SICARD);INSTALLUX;143/15;Non;6;;;;;;;
Profil Alu;;BANDEAU 150X40 LG:996 MM;ARCELOR (BERTON SICARD);INSTALLUX;143/151;Non;1;;;;;;;
Profil Alu;;BANDEAU 80X40;ARCELOR (BERTON SICARD);INSTALLUX;143/80;Non;6;;;;;;;
Profil Alu;;BANDEAU 80X40 LG:996 MM;ARCELOR (BERTON SICARD);INSTALLUX;143/801;Non;1;;;;;;;
Profil Alu;;3 DEPARTS 40X40;ARCELOR (BERTON SICARD);INSTALLUX;146;Non;6;;;;;;;
Profil Alu;;RAIL HAUT PORTE ACCORD.;ARCELOR (BERTON SICARD);INSTALLUX;148;Non;6;;;;;;;
Profil Alu;;SEUIL 40 ET 80;ARCELOR (BERTON SICARD);INSTALLUX;149;Non;6;;;;;;;
Profil Alu;;CACHE RAINURE 40;ARCELOR (BERTON SICARD);INSTALLUX;150L;Non;6;;;;;;;
Profil Alu;;BATTUE FEUILLURE 35;ARCELOR (BERTON SICARD);INSTALLUX;151;Non;6;;;;;;;
Profil Alu;;BATTUE DBL ETANCHEITE;ARCELOR (BERTON SICARD);INSTALLUX;152L;Non;6;;;;;;;
Profil Alu;;CLOSOIR SIMPLE;ARCELOR (BERTON SICARD);INSTALLUX;153L;Non;6;;;;;;;
Profil Alu;;BATTUE FEUILLURE 45;ARCELOR (BERTON SICARD);INSTALLUX;154;Non;6;;;;;;;
Profil Alu;;*BATTUE SIMPL ETANCHEITE;ARCELOR (BERTON SICARD);INSTALLUX;157;Non;6;;;;;;;
Profil Alu;PARCLOSE;PARCLOSE A VISSER;ARCELOR (BERTON SICARD);INSTALLUX;164;Non;6;;;;;;;
Profil Alu;;RAIL HAUT PORTE COULISS.;ARCELOR (BERTON SICARD);INSTALLUX;165;Non;6;;;;;;;
Profil Alu;;CACHE PORTE COULISSANTE;ARCELOR (BERTON SICARD);INSTALLUX;167;Non;6;;;;;;;
Profil Alu;;ANGLE EXTERIEUR 80X40;ARCELOR (BERTON SICARD);INSTALLUX;168;Non;6;;;;;;;
Profil Alu;;ANGLE INTERIEUR 80X40;ARCELOR (BERTON SICARD);INSTALLUX;169;Non;6;;;;;;;
Profil Alu;PARCLOSE;*PARCLOSE REMPL. 46/65;ARCELOR (BERTON SICARD);INSTALLUX;173;Non;6;;;;;;;
Profil Alu;;SEUIL PORTE 140;ARCELOR (BERTON SICARD);INSTALLUX;178;Non;6;;;;;;;
Profil Alu;;TRAVERSE DOUBLE CAGE;ARCELOR (BERTON SICARD);INSTALLUX;179;Non;6;;;;;;;
Profil Alu;;HUISSERIE A BATTUE;ARCELOR (BERTON SICARD);INSTALLUX;181;Non;6;;;;;;;
profil alu;;OUVRANT FRANC. 40X77;ARCELOR (BERTON SICARD);INSTALLUX;182;Non;6;;;;;;;
Profil Alu;;OUVRANT ANGLAISE 40X77;ARCELOR (BERTON SICARD);INSTALLUX;183;Non;6;;;;;;;
Profil Alu;;MENEAU 80;ARCELOR (BERTON SICARD);INSTALLUX;184;Non;6;;;;;;;
Profil Alu;;MENEAU 1 AILE FIXE;ARCELOR (BERTON SICARD);INSTALLUX;200;Non;6;;;;;;;
Profil Alu;;TRAV BARREAU DEFENSE;ARCELOR (BERTON SICARD);INSTALLUX;201;Non;6,5;;;;;;;
Profil Alu;;DORMANT 140 RALLONGE;ARCELOR (BERTON SICARD);INSTALLUX;205;Non;6,5;;;;;;;
Profil Alu;PARCLOSE;*PARCLOSE TALON SECURITE;ARCELOR (BERTON SICARD);INSTALLUX;218;Non;6;;;;;;;
Profil Alu;PARCLOSE;PARCLOSE TALON SECURITE;ARCELOR (BERTON SICARD);INSTALLUX;219;Non;6;;;;;;;
Profil Alu;PARCLOSE;PARCLOSE TALON SECURITE;ARCELOR (BERTON SICARD);INSTALLUX;220;Non;6;;;;;;;
Profil Alu;PARCLOSE;PARCLOSE TALON SECURITE;ARCELOR (BERTON SICARD);INSTALLUX;223;Non;6;;;;;;;
Profil Alu;PARCLOSE;PARCLOSE TALON SECURITE;ARCELOR (BERTON SICARD);INSTALLUX;226;Non;6;;;;;;;
Profil Alu;;LISSE HAUTE NON PERFOREE;ARCELOR (BERTON SICARD);INSTALLUX;300;Non;6;;;;;;;
Profil Alu;;MAIN COURANTE 25;ARCELOR (BERTON SICARD);INSTALLUX;301;Non;6;;;;;;;
Profil Alu;;PROFIL BAS PR BARREAUDAG;ARCELOR (BERTON SICARD);INSTALLUX;302;Non;6,5;;;;;;;
Profil Alu;;BARREAU A UNE FIXATION;ARCELOR (BERTON SICARD);INSTALLUX;305;Non;6,5;;;;;;;
Profil Alu;;RAIDISSEUR 40X20;ARCELOR (BERTON SICARD);INSTALLUX;306;Non;6,5;;;;;;;
Profil Alu;;RAIDISSEUR 40X20 USINE;ARCELOR (BERTON SICARD);INSTALLUX;307;Non;6,5;;;;;;;
Profil Alu;;CLOSOIR PROFIL BARREAUDA;ARCELOR (BERTON SICARD);INSTALLUX;308;Non;6,5;;;;;;;
Profil Alu;;PROFIL POUR BARREAUDAGE;ARCELOR (BERTON SICARD);INSTALLUX;309;Non;6,5;;;;;;;
Profil Alu;;MAIN COURANTE 40;ARCELOR (BERTON SICARD);INSTALLUX;310;Non;6;;;;;;;
Profil Alu;;BARREAU OVAL;ARCELOR (BERTON SICARD);INSTALLUX;311;Non;6,5;;;;;;;
Profil Alu;;MAIN COURANTE ELLIPTIQUE;ARCELOR (BERTON SICARD);INSTALLUX;312;Non;6,5;;;;;;;
Profil Alu;;LISSE HTE PERFOREE GC;ARCELOR (BERTON SICARD);INSTALLUX;321;Non;6;;;;;;;
Profil Alu;;LISSE BASS PERFORE GC;ARCELOR (BERTON SICARD);INSTALLUX;322;Non;6;;;;;;;
Profil Alu;EMBOUT;EMBOUT MC 312 DROIT;ARCELOR (BERTON SICARD);INSTALLUX;323D;Non;1;;;;;;;
Profil Alu;EMBOUT;EMBOUT MC 312 GAUCHE;ARCELOR (BERTON SICARD);INSTALLUX;323G;Non;1;;;;;;;
Profil Alu;;MAIN COURANTE DIAM.63;ARCELOR (BERTON SICARD);INSTALLUX;324;Non;6;;;;;;;
Profil Alu;;LISSE HTE REMP SOUS LISS;ARCELOR (BERTON SICARD);INSTALLUX;326;Non;6,5;;;;;;;
Profil Alu;EMBOUT;KIT EMBOUTS LISSE CIRC;ARCELOR (BERTON SICARD);INSTALLUX;327;Non;1;;;;;;;
Profil Alu;;LISSE HAUTE PERFOREE;ARCELOR (BERTON SICARD);INSTALLUX;328;Non;6,5;;;;;;;
Profil Alu;;LISSE CIRCULAIRE;ARCELOR (BERTON SICARD);INSTALLUX;329;Non;6,5;;;;;;;
Profil Alu;;MAIN COURANTE;ARCELOR (BERTON SICARD);INSTALLUX;330;Non;6,5;;;;;;;
Profil Alu;EMBOUT;KIT EMBOUTS MC 330;ARCELOR (BERTON SICARD);INSTALLUX;331;Non;1;;;;;;;
Profil Alu;;CLOSOIR HAUT BARREAUDAGE;ARCELOR (BERTON SICARD);INSTALLUX;334;Non;6,5;;;;;;;
Profil Alu;;RACCORD MAIN COURANTE;ARCELOR (BERTON SICARD);INSTALLUX;335;Non;1;;;;;;;
Profil Alu;;LISSE RECTANGULAIRE;ARCELOR (BERTON SICARD);INSTALLUX;336;Non;6,5;;;;;;;
Profil Alu;;PROFIL CADRE HT RECT.;ARCELOR (BERTON SICARD);INSTALLUX;337;Non;6,5;;;;;;;
Profil Alu;;LISSE HAUTE / LAME 612;ARCELOR (BERTON SICARD);INSTALLUX;338;Non;6,5;;;;;;;
Profil Alu;;SUPPORT MURAL REMPLISSAG;ARCELOR (BERTON SICARD);INSTALLUX;343;Non;1;;;;;;;
Profil Alu;;BARREAU LOSANGE 1 FIXATI;ARCELOR (BERTON SICARD);INSTALLUX;344;Non;6,5;;;;;;;
Profil Alu;EMBOUT;KIT EMBOUTS MC 375;ARCELOR (BERTON SICARD);INSTALLUX;345;Non;1;;;;;;;
Profil Alu;EMBOUT;KIT EMBOUTS LISSE RECT;ARCELOR (BERTON SICARD);INSTALLUX;346;Non;4;;;;;;;
Profil Alu;;PROFIL CADRE BAS RECT.;ARCELOR (BERTON SICARD);INSTALLUX;347;Non;6,5;;;;;;;
Profil Alu;;LISSE BASSE PERFOREE;ARCELOR (BERTON SICARD);INSTALLUX;349;Non;6,5;;;;;;;
Profil Alu;EMBOUT;EMBOUT MAIN COUR. 25MM;ARCELOR (BERTON SICARD);INSTALLUX;357;Non;1;;;;;;;
Profil Alu;EMBOUT;(*)EMBOUT MAIN COUR. 120;ARCELOR (BERTON SICARD);INSTALLUX;359;Non;2;;;;;;;
Profil Alu;EMBOUT;EMBOUT LISSE BASSE;ARCELOR (BERTON SICARD);INSTALLUX;365;Non;2;;;;;;;
Profil Alu;EMBOUT;EMBOUT MAIN COUR.;ARCELOR (BERTON SICARD);INSTALLUX;368;Non;1;;;;;;;
Profil Alu;;MC PR REMPL SOUS LISSE;ARCELOR (BERTON SICARD);INSTALLUX;375;Non;6,5;;;;;;;
Profil Alu;;PROFIL REMP BAS NEZ DALL;ARCELOR (BERTON SICARD);INSTALLUX;377;Non;6,5;;;;;;;
Profil Alu;;PROFIL U PR B LIBRES 3ML;ARCELOR (BERTON SICARD);INSTALLUX;383;Non;1;;;;;;;
Profil Alu;EMBOUT;EMBOUT MAIN COUR. 63;ARCELOR (BERTON SICARD);INSTALLUX;384;Non;1;;;;;;;
Profil Alu;;FIXATION MUR.MAIN COUR.;ARCELOR (BERTON SICARD);INSTALLUX;385;Non;1;;;;;;;
Profil Alu;;CROSSE DE MAIN COURANTE.;ARCELOR (BERTON SICARD);INSTALLUX;386;Non;1;;;;;;;
Profil Alu;;PINCE DLE MAIN COURANTE;ARCELOR (BERTON SICARD);INSTALLUX;395;Non;1;;;;;;;
Profil Alu;;LISSE BASSE / LAME 612;ARCELOR (BERTON SICARD);INSTALLUX;399;Non;6,5;;;;;;;
Profil Alu;;TRAV.BASSE/AUTOPORTANT;ARCELOR (BERTON SICARD);INSTALLUX;500;Non;6,5;;;;;;;
Profil Alu;;PLATINE CIRCULAIRE;ARCELOR (BERTON SICARD);INSTALLUX;504N;Non;1;;;;;;;
Profil Alu;;POTEAU VARIABLE;ARCELOR (BERTON SICARD);INSTALLUX;505;Non;6,5;;;;;;;
Profil Alu;;LAME 120X20;ARCELOR (BERTON SICARD);INSTALLUX;506;Non;6,5;;;;;;;
Profil Alu;;PLASTRON POTEAU 150X150;ARCELOR (BERTON SICARD);INSTALLUX;508;Non;6;;;;;;;
profil alu;;PLASTRON POTEAU LG 2M;ARCELOR (BERTON SICARD);INSTALLUX;508/2;Non;1995;;;;;;;
Profil Alu;;POTEAU 150X150;ARCELOR (BERTON SICARD);INSTALLUX;509;Non;6;;;;;;;
Profil Alu;;POTEAU 150X150 LG 2M;ARCELOR (BERTON SICARD);INSTALLUX;509/2;Non;1995;;;;;;;
Profil Alu;;CLOSOIR EXTREMITE BOMBE;ARCELOR (BERTON SICARD);INSTALLUX;519;Non;6,5;;;;;;;
profil alu;;MONTANT 3 RAINURES;ARCELOR (BERTON SICARD);INSTALLUX;523;Non;6,5;;;;;;;
profil alu;;MONTANT 3 RAINURES;ARCELOR (BERTON SICARD);INSTALLUX;523/4;Non;4;;;;;;;
Profil Alu;;BARREAU ECONOMIQUE 80X20;ARCELOR (BERTON SICARD);INSTALLUX;526;Non;6,5;;;;;;;
Profil Alu;;PROFIL SUPPORT TOLE;ARCELOR (BERTON SICARD);INSTALLUX;529;Non;6,5;;;;;;;
Profil Alu;;CACHE SECURITE / 509;ARCELOR (BERTON SICARD);INSTALLUX;538;Non;6,5;;;;;;;
Profil Alu;;GUIDE OLIVE CACHE CREMA;ARCELOR (BERTON SICARD);INSTALLUX;541I;Non;6,5;;;;;;;
Profil Alu;;GUIDE OLIVE CACHE CREMA;ARCELOR (BERTON SICARD);INSTALLUX;541I/4;Non;4,5;;;;;;;
Profil Alu;;RAIDISSEUR PR 541 ET 543;ARCELOR (BERTON SICARD);INSTALLUX;542;Non;6,5;;;;;;;
Profil Alu;;RAIDISSEUR PR 541 ET 543;ARCELOR (BERTON SICARD);INSTALLUX;542/4;Non;4,5;;;;;;;
Profil Alu;;PAUMELLE 3 BRANCHES;ARCELOR (BERTON SICARD);INSTALLUX;550;Non;2;;;;;;;
Profil Alu;;GUIDAGE SUP AUTOPORTANT;ARCELOR (BERTON SICARD);INSTALLUX;551;Non;1;;;;;;;
Profil Alu;;TE DE FIXATION POUR 566;ARCELOR (BERTON SICARD);INSTALLUX;557;Non;1;;;;;;;
Profil Alu;;CALE ARRIERE PAUMELLE;ARCELOR (BERTON SICARD);INSTALLUX;562;Non;2;;;;;;;
Profil Alu;;PIECE RECEPT ET CENTREUR;ARCELOR (BERTON SICARD);INSTALLUX;566;Non;1;;;;;;;
Profil Alu;;SABOT TOURNIQUET;ARCELOR (BERTON SICARD);INSTALLUX;570;Non;1;;;;;;;
Profil Alu;;FIXATION MURALE CLOTURE;ARCELOR (BERTON SICARD);INSTALLUX;574;Non;1;;;;;;;
Profil Alu;;PORTE OLIVE GUIDE LAT CO;ARCELOR (BERTON SICARD);INSTALLUX;578;Non;1;;;;;;;
Profil Alu;;PROFIL/TOLE EP 2 MM;ARCELOR (BERTON SICARD);INSTALLUX;580;Non;6,5;;;;;;;
Profil Alu;;EMB FINITION GUIDE OLIVE;ARCELOR (BERTON SICARD);INSTALLUX;584;Non;1;;;;;;;
profil alu;EMBOUT;KIT EMBOUT CACHE CREMAIL;ARCELOR (BERTON SICARD);INSTALLUX;585;Non;1;;;;;;;
Profil Alu;;KIT BOUCHONS/PROFIL 500;ARCELOR (BERTON SICARD);INSTALLUX;586;Non;2;;;;;;;
Profil Alu;;CHAPEAU POTEAU 150X150;ARCELOR (BERTON SICARD);INSTALLUX;589;Non;1;;;;;;;
Profil Alu;;CACHE ROULETTE;ARCELOR (BERTON SICARD);INSTALLUX;594;Non;2;;;;;;;
Profil Alu;;GUIDE A LA FERMETURE;ARCELOR (BERTON SICARD);INSTALLUX;595;Non;1;;;;;;;
Profil Alu;;PETITE TRAVERSE;ARCELOR (BERTON SICARD);INSTALLUX;597;Non;6,5;;;;;;;
profil alu;;TRAVERSE CINT.USIN.1420;ARCELOR (BERTON SICARD);INSTALLUX;597-C1-U;Non;1;;;;;;;
Profil Alu;;TRAVERSE CINT.USIN.2000;ARCELOR (BERTON SICARD);INSTALLUX;597-C2-U;Non;1;;;;;;;
Profil Alu;;TRAVERSE CINT.USIN.2250;ARCELOR (BERTON SICARD);INSTALLUX;597-C3-U;Non;1;;;;;;;
Profil Alu;;TRAVERSE CINT.USIN.2600;ARCELOR (BERTON SICARD);INSTALLUX;597-C4-U;Non;1;;;;;;;
Profil Alu;;*PORTE OLIV GUID LAT COU;ARCELOR (BERTON SICARD);INSTALLUX;598;Non;1;;;;;;;
Profil Alu;;PORTE OLIVE GUID SUP COU;ARCELOR (BERTON SICARD);INSTALLUX;599;Non;1;;;;;;;
Profil Alu;;MONTANT 140X115;ARCELOR (BERTON SICARD);INSTALLUX;601;Non;5;;;;;;;
profil alu;EMBOUT;EMBOUT GOUTTE D EAU;ARCELOR (BERTON SICARD);INSTALLUX;602;Non;10;;;;;;;
profil alu;;LAME ‘Z’ 110X20;ARCELOR (BERTON SICARD);INSTALLUX;607;Non;6,5;;;;;;;
Profil Alu;;PETITE TRAVERSE;ARCELOR (BERTON SICARD);INSTALLUX;608;Non;6,5;;;;;;;
Profil Alu;;PROFIL DE BATTUE;ARCELOR (BERTON SICARD);INSTALLUX;610;Non;5;;;;;;;
Profil Alu;;LAME 100X20;ARCELOR (BERTON SICARD);INSTALLUX;611;Non;6,5;;;;;;;
Profil Alu;;BARREAU 100X20;ARCELOR (BERTON SICARD);INSTALLUX;612;Non;6,5;;;;;;;
profil Alu;;LAME 200X20;ARCELOR (BERTON SICARD);INSTALLUX;613;Non;6,5;;;;;;;
Profil Alu;;TRAVERSE HAUTE;ARCELOR (BERTON SICARD);INSTALLUX;615;Non;6,5;;;;;;;
Profil Alu;;CHAPEAU GENDARME 1420;ARCELOR (BERTON SICARD);INSTALLUX;615/C1;Non;1;;;;;;;
Profil Alu;;CHAPEAU GENDARME 2000;ARCELOR (BERTON SICARD);INSTALLUX;615/C2;Non;1;;;;;;;
profil Alu;;CHAPEAU GENDARME 2250;ARCELOR (BERTON SICARD);INSTALLUX;615/C3;Non;1;;;;;;;
Profil Alu;;CHAPEAU GENDARME 2600;ARCELOR (BERTON SICARD);INSTALLUX;615/C4;Non;1;;;;;;;
Profil Alu;;BUTEE PORTILLON;ARCELOR (BERTON SICARD);INSTALLUX;616;Non;1;;;;;;;
Profil Alu;;CACHE RAINURE;ARCELOR (BERTON SICARD);INSTALLUX;620;Non;6,5;;;;;;;
Profil Alu;;CACHE RAINURE;ARCELOR (BERTON SICARD);INSTALLUX;620/5;Non;5;;;;;;;
Profil Alu;;TRAVERSE INTERMEDIAIRE;ARCELOR (BERTON SICARD);INSTALLUX;621;Non;6,5;;;;;;;
Profil Alu;;CHAPEAU GENDARME 1420;ARCELOR (BERTON SICARD);INSTALLUX;621/C1;Non;1;;;;;;;
Profil Alu;;CHAPEAU GENDARME 2000;ARCELOR (BERTON SICARD);INSTALLUX;621/C2;Non;1;;;;;;;
Profil Alu;;CHAPEAU GENDARME 2250;ARCELOR (BERTON SICARD);INSTALLUX;621/C3;Non;1;;;;;;;
profil alu;;CHAPEAU GENDARME 2600;ARCELOR (BERTON SICARD);INSTALLUX;621/C4;Non;1;;;;;;;
Profil Alu;;TRAVERSE INTERMEDIAIRE;ARCELOR (BERTON SICARD);INSTALLUX;621/3;Non;3,2;;;;;;;
Profil Alu;;TRAVERSE BASSE;ARCELOR (BERTON SICARD);INSTALLUX;622;Non;6,5;;;;;;;
Profil Alu;;TRAVERSE BASSE;ARCELOR (BERTON SICARD);INSTALLUX;622/3;Non;3,2;;;;;;;
Profil Alu;;MONTANT D’EXTREMITE;ARCELOR (BERTON SICARD);INSTALLUX;623;Non;6,5;;;;;;;
Profil Alu;;MONTANT D’EXTREMITE;ARCELOR (BERTON SICARD);INSTALLUX;623/4;Non;4;;;;;;;
Profil Alu;;POTEAU 3 DEPARTS;ARCELOR (BERTON SICARD);INSTALLUX;624/5;Non;5;;;;;;;
Profil Alu;;POTEAU DE CLOTURE;ARCELOR (BERTON SICARD);INSTALLUX;625;Non;6,5;;;;;;;
Profil Alu;;TRAVERSE DE CLOTURE;ARCELOR (BERTON SICARD);INSTALLUX;626;Non;6,5;;;;;;;
Profil Alu;;1/2 TRAVERSE 30;ARCELOR (BERTON SICARD);INSTALLUX;627;Non;6,5;;;;;;;
Profil Alu;;1/2 TRAVERSE 30;ARCELOR (BERTON SICARD);INSTALLUX;627/3;Non;3,2;;;;;;;
Profil Alu;;1/2 TRAVERSE 60;ARCELOR (BERTON SICARD);INSTALLUX;628;Non;6,5;;;;;;;
Profil Alu;;1/2 TRAVERSE 60;ARCELOR (BERTON SICARD);INSTALLUX;628/3;Non;3,2;;;;;;;
Profil Alu;;MENEAU 80;ARCELOR (BERTON SICARD);INSTALLUX;629;Non;6,5;;;;;;;
profil alu;;MENEAU 80 CINTRE 2001;ARCELOR (BERTON SICARD);INSTALLUX;629/P3;Non;1;;;;;;;
Profil Alu;PARCLOSE;PARCLOSE REMPL. 2;ARCELOR (BERTON SICARD);INSTALLUX;630;Non;6,5;;;;;;;
Profil Alu;;CLOSOIR EXTREMITE;ARCELOR (BERTON SICARD);INSTALLUX;632;Non;6,5;;;;;;;
profil alu;;CLOSOIR EXTREMITE;ARCELOR (BERTON SICARD);INSTALLUX;632/3;Non;3,2;;;;;;;
Profil Alu;;TRAV. CLOTURE DBL CLIP.;ARCELOR (BERTON SICARD);INSTALLUX;633;Non;6,5;;;;;;;
Profil Alu;;KIT MOTEUR INTEGRE AABIS;ARCELOR (BERTON SICARD);INSTALLUX;634;Non;1;;;;;;;
Profil Alu;;BARREAU 20X20;ARCELOR (BERTON SICARD);INSTALLUX;635;Non;6,5;;;;;;;
Profil Alu;;BARREAU 20X20;ARCELOR (BERTON SICARD);INSTALLUX;635/5;Non;5;;;;;;;
Profil Alu;;FESTON NON USINE;ARCELOR (BERTON SICARD);INSTALLUX;638;Non;6,5;;;;;;;
Profil Alu;EMBOUT;EMBOUT /MONTANT 623;ARCELOR (BERTON SICARD);INSTALLUX;653;Non;4;;;;;;;
Profil Alu;EMBOUT;EMBOUT /POTEAU 624;ARCELOR (BERTON SICARD);INSTALLUX;654;Non;2;;;;;;;
Profil Alu;EMBOUT;EMBOUT /MONTANT 625;ARCELOR (BERTON SICARD);INSTALLUX;655;Non;2;;;;;;;
Profil Alu;;PAIRE VOLUTE INTER;ARCELOR (BERTON SICARD);INSTALLUX;663;Non;1;;;;;;;
Profil Alu;;PAIRE VOLUTE CENTRALE;ARCELOR (BERTON SICARD);INSTALLUX;664;Non;1;;;;;;;
Profil Alu;EMBOUT;EMBOUT FLEUR DE LYS;ARCELOR (BERTON SICARD);INSTALLUX;665;Non;10;;;;;;;
Profil Alu;EMBOUT;EMBOUT BOULE;ARCELOR (BERTON SICARD);INSTALLUX;666;Non;10;;;;;;;
profil Alu;EMBOUT;EMBOUT FLECHE;ARCELOR (BERTON SICARD);INSTALLUX;667;Non;10;;;;;;;
Profil Alu;EMBOUT;EMBOUT ROND;ARCELOR (BERTON SICARD);INSTALLUX;668;Non;10;;;;;;;
profil alu;EMBOUT;EMBOUT DE LAME/612;ARCELOR (BERTON SICARD);INSTALLUX;669;Non;10;;;;;;;
profil Alu;;BUTEE ARRET AU SOL;ARCELOR (BERTON SICARD);INSTALLUX;678;Non;1;;;;;;;
Profil Alu;;REGULATEUR DE PENTE;ARCELOR (BERTON SICARD);INSTALLUX;679;Non;1;;;;;;;
profil Alu;EMBOUT;EMBOUT FINITION /626/641;ARCELOR (BERTON SICARD);INSTALLUX;680;Non;2;;;;;;;
Profil Alu;EMBOUT;EMBOUT /622;ARCELOR (BERTON SICARD);INSTALLUX;683;Non;1;;;;;;;
Profil Alu;;PAIRE VOLUTE SUPERIEURE;ARCELOR (BERTON SICARD);INSTALLUX;688;Non;1;;;;;;;
Profil Alu;;LIAISON 140/140;ARCELOR (BERTON SICARD);INSTALLUX;1011;Non;6;;;;;;;
Profil Alu;;BARREAU PORTILLON 140;ARCELOR (BERTON SICARD);INSTALLUX;1050;Non;6,5;;;;;;;
Profil Alu;;POIGNEE BANDEAU;ARCELOR (BERTON SICARD);INSTALLUX;1103;Non;6;;;;;;;
Profil Alu;;POIGNEE BANDEAU LG:996MM;ARCELOR (BERTON SICARD);INSTALLUX;1103/1;Non;1;;;;;;;
Profil Alu;EMBOUT;EMBOUT /318;ARCELOR (BERTON SICARD);INSTALLUX;1233;Non;1;;;;;;;
Profil Alu;EMBOUT;EMBOUT DECOUPE /1103;ARCELOR (BERTON SICARD);INSTALLUX;1618;Non;2;;;;;;;
Profil Alu;;POIGNEE POUSSOIR 250;ARCELOR (BERTON SICARD);INSTALLUX;1623;Non;1;;;;;;;
Profil Alu;;POIGNEE POUSSOIR 350;ARCELOR (BERTON SICARD);INSTALLUX;1624;Non;1;;;;;;;
Profil Alu;;POIGNEE POUSSOIR TUB.350;ARCELOR (BERTON SICARD);INSTALLUX;1641;Non;1;;;;;;;
Profil Alu;;PAUMELLE CLARIT LUXE;ARCELOR (BERTON SICARD);INSTALLUX;1700;Non;2;;;;;;;
Profil Alu;;PAUMELLE PORTE BOIS;ARCELOR (BERTON SICARD);INSTALLUX;1710;Non;2;;;;;;;
Profil Alu;;PAUMELLE PORTE ALU.BAGUE;ARCELOR (BERTON SICARD);INSTALLUX;1723;Non;2;;;;;;;
Profil Alu;;PAUMELLE PORTE ALU.ROULT;ARCELOR (BERTON SICARD);INSTALLUX;1724;Non;2;;;;;;;
Profil Alu;;PAUMELLE CHARIOT;ARCELOR (BERTON SICARD);INSTALLUX;1725;Non;1;;;;;;;
Profil Alu;;PAUMELLE EXTREM CHARIOT;ARCELOR (BERTON SICARD);INSTALLUX;1726;Non;1;;;;;;;
Profil Alu;;PAUMELLE GUIDE;ARCELOR (BERTON SICARD);INSTALLUX;1727;Non;1;;;;;;;
Profil Alu;;PAUMELLE EXTREM GUIDE;ARCELOR (BERTON SICARD);INSTALLUX;1728;Non;1;;;;;;;
Profil Alu;;PAUMELLE RENF.ECO.REGLA.;ARCELOR (BERTON SICARD);INSTALLUX;1760N;Non;1;;;;;;;
Profil Alu;;POIGNEE CUVETTE;ARCELOR (BERTON SICARD);INSTALLUX;1812;Non;1;;;;;;;
Profil Alu;;ARRET AU PIED;ARCELOR (BERTON SICARD);INSTALLUX;1817;Non;1;;;;;;;
Profil Alu;;BEQUILLE SIMPLE CARRE 8;ARCELOR (BERTON SICARD);INSTALLUX;1853N;Non;1;;;;;;;
Profil Alu;;BEQUILLE DOUBLE CARRE 8;ARCELOR (BERTON SICARD);INSTALLUX;1854N;Non;1;;;;;;;
Profil Alu;;BEQUILLE SIMPLE BOREALE;ARCELOR (BERTON SICARD);INSTALLUX;1859;Non;1;;;;;;;
Profil Alu;;BEQUILLE DBL CARRE 8MM;ARCELOR (BERTON SICARD);INSTALLUX;1860;Non;1;;;;;;;
Profil Alu;;BEQUILLE SPLE PORTE FLOW;ARCELOR (BERTON SICARD);INSTALLUX;1861;Non;1;;;;;;;
Profil Alu;;*BEQUILLE SIMPLE HORUS;ARCELOR (BERTON SICARD);INSTALLUX;1868;Non;1;;;;;;;
Profil Alu;;BEQUILLE PLATE HORUS;ARCELOR (BERTON SICARD);INSTALLUX;1870;Non;1;;;;;;;
Profil Alu;;*BEQUILLE OPERA SIMPLE;ARCELOR (BERTON SICARD);INSTALLUX;1874;Non;1;;;;;;;
Profil Alu;;LIAISON SECTION 50;ARCELOR (BERTON SICARD);INSTALLUX;5022;Non;6,5;;;;;;;
Profil Alu;;PROFIL LIAISON CAGES;ARCELOR (BERTON SICARD);INSTALLUX;5027;Non;6,5;;;;;;;
Profil Alu;;JONCTION RENFORCEE;ARCELOR (BERTON SICARD);INSTALLUX;5040;Non;6,5;;;;;;;
Profil Alu;;RAIDISSEUR 87X36;ARCELOR (BERTON SICARD);INSTALLUX;5041;Non;6,5;;;;;;;
Profil Alu;;RAIDISSEUR 65X36;ARCELOR (BERTON SICARD);INSTALLUX;5042;Non;6,5;;;;;;;
Profil Alu;PARCLOSE;PARCLOSE A VISSER;ARCELOR (BERTON SICARD);INSTALLUX;5048;Non;6,5;;;;;;;
Profil Alu;PARCLOSE;PARCLOSE A VISSER;ARCELOR (BERTON SICARD);INSTALLUX;5049;Non;6,5;;;;;;;
Profil Alu;PARCLOSE;PARCLOSE CLIP 8.5 LAQUEE;ARCELOR (BERTON SICARD);INSTALLUX;5051L;Non;6,5;;;;;;;
Profil Alu;PARCLOSE;PARCLOSE CLIPABLE 18.5;ARCELOR (BERTON SICARD);INSTALLUX;5053;Non;6,5;;;;;;;
Profil Alu;PARCLOSE;PARCLOSE CLIPABLE 23.5;ARCELOR (BERTON SICARD);INSTALLUX;5054;Non;6,5;;;;;;;
Profil Alu;Capot;CAPOT /5041/5042;ARCELOR (BERTON SICARD);INSTALLUX;5057;Non;6,5;;;;;;;
Profil Alu;;ELARGISSEUR DE FEUILLURE;ARCELOR (BERTON SICARD);INSTALLUX;5058;Non;6,5;;;;;;;
Profil Alu;;PROFIL DE DILATATION;ARCELOR (BERTON SICARD);INSTALLUX;5138;Non;6;;;;;;;
Profil Alu;;SEUIL PORTE;ARCELOR (BERTON SICARD);INSTALLUX;5144;Non;6,5;;;;;;;
Profil Alu;;SEUIL PORTE A BATTUE;ARCELOR (BERTON SICARD);INSTALLUX;5145;Non;6,5;;;;;;;
Profil Alu;;SEUIL PORTE 36.5MM;ARCELOR (BERTON SICARD);INSTALLUX;5146;Non;6;;;;;;;
Profil Alu;;SEUIL PTE VEC ALVEOV;ARCELOR (BERTON SICARD);INSTALLUX;5147;Non;6;;;;;;;
Profil Alu;;PRECADRE ISOLATION 135;ARCELOR (BERTON SICARD);INSTALLUX;5154;Non;6;;;;;;;
Profil Alu;;PRECADRE ISOLATION 160;ARCELOR (BERTON SICARD);INSTALLUX;5155;Non;6;;;;;;;
Profil Alu;;PRECADRE ISOLATION 100;ARCELOR (BERTON SICARD);INSTALLUX;5156;Non;6;;;;;;;
Profil Alu;;DORM.PRECADRE ISOL.100;ARCELOR (BERTON SICARD);INSTALLUX;5167TH;Non;6,5;;;;;;;
Profil Alu;;DORM.PRECADRE ISOL 100;ARCELOR (BERTON SICARD);INSTALLUX;5169TH;Non;6,5;;;;;;;
Profil Alu;;DORM. PRECADRE ISOL 120;ARCELOR (BERTON SICARD);INSTALLUX;5170TH;Non;6,5;;;;;;;
Profil Alu;;TAPEE 15;ARCELOR (BERTON SICARD);INSTALLUX;5190;Non;6;;;;;;;
Profil Alu;;TAPEE 25;ARCELOR (BERTON SICARD);INSTALLUX;5191;Non;6;;;;;;;
Profil Alu;;TAPEE 35;ARCELOR (BERTON SICARD);INSTALLUX;5192;Non;6;;;;;;;
Profil Alu;;TAPEE 45;ARCELOR (BERTON SICARD);INSTALLUX;5193;Non;6;;;;;;;
Profil Alu;;TAPEE 55;ARCELOR (BERTON SICARD);INSTALLUX;5194;Non;6;;;;;;;
Profil Alu;;TAPEE 65;ARCELOR (BERTON SICARD);INSTALLUX;5195;Non;6;;;;;;;
Profil Alu;;(*)DORMANT 50;ARCELOR (BERTON SICARD);INSTALLUX;5401TH;Non;6,5;;;;;;;
Profil Alu;;(*)DORM. A RECOUVREMENT;ARCELOR (BERTON SICARD);INSTALLUX;5402TH;Non;6,5;;;;;;;
Profil Alu;;DORMANT SS RECOUV. 64MM;ARCELOR (BERTON SICARD);INSTALLUX;5403TH;Non;6,5;;;;;;;
Profil Alu;;DORMANT 64;ARCELOR (BERTON SICARD);INSTALLUX;5404TH;Non;6,5;;;;;;;
Profil Alu;;(*)DORMANT 50;ARCELOR (BERTON SICARD);INSTALLUX;5405TH;Non;6,5;;;;;;;
Profil Alu;;(*)DORMANT 50;ARCELOR (BERTON SICARD);INSTALLUX;5406TH;Non;6,5;;;;;;;
Profil Alu;;DORMANT ITALIENNE;ARCELOR (BERTON SICARD);INSTALLUX;5407TH;Non;6,5;;;;;;;
Profil Alu;;DORM. ITALIERAPORTE;ARCELOR (BERTON SICARD);INSTALLUX;5408TH;Non;6,5;;;;;;;
Profil Alu;;DORM. INTEGRATIOMRID;ARCELOR (BERTON SICARD);INSTALLUX;5409TH;Non;6,5;;;;;;;
Profil Alu;;INVERSEUR DE FEUILLURE;ARCELOR (BERTON SICARD);INSTALLUX;5410TH;Non;6,5;;;;;;;
Profil Alu;;MENEAU 72;ARCELOR (BERTON SICARD);INSTALLUX;5411TH;Non;6,5;;;;;;;
Profil Alu;;MENEAU 168;ARCELOR (BERTON SICARD);INSTALLUX;5415TH;Non;6,5;;;;;;;
Profil Alu;;MENEAU RENFORCE 72;ARCELOR (BERTON SICARD);INSTALLUX;5416TH;Non;6,5;;;;;;;
Profil Alu;;MENEAU RENFORCE 99;ARCELOR (BERTON SICARD);INSTALLUX;5417TH;Non;6,5;;;;;;;
Profil Alu;;DORMANT 64;ARCELOR (BERTON SICARD);INSTALLUX;5418TH;Non;6,5;;;;;;;
Profil Alu;;DORMANT 64 A RECOUV.;ARCELOR (BERTON SICARD);INSTALLUX;5419TH;Non;6,5;;;;;;;
Profil Alu;;OUVRANT FRANCAISE 65;ARCELOR (BERTON SICARD);INSTALLUX;5421TH;Non;6,5;;;;;;;
Profil Alu;;OUVRANT FRANCAISE 79;ARCELOR (BERTON SICARD);INSTALLUX;5422TH;Non;6,5;;;;;;;
Profil Alu;;OUVRANT FRANCAISE 94;ARCELOR (BERTON SICARD);INSTALLUX;5423TH;Non;6,5;;;;;;;
Profil Alu;;OUVRANT FRANCAISE 65,5;ARCELOR (BERTON SICARD);INSTALLUX;5424TH;Non;6,5;;;;;;;
profil alu;;PROF.DORM. HT 63,8;ARCELOR (BERTON SICARD);INSTALLUX;5427TH;Non;6,5;;;;;;;
Profil Alu;;INTERM. BASCULANT;ARCELOR (BERTON SICARD);INSTALLUX;5428;Non;6,5;;;;;;;
Profil Alu;;OUVRANT ITALIEN. BASCUL;ARCELOR (BERTON SICARD);INSTALLUX;5429TH;Non;6,5;;;;;;;
Profil Alu;;MENEAU SIMPLE 129MM;ARCELOR (BERTON SICARD);INSTALLUX;5432TH;Non;6,5;;;;;;;
Profil Alu;;DORM. A RECOUVREMENT;ARCELOR (BERTON SICARD);INSTALLUX;5433TH;Non;6,5;;;;;;;
Profil Alu;;OUVRANT PROJECTION;ARCELOR (BERTON SICARD);INSTALLUX;5434TH;Non;6,5;;;;;;;
Profil Alu;;MENEAU RENFORCE LG 120MM;ARCELOR (BERTON SICARD);INSTALLUX;5435TH;Non;6,5;;;;;;;
Profil Alu;;DORMANT 100 MM CAGE EXT;ARCELOR (BERTON SICARD);INSTALLUX;5436TH;Non;6,5;;;;;;;
Profil Alu;;MONTANT ANGLE VARIABLE;ARCELOR (BERTON SICARD);INSTALLUX;5450TH;Non;6,5;;;;;;;
Profil Alu;;LIAISON 101,5/101,5RPT;ARCELOR (BERTON SICARD);INSTALLUX;5453TH;Non;6,5;;;;;;;
Profil Alu;;MONTANT ANGLE 135°;ARCELOR (BERTON SICARD);INSTALLUX;5456TH;Non;6,5;;;;;;;
profil alu;;(*)DORM.SS RECOU.SS CAGE;ARCELOR (BERTON SICARD);INSTALLUX;5465TH;Non;6,5;;;;;;;
Profil Alu;;MENEAU RENFORT INTEGRE;ARCELOR (BERTON SICARD);INSTALLUX;5499TH;Non;6,5;;;;;;;
Profil Alu;;AERATEUR ENCASTRABLE;ARCELOR (BERTON SICARD);INSTALLUX;5500;Non;1;;;;;;;
Profil Alu;;DORMANT A RECOUVREMENT;ARCELOR (BERTON SICARD);INSTALLUX;5502TH;Non;6,5;;;;;;;
Profil Alu;;DORMANT MIXTE FP/CAG.TOL;ARCELOR (BERTON SICARD);INSTALLUX;5505TH;Non;6,5;;;;;;;
Profil Alu;PARCLOSE;PARCLOSE ARRONDIE 3,5;ARCELOR (BERTON SICARD);INSTALLUX;5510;Non;6,5;;;;;;;
Profil Alu;PARCLOSE;PARCLOSE ARRONDIE 8.5;ARCELOR (BERTON SICARD);INSTALLUX;5511;Non;6,5;;;;;;;
Profil Alu;PARCLOSE;PARCLOSE ARRONDIE 23.5;ARCELOR (BERTON SICARD);INSTALLUX;5514;Non;6,5;;;;;;;
Profil Alu;PARCLOSE;PARCLOSE ARRONDIE 28,5;ARCELOR (BERTON SICARD);INSTALLUX;5515;Non;6,5;;;;;;;
Profil Alu;PARCLOSE;PARCLOSE MOULUREE 8.5;ARCELOR (BERTON SICARD);INSTALLUX;5517;Non;6,5;;;;;;;
Profil Alu;PARCLOSE;PARCLOSE MOULUREE 13.5;ARCELOR (BERTON SICARD);INSTALLUX;5518;Non;6,5;;;;;;;
Profil Alu;;*OUVRANT PORTE-FEUILLE;ARCELOR (BERTON SICARD);INSTALLUX;5618TH;Non;6,5;;;;;;;
Profil Alu;;*PROFIL DE JOINTEMENT;ARCELOR (BERTON SICARD);INSTALLUX;5622TH;Non;6,5;;;;;;;
Profil Alu;;*PAUMELLE REGL 2 BRANC;ARCELOR (BERTON SICARD);INSTALLUX;5730;Non;1;;;;;;;
Profil Alu;;*PAUMELLE REGL 2 BRANC;ARCELOR (BERTON SICARD);INSTALLUX;5734;Non;1;;;;;;;
Profil Alu;;VERROU SEMI-FIXE;ARCELOR (BERTON SICARD);INSTALLUX;5754;Non;1;;;;;;;
Profil Alu;;CREMONE POMPIER TOURNAN;ARCELOR (BERTON SICARD);INSTALLUX;5762;Non;1;;;;;;;
Profil Alu;;ROSACE DE SECURITE;ARCELOR (BERTON SICARD);INSTALLUX;5765;Non;1;;;;;;;
Profil Alu;;VERROU SEMI-FIXE;ARCELOR (BERTON SICARD);INSTALLUX;5766;Non;1;;;;;;;
Profil Alu;;GACHE HAUTE /5766/5767;ARCELOR (BERTON SICARD);INSTALLUX;5768;Non;1;;;;;;;
Profil Alu;;KIT CALES/PAUMELLES 5755;ARCELOR (BERTON SICARD);INSTALLUX;5770;Non;1;;;;;;;
Profil Alu;;MAN.INT.5891 SS BEQUILLE;ARCELOR (BERTON SICARD);INSTALLUX;5810;Non;1;;;;;;;
Profil Alu;;POIGNEE A OLIVE GAUCHE;ARCELOR (BERTON SICARD);INSTALLUX;5828;Non;1;;;;;;;
Profil Alu;;VERROU BAIONNETTE;ARCELOR (BERTON SICARD);INSTALLUX;5831;Non;1;;;;;;;
Profil Alu;;COMPAS SUPPLEMENT./5837;ARCELOR (BERTON SICARD);INSTALLUX;5838;Non;1;;;;;;;
Profil Alu;;BEQUILLE PLATE “BOREALE”;ARCELOR (BERTON SICARD);INSTALLUX;5842;Non;1;;;;;;;
Profil Alu;;*BEQUILLE TOKYO;ARCELOR (BERTON SICARD);INSTALLUX;5848;Non;1;;;;;;;
Profil Alu;;LOQUETEAU A CLAMER/SOUF.;ARCELOR (BERTON SICARD);INSTALLUX;5849;Non;1;;;;;;;
Profil Alu;;BEQUILLE ESTIVALE DRT;ARCELOR (BERTON SICARD);INSTALLUX;5853;Non;1;;;;;;;
Profil Alu;;BEQUILLE ESTIVALE GCH;ARCELOR (BERTON SICARD);INSTALLUX;5854;Non;1;;;;;;;
Profil Alu;;BEQUILLE ESTIVALE DBL;ARCELOR (BERTON SICARD);INSTALLUX;5855;Non;1;;;;;;;
Profil Alu;;*(PAUMELLE DEUX BRANCHES;ARCELOR (BERTON SICARD);INSTALLUX;5866;Non;2;;;;;;;
Profil Alu;;PAUMELLE 2 BRANCHES;ARCELOR (BERTON SICARD);INSTALLUX;5866N;Non;2;;;;;;;
Profil Alu;;PAUMELLE CL.FAIBLE TRAF.;ARCELOR (BERTON SICARD);INSTALLUX;5867;Non;2;;;;;;;
Profil Alu;;PAUMELLE 3 BRANCHES;ARCELOR (BERTON SICARD);INSTALLUX;5868N;Non;2;;;;;;;
Profil Alu;;BEQUILLE FENETRE OPERA;ARCELOR (BERTON SICARD);INSTALLUX;5871;Non;1;;;;;;;
Profil Alu;;FERM.1.2VANTAUX A CARR;ARCELOR (BERTON SICARD);INSTALLUX;5877N;Non;1;;;;;;;
Profil Alu;;(*PAUMELLE OB 2 VANTAUX;ARCELOR (BERTON SICARD);INSTALLUX;5879N;Non;1;;;;;;;
Profil Alu;;(*FERRURE OB REVERSIBLE;ARCELOR (BERTON SICARD);INSTALLUX;5880P;Non;1;;;;;;;
Profil Alu;;(*FER. OB LOGIQUE A CLE;ARCELOR (BERTON SICARD);INSTALLUX;5888P;Non;1;;;;;;;
Profil Alu;;(*FERRURE OB RV.BOIT.ENC;ARCELOR (BERTON SICARD);INSTALLUX;5897N;Non;1;;;;;;;
Profil Alu;;2 DEPARTS 50X55;ARCELOR (BERTON SICARD);INSTALLUX;5900;Non;6;;;;;;;
Profil Alu;;2 DEPARTS 50X28;ARCELOR (BERTON SICARD);INSTALLUX;5901;Non;6;;;;;;;
Profil Alu;;SEUIL TRADI;ARCELOR (BERTON SICARD);INSTALLUX;5903;Non;6,5;;;;;;;
Profil Alu;;MENEAU RENFORCE 55;ARCELOR (BERTON SICARD);INSTALLUX;5905;Non;6;;;;;;;
Profil Alu;;MENEAU RENFORCE 28;ARCELOR (BERTON SICARD);INSTALLUX;5906;Non;6;;;;;;;
Profil Alu;;FEUILLURE RAPPORTEE;ARCELOR (BERTON SICARD);INSTALLUX;5910;Non;6;;;;;;;
profil alu;;(*)DORMANT 50 A CAGE;ARCELOR (BERTON SICARD);INSTALLUX;5911;Non;6;;;;;;;
Profil Alu;;(*)DORM.AVEC RECOUVREMEN;ARCELOR (BERTON SICARD);INSTALLUX;5912;Non;6;;;;;;;
Profil Alu;;(*)DORMANT 50 SANS CAGE;ARCELOR (BERTON SICARD);INSTALLUX;5913;Non;6;;;;;;;
Profil Alu;;INVERSEUR DE FEUILLURE;ARCELOR (BERTON SICARD);INSTALLUX;5920;Non;6;;;;;;;
Profil Alu;;DORMANT HT 64 A CAGE;ARCELOR (BERTON SICARD);INSTALLUX;5921;Non;6;;;;;;;
Profil Alu;;DORMANT 64 SANS CAGE;ARCELOR (BERTON SICARD);INSTALLUX;5923;Non;6;;;;;;;
Profil Alu;;DORMANT 128MM;ARCELOR (BERTON SICARD);INSTALLUX;5924;Non;6,5;;;;;;;
Profil Alu;;MENEAU 99;ARCELOR (BERTON SICARD);INSTALLUX;5930;Non;6;;;;;;;
Profil Alu;;MENEAU SIMPLE 72;ARCELOR (BERTON SICARD);INSTALLUX;5931;Non;6;;;;;;;
Profil Alu;;MENEAU RENFORCE 99;ARCELOR (BERTON SICARD);INSTALLUX;5935;Non;6;;;;;;;
Profil Alu;;MENEAU RENFORCE 72;ARCELOR (BERTON SICARD);INSTALLUX;5936;Non;6;;;;;;;
Profil Alu;;MENEAU 168;ARCELOR (BERTON SICARD);INSTALLUX;5939;Non;6;;;;;;;
Profil Alu;;MENEAU 168X50-1M;ARCELOR (BERTON SICARD);INSTALLUX;5939/1;Non;1;;;;;;;
profil alu;;OUVRANT FRANC. 65.5;ARCELOR (BERTON SICARD);INSTALLUX;5941;Non;6;;;;;;;
Profil Alu;;OUVRANT FRANC. 79;ARCELOR (BERTON SICARD);INSTALLUX;5942;Non;6;;;;;;;
Profil Alu;;OUVRANT FRANCAISE 94;ARCELOR (BERTON SICARD);INSTALLUX;5943;Non;6;;;;;;;
Profil Alu;;BATTUE RAPORT. VA/VIENT;ARCELOR (BERTON SICARD);INSTALLUX;5971;Non;6;;;;;;;
Profil Alu;;BATTUE RAPPORTEE;ARCELOR (BERTON SICARD);INSTALLUX;5972;Non;6;;;;;;;
Profil Alu;;CLOSOIR FEUILLURE;ARCELOR (BERTON SICARD);INSTALLUX;5978;Non;6;;;;;;;
Profil Alu;;CLOSOIR 50;ARCELOR (BERTON SICARD);INSTALLUX;5979;Non;6;;;;;;;
Profil Alu;;DORMANT 50 CAGE CLIP/TOL;ARCELOR (BERTON SICARD);INSTALLUX;5980;Non;6,5;;;;;;;
Profil Alu;;DORMANT A RECOUVREMENT;ARCELOR (BERTON SICARD);INSTALLUX;5981;Non;6,5;;;;;;;
Profil Alu;;DORMANT 50 SANS CAGE;ARCELOR (BERTON SICARD);INSTALLUX;5982;Non;6,5;;;;;;;
Profil Alu;;PROFIL CACHE CAGE A TOLE;ARCELOR (BERTON SICARD);INSTALLUX;6596;Non;6,5;;;;;;;
Profil Alu;;LIAISON COUVRE JOINT;ARCELOR (BERTON SICARD);INSTALLUX;6598/4;Non;4,6;;;;;;;
Profil Alu;;REJET OU RECUP. D’EAU;ARCELOR (BERTON SICARD);INSTALLUX;6621;Non;6,5;;;;;;;
Profil Alu;;JET D’EAU;ARCELOR (BERTON SICARD);INSTALLUX;6622;Non;6,5;;;;;;;
Profil Alu;;REJET D’EAU A CLIPER;ARCELOR (BERTON SICARD);INSTALLUX;6623;Non;6,5;;;;;;;
Profil Alu;;RECUPERATEUR EAU CLIPE;ARCELOR (BERTON SICARD);INSTALLUX;6624;Non;6,5;;;;;;;
Profil Alu;;BANDEAU VENTOUSE ELCTRMG;ARCELOR (BERTON SICARD);INSTALLUX;6625/4;Non;4,6;;;;;;;
Profil Alu;;RENFORT BANDEAU /6625;ARCELOR (BERTON SICARD);INSTALLUX;6626/4;Non;4,6;;;;;;;
Profil Alu;;MOULURE RUSTIQUE;ARCELOR (BERTON SICARD);INSTALLUX;6631;Non;6,5;;;;;;;
Profil Alu;;RECUPERATEUR EAU;ARCELOR (BERTON SICARD);INSTALLUX;6635;Non;6,5;;;;;;;
Profil Alu;;COUVRE JOINT RECUP.;ARCELOR (BERTON SICARD);INSTALLUX;6636;Non;6,5;;;;;;;
Profil Alu;Bavette;BAVETTE 40;ARCELOR (BERTON SICARD);INSTALLUX;6640;Non;6,5;;;;;;;
Profil Alu;Bavette;BAVETTE 60;ARCELOR (BERTON SICARD);INSTALLUX;6641;Non;6,5;;;;;;;
Profil Alu;Bavette;BAVETTE 80;ARCELOR (BERTON SICARD);INSTALLUX;6642;Non;6,5;;;;;;;
Profil Alu;Bavette;BAVETTE 100;ARCELOR (BERTON SICARD);INSTALLUX;6643;Non;6,5;;;;;;;
Profil Alu;Bavette;BAVETTE 120;ARCELOR (BERTON SICARD);INSTALLUX;6644;Non;6,5;;;;;;;
Profil Alu;Bavette;BAVETTE 150;ARCELOR (BERTON SICARD);INSTALLUX;6645;Non;6,5;;;;;;;
Profil Alu;EMBOUT;EMBOUT DE BAVETTE LG:1M;ARCELOR (BERTON SICARD);INSTALLUX;6647/1;Non;1;;;;;;;
Profil Alu;Bavette;BAVETTE TUBUL.100MM RJD;ARCELOR (BERTON SICARD);INSTALLUX;6648;Non;6,5;;;;;;;
Profil Alu;Bavette;BAVETTE TUBUL. 100MM RJA;ARCELOR (BERTON SICARD);INSTALLUX;6649;Non;6,5;;;;;;;
Profil Alu;;COUVRE PIECE APPUI EXT.;ARCELOR (BERTON SICARD);INSTALLUX;6650;Non;6,5;;;;;;;
Profil Alu;;OUVRANT MOUSTIQUAIRE.;ARCELOR (BERTON SICARD);INSTALLUX;6801;Non;6,5;;;;;;;
Profil Alu;;DORMANT MOUSTI CAGES;ARCELOR (BERTON SICARD);INSTALLUX;6804;Non;6,5;;;;;;;
Profil Alu;Capot;CAPOT OGIVE 150;ARCELOR (BERTON SICARD);INSTALLUX;6959;Non;6,5;;;;;;;
Profil Alu;;DORM.PERI.RENOV.MENUISER;ARCELOR (BERTON SICARD);INSTALLUX;6973;Non;6,5;;;;;;;
Profil Alu;Capot;INTERCALAIRE CAPOT OGIVE;ARCELOR (BERTON SICARD);INSTALLUX;6975;Non;6,5;;;;;;;
Profil Alu;;PROFIL TUBULAIRE;ARCELOR (BERTON SICARD);INSTALLUX;6976;Non;6,5;;;;;;;
Profil Alu;EMBOUT;EMBOUT /6960;ARCELOR (BERTON SICARD);INSTALLUX;6982;Non;1;;;;;;;
Profil Alu;EMBOUT;EMBOUT /6959;ARCELOR (BERTON SICARD);INSTALLUX;6984;Non;1;;;;;;;
Profil Alu;EMBOUT;EMBOUT SUR 8205;ARCELOR (BERTON SICARD);INSTALLUX;6986;Non;1;;;;;;;
Profil Alu;;CACHE RAINURE;ARCELOR (BERTON SICARD);INSTALLUX;7014;Non;6,5;;;;;;;
Profil Alu;;POTEAU 150° 75;ARCELOR (BERTON SICARD);INSTALLUX;7016/4TH;Non;4,8;;;;;;;
Profil Alu;;POTEAU 150° 75;ARCELOR (BERTON SICARD);INSTALLUX;7016TH;Non;6,5;;;;;;;
Profil Alu;;POTEAU 150° 120;ARCELOR (BERTON SICARD);INSTALLUX;7017/4TH;Non;4,8;;;;;;;
Profil Alu;;POTEAU 150° 120;ARCELOR (BERTON SICARD);INSTALLUX;7017TH;Non;6,5;;;;;;;
Profil Alu;;REPRISE ARTICULATION;ARCELOR (BERTON SICARD);INSTALLUX;7028;Non;6,5;;;;;;;
Profil Alu;Capot;CAPOT DE RIVE 94 MM;ARCELOR (BERTON SICARD);INSTALLUX;7038;Non;6,5;;;;;;;
Profil Alu;;CACHE ARTICULATION;ARCELOR (BERTON SICARD);INSTALLUX;7039;Non;6,5;;;;;;;
Profil Alu;;OBTURATEUR 16;ARCELOR (BERTON SICARD);INSTALLUX;7042;Non;6,5;;;;;;;
Profil Alu;;OBTURATEUR 25;ARCELOR (BERTON SICARD);INSTALLUX;7044;Non;6,5;;;;;;;
Profil Alu;;EQUERRE 90° 27,4X45;ARCELOR (BERTON SICARD);INSTALLUX;7110;Non;1;;;;;;;
Profil Alu;;EQUERRE 90° 27,4X45;ARCELOR (BERTON SICARD);INSTALLUX;7110;Non;1;;;;;;;
Profil Alu;;LIAISO65X31;ARCELOR (BERTON SICARD);INSTALLUX;7054TH;Non;6,5;;;;;;;
Profil Alu;;JONCTION IMPOSTE 110X31;ARCELOR (BERTON SICARD);INSTALLUX;7056TH;Non;6,5;;;;;;;
Profil Alu;;OBTURATEUR 55MM;ARCELOR (BERTON SICARD);INSTALLUX;7108;Non;6,5;;;;;;;
Profil Alu;Capot;CAPOT SUP.PLATINE /7749;ARCELOR (BERTON SICARD);INSTALLUX;7115;Non;1;;;;;;;
Profil Alu;Capot;CAPOT SUP.PLATINE /7750;ARCELOR (BERTON SICARD);INSTALLUX;7117;Non;1;;;;;;;
Profil Alu;;PROFIL LIAISON 135° 120;ARCELOR (BERTON SICARD);INSTALLUX;7127/4TH;Non;4,8;;;;;;;
profil alu;;PROFIL LIAISO135° 120;ARCELOR (BERTON SICARD);INSTALLUX;7127TH;Non;6,5;;;;;;;
Profil Alu;Cheneau;SABLIERE VR INTEGRE;ARCELOR (BERTON SICARD);INSTALLUX;7130/3TH;Non;3,25;;;;;;;
Profil Alu;Capot;ACCROCHE BAS DE CAPOT;ARCELOR (BERTON SICARD);INSTALLUX;7133;Non;6,5;;;;;;;
Profil Alu;;COULISSE VOLET ROULANT;ARCELOR (BERTON SICARD);INSTALLUX;7134;Non;6,5;;;;;;;
Profil Alu;;DORM. CHASSIS TOITURE;ARCELOR (BERTON SICARD);INSTALLUX;7150TH;Non;6,5;;;;;;;
Profil Alu;;OUVR. CACHE CHASSIS TOIT;ARCELOR (BERTON SICARD);INSTALLUX;7151;Non;6,5;;;;;;;
Profil Alu;;POTEAU ANGLE 90° 65X75;ARCELOR (BERTON SICARD);INSTALLUX;7152/4TH;Non;4,8;;;;;;;
Profil Alu;;POTEAU ANGLE 90° 65X75;ARCELOR (BERTON SICARD);INSTALLUX;7152TH;Non;6,5;;;;;;;
Profil Alu;;LAME FINALE VOLET ROULAN;ARCELOR (BERTON SICARD);INSTALLUX;7153;Non;6,5;;;;;;;
Profil Alu;;TRAVERSE INTERMEDIAIRE;ARCELOR (BERTON SICARD);INSTALLUX;7208;Non;6,5;;;;;;;
Profil Alu;Capot;CAPOT 84;ARCELOR (BERTON SICARD);INSTALLUX;7210;Non;6,5;;;;;;;
Profil Alu;Capot;CAPOT 94;ARCELOR (BERTON SICARD);INSTALLUX;7211;Non;6,5;;;;;;;
Profil Alu;Capot;CAPOT 94;ARCELOR (BERTON SICARD);INSTALLUX;7211/4;Non;4,7;;;;;;;
Profil Alu;Capot;CAPOT DE RIVE 84;ARCELOR (BERTON SICARD);INSTALLUX;7212;Non;6,5;;;;;;;
Profil Alu;Capot;*CAPOT DECALE P.THERMOT.;ARCELOR (BERTON SICARD);INSTALLUX;7214;Non;6,5;;;;;;;
Profil Alu;PARCLOSE;PARCLOSE REMPL.09/13;ARCELOR (BERTON SICARD);INSTALLUX;7215;Non;6,5;;;;;;;
Profil Alu;PARCLOSE;PARCLOSE REMPL.16/20;ARCELOR (BERTON SICARD);INSTALLUX;7216;Non;6,5;;;;;;;
Profil Alu;PARCLOSE;PARCLOSE REMPL.23/27;ARCELOR (BERTON SICARD);INSTALLUX;7217;Non;6,5;;;;;;;
Profil Alu;PARCLOSE;PARCLOSE REMPL.51/55;ARCELOR (BERTON SICARD);INSTALLUX;7219;Non;6,5;;;;;;;
Profil Alu;EMBOUT;EMBOUT RIVE/7306TH D+G;ARCELOR (BERTON SICARD);INSTALLUX;7257;Non;1;;;;;;;
Profil Alu;EMBOUT;EMBOUT /NOUE 7225;ARCELOR (BERTON SICARD);INSTALLUX;7258;Non;1;;;;;;;
Profil Alu;EMBOUT;EMBOUT /ARETIER 7235TH;ARCELOR (BERTON SICARD);INSTALLUX;7259;Non;1;;;;;;;
Profil Alu;EMBOUT;EMBOUT RIVE /TUB.7207;ARCELOR (BERTON SICARD);INSTALLUX;7267;Non;1;;;;;;;
Profil Alu;;EPINE RPTH 100 MM;ARCELOR (BERTON SICARD);INSTALLUX;7300/4TH;Non;4,7;;;;;;;
Profil Alu;;EPINE RPTH 100 MM;ARCELOR (BERTON SICARD);INSTALLUX;7300TH;Non;6,5;;;;;;;
Profil Alu;;EPINE RPTH 120;ARCELOR (BERTON SICARD);INSTALLUX;7301/4TH;Non;4,7;;;;;;;
profil alu;;EPINE RPTH 120;ARCELOR (BERTON SICARD);INSTALLUX;7301TH;Non;6,5;;;;;;;
Profil Alu;;EPINE TUBUL.;ARCELOR (BERTON SICARD);INSTALLUX;7302;Non;6,5;;;;;;;
Profil Alu;;CHEVRORIVE 100;ARCELOR (BERTON SICARD);INSTALLUX;7307;Non;6,5;;;;;;;
Profil Alu;;SEUIL RALLONGE;ARCELOR (BERTON SICARD);INSTALLUX;7323TH;Non;6,5;;;;;;;
Profil Alu;;EPINE TUBULAIRE REM=55MM;ARCELOR (BERTON SICARD);INSTALLUX;7324/4TH;Non;4,7;;;;;;;
Profil Alu;;EPINE TUBULAIRE REM=55MM;ARCELOR (BERTON SICARD);INSTALLUX;7324TH;Non;6,5;;;;;;;
Profil Alu;;PROFIL DE RIVE REM=55MM;ARCELOR (BERTON SICARD);INSTALLUX;7325TH;Non;6,5;;;;;;;
Profil Alu;;ARETIER TUBUL.RPTH 150;ARCELOR (BERTON SICARD);INSTALLUX;7330TH;Non;6,5;;;;;;;
Profil Alu;(*)REHAUSSE;(*)REHAUSSE 150;ARCELOR (BERTON SICARD);INSTALLUX;7648;Non;6,5;;;;;;;
Profil Alu;(*)REHAUSSE;(*)REHAUSSE 50;ARCELOR (BERTON SICARD);INSTALLUX;7650;Non;6,5;;;;;;;
Profil Alu;(*)REHAUSSE;(*)REHAUSSE 50;ARCELOR (BERTON SICARD);INSTALLUX;7650;Non;6,5;;;;;;;
Profil Alu;Cheneau;SABLIERE CHENEAU 138MM;ARCELOR (BERTON SICARD);INSTALLUX;7607/4TH;Non;4,5;;;;;;;
Profil Alu;Cheneau;SABLIERE CHENEAU 138MM;ARCELOR (BERTON SICARD);INSTALLUX;7607TH;Non;6,5;;;;;;;
Profil Alu;Cheneau;(*)PROF BARDAGE CHENEAU;ARCELOR (BERTON SICARD);INSTALLUX;7618;Non;6,5;;;;;;;
Profil Alu;;PROFILE FIXATIOBARDAGE;ARCELOR (BERTON SICARD);INSTALLUX;7619;Non;6,5;;;;;;;
Profil Alu;;CHEVROMOULURE 230 MM;ARCELOR (BERTON SICARD);INSTALLUX;7622;Non;6,5;;;;;;;
Profil Alu;;CHEVRO106MM;ARCELOR (BERTON SICARD);INSTALLUX;7624/4;Non;4,7;;;;;;;
Profil Alu;Capot;CAPOT CLIPPE 31;ARCELOR (BERTON SICARD);INSTALLUX;7625;Non;6,5;;;;;;;
Profil Alu;Capot;CAPOT VISSE 31;ARCELOR (BERTON SICARD);INSTALLUX;7626/4;Non;4,7;;;;;;;
Profil Alu;Bavette;(*)BAVETTE ETANCHEITE;ARCELOR (BERTON SICARD);INSTALLUX;7627;Non;6,5;;;;;;;
Profil Alu;Cheneau;CHENEAU 230;ARCELOR (BERTON SICARD);INSTALLUX;7628;Non;6,5;;;;;;;
Profil Alu;Cheneau;CHENEAU 230;ARCELOR (BERTON SICARD);INSTALLUX;7628/4;Non;4;;;;;;;
profil alu;;(*)COFFRE VOLET ROUL 257;ARCELOR (BERTON SICARD);INSTALLUX;7629;Non;6,5;;;;;;;
Profil Alu;;DEMI ARETIER ARTICULE;ARCELOR (BERTON SICARD);INSTALLUX;7633;Non;6,5;;;;;;;
Profil Alu;;CHEVRODE RIVE;ARCELOR (BERTON SICARD);INSTALLUX;7635TH;Non;6,5;;;;;;;
Profil Alu;;CHEVRORIVE 105 MM;ARCELOR (BERTON SICARD);INSTALLUX;7637TH;Non;6,5;;;;;;;
Profil Alu;;SUPPORT BORDE VR;ARCELOR (BERTON SICARD);INSTALLUX;7644;Non;6,5;;;;;;;
Profil Alu;;OBTURATEUR;ARCELOR (BERTON SICARD);INSTALLUX;7646/4;Non;4,7;;;;;;;
Profil Alu;Chevron;CHEVRON 156MM;ARCELOR (BERTON SICARD);INSTALLUX;7649;Non;6,5;;;;;;;
Profil Alu;Chevron;CHEVRON 106MM SEMI RENF;ARCELOR (BERTON SICARD);INSTALLUX;7653;Non;6,5;;;;;;;
Profil Alu;Chevron;CHEVRON 106MM SEMI RENF;ARCELOR (BERTON SICARD);INSTALLUX;7653/4;Non;4;;;;;;;
Profil Alu;;TRAVERSE INTERM TUB;ARCELOR (BERTON SICARD);INSTALLUX;7655/4;Non;4,7;;;;;;;
Profil Alu;;SUPPORT BORDE;ARCELOR (BERTON SICARD);INSTALLUX;7657;Non;6,5;;;;;;;
Profil Alu;;ARTICULA BORDEE DRAINEE;ARCELOR (BERTON SICARD);INSTALLUX;7658THP;Non;6,5;;;;;;;
Profil Alu;;CACHE ARTICULATION;ARCELOR (BERTON SICARD);INSTALLUX;7659;Non;6,5;;;;;;;
Profil Alu;Chevron;CHEVRON 106MM RENFORCE;ARCELOR (BERTON SICARD);INSTALLUX;7661;Non;6,5;;;;;;;
Profil Alu;Chevron;CHEVRON 106MM RENFORCE;ARCELOR (BERTON SICARD);INSTALLUX;7661/4;Non;4,7;;;;;;;
Profil Alu;;ARETIER MOULURE 160MM;ARCELOR (BERTON SICARD);INSTALLUX;7662;Non;6,5;;;;;;;
Profil Alu;;ARETIER MOULURE 160MM;ARCELOR (BERTON SICARD);INSTALLUX;7662/4;Non;4,7;;;;;;;
Profil Alu;;ARET MOUL 180 SS CAGE;ARCELOR (BERTON SICARD);INSTALLUX;7663;Non;6,5;;;;;;;
Profil Alu;Capot;CAPOT TRAVERSE INTERM;ARCELOR (BERTON SICARD);INSTALLUX;7664/4;Non;4,7;;;;;;;
Profil Alu;;PROFIL NOUE;ARCELOR (BERTON SICARD);INSTALLUX;7665;Non;6,5;;;;;;;
Profil Alu;;PROFIL NOUE;ARCELOR (BERTON SICARD);INSTALLUX;7665/4;Non;4,7;;;;;;;
Profil Alu;;(*)PROFIL DE LIAISON;ARCELOR (BERTON SICARD);INSTALLUX;7668TH;Non;6,5;;;;;;;
Profil Alu;;ADAPTATEUR POUTRE BOIS;ARCELOR (BERTON SICARD);INSTALLUX;7673;Non;6,5;;;;;;;
Profil Alu;;ARTICULATION NOUE;ARCELOR (BERTON SICARD);INSTALLUX;7674;Non;6,5;;;;;;;
Profil Alu;;PROFIL DE FINITION;ARCELOR (BERTON SICARD);INSTALLUX;7679;Non;6,5;;;;;;;
Profil Alu;;(*)POTEAU 180°;ARCELOR (BERTON SICARD);INSTALLUX;7680TH;Non;6,5;;;;;;;
Profil Alu;;(*)POTEAU 90° RENTRANT;ARCELOR (BERTON SICARD);INSTALLUX;7681TH;Non;6,5;;;;;;;
Profil Alu;;(*)POTEAU 90° SORTANT;ARCELOR (BERTON SICARD);INSTALLUX;7682TH;Non;6,5;;;;;;;
Profil Alu;;(*)POTEAU 150°;ARCELOR (BERTON SICARD);INSTALLUX;7683TH;Non;6,5;;;;;;;
Profil Alu;;(*)POTEAU 135°;ARCELOR (BERTON SICARD);INSTALLUX;7684TH;Non;6,5;;;;;;;
Profil Alu;;ARTICULATIOCHEVRO156;ARCELOR (BERTON SICARD);INSTALLUX;7690;Non;6,5;;;;;;;
Profil Alu;;CHEVRORIVE 70;ARCELOR (BERTON SICARD);INSTALLUX;7691TH;Non;6,5;;;;;;;
profil alu;;*KIT EMB.CHEVR /7604;ARCELOR (BERTON SICARD);INSTALLUX;7746;Non;1;;;;;;;
Profil Alu;;PLATINE 180° 7 DEPARTS;ARCELOR (BERTON SICARD);INSTALLUX;7749;Non;1;;;;;;;
Profil Alu;;PLATINE 90° 4 DEPARTS;ARCELOR (BERTON SICARD);INSTALLUX;7750;Non;1;;;;;;;
Profil Alu;EMBOUT;EMBOUT TRAVERSE INTERM.;ARCELOR (BERTON SICARD);INSTALLUX;7757;Non;10;;;;;;;
Profil Alu;EMBOUT;EMBOUT CAPOT;ARCELOR (BERTON SICARD);INSTALLUX;7758;Non;10;;;;;;;
Profil Alu;EMBOUT;EMBOUT SUP FIXATIOARET;ARCELOR (BERTON SICARD);INSTALLUX;7759;Non;1;;;;;;;
Profil Alu;TUBE;TUBE DIAM 16X1,5 /7751;ARCELOR (BERTON SICARD);INSTALLUX;7766;Non;6;;;;;;;
Profil Alu;EMBOUT;EMBOUT CHEVRON;ARCELOR (BERTON SICARD);INSTALLUX;7770;Non;10;;;;;;;
profil alu;EMBOUT;EMBOUT ARETIER;ARCELOR (BERTON SICARD);INSTALLUX;7771;Non;1;;;;;;;
Profil Alu;EMBOUT;EMBOUT 7607TH+7603;ARCELOR (BERTON SICARD);INSTALLUX;7773;Non;2;;;;;;;
Profil Alu;EMBOUT;EMBOUT 7607TH+7604;ARCELOR (BERTON SICARD);INSTALLUX;7774;Non;2;;;;;;;
Profil Alu;EMBOUT;EMBOUT 7607TH;ARCELOR (BERTON SICARD);INSTALLUX;7776;Non;2;;;;;;;
Profil Alu;Capot;CAPOT MOULURE VR;ARCELOR (BERTON SICARD);INSTALLUX;7785;Non;6,5;;;;;;;
Profil Alu;Capot;CAPOT MOULURE VR LG 4M;ARCELOR (BERTON SICARD);INSTALLUX;7785/4;Non;4;;;;;;;
Profil Alu;EMBOUT;EMBOUT 7760TH+7604;ARCELOR (BERTON SICARD);INSTALLUX;7787;Non;1;;;;;;;
Profil Alu;EMBOUT;EMBOUT 7760TH;ARCELOR (BERTON SICARD);INSTALLUX;7789;Non;1;;;;;;;
Profil Alu;EMBOUT;EMBOUT CHEN VR+7603;ARCELOR (BERTON SICARD);INSTALLUX;7790;Non;1;;;;;;;
Profil Alu;EMBOUT;EMBOUT CHEN VR+7604;ARCELOR (BERTON SICARD);INSTALLUX;7791;Non;1;;;;;;;
Profil Alu;EMBOUT;EMBOUT CHEN VR+7605;ARCELOR (BERTON SICARD);INSTALLUX;7792;Non;1;;;;;;;
Profil Alu;Chevron;CHEVRON MOULUREE 66MM;ARCELOR (BERTON SICARD);INSTALLUX;7795;Non;6,5;;;;;;;
Profil Alu;Capot;REHAUSSEUR CAPOT 210;ARCELOR (BERTON SICARD);INSTALLUX;7797;Non;6,5;;;;;;;
Profil Alu;EMBOUT;EMBOUT CHENEAU VR 210;ARCELOR (BERTON SICARD);INSTALLUX;7801;Non;2;;;;;;;
Profil Alu;Capot;CAPOT VISSE 39;ARCELOR (BERTON SICARD);INSTALLUX;7816/4;Non;4,7;;;;;;;
Profil Alu;Capot;CAPOT VISSE 39;ARCELOR (BERTON SICARD);INSTALLUX;7816/4M;Non;4;;;;;;;
Profil Alu;Capot;CAPOT CLIPPE 39;ARCELOR (BERTON SICARD);INSTALLUX;7817;Non;6,5;;;;;;;
Profil Alu;Capot;CAPOT CLIPPE 39 DECALE;ARCELOR (BERTON SICARD);INSTALLUX;7818;Non;6,5;;;;;;;
Profil Alu;Capot;CAPOT DECALE A VISSER;ARCELOR (BERTON SICARD);INSTALLUX;7820;Non;6,5;;;;;;;
Profil Alu;;(*)SUPPORT 90° COUL VR;ARCELOR (BERTON SICARD);INSTALLUX;7824;Non;6,5;;;;;;;
Profil Alu;;ARETIER MOULURE 126;ARCELOR (BERTON SICARD);INSTALLUX;7828;Non;6,5;;;;;;;
Profil Alu;Capot;CAPOT CLIPPE 36;ARCELOR (BERTON SICARD);INSTALLUX;7835;Non;6,5;;;;;;;
Profil Alu;Capot;CAPOT VISSE 36;ARCELOR (BERTON SICARD);INSTALLUX;7836/4;Non;4,7;;;;;;;
Profil Alu;;TRAVERSE 116MM;ARCELOR (BERTON SICARD);INSTALLUX;8101;Non;6,5;;;;;;;
Profil Alu;;TRAVERSE 157MM;ARCELOR (BERTON SICARD);INSTALLUX;8102;Non;6,5;;;;;;;
Profil Alu;Capot;CAPOT 16MM L=60MM;ARCELOR (BERTON SICARD);INSTALLUX;8103;Non;6,5;;;;;;;
Profil Alu;Capot;CAPOT DE 20MM L60MM;ARCELOR (BERTON SICARD);INSTALLUX;8105;Non;6,5;;;;;;;
profil alu;;MONTANT 60X158MM;ARCELOR (BERTON SICARD);INSTALLUX;8106;Non;6,5;;;;;;;
profil alu;;TRAVERSE 168MM;ARCELOR (BERTON SICARD);INSTALLUX;8108;Non;6,5;;;;;;;
profil alu;;MONTANT 60X170MM;ARCELOR (BERTON SICARD);INSTALLUX;8110;Non;6,5;;;;;;;
Profil Alu;;MONTANT 228X54;ARCELOR (BERTON SICARD);INSTALLUX;8177;Non;6,5;;;;;;;
Profil Alu;;MONTANT 53X54;ARCELOR (BERTON SICARD);INSTALLUX;8178;Non;6,5;;;;;;;
profil alu;;MONTANT 73X54;ARCELOR (BERTON SICARD);INSTALLUX;8179;Non;6,5;;;;;;;
Profil Alu;;MONTANT 100X54;ARCELOR (BERTON SICARD);INSTALLUX;8181;Non;6,5;;;;;;;
Profil Alu;;MONTANT 150X54;ARCELOR (BERTON SICARD);INSTALLUX;8183;Non;6,5;;;;;;;
Profil Alu;;MONTANT 185X54;ARCELOR (BERTON SICARD);INSTALLUX;8184;Non;6,5;;;;;;;
Profil Alu;;TRAVERSE 38,5X54;ARCELOR (BERTON SICARD);INSTALLUX;8186;Non;6,5;;;;;;;
Profil Alu;;TRAVERSE 53X54;ARCELOR (BERTON SICARD);INSTALLUX;8187;Non;6,5;;;;;;;
Profil Alu;Capot;CAPOT EXT.46 ARRONDI;ARCELOR (BERTON SICARD);INSTALLUX;8198;Non;6,5;;;;;;;
Profil Alu;PARCLOSE;*PARCLOSE 9;ARCELOR (BERTON SICARD);INSTALLUX;8200;Non;6,5;;;;;;;
Profil Alu;PARCLOSE;PARCLOSE 18;ARCELOR (BERTON SICARD);INSTALLUX;8201;Non;6,5;;;;;;;
Profil Alu;Capot;CAPOT OGIVE 89.5;ARCELOR (BERTON SICARD);INSTALLUX;8205;Non;6,5;;;;;;;
Profil Alu;Capot;CAPOT OGIVE 70;ARCELOR (BERTON SICARD);INSTALLUX;8213;Non;6,5;;;;;;;
Profil Alu;;ADAPT.OUVRANT ITALIENNE;ARCELOR (BERTON SICARD);INSTALLUX;8242;Non;6,5;;;;;;;
Profil Alu;Capot;CAPOT EN H;ARCELOR (BERTON SICARD);INSTALLUX;8289;Non;6,5;;;;;;;
Profil Alu;Capot;CAPOT 16;ARCELOR (BERTON SICARD);INSTALLUX;8291;Non;6,5;;;;;;;
Profil Alu;Capot;CAPOT 20;ARCELOR (BERTON SICARD);INSTALLUX;8292;Non;6,5;;;;;;;
Profil Alu;Capot;CAPOT SERREUR;ARCELOR (BERTON SICARD);INSTALLUX;8293;Non;6,5;;;;;;;
Profil Alu;Capot;CAPOT SERREUR;ARCELOR (BERTON SICARD);INSTALLUX;8294;Non;6,5;;;;;;;
Profil Alu;;MONTANT 31;ARCELOR (BERTON SICARD);INSTALLUX;8500;Non;6,5;;;;;;;
Profil Alu;;MONTANT 58;ARCELOR (BERTON SICARD);INSTALLUX;8501;Non;6,5;;;;;;;
Profil Alu;;MONTANT 78;ARCELOR (BERTON SICARD);INSTALLUX;8502;Non;6,5;;;;;;;
Profil Alu;;MONTANT 98;ARCELOR (BERTON SICARD);INSTALLUX;8503;Non;6,5;;;;;;;
Profil Alu;;MONTANT 118;ARCELOR (BERTON SICARD);INSTALLUX;8504;Non;6,5;;;;;;;
Profil Alu;;MONTANT 138;ARCELOR (BERTON SICARD);INSTALLUX;8505;Non;6,5;;;;;;;
Profil Alu;;MONTANT 158;ARCELOR (BERTON SICARD);INSTALLUX;8506;Non;6,5;;;;;;;
Profil Alu;;MONTANT 178;ARCELOR (BERTON SICARD);INSTALLUX;8507;Non;6,5;;;;;;;
Profil Alu;;MONTANT 198;ARCELOR (BERTON SICARD);INSTALLUX;8508;Non;6,5;;;;;;;
Profil Alu;;MONTANT 218;ARCELOR (BERTON SICARD);INSTALLUX;8509;Non;6,5;;;;;;;
MONTANT;;MONTANT 238;ARCELOR (BERTON SICARD);INSTALLUX;8510;Non;6,5;;;;;;;
Profil Alu;;TRAVERSE 31;ARCELOR (BERTON SICARD);INSTALLUX;8511;Non;6,5;;;;;;;
Profil Alu;;TRAVERSE 58;ARCELOR (BERTON SICARD);INSTALLUX;8512;Non;6,5;;;;;;;
Profil Alu;;TRAVERSE 78;ARCELOR (BERTON SICARD);INSTALLUX;8513;Non;6,5;;;;;;;
Profil Alu;;TRAVERSE 98;ARCELOR (BERTON SICARD);INSTALLUX;8514;Non;6,5;;;;;;;
Profil Alu;;TRAVERSE 118;ARCELOR (BERTON SICARD);INSTALLUX;8515;Non;6,5;;;;;;;
Profil Alu;;TRAVERSE 138;ARCELOR (BERTON SICARD);INSTALLUX;8516;Non;6,5;;;;;;;
Profil Alu;;"MONTANT H=31; L=70MM";ARCELOR (BERTON SICARD);INSTALLUX;8518;Non;6,5;;;;;;;
Profil Alu;;MONTANT DE 218MM;ARCELOR (BERTON SICARD);INSTALLUX;8519;Non;6,5;;;;;;;
Profil Alu;;POTEAU D’ANGLE;ARCELOR (BERTON SICARD);INSTALLUX;8520;Non;6,5;;;;;;;
Profil Alu;;PROFIL DE DILATATION A98;ARCELOR (BERTON SICARD);INSTALLUX;8521;Non;6,5;;;;;;;
Profil Alu;;PROFIL DE DILATATION B98;ARCELOR (BERTON SICARD);INSTALLUX;8522;Non;6,5;;;;;;;
Profil Alu;;PROFIL DE DILATATION 118;ARCELOR (BERTON SICARD);INSTALLUX;8523;Non;6,5;;;;;;;
Profil Alu;;PROFIL DE DILATATION 118;ARCELOR (BERTON SICARD);INSTALLUX;8524;Non;6,5;;;;;;;
Profil Alu;;PROFIL DE DILATATION 138;ARCELOR (BERTON SICARD);INSTALLUX;8525;Non;6,5;;;;;;;
Profil Alu;PARCLOSE;PARCLOSE 10;ARCELOR (BERTON SICARD);INSTALLUX;8535;Non;6,5;;;;;;;
profil alu;PARCLOSE;PARCLOSE 20;ARCELOR (BERTON SICARD);INSTALLUX;8536;Non;6,5;;;;;;;
Profil Alu;PARCLOSE;PARCLOSE 30;ARCELOR (BERTON SICARD);INSTALLUX;8537;Non;6,5;;;;;;;
profil alu;;SERREUR VERRIERE;ARCELOR (BERTON SICARD);INSTALLUX;8541;Non;6,5;;;;;;;
profil alu;;PROFIL ADAPTATION;ARCELOR (BERTON SICARD);INSTALLUX;8542;Non;6,5;;;;;;;
profil alu;;OUVRANT ITALIENNE DESIGN;ARCELOR (BERTON SICARD);INSTALLUX;8556;Non;6,5;;;;;;;
profil alu;;DORMANT ITALIENNE DESIGN;ARCELOR (BERTON SICARD);INSTALLUX;8557;Non;6,5;;;;;;;
Profil Alu;Capot;CAPOT DE 190;ARCELOR (BERTON SICARD);INSTALLUX;8566;Non;6,3;;;;;;;
profil alu;;REDUCTEUR MONTANT 30MM;ARCELOR (BERTON SICARD);INSTALLUX;8568;Non;6,5;;;;;;;
profil alu;;MONTANT DE 208;ARCELOR (BERTON SICARD);INSTALLUX;8569;Non;6,5;;;;;;;
Profil Alu;;TRAVERSE PERCUTANTE 206;ARCELOR (BERTON SICARD);INSTALLUX;8570;Non;6,5;;;;;;;
Profil Alu;;REDUCTEUR MONTANT 20MM;ARCELOR (BERTON SICARD);INSTALLUX;8573;Non;6,5;;;;;;;
Profil Alu;;REDUCTEUR MONTANT 10MM;ARCELOR (BERTON SICARD);INSTALLUX;8574;Non;6,5;;;;;;;
Profil Alu;;MONTANT MINCE DE 158;ARCELOR (BERTON SICARD);INSTALLUX;8575;Non;6,5;;;;;;;
Profil Alu;;VECALU GAUCHE;ARCELOR (BERTON SICARD);INSTALLUX;8667;Non;1;;;;;;;
Profil Alu;;VECALU DROITE;ARCELOR (BERTON SICARD);INSTALLUX;8668;Non;1;;;;;;;
Profil Alu;;OUVRANT POMPIER;ARCELOR (BERTON SICARD);INSTALLUX;8670;Non;6,5;;;;;;;
Profil Alu;;DORMANT POMPIER;ARCELOR (BERTON SICARD);INSTALLUX;8671;Non;6,5;;;;;;;
Profil Alu;;CADRE FIXE OUVRANT 24;ARCELOR (BERTON SICARD);INSTALLUX;8803;Non;6;;;;;;;
Profil Alu;;TRAVERSE;ARCELOR (BERTON SICARD);INSTALLUX;8810;Non;6;;;;;;;
Profil Alu;;TRAVERSE RENFORCEE;ARCELOR (BERTON SICARD);INSTALLUX;8811;Non;6;;;;;;;
Profil Alu;;MONTANT 116X72.5;ARCELOR (BERTON SICARD);INSTALLUX;8813;Non;6,5;;;;;;;
Profil Alu;;MONTANT 93,5X72,5;ARCELOR (BERTON SICARD);INSTALLUX;8814;Non;6,5;;;;;;;
profil alu;;MONTANT 82X72.5;ARCELOR (BERTON SICARD);INSTALLUX;8815;Non;6,5;;;;;;;
profil alu;;DEMI TRAVERSE RENFORCEE;ARCELOR (BERTON SICARD);INSTALLUX;8822;Non;6;;;;;;;
profil alu;;DEMI MONTANT 54,5X42,7;ARCELOR (BERTON SICARD);INSTALLUX;8823;Non;6,5;;;;;;;
profil alu;PARCLOSE;PARCLOSE 27;ARCELOR (BERTON SICARD);INSTALLUX;8830;Non;6;;;;;;;
profil alu;PARCLOSE;PARCLOSE RIVETER;ARCELOR (BERTON SICARD);INSTALLUX;8842;Non;6,5;;;;;;;
profil alu;;CADRE OUVRANT RPTH;ARCELOR (BERTON SICARD);INSTALLUX;8843TH;Non;6,5;;;;;;;
profil alu;;CADRE OUV VEC TH BL;ARCELOR (BERTON SICARD);INSTALLUX;8844;Non;6,5;;;;;;;
profil alu;;DEMI MONTANT 116MM;ARCELOR (BERTON SICARD);INSTALLUX;8853;Non;6,5;;;;;;;
profil alu;PARCLOSE;PARCLOSE POUR 8857;ARCELOR (BERTON SICARD);INSTALLUX;8859;Non;6;;;;;;;
profil alu;PARCLOSE;PARCLOSE VEP VITRAGE=43;ARCELOR (BERTON SICARD);INSTALLUX;8873;Non;6,5;;;;;;;
profil alu;;FERMETURE GAUCHE OUVRANT;ARCELOR (BERTON SICARD);INSTALLUX;8920;Non;1;;;;;;;
Profil Alu;;FERMETURE DROITE OUVRANT;ARCELOR (BERTON SICARD);INSTALLUX;8921;Non;1;;;;;;;
Profil Alu;;CHICANE RAPPORTEE;ARCELOR (BERTON SICARD);INSTALLUX;9002;Non;6,5;;;;;;;
Profil Alu;;BUTEE D’OUVRANTS;ARCELOR (BERTON SICARD);INSTALLUX;9017;Non;1;;;;;;;
Profil Alu;;PROFIL AERATEUR 24MM;ARCELOR (BERTON SICARD);INSTALLUX;9022;Non;6;;;;;;;
Profil Alu;;PRF AERATEUR 24 HT LG3M;ARCELOR (BERTON SICARD);INSTALLUX;9022/3;Non;3;;;;;;;
Profil Alu;;PROFIL AERATEUR 24MM BAS;ARCELOR (BERTON SICARD);INSTALLUX;9023;Non;6;;;;;;;
profil alu;;PRF AERATEUR 24 BAS LG3M;ARCELOR (BERTON SICARD);INSTALLUX;9023/3;Non;3;;;;;;;
profil alu;Bavette;BAVETTE 40;ARCELOR (BERTON SICARD);INSTALLUX;9130;Non;6,5;;;;;;;
Profil Alu;Bavette;BAVETTE 60;ARCELOR (BERTON SICARD);INSTALLUX;9131;Non;6,5;;;;;;;
profil alu;Bavette;BAVETTE 80;ARCELOR (BERTON SICARD);INSTALLUX;9132;Non;6,5;;;;;;;
profil alu;Bavette;BAVETTE 150;ARCELOR (BERTON SICARD);INSTALLUX;9133;Non;6,5;;;;;;;
profil alu;;COUVRE JOINT 70;ARCELOR (BERTON SICARD);INSTALLUX;9142;Non;6,5;;;;;;;
profil alu;;COUVRE JOINT 50;ARCELOR (BERTON SICARD);INSTALLUX;9143;Non;6,5;;;;;;;
profil alu;;COUVRE JOINT 35;ARCELOR (BERTON SICARD);INSTALLUX;9145;Non;6,5;;;;;;;
Profil Alu;Bavette;BAVETTE 100;ARCELOR (BERTON SICARD);INSTALLUX;9146;Non;6,5;;;;;;;
Profil Alu;Bavette;BAVETTE 120;ARCELOR (BERTON SICARD);INSTALLUX;9147;Non;6,5;;;;;;;
Profil Alu;;COUVRE JOINT 20;ARCELOR (BERTON SICARD);INSTALLUX;9148;Non;6,5;;;;;;;
Profil Alu;;COUVRE JOINT 50;ARCELOR (BERTON SICARD);INSTALLUX;9154;Non;6,5;;;;;;;
profil alu;;COUVRE PIECE APPUI EXT.;ARCELOR (BERTON SICARD);INSTALLUX;9155;Non;6,5;;;;;;;
Profil Alu;;COUVRE JOINT 35MM TOLE;ARCELOR (BERTON SICARD);INSTALLUX;9156;Non;6,5;;;;;;;
Profil Alu;;COUVRE JOINT 70MM TOLE;ARCELOR (BERTON SICARD);INSTALLUX;9157;Non;6,5;;;;;;;
Profil Alu;;COUVRE JOINT 35 MOULURE;ARCELOR (BERTON SICARD);INSTALLUX;9162;Non;6,5;;;;;;;
Profil Alu;;COUVRE JOINT 50 MM;ARCELOR (BERTON SICARD);INSTALLUX;9163;Non;6,5;;;;;;;
profil alu;;COUVRE JOINT 70;ARCELOR (BERTON SICARD);INSTALLUX;9174;Non;6,5;;;;;;;
Profil Alu;;MONTANT EXT. SIMPLE;ARCELOR (BERTON SICARD);INSTALLUX;9190;Non;6,5;;;;;;;
Profil Alu;;MONTANT EXT. SIMPLE;ARCELOR (BERTON SICARD);INSTALLUX;9190/4;Non;4,6;;;;;;;
Profil Alu;;MONTANT EXT. RENFORCE;ARCELOR (BERTON SICARD);INSTALLUX;9191;Non;6,5;;;;;;;
profil alu;;MONTANT EXT. RENFORCE;ARCELOR (BERTON SICARD);INSTALLUX;9191/4;Non;4,6;;;;;;;
Profil Alu;;MONTANT CROIS. SIMPLE;ARCELOR (BERTON SICARD);INSTALLUX;9192;Non;6,5;;;;;;;
Profil Alu;;MONTANT CROIS. SIMPLE;ARCELOR (BERTON SICARD);INSTALLUX;9192/4;Non;4,6;;;;;;;
Profil Alu;;MONTANT CROIS. RENFORCE;ARCELOR (BERTON SICARD);INSTALLUX;9194;Non;6,5;;;;;;;
Profil Alu;;MONTANT CROIS. RENFORCE;ARCELOR (BERTON SICARD);INSTALLUX;9194/4;Non;4,6;;;;;;;
Profil Alu;;TRAVERSE HAUTE ET BASSE;ARCELOR (BERTON SICARD);INSTALLUX;9195;Non;6,5;;;;;;;
Profil Alu;;TRAVERSE INTERMEDIAIRE;ARCELOR (BERTON SICARD);INSTALLUX;9196;Non;6,5;;;;;;;
Profil Alu;;MONTANT EXT. SIMPLE;ARCELOR (BERTON SICARD);INSTALLUX;9290/4TH;Non;4,6;;;;;;;
profil alu;;MONTANT EXT. SIMPLE;ARCELOR (BERTON SICARD);INSTALLUX;9290TH;Non;6,5;;;;;;;
profil alu;;MONTANT LAT. RENFORCE;ARCELOR (BERTON SICARD);INSTALLUX;9291/4TH;Non;4,6;;;;;;;
profil alu;;MONTANT LAT. RENFORCE;ARCELOR (BERTON SICARD);INSTALLUX;9291TH;Non;6,5;;;;;;;
Profil Alu;;MONTANT CROIS. SIMPLE;ARCELOR (BERTON SICARD);INSTALLUX;9292/4TH;Non;4,6;;;;;;;
profil alu;;MONTANT CROIS. SIMPLE;ARCELOR (BERTON SICARD);INSTALLUX;9292TH;Non;6,5;;;;;;;
Profil Alu;;MONTANT CROIS. RENFORCE;ARCELOR (BERTON SICARD);INSTALLUX;9294/4TH;Non;4,6;;;;;;;
Profil Alu;;MONTANT CROIS. RENFORCE;ARCELOR (BERTON SICARD);INSTALLUX;9294TH;Non;6,5;;;;;;;
Profil Alu;;TRAVERSE INTERMEDIAIRE;ARCELOR (BERTON SICARD);INSTALLUX;9296TH;Non;6,5;;;;;;;
Profil Alu;;DORM. PERIPH.2 RAILS O;ARCELOR (BERTON SICARD);INSTALLUX;9303;Non;6,5;;;;;;;
profil alu;;DORM. PERIPH.2 RAILS O;ARCELOR (BERTON SICARD);INSTALLUX;9304;Non;6,5;;;;;;;
Profil Alu;;DORM. PERI.2 RAILS O CJ;ARCELOR (BERTON SICARD);INSTALLUX;9305;Non;6,5;;;;;;;
Profil Alu;;DORM. PERIPH.2 RAILS O;ARCELOR (BERTON SICARD);INSTALLUX;9309;Non;6,5;;;;;;;
Profil Alu;;DORM. PERIPH.3 RAILS O;ARCELOR (BERTON SICARD);INSTALLUX;9317;Non;6,5;;;;;;;
Profil Alu;;DORM. PERIPH.3 RAILS O;ARCELOR (BERTON SICARD);INSTALLUX;9319;Non;6,5;;;;;;;
Profil Alu;;DORM. RAPPORTE 2 RAILS O;ARCELOR (BERTON SICARD);INSTALLUX;9323;Non;6,5;;;;;;;
Profil Alu;;DORMANT GALANDAGE;ARCELOR (BERTON SICARD);INSTALLUX;9333;Non;6,5;;;;;;;
Profil Alu;Capot;CAPOT INT GALANDAGE;ARCELOR (BERTON SICARD);INSTALLUX;9334;Non;6,5;;;;;;;
Profil Alu;Capot;CAPOT INT COUPE GAL;ARCELOR (BERTON SICARD);INSTALLUX;9335;Non;6,5;;;;;;;
profil alu;;SUP. CHICANE RAPPORTE;ARCELOR (BERTON SICARD);INSTALLUX;9336;Non;6,5;;;;;;;
Profil Alu;Capot;CAPOT CHICANE RAPPORTEE;ARCELOR (BERTON SICARD);INSTALLUX;9337;Non;6,5;;;;;;;
Profil Alu;;CHICANE RAPPORTEE;ARCELOR (BERTON SICARD);INSTALLUX;9338;Non;6,5;;;;;;;
Profil Alu;;CLOSOIR INT GAL 2 RAILS;ARCELOR (BERTON SICARD);INSTALLUX;9339;Non;6,5;;;;;;;
Profil Alu;Capot;SUPPORT CAPOT POUR GAL;ARCELOR (BERTON SICARD);INSTALLUX;9343;Non;6,5;;;;;;;
Profil Alu;Capot;CAPOT EXT POUR COULISSE;ARCELOR (BERTON SICARD);INSTALLUX;9348;Non;6,5;;;;;;;
Profil Alu;Capot;*CAPOT EXTERIEUR 40°;ARCELOR (BERTON SICARD);INSTALLUX;9354;Non;6,5;;;;;;;
Profil Alu;;DORM.MONORAIL GORGE CLIP;ARCELOR (BERTON SICARD);INSTALLUX;9356TH;Non;6,5;;;;;;;
Profil Alu;;DORMANT MONORAIL DROIT;ARCELOR (BERTON SICARD);INSTALLUX;9357TH;Non;6,5;;;;;;;
Profil Alu;;DORM. PERIPH.2 RAILS O;ARCELOR (BERTON SICARD);INSTALLUX;9359TH;Non;6,5;;;;;;;
Profil Alu;;DORM. PERIPH.2 RAILS O;ARCELOR (BERTON SICARD);INSTALLUX;9363TH;Non;6,5;;;;;;;
Profil Alu;;DORM. PERIPH.2 RAILS O;ARCELOR (BERTON SICARD);INSTALLUX;9364TH;Non;6,5;;;;;;;
Profil Alu;;DORM. PERIP.2RAILS OCJ;ARCELOR (BERTON SICARD);INSTALLUX;9365TH;Non;6,5;;;;;;;
Profil Alu;;DORMANT MOUSTIQUAIRE;ARCELOR (BERTON SICARD);INSTALLUX;9366TH;Non;6,5;;;;;;;
Profil Alu;;DORM. RAPP. 2 RAILS O.;ARCELOR (BERTON SICARD);INSTALLUX;9367TH;Non;6,5;;;;;;;
Profil Alu;;DORM. PERIPH. 2 R MIXTE;ARCELOR (BERTON SICARD);INSTALLUX;9368TH;Non;6,5;;;;;;;
Profil Alu;;DORM. PERIPH.3 RAILS O;ARCELOR (BERTON SICARD);INSTALLUX;9371TH;Non;6,5;;;;;;;
Profil Alu;;DORM. PERIPH.3 RAILS O;ARCELOR (BERTON SICARD);INSTALLUX;9373TH;Non;6,5;;;;;;;
Profil Alu;;DORM. PERIPH.3 R MIXTE;ARCELOR (BERTON SICARD);INSTALLUX;9374TH;Non;6,5;;;;;;;
profil alu;;DORMANT GAL 1 RAIL;ARCELOR (BERTON SICARD);INSTALLUX;9375TH;Non;6,5;;;;;;;
profil alu;;DORMANT GAL 2 RAILS;ARCELOR (BERTON SICARD);INSTALLUX;9376TH;Non;6,5;;;;;;;
profil alu;;DORMANT GAL 2 RAILS 80MM;ARCELOR (BERTON SICARD);INSTALLUX;9377TH;Non;6,5;;;;;;;
profil alu;;CLOSOIR DORM. MONORAIL;ARCELOR (BERTON SICARD);INSTALLUX;9390;Non;6,5;;;;;;;
profil alu;;CLOSOIR INT. HORIZONTAL;ARCELOR (BERTON SICARD);INSTALLUX;9391;Non;6,5;;;;;;;
profil alu;;CLOSOIR INT. VERTICAL;ARCELOR (BERTON SICARD);INSTALLUX;9392;Non;6,5;;;;;;;
profil alu;;REJET D’EAU-MONORAIL;ARCELOR (BERTON SICARD);INSTALLUX;9393;Non;6,5;;;;;;;
profil alu;;RAIL HAUT RAPPORTE;ARCELOR (BERTON SICARD);INSTALLUX;9394;Non;6,5;;;;;;;
Profil Alu;;SUPPORT ETROIT EXT GAL;ARCELOR (BERTON SICARD);INSTALLUX;9396;Non;6,5;;;;;;;
Profil Alu;;PROFIL DE FINITION INT;ARCELOR (BERTON SICARD);INSTALLUX;9397;Non;6,5;;;;;;;
profil alu;;AERATEUR ENCASTRABLE;ARCELOR (BERTON SICARD);INSTALLUX;9460;Non;1;;;;;;;
profil alu;;BUTEE ARRET MULTI VTX;ARCELOR (BERTON SICARD);INSTALLUX;9617;Non;1;;;;;;;
profil alu;EMBOUT;EMBOUT MENEAU RENF / VIS;ARCELOR (BERTON SICARD);INSTALLUX;9714;Non;2;;;;;;;
profil alu;;POIGNEE MANOEUVRE;ARCELOR (BERTON SICARD);INSTALLUX;9804;Non;1;;;;;;;
profil alu;;FERRURE A CLE A POIGN;ARCELOR (BERTON SICARD);INSTALLUX;9847;Non;1;;;;;;;
profil alu;;FERM. CUV. MULTIPTS;ARCELOR (BERTON SICARD);INSTALLUX;9848;Non;1;;;;;;;
profil alu;;FERM.CUV.POIGN MULTIP;ARCELOR (BERTON SICARD);INSTALLUX;9849;Non;1;;;;;;;
profil alu;;POIGN MANOEUVRE ENCAS;ARCELOR (BERTON SICARD);INSTALLUX;9864;Non;1;;;;;;;
Profil Alu;;POIGN MANOEUVRE APPLI;ARCELOR (BERTON SICARD);INSTALLUX;9865;Non;1;;;;;;;
Profil Alu;;*FERMETURE SEMI-FIXE;ARCELOR (BERTON SICARD);INSTALLUX;9882;Non;1;;;;;;;
Profil Alu;;GACHE DORM. PERIPHER.;ARCELOR (BERTON SICARD);INSTALLUX;9890;Non;1;;;;;;;
Profil Alu;;*GACHE/9880 DOR SS RECUP;ARCELOR (BERTON SICARD);INSTALLUX;9894;Non;1;;;;;;;
Profil Alu;;*GACHE 9880 DORM.PERIPH;ARCELOR (BERTON SICARD);INSTALLUX;9895;Non;1;;;;;;;
Profil Alu;;*GACHE VANTAUX EN LIGNE;ARCELOR (BERTON SICARD);INSTALLUX;9897;Non;1;;;;;;;
Profil Alu;;FACADE MONTANT RENF;ARCELOR (BERTON SICARD);INSTALLUX;9918;Non;1;;;;;;;
Profil Alu;;FERMETURE SIMPLE;ARCELOR (BERTON SICARD);INSTALLUX;9921;Non;1;;;;;;;
Profil Alu;;FERMETURE EN SAILLIE;ARCELOR (BERTON SICARD);INSTALLUX;9923;Non;1;;;;;;;
Profil Alu;;KIT CUVETTE SIMPLE 45°;ARCELOR (BERTON SICARD);INSTALLUX;9934;Non;1;;;;;;;
Profil Alu;;KIT CUVETTE DOUBLE 45°;ARCELOR (BERTON SICARD);INSTALLUX;9935;Non;1;;;;;;;
Profil Alu;;KIT CUVETTE DB CLE 45°;ARCELOR (BERTON SICARD);INSTALLUX;9936;Non;1;;;;;;;
Profil Alu;;KIT CUV SIMPLE AUTO45;ARCELOR (BERTON SICARD);INSTALLUX;9937;Non;1;;;;;;;
Profil Alu;;*KIT CUV SIMPLE AUTO45;ARCELOR (BERTON SICARD);INSTALLUX;9937A;Non;1;;;;;;;
Profil Alu;;COQUILLE MANOEUVRE SPLE;ARCELOR (BERTON SICARD);INSTALLUX;9948;Non;1;;;;;;;
Profil Alu;;CALIPSO INT.MANOEUVRT;ARCELOR (BERTON SICARD);INSTALLUX;9960;Non;1;;;;;;;
Profil Alu;;CALIPSO EXT.MANOEUVRT;ARCELOR (BERTON SICARD);INSTALLUX;9961;Non;1;;;;;;;
Profil Alu;;CALIPSO INTERIEUR FIX;ARCELOR (BERTON SICARD);INSTALLUX;9962;Non;1;;;;;;;
Profil Alu;;CALIPSO EXTERIEUR FIX;ARCELOR (BERTON SICARD);INSTALLUX;9963;Non;1;;;;;;;
Profil Alu;;MANOEUVRE MONT RENF;ARCELOR (BERTON SICARD);INSTALLUX;9981;Non;1;;;;;;;
Profil Alu;;AEROSOL PEINTURE DECORS;ARCELOR (BERTON SICARD);INSTALLUX;40116;Non;1;;;;;;;
Profil Alu;;BARREAU 60X20;ARCELOR (BERTON SICARD);INSTALLUX;121001;Non;6,5;;;;;;;
Profil Alu;;LAME 340X20;ARCELOR (BERTON SICARD);INSTALLUX;121007;Non;4,5;;;;;;;
Profil Alu;;BARREAU 200X20;ARCELOR (BERTON SICARD);INSTALLUX;121008;Non;6,5;;;;;;;
Profil Alu;;LAME 20X20MM CARRE;ARCELOR (BERTON SICARD);INSTALLUX;121009;Non;6,5;;;;;;;
Profil Alu;;LAME 20X20MM;ARCELOR (BERTON SICARD);INSTALLUX;121013;Non;6,5;;;;;;;
Profil Alu;;LAME 100X20MM;ARCELOR (BERTON SICARD);INSTALLUX;121014;Non;6,5;;;;;;;
Profil Alu;;LAME 100MM AVEC ALVEO;ARCELOR (BERTON SICARD);INSTALLUX;121018;Non;6,5;;;;;;;
Profil Alu;;TRAVERSE INTERMEDIAIRE;ARCELOR (BERTON SICARD);INSTALLUX;121021;Non;6,5;;;;;;;
Profil Alu;;TRAVERSE BASSE;ARCELOR (BERTON SICARD);INSTALLUX;121022;Non;6,5;;;;;;;
Profil Alu;;TRAVERSE BASSE;ARCELOR (BERTON SICARD);INSTALLUX;121022/3;Non;3,2;;;;;;;
Profil Alu;;LAME 170X20MM;ARCELOR (BERTON SICARD);INSTALLUX;121027;Non;3,5;;;;;;;
Profil Alu;;KIT BARRE PALPEUSE;ARCELOR (BERTON SICARD);INSTALLUX;160000;Non;1;;;;;;;
Profil Alu;;ENSEMBLE PAUMELLE 180;ARCELOR (BERTON SICARD);INSTALLUX;160002;Non;2;;;;;;;
Profil Alu;;FIN DE COURSE MECANIQUE;ARCELOR (BERTON SICARD);INSTALLUX;160003;Non;1;;;;;;;
Profil Alu;;PANNEAU 3OCULI CARRES/4L;ARCELOR (BERTON SICARD);INSTALLUX;160011;Non;1;;;;;;;
Profil Alu;;PANNEAU 3OCULI RONDS/4L;ARCELOR (BERTON SICARD);INSTALLUX;160012;Non;1;;;;;;;
Profil Alu;;PANNEAU 3OCU RONDS ID/4L;ARCELOR (BERTON SICARD);INSTALLUX;160013;Non;1;;;;;;;
Profil Alu;;PANNEAU 4OCULI CARRES/5L;ARCELOR (BERTON SICARD);INSTALLUX;160014;Non;1;;;;;;;
profil alu;;PANNEAU 3OCULI RONDS 5L;ARCELOR (BERTON SICARD);INSTALLUX;160015;Non;1;;;;;;;
Profil Alu;;PANNEAU 4OCU RONDS ID/5L;ARCELOR (BERTON SICARD);INSTALLUX;160016;Non;1;;;;;;;
Profil Alu;;OCULUS CARRE COTE 300MM;ARCELOR (BERTON SICARD);INSTALLUX;160017;Non;1;;;;;;;
Profil Alu;;OCULUS ROND DIAM 300MM;ARCELOR (BERTON SICARD);INSTALLUX;160018;Non;1;;;;;;;
Profil Alu;;CHAPEAU POTEAU 180X180;ARCELOR (BERTON SICARD);INSTALLUX;160024;Non;1;;;;;;;
Profil Alu;;DORMANT CAGE A TOLE;ARCELOR (BERTON SICARD);INSTALLUX;410000;Non;6,5;;;;;;;
Profil Alu;;DORMANT A FOND PLAT;ARCELOR (BERTON SICARD);INSTALLUX;410001;Non;6,5;;;;;;;
Profil Alu;;DORMANT A RECOUVREMENT;ARCELOR (BERTON SICARD);INSTALLUX;410002;Non;6,5;;;;;;;
Profil Alu;;DORMANT CAGE A TOLE PF;ARCELOR (BERTON SICARD);INSTALLUX;410003;Non;6,5;;;;;;;
Profil Alu;;DORMANT A RECOUVREMENT;ARCELOR (BERTON SICARD);INSTALLUX;410004;Non;6,5;;;;;;;
Profil Alu;;DORMANT FOND PLAT GC;ARCELOR (BERTON SICARD);INSTALLUX;410005;Non;6,5;;;;;;;
Profil Alu;;DORMANT A L’ITALIENNE;ARCELOR (BERTON SICARD);INSTALLUX;410006;Non;6,5;;;;;;;
Profil Alu;;INVERSEUR DE FEUILLURE;ARCELOR (BERTON SICARD);INSTALLUX;410007;Non;6,5;;;;;;;
Profil Alu;;DORMANT DE RENOVATION;ARCELOR (BERTON SICARD);INSTALLUX;410009;Non;6,5;;;;;;;
Profil Alu;;PROFIL OUV ITALIENNE;ARCELOR (BERTON SICARD);INSTALLUX;410010;Non;6,5;;;;;;;
profil alu;;INVERS. FEUILLURE ITAL;ARCELOR (BERTON SICARD);INSTALLUX;410011;Non;6,5;;;;;;;
Profil Alu;;DORMANT RECOUVR.TAP 100;ARCELOR (BERTON SICARD);INSTALLUX;410015;Non;6,5;;;;;;;
Profil Alu;;PROFIL RECOUVR.TAP 120;ARCELOR (BERTON SICARD);INSTALLUX;410016;Non;6,5;;;;;;;
Profil Alu;;TRAVERSE OUVRANT;ARCELOR (BERTON SICARD);INSTALLUX;410030;Non;6,5;;;;;;;
Profil Alu;;MENEAU 71.5 MM;ARCELOR (BERTON SICARD);INSTALLUX;410031;Non;6,5;;;;;;;
Profil Alu;;MENEAU 71.5 MM.;ARCELOR (BERTON SICARD);INSTALLUX;410031/1;Non;1;;;;;;;
Profil Alu;;MENEAU RENFORCE 71.5 MM;ARCELOR (BERTON SICARD);INSTALLUX;410032;Non;6,5;;;;;;;
Profil Alu;;MENEAU 117 MM;ARCELOR (BERTON SICARD);INSTALLUX;410033;Non;6,5;;;;;;;
Profil Alu;;MENEAU RENFORCE 117 MM;ARCELOR (BERTON SICARD);INSTALLUX;410034;Non;6,5;;;;;;;
Profil Alu;;MENEAU 168 MM;ARCELOR (BERTON SICARD);INSTALLUX;410036;Non;6,5;;;;;;;
Profil Alu;;MENEAU RENFORCE 117 MM;ARCELOR (BERTON SICARD);INSTALLUX;410037;Non;6,5;;;;;;;
Profil Alu;;OUVRANT FRANCAISE CHAN.;ARCELOR (BERTON SICARD);INSTALLUX;410040;Non;6,5;;;;;;;
Profil Alu;;OUVRANT FRANCAISE CHAN.;ARCELOR (BERTON SICARD);INSTALLUX;410041;Non;6,5;;;;;;;
Profil Alu;;OUVRANT FRANCAISE DROIT;ARCELOR (BERTON SICARD);INSTALLUX;410042;Non;6,5;;;;;;;
Profil Alu;;OUVRANT FRANCAISE DROIT;ARCELOR (BERTON SICARD);INSTALLUX;410043;Non;6,5;;;;;;;
Profil Alu;;OUVRANT PF A LA FRAN.;ARCELOR (BERTON SICARD);INSTALLUX;410044;Non;6,5;;;;;;;
profil Alu;;OUVR. PF FRANCAISE;ARCELOR (BERTON SICARD);INSTALLUX;410044N;Non;6,5;;;;;;;
Profil Alu;;OUVRANT PF;ARCELOR (BERTON SICARD);INSTALLUX;410046;Non;6,5;;;;;;;
profil Alu;;DORMANT PLAT INT;ARCELOR (BERTON SICARD);INSTALLUX;410049;Non;6,5;;;;;;;
profil Alu;;DORMANT 124MM;ARCELOR (BERTON SICARD);INSTALLUX;410050;Non;6,5;;;;;;;
profil Alu;;MONTANT FIXE MONORAIL;ARCELOR (BERTON SICARD);INSTALLUX;410051;Non;6,5;;;;;;;
profil Alu;;DORMANT ITE DRAIN.DIRECT;ARCELOR (BERTON SICARD);INSTALLUX;410054;Non;6,5;;;;;;;
Profil Alu;;PROFIL DE LIAISO180°;ARCELOR (BERTON SICARD);INSTALLUX;410060;Non;6,5;;;;;;;
Profil Alu;;PROFIL DE LIAISO135°;ARCELOR (BERTON SICARD);INSTALLUX;410061;Non;6,5;;;;;;;
Profil Alu;;PROFIL DE LIAISO90°;ARCELOR (BERTON SICARD);INSTALLUX;410062;Non;6,5;;;;;;;
profil Alu;;PROFIL DE LIAISON VAR.;ARCELOR (BERTON SICARD);INSTALLUX;410063;Non;6,5;;;;;;;
Profil Alu;;DORMANT ITE;ARCELOR (BERTON SICARD);INSTALLUX;410065;Non;6,5;;;;;;;
Profil Alu;;DORMANT DRAINAGE DIRECT;ARCELOR (BERTON SICARD);INSTALLUX;410066;Non;6,5;;;;;;;
Profil Alu;;PROFIL DE LIAISON;ARCELOR (BERTON SICARD);INSTALLUX;410067;Non;6,5;;;;;;;
Profil Alu;;OUVRANT CAGE DE 16;ARCELOR (BERTON SICARD);INSTALLUX;410068;Non;6,5;;;;;;;
Profil Alu;;PROFIL DE DILATATION;ARCELOR (BERTON SICARD);INSTALLUX;410070;Non;6,5;;;;;;;
Profil Alu;;DORMANT HT 57MM;ARCELOR (BERTON SICARD);INSTALLUX;410072;Non;6,5;;;;;;;
Profil Alu;;JONCTION 3 RAILS;ARCELOR (BERTON SICARD);INSTALLUX;410073;Non;6,5;;;;;;;
Profil Alu;;MENEAU 84 MM;ARCELOR (BERTON SICARD);INSTALLUX;410074;Non;6,5;;;;;;;
Profil Alu;;DORMANT D’INTEGRATION;ARCELOR (BERTON SICARD);INSTALLUX;410076;Non;6,5;;;;;;;
Profil Alu;;OUVRANT FRANC.AFFLEURANT;ARCELOR (BERTON SICARD);INSTALLUX;410080;Non;6,5;;;;;;;
Profil Alu;;OUVRANT FRANC.AFFLEUR.SF;ARCELOR (BERTON SICARD);INSTALLUX;410081;Non;6,5;;;;;;;
Profil Alu;;DORMANT CAGE A TOLE OC;ARCELOR (BERTON SICARD);INSTALLUX;413000;Non;6,5;;;;;;;
Profil Alu;;DORMANT PLAT OC;ARCELOR (BERTON SICARD);INSTALLUX;413001;Non;6,5;;;;;;;
Profil Alu;;DORMANT A RECOUVREMENT;ARCELOR (BERTON SICARD);INSTALLUX;413002;Non;6,5;;;;;;;
Profil Alu;;DORMANT HAUT CC OC;ARCELOR (BERTON SICARD);INSTALLUX;413003;Non;6,5;;;;;;;
Profil Alu;;DORMANT OC70 CAGE A TOLE;ARCELOR (BERTON SICARD);INSTALLUX;413004;Non;6,5;;;;;;;
Profil Alu;;DORMANT RENO OC;ARCELOR (BERTON SICARD);INSTALLUX;413009;Non;6,5;;;;;;;
Profil Alu;;DORMANT TAPEE INT 120;ARCELOR (BERTON SICARD);INSTALLUX;413016;Non;6,5;;;;;;;
Profil Alu;Capot;REHAUSSEUR CAPOT 210;ARCELOR (BERTON SICARD);INSTALLUX;7797;Non;6,5;;;;;;;
Profil Alu;;TRAVERSE OUVRANT;ARCELOR (BERTON SICARD);INSTALLUX;413030;Non;6,5;;;;;;;
Profil Alu;;TRAVERSE DT OC 70 109MM;ARCELOR (BERTON SICARD);INSTALLUX;413031;Non;6,5;;;;;;;
profil alu;;MENEAU RENFORCE 109.5 MM;ARCELOR (BERTON SICARD);INSTALLUX;413032;Non;6,5;;;;;;;
Profil Alu;;MENEAU 155 MM;ARCELOR (BERTON SICARD);INSTALLUX;413033;Non;6,5;;;;;;;
Profil Alu;;TRAVERSE OUVRANT 72MM;ARCELOR (BERTON SICARD);INSTALLUX;413035;Non;6,5;;;;;;;
profil alu;;MENEAU 206 MM;ARCELOR (BERTON SICARD);INSTALLUX;413036;Non;6,5;;;;;;;
Profil Alu;;MENEAU ASYMETRIQUE 90.5;ARCELOR (BERTON SICARD);INSTALLUX;413037;Non;6,5;;;;;;;
Profil Alu;;MENEAU ASYMETRIQUE 80;ARCELOR (BERTON SICARD);INSTALLUX;413038;Non;6,5;;;;;;;
Profil Alu;;TRAVERSE DT OC 70 109MM;ARCELOR (BERTON SICARD);INSTALLUX;413039;Non;6,5;;;;;;;
Profil Alu;;413040BL    OUVRANT CH 23-28 BL;ARCELOR (BERTON SICARD);INSTALLUX;413040BL;Non;6,5;;;;;;;
Profil Alu;;413041BL    OUVRANT SF CH 23-28BL;ARCELOR (BERTON SICARD);INSTALLUX;413041BL;Non;6,5;;;;;;;
Profil Alu;;413042BL    OUVRANT DROIT 23-28 BL;ARCELOR (BERTON SICARD);INSTALLUX;413042BL;Non;6,5;;;;;;;
Profil Alu;;413043BL    OUVRANT SF DT 23-28 BL;ARCELOR (BERTON SICARD);INSTALLUX;413043BL;Non;6,5;;;;;;;
Profil Alu;;413050BL    OUVRANT C16 (23-28);ARCELOR (BERTON SICARD);INSTALLUX;413050BL;Non;6,5;;;;;;;
Profil Alu;;DORMANT CD BAS 120 OC;ARCELOR (BERTON SICARD);INSTALLUX;413051;Non;6,5;;;;;;;
Profil Alu;;DORMANT CD TRAV. HT 120;ARCELOR (BERTON SICARD);INSTALLUX;413053;Non;6,5;;;;;;;
Profil Alu;;DORMANT CD MONT.120 OC;ARCELOR (BERTON SICARD);INSTALLUX;413057;Non;6,5;;;;;;;
Profil Alu;;DORMANT RENOVATION SPE;ARCELOR (BERTON SICARD);INSTALLUX;413058;Non;6,5;;;;;;;
Profil Alu;;DORMANT CD BAS 160 OC;ARCELOR (BERTON SICARD);INSTALLUX;413059;Non;6,5;;;;;;;
Profil Alu;;DORMANT CD HT 160MM OC;ARCELOR (BERTON SICARD);INSTALLUX;413060;Non;6,5;;;;;;;
Profil Alu;;DORMANT CD LAT. 160 MM;ARCELOR (BERTON SICARD);INSTALLUX;413061;Non;6,5;;;;;;;
Profil Alu;;413063BL    OUVRANT DROIT 29-34 BL;ARCELOR (BERTON SICARD);INSTALLUX;413063BL;Non;6,5;;;;;;;
Profil Alu;;413064BL    OUVRANT SF DT 29-34BL;ARCELOR (BERTON SICARD);INSTALLUX;413064BL;Non;6,5;;;;;;;
profil alu;;DORMANT ITE OC OC;ARCELOR (BERTON SICARD);INSTALLUX;413065;Non;6,5;;;;;;;
Profil Alu;;DORMANT DRAIN.DIR.OC;ARCELOR (BERTON SICARD);INSTALLUX;413066;Non;6,5;;;;;;;
profil alu;;OUVRANT DROIT 41-46 BL;ARCELOR (BERTON SICARD);INSTALLUX;413069BL;Non;6,5;;;;;;;
profil alu;;MONTANT SERRURE;ARCELOR (BERTON SICARD);INSTALLUX;413070;Non;6,5;;;;;;;
profil alu;;DORMANT CD MT 100MM;ARCELOR (BERTON SICARD);INSTALLUX;413071;Non;6,5;;;;;;;
profil alu;;DORMANT CD HT 100MM;ARCELOR (BERTON SICARD);INSTALLUX;413072;Non;6,5;;;;;;;
Profil Alu;;DORMANT CD BAS 100MM;ARCELOR (BERTON SICARD);INSTALLUX;413073;Non;6,5;;;;;;;
Profil Alu;;DORMANT CD LAT 180MM;ARCELOR (BERTON SICARD);INSTALLUX;413074;Non;6,5;;;;;;;
profil alu;;DORMANT CD HT 180MM;ARCELOR (BERTON SICARD);INSTALLUX;413075;Non;6,5;;;;;;;
Profil Alu;;DORMANT CD BAS 180MM;ARCELOR (BERTON SICARD);INSTALLUX;413076;Non;6,5;;;;;;;
profil alu;;DORMANT DE HT: 200MM;ARCELOR (BERTON SICARD);INSTALLUX;413078;Non;6,5;;;;;;;
Profil Alu;;DORMANT A RECOUVREMENT;ARCELOR (BERTON SICARD);INSTALLUX;413079;Non;6,5;;;;;;;
Profil Alu;;MONTANT SEMI-FIXE;ARCELOR (BERTON SICARD);INSTALLUX;413080;Non;6,5;;;;;;;
Profil Alu;;DORMANT 83 CAGE A TOLE;ARCELOR (BERTON SICARD);INSTALLUX;413083;Non;6,5;;;;;;;
Profil Alu;;DORMANT D’INTEGRATION;ARCELOR (BERTON SICARD);INSTALLUX;413085;Non;6,5;;;;;;;
Profil Alu;;DORM.FON.PLAT DRAI.CACHE;ARCELOR (BERTON SICARD);INSTALLUX;413090;Non;6,5;;;;;;;
Profil Alu;;DORM.FON.PLAT DRAI.DIREC;ARCELOR (BERTON SICARD);INSTALLUX;413091;Non;6,5;;;;;;;
Profil Alu;;BATTUE RAPPORTEE;ARCELOR (BERTON SICARD);INSTALLUX;420000;Non;6,5;;;;;;;
Profil Alu;;*BATTUE RAPPORTEE.C16;ARCELOR (BERTON SICARD);INSTALLUX;420001;Non;6,5;;;;;;;
Profil Alu;;LIAISON CAGE A TOLE;ARCELOR (BERTON SICARD);INSTALLUX;420002;Non;6,5;;;;;;;
Profil Alu;;COUVRE JOINT PLAT 70 MM;ARCELOR (BERTON SICARD);INSTALLUX;420004;Non;6,5;;;;;;;
Profil Alu;;COUVRE JOINT 24MM;ARCELOR (BERTON SICARD);INSTALLUX;420005;Non;6,5;;;;;;;
Profil Alu;;COUVRE JOINT 35MM;ARCELOR (BERTON SICARD);INSTALLUX;420006;Non;6,5;;;;;;;
Profil Alu;;TAPEE 120MM;ARCELOR (BERTON SICARD);INSTALLUX;420011;Non;6,5;;;;;;;
Profil Alu;;TAPEE 140MM;ARCELOR (BERTON SICARD);INSTALLUX;420012;Non;6,5;;;;;;;
Profil Alu;;TAPEE 160MM;ARCELOR (BERTON SICARD);INSTALLUX;420013;Non;6,5;;;;;;;
Profil Alu;;TAPEE RAPPORTEE DE 200MM;ARCELOR (BERTON SICARD);INSTALLUX;420014;Non;6,5;;;;;;;
Profil Alu;;COUVRE JOINT RENO ARRON.;ARCELOR (BERTON SICARD);INSTALLUX;420018;Non;6,5;;;;;;;
Profil Alu;;COUVRE JOINT RENO CHANF.;ARCELOR (BERTON SICARD);INSTALLUX;420019;Non;6,5;;;;;;;
Profil Alu;;COUVRE JOINT RENO DROIT.;ARCELOR (BERTON SICARD);INSTALLUX;420021;Non;6,5;;;;;;;
Profil Alu;Bavette;BAVETTE 100MM;ARCELOR (BERTON SICARD);INSTALLUX;420023;Non;6,5;;;;;;;
Profil Alu;Bavette;BAVETTE 120MM;ARCELOR (BERTON SICARD);INSTALLUX;420024;Non;6,5;;;;;;;
Profil Alu;Bavette;BAVETTE 140MM;ARCELOR (BERTON SICARD);INSTALLUX;420025;Non;6,5;;;;;;;
Profil Alu;Bavette;BAVETTE 160MM;ARCELOR (BERTON SICARD);INSTALLUX;420026;Non;6,5;;;;;;;
Profil Alu;;COUVRE JOINT 50MM;ARCELOR (BERTON SICARD);INSTALLUX;420028;Non;6,5;;;;;;;
Profil Alu;PARCLOSE;PARCLOSE DROITE /24 A 26;ARCELOR (BERTON SICARD);INSTALLUX;420030;Non;6,5;;;;;;;
Profil Alu;PARCLOSE;PARCLOSE DROITE /27 A 29;ARCELOR (BERTON SICARD);INSTALLUX;420031;Non;6,5;;;;;;;
Profil Alu;PARCLOSE;PARCLOSE DROITE /30 A 32;ARCELOR (BERTON SICARD);INSTALLUX;420032;Non;6,5;;;;;;;
Profil Alu;PARCLOSE;PARCLOSE ARR /24 A 26;ARCELOR (BERTON SICARD);INSTALLUX;420033;Non;6,5;;;;;;;
Profil Alu;PARCLOSE;PARCLOSE ARRO /27 A 29;ARCELOR (BERTON SICARD);INSTALLUX;420034;Non;6,5;;;;;;;
Profil Alu;PARCLOSE;PARCLOSE ARRO /30 A 32;ARCELOR (BERTON SICARD);INSTALLUX;420035;Non;6,5;;;;;;;
Profil Alu;PARCLOSE;PARCLOSE CAR /24 A 26;ARCELOR (BERTON SICARD);INSTALLUX;420036;Non;6,5;;;;;;;
Profil Alu;PARCLOSE;PARCLOSE CAR /27 A 29;ARCELOR (BERTON SICARD);INSTALLUX;420037;Non;6,5;;;;;;;
Profil Alu;PARCLOSE;PARCLOSE CAR /30 A 32;ARCELOR (BERTON SICARD);INSTALLUX;420038;Non;6,5;;;;;;;
Profil Alu;PARCLOSE;PARCLOSE CARREE /42 A 44;ARCELOR (BERTON SICARD);INSTALLUX;420039;Non;6,5;;;;;;;
Profil Alu;PARCLOSE;PARCLOSE CHAN /24 A 26;ARCELOR (BERTON SICARD);INSTALLUX;420040;Non;6,5;;;;;;;
Profil Alu;PARCLOSE;PARCLOSE CHAN /27 A 29;ARCELOR (BERTON SICARD);INSTALLUX;420041;Non;6,5;;;;;;;
Profil Alu;PARCLOSE;PARCLOSE CHAN /30 A 32;ARCELOR (BERTON SICARD);INSTALLUX;420042;Non;6,5;;;;;;;
Profil Alu;Bavette;BAVETTE DE 200MM;ARCELOR (BERTON SICARD);INSTALLUX;420049;Non;6,5;;;;;;;
Profil Alu;;REJET D’EAU;ARCELOR (BERTON SICARD);INSTALLUX;420050;Non;6,5;;;;;;;
Profil Alu;Bavette;BAVETTE TUBUL. 100 RJD;ARCELOR (BERTON SICARD);INSTALLUX;420051;Non;6,5;;;;;;;
Profil Alu;Bavette;BAVETTE TUBUL. 100 RJA;ARCELOR (BERTON SICARD);INSTALLUX;420052;Non;6,5;;;;;;;
Profil Alu;;COUVRE JOINT RENO 80MM;ARCELOR (BERTON SICARD);INSTALLUX;420053;Non;6,5;;;;;;;
Profil Alu;;CACHE FEUILLURE;ARCELOR (BERTON SICARD);INSTALLUX;420054;Non;6,5;;;;;;;
Profil Alu;Bavette;BAVETTE 40MM;ARCELOR (BERTON SICARD);INSTALLUX;420055;Non;6,5;;;;;;;
Profil Alu;Bavette;BAVETTE TUBULAIRE A R.GE;ARCELOR (BERTON SICARD);INSTALLUX;420056;Non;6,5;;;;;;;
Profil Alu;Bavette;BAVETTE CLIP. DIRECT 15;ARCELOR (BERTON SICARD);INSTALLUX;420057;Non;6,5;;;;;;;
Profil Alu;Bavette;BAVETTE CLIP. DIRECT 141;ARCELOR (BERTON SICARD);INSTALLUX;420058;Non;6,5;;;;;;;
Profil Alu;;TAPEE RAPPORTEE 180MM;ARCELOR (BERTON SICARD);INSTALLUX;420059;Non;6,5;;;;;;;
Profil Alu;;TRAVERSE PETIT BOIS;ARCELOR (BERTON SICARD);INSTALLUX;420062;Non;6,5;;;;;;;
profil alu;PARCLOSE;PARCLOSE DRT 8 A 11MM;ARCELOR (BERTON SICARD);INSTALLUX;420063;Non;6,5;;;;;;;
Profil Alu;PARCLOSE;PARCLOSE CLIP. D 52 A 55;ARCELOR (BERTON SICARD);INSTALLUX;420064;Non;6,5;;;;;;;
Profil Alu;Bavette;BAVETTE DE 180MM;ARCELOR (BERTON SICARD);INSTALLUX;420067;Non;6,5;;;;;;;
Profil Alu;PARCLOSE;PARCLOSE DT VIT 45 A 48;ARCELOR (BERTON SICARD);INSTALLUX;420068;Non;6,5;;;;;;;
Profil Alu;;REJET D’EAU;ARCELOR (BERTON SICARD);INSTALLUX;420070;Non;6,5;;;;;;;
Profil Alu;;ETANCHEITE SOUS TRAVERSE;ARCELOR (BERTON SICARD);INSTALLUX;420072;Non;6,5;;;;;;;
Profil Alu;PARCLOSE;PARCLOSE DROITE 36/38MM;ARCELOR (BERTON SICARD);INSTALLUX;420160;Non;6,5;;;;;;;
Profil Alu;;TAPEE DE RENOVATION;ARCELOR (BERTON SICARD);INSTALLUX;420162;Non;6,5;;;;;;;
Profil Alu;Bavette;BAVETTE DE RENOVATION;ARCELOR (BERTON SICARD);INSTALLUX;420163;Non;6,5;;;;;;;
Profil Alu;PARCLOSE;PARCLOSE DT 36 A 39MM;ARCELOR (BERTON SICARD);INSTALLUX;420164;Non;6,5;;;;;;;
Profil Alu;PARCLOSE;PARCLOSE DTE 32 A 35MM;ARCELOR (BERTON SICARD);INSTALLUX;420166;Non;6,5;;;;;;;
Profil Alu;PARCLOSE;PARCLOSE DTE 45 A 48MM;ARCELOR (BERTON SICARD);INSTALLUX;420167;Non;6,5;;;;;;;
Profil Alu;Capot;CAPOT MONTANT SEMI-FIXE;ARCELOR (BERTON SICARD);INSTALLUX;423003;Non;6,5;;;;;;;
Profil Alu;;RALLONGE DE BATTUE;ARCELOR (BERTON SICARD);INSTALLUX;423004;Non;6,5;;;;;;;
Profil Alu;Capot;CAPOT MONTANT SEMI-FIXE;ARCELOR (BERTON SICARD);INSTALLUX;423005;Non;6,5;;;;;;;
Profil Alu;Capot;CAPOT TRAVERSE D’OUV.;ARCELOR (BERTON SICARD);INSTALLUX;423006;Non;6,5;;;;;;;
Profil Alu;Capot;CAPOT TRAVERSE OUVRANT;ARCELOR (BERTON SICARD);INSTALLUX;423009;Non;6,5;;;;;;;
Profil Alu;PARCLOSE;PARCLOSE DT 27 A 29MM;ARCELOR (BERTON SICARD);INSTALLUX;423031;Non;6,5;;;;;;;
Profil Alu;PARCLOSE;PARCLOSE DT 30 A 32MM;ARCELOR (BERTON SICARD);INSTALLUX;423032;Non;6,5;;;;;;;
Profil Alu;PARCLOSE;PARCLOSE DT EP33 A 35;ARCELOR (BERTON SICARD);INSTALLUX;423033;Non;6,5;;;;;;;
Profil Alu;PARCLOSE;PARCLOSE DT EP36 A 38;ARCELOR (BERTON SICARD);INSTALLUX;423034;Non;6,5;;;;;;;
Profil Alu;PARCLOSE;PARCLOSE DT 42 A 47 MM;ARCELOR (BERTON SICARD);INSTALLUX;423036;Non;6,5;;;;;;;
Profil Alu;PARCLOSE;PARCLOSE DT 24 A 26MM;ARCELOR (BERTON SICARD);INSTALLUX;423037;Non;6,5;;;;;;;
Profil Alu;PARCLOSE;PARCLOSE MT SERRURE;ARCELOR (BERTON SICARD);INSTALLUX;423040;Non;6,5;;;;;;;
Profil Alu;;REJET D’EAU;ARCELOR (BERTON SICARD);INSTALLUX;423041;Non;6,5;;;;;;;
Profil Alu;;REJET D EAU;ARCELOR (BERTON SICARD);INSTALLUX;423042;Non;6,5;;;;;;;
Profil Alu;;ETANCHEITE SOUS TRAVERSE;ARCELOR (BERTON SICARD);INSTALLUX;423043;Non;6,5;;;;;;;
Profil Alu;;REJET D’EAU;ARCELOR (BERTON SICARD);INSTALLUX;423044;Non;6,5;;;;;;;
Profil Alu;;(*FERMETURE OF 1VTL / 2V;ARCELOR (BERTON SICARD);INSTALLUX;450001;Non;1;;;;;;;
Profil Alu;;(*FERM.A CLE ENTROUV.OF;ARCELOR (BERTON SICARD);INSTALLUX;450002;Non;1;;;;;;;
Profil Alu;;(*FERMETURE A CARRE OF;ARCELOR (BERTON SICARD);INSTALLUX;450003;Non;1;;;;;;;
Profil Alu;;(*FERRURE OB REVERSIBLE;ARCELOR (BERTON SICARD);INSTALLUX;450012;Non;1;;;;;;;
Profil Alu;;(*FERRAGE OB LOGIQUE;ARCELOR (BERTON SICARD);INSTALLUX;450014;Non;1;;;;;;;
Profil Alu;;(*KIT PAUMELLES OB 2VTX;ARCELOR (BERTON SICARD);INSTALLUX;450024;Non;1;;;;;;;
Profil Alu;;PAUMELLE EN APPLIQUE E47;ARCELOR (BERTON SICARD);INSTALLUX;450036;Non;1;;;;;;;
Profil Alu;;PAUMELLE A CLAMER REGLA.;ARCELOR (BERTON SICARD);INSTALLUX;450037;Non;2;;;;;;;
Profil Alu;;BEQUILLE SPLE PORTE ZED;ARCELOR (BERTON SICARD);INSTALLUX;450074;Non;1;;;;;;;
Profil Alu;;*BEQUILLE DR.PORTE ZED;ARCELOR (BERTON SICARD);INSTALLUX;450074D;Non;1;;;;;;;
Profil Alu;;*BEQUILLE G.PORTE ZED;ARCELOR (BERTON SICARD);INSTALLUX;450074G;Non;1;;;;;;;
Profil Alu;;*BEQUILLE FENETRE ZED;ARCELOR (BERTON SICARD);INSTALLUX;450075A;Non;1;;;;;;;
Profil Alu;;FERRAGE 3PTS OF SECURISE;ARCELOR (BERTON SICARD);INSTALLUX;450088;Non;1;;;;;;;
Profil Alu;;KIT PAUMELLE OB;ARCELOR (BERTON SICARD);INSTALLUX;450090;Non;1;;;;;;;
Profil Alu;;PAUMELLE OF CAGE DE 16;ARCELOR (BERTON SICARD);INSTALLUX;450098;Non;50;;;;;;;
Profil Alu;;ENS CHARN. OB SUP+INF;ARCELOR (BERTON SICARD);INSTALLUX;450127;Non;1;;;;;;;
Profil Alu;;ENS CHARN. OF SUP+INF;ARCELOR (BERTON SICARD);INSTALLUX;450129;Non;1;;;;;;;
Profil Alu;;KIT CHARNIERE 3 LAMES;ARCELOR (BERTON SICARD);INSTALLUX;450138;Non;1;;;;;;;
Profil Alu;;LOQUETEAU;ARCELOR (BERTON SICARD);INSTALLUX;450147;Non;1;;;;;;;
Profil Alu;Bavette;KIT JOUE / BAVETTE 100;ARCELOR (BERTON SICARD);INSTALLUX;460046;Non;4;;;;;;;
Profil Alu;Bavette;KIT JOUE / BAVETTE 120;ARCELOR (BERTON SICARD);INSTALLUX;460047;Non;4;;;;;;;
Profil Alu;Bavette;KIT JOUE / BAVETTE 140;ARCELOR (BERTON SICARD);INSTALLUX;460048;Non;4;;;;;;;
Profil Alu;Bavette;KIT JOUE / BAVETTE 160;ARCELOR (BERTON SICARD);INSTALLUX;460049;Non;4;;;;;;;
Profil Alu;Bavette;KIT JOUE BAVETTE 200MM;ARCELOR (BERTON SICARD);INSTALLUX;460062;Non;4;;;;;;;
Profil Alu;Bavette;KIT JOUE BAVETTE 180MM;ARCELOR (BERTON SICARD);INSTALLUX;460063;Non;4;;;;;;;
Profil Alu;;FERRURE OB REVERIBLE;ARCELOR (BERTON SICARD);INSTALLUX;460100;Non;1;;;;;;;
Profil Alu;;FERRURE OB REV. A CLE;ARCELOR (BERTON SICARD);INSTALLUX;460101;Non;1;;;;;;;
Profil Alu;;FERRURE OB LOGIQUE A CLE;ARCELOR (BERTON SICARD);INSTALLUX;460102;Non;1;;;;;;;
Profil Alu;;KIT PAUMELLE OB 2VTX;ARCELOR (BERTON SICARD);INSTALLUX;460103;Non;1;;;;;;;
Profil Alu;;FERRURE OB BOI. ENCASTRE;ARCELOR (BERTON SICARD);INSTALLUX;460104;Non;1;;;;;;;
Profil Alu;;DORMANT 36.5 GORGE A TL;ARCELOR (BERTON SICARD);INSTALLUX;510000;Non;6,5;;;;;;;
Profil Alu;;DORMANT 36.5 FOND PLAT;ARCELOR (BERTON SICARD);INSTALLUX;510001;Non;6,5;;;;;;;
Profil Alu;;OUVRANT A LA FRANCAISE;ARCELOR (BERTON SICARD);INSTALLUX;510002;Non;6,5;;;;;;;
Profil Alu;;OUVRANT A L’ANGLAISE;ARCELOR (BERTON SICARD);INSTALLUX;510003;Non;6,5;;;;;;;
Profil Alu;;DORMANT 39.7 GORGE A TL;ARCELOR (BERTON SICARD);INSTALLUX;510004;Non;6,5;;;;;;;
Profil Alu;;DORMANT 39.7 FOND PLAT;ARCELOR (BERTON SICARD);INSTALLUX;510005;Non;6,5;;;;;;;
Profil Alu;;BATTUE RAPPORTEE FRANC.;ARCELOR (BERTON SICARD);INSTALLUX;510006;Non;6,5;;;;;;;
Profil Alu;;BATTUE RAPPORTEE ANGL.;ARCELOR (BERTON SICARD);INSTALLUX;510007;Non;6,5;;;;;;;
Profil Alu;;PLINTHE COUPE DROITE;ARCELOR (BERTON SICARD);INSTALLUX;510008;Non;6,5;;;;;;;
Profil Alu;;PLINTHE COUPE DROITE 1M;ARCELOR (BERTON SICARD);INSTALLUX;510008/1;Non;1;;;;;;;
Profil Alu;;DORMANT 39,7 MIXTE;ARCELOR (BERTON SICARD);INSTALLUX;510010;Non;6,5;;;;;;;
Profil Alu;;OUVRANT ANTI PINCE DOIGT;ARCELOR (BERTON SICARD);INSTALLUX;510012;Non;6,5;;;;;;;
Profil Alu;;DORMANT ANTI-PINCE DOIGT;ARCELOR (BERTON SICARD);INSTALLUX;510013;Non;6,5;;;;;;;
Profil Alu;;BATTUE RAPPORTEE DA;ARCELOR (BERTON SICARD);INSTALLUX;510014;Non;6,5;;;;;;;
Profil Alu;;DORMANT DOUBLE ACTION;ARCELOR (BERTON SICARD);INSTALLUX;510015;Non;6,5;;;;;;;
Profil Alu;;DORMANT CAGE A CLIP;ARCELOR (BERTON SICARD);INSTALLUX;510020;Non;6,5;;;;;;;
Profil Alu;;DORMANT D’INTEGRATION;ARCELOR (BERTON SICARD);INSTALLUX;510021;Non;6,5;;;;;;;
Profil Alu;;TRAVERSE REDUITE;ARCELOR (BERTON SICARD);INSTALLUX;510023;Non;6,5;;;;;;;
Profil Alu;Capot;REHAUSSEUR CAPOT 210;ARCELOR (BERTON SICARD);INSTALLUX;7797;Non;6,5;;;;;;;
Profil Alu;;TRAVERSE OUVRANT RED.;ARCELOR (BERTON SICARD);INSTALLUX;510026;Non;6,5;;;;;;;
Profil Alu;;TRAVERSE RED. LG 100;ARCELOR (BERTON SICARD);INSTALLUX;510027;Non;6,5;;;;;;;
Profil Alu;;TRAVERSE RED. LG 125;ARCELOR (BERTON SICARD);INSTALLUX;510028;Non;6,5;;;;;;;
Profil Alu;;DORMANT 39.7 CAGE T OC;ARCELOR (BERTON SICARD);INSTALLUX;513004;Non;6,5;;;;;;;
Profil Alu;;BATTUE RAP. COMETE FRA;ARCELOR (BERTON SICARD);INSTALLUX;513006;Non;6,5;;;;;;;
Profil Alu;;BATTUE RAP.COMETE ANG;ARCELOR (BERTON SICARD);INSTALLUX;513007;Non;6,5;;;;;;;
Profil Alu;;REJET D’EAU OUVR. PERIPH;ARCELOR (BERTON SICARD);INSTALLUX;520002;Non;6,5;;;;;;;
Profil Alu;;PROFIL OUVR.VENT.ELEC.;ARCELOR (BERTON SICARD);INSTALLUX;520003;Non;6,5;;;;;;;
Profil Alu;;PROFIL DORM.VENT.ELEC.;ARCELOR (BERTON SICARD);INSTALLUX;520004;Non;6,5;;;;;;;
Profil Alu;;REJET D’EAU POUR PLINTHE;ARCELOR (BERTON SICARD);INSTALLUX;520005;Non;6,5;;;;;;;
Profil Alu;;PROFIL POIGNEE DE TIRAGE;ARCELOR (BERTON SICARD);INSTALLUX;520006;Non;4,7;;;;;;;
Profil Alu;;SEUIL TRADITIONNEL;ARCELOR (BERTON SICARD);INSTALLUX;520008;Non;6,5;;;;;;;
Profil Alu;Capot;DEMI CAPOT OUVRANT APD;ARCELOR (BERTON SICARD);INSTALLUX;520010;Non;4,7;;;;;;;
Profil Alu;;PORTE BROSSE DORMANT;ARCELOR (BERTON SICARD);INSTALLUX;520012;Non;4,7;;;;;;;
Profil Alu;;CLOSOIR 70;ARCELOR (BERTON SICARD);INSTALLUX;520014;Non;6,5;;;;;;;
Profil Alu;;VERROU SF EN APPLIQUE;ARCELOR (BERTON SICARD);INSTALLUX;550034;Non;1;;;;;;;
profil Alu;;ENS. VERROUS SF + GACHES;ARCELOR (BERTON SICARD);INSTALLUX;550037N;Non;1;;;;;;;
Profil Alu;;BEQUILLE EXT.ANTIPANIC;ARCELOR (BERTON SICARD);INSTALLUX;550048;Non;1;;;;;;;
Profil Alu;;BOITIER PUSH PAD;ARCELOR (BERTON SICARD);INSTALLUX;550052;Non;1;;;;;;;
Profil Alu;;(*PAUMELLE SOLOBLOC;ARCELOR (BERTON SICARD);INSTALLUX;550062;Non;1;;;;;;;
Profil Alu;;KIT DEVOYE 9MM POUR 5762;ARCELOR (BERTON SICARD);INSTALLUX;550076;Non;1;;;;;;;
Profil Alu;;PAUMELLE A CLAMER;ARCELOR (BERTON SICARD);INSTALLUX;560011;Non;1;;;;;;;
Profil Alu;;POIGNEE POUSSOIR;ARCELOR (BERTON SICARD);INSTALLUX;560017;Non;1;;;;;;;
Profil Alu;;POIGNEE BANDEAU;ARCELOR (BERTON SICARD);INSTALLUX;560018;Non;1;;;;;;;
Profil Alu;;ENTRETOISE POUR POIGNEE;ARCELOR (BERTON SICARD);INSTALLUX;560019;Non;2;;;;;;;
Profil Alu;;PAUMELLE 3 LAMES A CLA;ARCELOR (BERTON SICARD);INSTALLUX;560032;Non;1;;;;;;;
Profil Alu;;TAPEE DE 100 MM RPT;ARCELOR (BERTON SICARD);INSTALLUX;620003;Non;6,5;;;;;;;
Profil Alu;;TAPEE DE 120 MM RPT;ARCELOR (BERTON SICARD);INSTALLUX;620004;Non;6,5;;;;;;;
Profil Alu;;TAPEE DE 100 MM RPT ESP;ARCELOR (BERTON SICARD);INSTALLUX;620008;Non;6,5;;;;;;;
Profil Alu;;1/2 PROF POTEAU 150° 124;ARCELOR (BERTON SICARD);INSTALLUX;710001;Non;6,5;;;;;;;
Profil Alu;;1/2 PROF POTEAU 135° 124;ARCELOR (BERTON SICARD);INSTALLUX;710002;Non;6,5;;;;;;;
Profil Alu;Capot;CAPOT 150° CHANFREINE;ARCELOR (BERTON SICARD);INSTALLUX;720001;Non;6,5;;;;;;;
Profil Alu;Capot;CAPOT 135° CHANF;ARCELOR (BERTON SICARD);INSTALLUX;720002;Non;6,5;;;;;;;
Profil Alu;Capot;CAPOT 90° CHANFREINE;ARCELOR (BERTON SICARD);INSTALLUX;720003;Non;6,5;;;;;;;
Profil Alu;Capot;CAPOT 180° EXTREMITE;ARCELOR (BERTON SICARD);INSTALLUX;720004;Non;6,5;;;;;;;
Profil Alu;;JONCTION DORMANT 124MM;ARCELOR (BERTON SICARD);INSTALLUX;720010;Non;6,5;;;;;;;
Profil Alu;;PROF FINITION POTEAU;ARCELOR (BERTON SICARD);INSTALLUX;720012;Non;6,5;;;;;;;
Profil Alu;;PROFIL FINITION RIVE;ARCELOR (BERTON SICARD);INSTALLUX;720013;Non;6,5;;;;;;;
Profil Alu;;SUPPORT COULISSES;ARCELOR (BERTON SICARD);INSTALLUX;720014;Non;6,5;;;;;;;
Profil Alu;;PROFIL EXT RIVE 135MM;ARCELOR (BERTON SICARD);INSTALLUX;720020;Non;6,5;;;;;;;
Profil Alu;;PROFIL INT RIVE 135MM;ARCELOR (BERTON SICARD);INSTALLUX;720021;Non;6,5;;;;;;;
Profil Alu;;PROFIL DE BASE;ARCELOR (BERTON SICARD);INSTALLUX;720050;Non;6,5;;;;;;;
Profil Alu;;PROFIL DE BASE;ARCELOR (BERTON SICARD);INSTALLUX;720050/5;Non;5;;;;;;;
Profil Alu;;PROFIL LATERAL;ARCELOR (BERTON SICARD);INSTALLUX;720051;Non;6,5;;;;;;;
Profil Alu;;PROFIL LATERAL;ARCELOR (BERTON SICARD);INSTALLUX;720051/5;Non;5;;;;;;;
Profil Alu;;GOUTTIERE;ARCELOR (BERTON SICARD);INSTALLUX;720053;Non;6,5;;;;;;;
Profil Alu;;GOUTTIERE;ARCELOR (BERTON SICARD);INSTALLUX;720053/5;Non;5;;;;;;;
Profil Alu;;COUVERCLE;ARCELOR (BERTON SICARD);INSTALLUX;720054;Non;6,5;;;;;;;
Profil Alu;;COUVERCLE;ARCELOR (BERTON SICARD);INSTALLUX;720054/5;Non;5;;;;;;;
Profil Alu;;SUPPORT LAME COTE MOT;ARCELOR (BERTON SICARD);INSTALLUX;720055;Non;6,5;;;;;;;
Profil Alu;;SUPPORT LAME COTE MOT;ARCELOR (BERTON SICARD);INSTALLUX;720055/5;Non;5;;;;;;;
Profil Alu;;LAME PERGOLA;ARCELOR (BERTON SICARD);INSTALLUX;720056N;Non;6,5;;;;;;;
Profil Alu;;LAME PERGOLA;ARCELOR (BERTON SICARD);INSTALLUX;720056N3;Non;3,7;;;;;;;
Profil Alu;;GOULOTTE;ARCELOR (BERTON SICARD);INSTALLUX;720057;Non;6,5;;;;;;;
Profil Alu;;GOULOTTE;ARCELOR (BERTON SICARD);INSTALLUX;720057/5;Non;5;;;;;;;
profil alu;;POUTRE 2 MODULES;ARCELOR (BERTON SICARD);INSTALLUX;720066;Non;6,5;;;;;;;
profil alu;;POUTRE 2 MODULES;ARCELOR (BERTON SICARD);INSTALLUX;720066/5;Non;5,3;;;;;;;
Profil Alu;;BIELLETTE MOTEUR;ARCELOR (BERTON SICARD);INSTALLUX;760021;Non;1;;;;;;;
profil alu;;CACHE COUPE ANGLE PERGO;ARCELOR (BERTON SICARD);INSTALLUX;760042;Non;1;;;;;;;
Profil Alu;;DORMANT 2 RAILS;ARCELOR (BERTON SICARD);INSTALLUX;910000;Non;6,5;;;;;;;
Profil Alu;;DORMANT 2 RAILS RECU EAU;ARCELOR (BERTON SICARD);INSTALLUX;910001;Non;6,5;;;;;;;
Profil Alu;;DORMANT 3 RAILS;ARCELOR (BERTON SICARD);INSTALLUX;910002;Non;6,5;;;;;;;
Profil Alu;;DORMANT 3 RAILS RECU EAU;ARCELOR (BERTON SICARD);INSTALLUX;910003;Non;6,5;;;;;;;
Profil Alu;;DORMANT 2 RAILS RENO;ARCELOR (BERTON SICARD);INSTALLUX;910004;Non;6,5;;;;;;;
Profil Alu;;DORMANT 2 RAILS PLAT INT;ARCELOR (BERTON SICARD);INSTALLUX;910005;Non;6,5;;;;;;;
Profil Alu;;DORMANT 2 RAILS 124MM;ARCELOR (BERTON SICARD);INSTALLUX;910006;Non;6,5;;;;;;;
Profil Alu;;DORMANT 3 RAILS 124MM;ARCELOR (BERTON SICARD);INSTALLUX;910007;Non;6,5;;;;;;;
Profil Alu;;DORMANT D’INTEGRATION;ARCELOR (BERTON SICARD);INSTALLUX;910008;Non;6,5;;;;;;;
Profil Alu;;DORMANT 4 RAILS;ARCELOR (BERTON SICARD);INSTALLUX;910009;Non;6,5;;;;;;;
Profil Alu;;MONTANT EXTREMITE SIMPLE;ARCELOR (BERTON SICARD);INSTALLUX;910010;Non;6,5;;;;;;;
Profil Alu;;MONTANT EXTREMITE SIMPLE;ARCELOR (BERTON SICARD);INSTALLUX;910010/4;Non;4,6;;;;;;;
Profil Alu;;MONT EXTREM ANTI BILAME;ARCELOR (BERTON SICARD);INSTALLUX;910010B;Non;6,5;;;;;;;
Profil Alu;;MONT EXTREM ANTI BILAME;ARCELOR (BERTON SICARD);INSTALLUX;910010B4;Non;4,6;;;;;;;
Profil Alu;;MONTANT EXTREMITE CARRE;ARCELOR (BERTON SICARD);INSTALLUX;910011;Non;6,5;;;;;;;
Profil Alu;;MONTANT EXTREMITE CARRE;ARCELOR (BERTON SICARD);INSTALLUX;910011/4;Non;4,6;;;;;;;
Profil Alu;;MONT CARRE ANTI BILAME;ARCELOR (BERTON SICARD);INSTALLUX;910011B;Non;6,5;;;;;;;
Profil Alu;;MONT CARRE ANTI BILAME;ARCELOR (BERTON SICARD);INSTALLUX;910011B4;Non;4,6;;;;;;;
Profil Alu;;MONTANT VTX LIGNE CARRE;ARCELOR (BERTON SICARD);INSTALLUX;910012;Non;6,5;;;;;;;
Profil Alu;;MONTANT VTX LIGNE CARRE;ARCELOR (BERTON SICARD);INSTALLUX;910012/4;Non;4,6;;;;;;;
Profil Alu;;MONTANT EXTREMITE ROND;ARCELOR (BERTON SICARD);INSTALLUX;910013;Non;6,5;;;;;;;
Profil Alu;;MONTANT EXTREMITE ROND;ARCELOR (BERTON SICARD);INSTALLUX;910013/4;Non;4,6;;;;;;;
Profil Alu;;MONT ROND ANTI BILAME;ARCELOR (BERTON SICARD);INSTALLUX;910013B;Non;6,5;;;;;;;
Profil Alu;;MONT ROND ANTI BILAME;ARCELOR (BERTON SICARD);INSTALLUX;910013B4;Non;4,6;;;;;;;
Profil Alu;;MONTANT VTX LIGNE ROND;ARCELOR (BERTON SICARD);INSTALLUX;910014;Non;6,5;;;;;;;
Profil Alu;;MONTANT VTX LIGNE ROND;ARCELOR (BERTON SICARD);INSTALLUX;910014/4;Non;4,6;;;;;;;
profil alu;;MONTANT RENFORT REVERS;ARCELOR (BERTON SICARD);INSTALLUX;910016B;Non;6,5;;;;;;;
Profil Alu;;MONTANT CROISEMENT SIMPL;ARCELOR (BERTON SICARD);INSTALLUX;910020;Non;6,5;;;;;;;
profil alu;;MONTANT CROISEMENT SIMPL;ARCELOR (BERTON SICARD);INSTALLUX;910020/4;Non;4,6;;;;;;;
profil alu;;MONTANT CROISEMENT CARRE;ARCELOR (BERTON SICARD);INSTALLUX;910021;Non;6,5;;;;;;;
profil alu;;MONTANT CROISEMENT CARRE;ARCELOR (BERTON SICARD);INSTALLUX;910021/4;Non;4,6;;;;;;;
profil alu;;MONTANT CROISEMENT ROND;ARCELOR (BERTON SICARD);INSTALLUX;910022;Non;6,5;;;;;;;
profil alu;;MONTANT CROISEMENT ROND;ARCELOR (BERTON SICARD);INSTALLUX;910022/4;Non;4,6;;;;;;;
profil alu;;MONTANT CROISEMENT CLAS;ARCELOR (BERTON SICARD);INSTALLUX;910023;Non;6,5;;;;;;;
Profil Alu;;MONTANT CROISEMENT CLAS;ARCELOR (BERTON SICARD);INSTALLUX;910023/4;Non;4,6;;;;;;;
Profil Alu;;TRAVERSE HAUTE ET BASSE;ARCELOR (BERTON SICARD);INSTALLUX;910030;Non;6,5;;;;;;;
Profil Alu;;TRAVERSE INTERMEDIAIRE;ARCELOR (BERTON SICARD);INSTALLUX;910031;Non;6,5;;;;;;;
Profil Alu;;DORMANT MONORAIL;ARCELOR (BERTON SICARD);INSTALLUX;910040;Non;6,5;;;;;;;
Profil Alu;;RAIL HAUT RAPPORTE;ARCELOR (BERTON SICARD);INSTALLUX;910041;Non;6,5;;;;;;;
Profil Alu;;DORMANT 2 RAILS RECOUVR;ARCELOR (BERTON SICARD);INSTALLUX;910050;Non;6,5;;;;;;;
profil Alu;;DORMANT 2 RAILS PLAT;ARCELOR (BERTON SICARD);INSTALLUX;910051;Non;6,5;;;;;;;
profil Alu;;DORMANT 2 RAILS PLAT;ARCELOR (BERTON SICARD);INSTALLUX;910051N;Non;6,5;;;;;;;
Profil Alu;;DORMANT 3 RAILS PLAT;ARCELOR (BERTON SICARD);INSTALLUX;910052;Non;6,5;;;;;;;
Profil Alu;;DORMANT 2 RAILS;ARCELOR (BERTON SICARD);INSTALLUX;910200;Non;6,5;;;;;;;
Profil Alu;;SEUIL BAS PREDRAINE;ARCELOR (BERTON SICARD);INSTALLUX;910210P;Non;6,5;;;;;;;
Profil Alu;;SEUIL PREDRAINE 45;ARCELOR (BERTON SICARD);INSTALLUX;910211P;Non;6,5;;;;;;;
Profil Alu;;SEUIL MONORAIL;ARCELOR (BERTON SICARD);INSTALLUX;910212;Non;6,5;;;;;;;
Profil Alu;;SEUIL MONORAIL;ARCELOR (BERTON SICARD);INSTALLUX;910213;Non;6,5;;;;;;;
Profil Alu;;OUVRANT ANGLE;ARCELOR (BERTON SICARD);INSTALLUX;910224;Non;6,5;;;;;;;
Profil Alu;;ANGLE SUPPORT GACHE;ARCELOR (BERTON SICARD);INSTALLUX;910225;Non;6,5;;;;;;;
Profil Alu;;MONTANT COUVRE RAIL;ARCELOR (BERTON SICARD);INSTALLUX;920003;Non;6,5;;;;;;;
Profil Alu;;RECUPERATEUR EAU RAPPORT;ARCELOR (BERTON SICARD);INSTALLUX;920004;Non;6,5;;;;;;;
Profil Alu;;CACHE VIS RECUPERATEUR;ARCELOR (BERTON SICARD);INSTALLUX;920005;Non;6,5;;;;;;;
Profil Alu;;MONTANT COUVRE RAIL;ARCELOR (BERTON SICARD);INSTALLUX;920006;Non;6,5;;;;;;;
Profil Alu;Capot;SUPPORT CAPOT INTERIEUR;ARCELOR (BERTON SICARD);INSTALLUX;920007;Non;6,5;;;;;;;
Profil Alu;;SUPPORT CROISEMENT;ARCELOR (BERTON SICARD);INSTALLUX;920008;Non;6,5;;;;;;;
Profil Alu;;SUPPORT CROISEMENT VR;ARCELOR (BERTON SICARD);INSTALLUX;920009;Non;6,5;;;;;;;
Profil Alu;Capot;CAPOT RECUP EAU GAL;ARCELOR (BERTON SICARD);INSTALLUX;920011;Non;6,5;;;;;;;
profil alu;Bavette;BAVETTE GALANDAGE;ARCELOR (BERTON SICARD);INSTALLUX;920012;Non;6,5;;;;;;;
profil alu;;CLOSOIR INT GAL;ARCELOR (BERTON SICARD);INSTALLUX;920013;Non;6,5;;;;;;;
profil Alu;;CLOSOIR DORMANT MONORAIL;ARCELOR (BERTON SICARD);INSTALLUX;920014;Non;6,5;;;;;;;
profil Alu;Bavette;BAVETTE 110MM;ARCELOR (BERTON SICARD);INSTALLUX;920025;Non;6,5;;;;;;;
profil alu;;SEUIL PMR 2 RAILS;ARCELOR (BERTON SICARD);INSTALLUX;920042;Non;6,5;;;;;;;
profil alu;;SEUIL PMR 3 RAILS;ARCELOR (BERTON SICARD);INSTALLUX;920043;Non;6,5;;;;;;;
profil Alu;;TAPEE DOUBLAGE 140 CGD;ARCELOR (BERTON SICARD);INSTALLUX;920050;Non;6,5;;;;;;;
profil Alu;;TAPEE DOUBLAGE 160 CGD;ARCELOR (BERTON SICARD);INSTALLUX;920051;Non;6,5;;;;;;;
profil alu;;TAPEE DOUBLAGE 180 CGD;ARCELOR (BERTON SICARD);INSTALLUX;920052;Non;6,5;;;;;;;
profil alu;;TAPEE DOUBLAGE 200 CGD;ARCELOR (BERTON SICARD);INSTALLUX;920053;Non;6,5;;;;;;;
Profil Alu;Capot;CAPOT DE CROISEMENT;ARCELOR (BERTON SICARD);INSTALLUX;920221;Non;6,5;;;;;;;
Profil Alu;Capot;CAPOT RENFORT CROISEMENT;ARCELOR (BERTON SICARD);INSTALLUX;920223;Non;6,5;;;;;;;
profil Alu;;PROFIL DE FINITION;ARCELOR (BERTON SICARD);INSTALLUX;920224;Non;6,5;;;;;;;
profil Alu;PARCLOSE;PARCLOSE D’ANGLE;ARCELOR (BERTON SICARD);INSTALLUX;920230;Non;6,5;;;;;;;
profil alu;;COQUILLE CHRONOS INT MAN;ARCELOR (BERTON SICARD);INSTALLUX;950014;Non;1;;;;;;;
profil alu;;COQUILLE CHRONOS INT FIX;ARCELOR (BERTON SICARD);INSTALLUX;950015;Non;1;;;;;;;
profil alu;;COQUILLE CHRONOS EXT MAN;ARCELOR (BERTON SICARD);INSTALLUX;950016;Non;1;;;;;;;
profil alu;;COQUILLE CHRONOS EXT FIX;ARCELOR (BERTON SICARD);INSTALLUX;950017;Non;1;;;;;;;
profil alu;;POIGNEE LEV ET CUVETTE;ARCELOR (BERTON SICARD);INSTALLUX;950220;Non;1;;;;;;;
profil alu;;POIGNEE DOUBLE LEVAGE;ARCELOR (BERTON SICARD);INSTALLUX;950222;Non;1;;;;;;;
profil alu;;CALE MONORAIL;ARCELOR (BERTON SICARD);INSTALLUX;960221;Non;2;;;;;;;
profil alu;;PAUMELLE A CLAMER;ARCELOR (BERTON SICARD);INSTALLUX;A5032;Non;1;;;;;;;
profil alu;;PAUMELLE 3 BR. A CLAMER;ARCELOR (BERTON SICARD);INSTALLUX;A5034;Non;1;;;;;;;
profil alu;;PAUMELLE A CLAMER SS AXE;ARCELOR (BERTON SICARD);INSTALLUX;A5068;Non;1;;;;;;;
profil alu;;PAUMELLE 2B APPL. 67/20;ARCELOR (BERTON SICARD);INSTALLUX;A5080;Non;1;;;;;;;
Profil Alu;;PAUMELLE 2B APPL. 92/20;ARCELOR (BERTON SICARD);INSTALLUX;A5081;Non;1;;;;;;;
Profil Alu;;PAUMELLE D’ANGLE SERIE F;ARCELOR (BERTON SICARD);INSTALLUX;A5082;Non;1;;;;;;;
Profil Alu;;PAUMELLE D’ANGLE RPT;ARCELOR (BERTON SICARD);INSTALLUX;A5083;Non;1;;;;;;;
Profil Alu;;PAUMELLE D’ANGLE GD RPT;ARCELOR (BERTON SICARD);INSTALLUX;A5084;Non;1;;;;;;;
Profil Alu;;PAUMELLE 3B 67/20;ARCELOR (BERTON SICARD);INSTALLUX;A5086;Non;1;;;;;;;
Profil Alu;;PAUMELLE 3B 92/20;ARCELOR (BERTON SICARD);INSTALLUX;A5087;Non;1;;;;;;;
Profil Alu;;ENSEMBLE TREUIL;ARCELOR (BERTON SICARD);INSTALLUX;A6016;Non;1;;;;;;;
Profil Alu;;CREMONE RAMSES E.REDUIT;ARCELOR (BERTON SICARD);INSTALLUX;A6077;Non;1;;;;;;;
Profil Alu;;REJET D’EAU;ARCELOR (BERTON SICARD);INSTALLUX;P5003;Non;6,5;;;;;;;
Profil Alu;;COUVRE JOINT 35;ARCELOR (BERTON SICARD);INSTALLUX;P5004;Non;6,5;;;;;;;
Profil Alu;;COUVRE JOINT 53;ARCELOR (BERTON SICARD);INSTALLUX;P5005;Non;6,5;;;;;;;
Profil Alu;;TRAVERSE 72;ARCELOR (BERTON SICARD);INSTALLUX;P5006T;Non;6,5;;;;;;;
Profil Alu;;TRAVERSE 99;ARCELOR (BERTON SICARD);INSTALLUX;P5007T;Non;6,5;;;;;;;
Profil Alu;;TRAVERSE 168;ARCELOR (BERTON SICARD);INSTALLUX;P5008T;Non;6,5;;;;;;;
Profil Alu;;MENEAU RENFORCE 72;ARCELOR (BERTON SICARD);INSTALLUX;P5009T;Non;6,5;;;;;;;
Profil Alu;;MENEAU RENFORCE 99;ARCELOR (BERTON SICARD);INSTALLUX;P5010T;Non;6,5;;;;;;;
Profil Alu;;BATTUE RAPPORTEE FRANC.;ARCELOR (BERTON SICARD);INSTALLUX;P5011T;Non;6,5;;;;;;;
Profil Alu;;BATTUE RAPPORTEE ANGL.;ARCELOR (BERTON SICARD);INSTALLUX;P5012T;Non;6,5;;;;;;;
Profil Alu;;DORM. FOND PLAT 37,6;ARCELOR (BERTON SICARD);INSTALLUX;P5013T;Non;6,5;;;;;;;
Profil Alu;;DORM. CAGE TOLE 37,6;ARCELOR (BERTON SICARD);INSTALLUX;P5014T;Non;6,5;;;;;;;
Profil Alu;;DORM. FOND PLAT 52,3;ARCELOR (BERTON SICARD);INSTALLUX;P5015T;Non;6,5;;;;;;;
Profil Alu;;DORM. CAGE TOLE 52,3;ARCELOR (BERTON SICARD);INSTALLUX;P5016T;Non;6,5;;;;;;;
Profil Alu;;DORM. FOND PLAT 41,9;ARCELOR (BERTON SICARD);INSTALLUX;P5017T;Non;6,5;;;;;;;
Profil Alu;;DORM. CAGE TOLE 41,9;ARCELOR (BERTON SICARD);INSTALLUX;P5018T;Non;6,5;;;;;;;
Profil Alu;;DORM. FOND PLAT 56,6;ARCELOR (BERTON SICARD);INSTALLUX;P5019T;Non;6,5;;;;;;;
Profil Alu;;DORM. CAGE TOLE 56,6;ARCELOR (BERTON SICARD);INSTALLUX;P5020T;Non;6,5;;;;;;;
Profil Alu;;(*)DORMANT FOND PLAT 28;ARCELOR (BERTON SICARD);INSTALLUX;P5021T;Non;6,5;;;;;;;
Profil Alu;;(*)DORMANT FD PLAT 28 MM;ARCELOR (BERTON SICARD);INSTALLUX;P5022;Non;6,5;;;;;;;
Profil Alu;;OUVRANT A LA FRANCAISE;ARCELOR (BERTON SICARD);INSTALLUX;P5023T;Non;6,5;;;;;;;
Profil Alu;;OUVRANT A L’ANGLAISE;ARCELOR (BERTON SICARD);INSTALLUX;P5024T;Non;6,5;;;;;;;
Profil Alu;;TRAVERSE 72;ARCELOR (BERTON SICARD);INSTALLUX;P5025;Non;6,5;;;;;;;
Profil Alu;;TRAVERSE 99;ARCELOR (BERTON SICARD);INSTALLUX;P5026;Non;6,5;;;;;;;
Profil Alu;;TRAVERSE 168;ARCELOR (BERTON SICARD);INSTALLUX;P5027;Non;6,5;;;;;;;
Profil Alu;;MENEAU RENFORCE 72;ARCELOR (BERTON SICARD);INSTALLUX;P5028;Non;6,5;;;;;;;
Profil Alu;;MENEAU RENFORCE 99;ARCELOR (BERTON SICARD);INSTALLUX;P5029;Non;6,5;;;;;;;
profil alu;;DORM. 37,6 FP;ARCELOR (BERTON SICARD);INSTALLUX;P5030;Non;6,5;;;;;;;
Profil Alu;;DORMANT 37,6 CLIP;ARCELOR (BERTON SICARD);INSTALLUX;P5031;Non;6,5;;;;;;;
Profil Alu;;DORMANT 52,3 FP;ARCELOR (BERTON SICARD);INSTALLUX;P5032;Non;6,5;;;;;;;
Profil Alu;;DORMANT 52,3 CLIP;ARCELOR (BERTON SICARD);INSTALLUX;P5033;Non;6,5;;;;;;;
Profil Alu;;DORMANT 41,9 FP CC;ARCELOR (BERTON SICARD);INSTALLUX;P5034;Non;6,5;;;;;;;
Profil Alu;;DORMANT 41,9 CLIP CC;ARCELOR (BERTON SICARD);INSTALLUX;P5035;Non;6,5;;;;;;;
Profil Alu;;DORMANT 56,6 FP CC;ARCELOR (BERTON SICARD);INSTALLUX;P5036;Non;6,5;;;;;;;
Profil Alu;;OUVRANT DOUBLE ACTION;ARCELOR (BERTON SICARD);INSTALLUX;P5038T;Non;6,5;;;;;;;
Profil Alu;;DORMANT DOUBLE ACTION;ARCELOR (BERTON SICARD);INSTALLUX;P5039T;Non;6,5;;;;;;;
Profil Alu;;OUVRANT A LA FRANCAISE;ARCELOR (BERTON SICARD);INSTALLUX;P5040;Non;6,5;;;;;;;
Profil Alu;;OUVRANT A L’ANGLAISE;ARCELOR (BERTON SICARD);INSTALLUX;P5041;Non;6,5;;;;;;;
Profil Alu;;BATTUE RAPPORTEE ANGL.;ARCELOR (BERTON SICARD);INSTALLUX;P5043;Non;6,5;;;;;;;
Profil Alu;;BATTUE RAPPORTEE FRANC.;ARCELOR (BERTON SICARD);INSTALLUX;P5044;Non;6,5;;;;;;;
Profil Alu;;PROFIL DE BASE HT=28MM;ARCELOR (BERTON SICARD);INSTALLUX;P5049T;Non;6,5;;;;;;;
Profil Alu;;(*)DORMT 28MM CAGE A TOL;ARCELOR (BERTON SICARD);INSTALLUX;P5053T;Non;6,5;;;;;;;
Profil Alu;;MENEAU RENF.SIMPLE 129MM;ARCELOR (BERTON SICARD);INSTALLUX;P5054T;Non;6,5;;;;;;;
Profil Alu;;RAIL HAUT PORTES REPLIA.;ARCELOR (BERTON SICARD);INSTALLUX;P5055;Non;6,5;;;;;;;
Profil Alu;;FINITION HAUTE / P5055;ARCELOR (BERTON SICARD);INSTALLUX;P5058;Non;6,5;;;;;;;
Profil Alu;;BATTUE RAPPORTEE VA/VIEN;ARCELOR (BERTON SICARD);INSTALLUX;P5061T;Non;6,5;;;;;;;
Profil Alu;;OUVRANT DOUBLE ACTION;ARCELOR (BERTON SICARD);INSTALLUX;P5064;Non;6,5;;;;;;;
Profil Alu;;DORMANT DOUBLE ACTION;ARCELOR (BERTON SICARD);INSTALLUX;P5065;Non;6,5;;;;;;;
Profil Alu;;PLINTHE 161MM;ARCELOR (BERTON SICARD);INSTALLUX;P5066T;Non;6,5;;;;;;;
Profil Alu;;PLINTHE 161 MM 1M.;ARCELOR (BERTON SICARD);INSTALLUX;P5066T/1;Non;1;;;;;;;
Profil Alu;;2 DEPARTS 50X55;ARCELOR (BERTON SICARD);INSTALLUX;P5067;Non;6,5;;;;;;;
Profil Alu;;PLINTHE 161MM;ARCELOR (BERTON SICARD);INSTALLUX;P5068;Non;6,5;;;;;;;
Profil Alu;;PLINTHE 161MM LG 1ML;ARCELOR (BERTON SICARD);INSTALLUX;P5068/1;Non;1;;;;;;;
Profil Alu;;(*)DORMANT MIXTE 28MM;ARCELOR (BERTON SICARD);INSTALLUX;P5071T;Non;6,5;;;;;;;
Profil Alu;;(*)DORM.CAGE A TOLE 28MM;ARCELOR (BERTON SICARD);INSTALLUX;P5072;Non;6,5;;;;;;;
Profil Alu;;DORMANT FOND PLAT 30 MM;ARCELOR (BERTON SICARD);INSTALLUX;P5073T;Non;6,5;;;;;;;
Profil Alu;;DORMANT 30MM CAGE A TOLE;ARCELOR (BERTON SICARD);INSTALLUX;P5074T;Non;6,5;;;;;;;
Profil Alu;;DORMANT MIXTE 30MM;ARCELOR (BERTON SICARD);INSTALLUX;P5075T;Non;6,5;;;;;;;
Profil Alu;;DORMANT FOND PLAT 30MM;ARCELOR (BERTON SICARD);INSTALLUX;P5076;Non;6,5;;;;;;;
Profil Alu;;DORMANT CAGE A TOLE 30MM;ARCELOR (BERTON SICARD);INSTALLUX;P5077;Non;6,5;;;;;;;
Profil Alu;;MONTANT PRE-PERCE 50MM;ARCELOR (BERTON SICARD);INSTALLUX;P6039;Non;5,8;;;;;;;
Profil Alu;;MONTANT PRE-PERCE 70MM;ARCELOR (BERTON SICARD);INSTALLUX;P6040;Non;5,8;;;;;;;
Profil Alu;Capot;CAPOT GLISSE;ARCELOR (BERTON SICARD);INSTALLUX;P6041;Non;5,8;;;;;;;
Profil Alu;;MOUSTIQUAIRE;ARCELOR (BERTON SICARD);INSTALLUX;P6046;Non;5,8;;;;;;;
Profil Alu;;LAME ALU JALOUSIE;ARCELOR (BERTON SICARD);INSTALLUX;P6050;Non;6,5;;;;;;;
Profil Alu;;TRAVERSE HAUTE;ARCELOR (BERTON SICARD);INSTALLUX;P6051;Non;5,8;;;;;;;
Profil Alu;;TRAVERSE BASSE;ARCELOR (BERTON SICARD);INSTALLUX;P6052;Non;5,8;;;;;;;
Profil Alu;;PORTE LAME;ARCELOR (BERTON SICARD);INSTALLUX;P6053;Non;5,8;;;;;;;
Profil Alu;Capot;REHAUSSEUR CAPOT 210;ARCELOR (BERTON SICARD);INSTALLUX;7797;Non;6,5;;;;;;;
Profil Alu;;PRECADRE BAS;ARCELOR (BERTON SICARD);INSTALLUX;P6056;Non;6,5;;;;;;;
Profil Alu;;PRECADRE HAUT;ARCELOR (BERTON SICARD);INSTALLUX;P6057;Non;6,5;;;;;;;
Profil Alu;;DORMANT PRECADRE;ARCELOR (BERTON SICARD);INSTALLUX;P6058;Non;6,5;;;;;;;
Profil Alu;;DORMANT VOLET BATTANT;ARCELOR (BERTON SICARD);INSTALLUX;P6060;Non;6,5;;;;;;;
Profil Alu;;OUVRANT VOLET BATTANT;ARCELOR (BERTON SICARD);INSTALLUX;P6061;Non;6,5;;;;;;;
Profil Alu;;OUVRANT SEMI-FIXE VOLET;ARCELOR (BERTON SICARD);INSTALLUX;P6062;Non;6,5;;;;;;;
Profil Alu;;REMPLISSAGE PANNEAU;ARCELOR (BERTON SICARD);INSTALLUX;P6063;Non;6,5;;;;;;;
Profil Alu;TUBE;TUBE CARRE 125X125X2,2;ARCELOR (BERTON SICARD);INSTALLUX;TU125125;Non;6,5;;;;;;;
Profil Alu;TUBE;TUBE RECT.20X10X2;ARCELOR (BERTON SICARD);INSTALLUX;TU2010X2;Non;6,5;;;;;;;
Profil Alu;TUBE;TUBE CARRE 20X20X2;ARCELOR (BERTON SICARD);INSTALLUX;TU2020X2;Non;6,5;;;;;;;
Profil Alu;TUBE;TUBE CARRE 25X25X2;ARCELOR (BERTON SICARD);INSTALLUX;TU2525X2;Non;6,5;;;;;;;
Profil Alu;TUBE;TUBE RECT.30X10X2;ARCELOR (BERTON SICARD);INSTALLUX;TU3010X2;Non;6,5;;;;;;;
Profil Alu;TUBE;TUBE DIAMETRE 40X2;ARCELOR (BERTON SICARD);INSTALLUX;TU40X2;Non;6,5;;;;;;;
Profil Alu;TUBE;TUBE RECT. 40X20X2;ARCELOR (BERTON SICARD);INSTALLUX;TU4020X2;Non;6,5;;;;;;;
Profil Alu;TUBE;TUBE 45X45X1.5 LG2;ARCELOR (BERTON SICARD);INSTALLUX;TU4545/2;Non;1995;;;;;;;
Profil Alu;TUBE;TUBE 45X45X1.5;ARCELOR (BERTON SICARD);INSTALLUX;TU454515;Non;6;;;;;;;
Profil Alu;TUBE;TUBE DIAMETRE 50X2;ARCELOR (BERTON SICARD);INSTALLUX;TU50X2;Non;4,6;;;;;;;
Profil Alu;TUBE;TUBE RECT. 50X30X1,7;ARCELOR (BERTON SICARD);INSTALLUX;TU503017;Non;6,5;;;;;;;
Profil Alu;TUBE;TUBE DIAM 60 EP 2 MM;ARCELOR (BERTON SICARD);INSTALLUX;TU60X2/3;Non;3,2;;;;;;;
Profil Alu;TUBE;TUBE RECT. 60X20X2;ARCELOR (BERTON SICARD);INSTALLUX;TU6020X2;Non;6,5;;;;;;;
Profil Alu;TUBE;TUBE CARRE 70X70X2;ARCELOR (BERTON SICARD);INSTALLUX;TU7070X2;Non;6,5;;;;;;;
Profil Alu;TUBE;TUBE DIAMETRE 80X2;ARCELOR (BERTON SICARD);INSTALLUX;TU80X2;Non;6,5;;;;;;;
Profil Alu;;PROFIL T 4040X3;ARCELOR (BERTON SICARD);INSTALLUX;T4040X3;Non;6,5;;;;;;;
Profil Alu;;U 10X9X10;ARCELOR (BERTON SICARD);INSTALLUX;U109X2;Non;6,5;;;;;;;
Profil Alu;;U 15X29X15;ARCELOR (BERTON SICARD);INSTALLUX;U15X29;Non;6,5;;;;;;;
Profil Alu;;MONTANT EMBOIT. 32X1,4;ARCELOR (BERTON SICARD);INSTALLUX;U15X32;Non;6,5;;;;;;;
Profil Alu;;U 20X12X20;ARCELOR (BERTON SICARD);INSTALLUX;U2012X2;Non;6,5;;;;;;;
Profil Alu;;U 20X15X20;ARCELOR (BERTON SICARD);INSTALLUX;U2015X2;Non;6,5;;;;;;;
Profil Alu;;U 20X20X20;ARCELOR (BERTON SICARD);INSTALLUX;U2020X2;Non;6,5;;;;;;;
Profil Alu;;U 20X45X20;ARCELOR (BERTON SICARD);INSTALLUX;U2045X2;Non;6,5;;;;;;;
Profil Alu;;U 25X25X25;ARCELOR (BERTON SICARD);INSTALLUX;U2525X2;Non;6,5;;;;;;;
Profil Alu;;U 25X40X25;ARCELOR (BERTON SICARD);INSTALLUX;U2540X2;Non;6,5;;;;;;;
Profil Alu;;U 30X20X30;ARCELOR (BERTON SICARD);INSTALLUX;U3020X2;Non;6,5;;;;;;;
Profil Alu;Corniéres;CORNIERE PARCLOSE 40X40;ARCELOR (BERTON SICARD);INSTALLUX;11/140;Non;6;;;;;;;
Profil Alu;PARCLOSE;PARCLOSE A PIED 20;ARCELOR (BERTON SICARD);INSTALLUX;20L;Non;6;;;;;;;
Profil Alu;PARCLOSE;PARCLOSE A PIED 25;ARCELOR (BERTON SICARD);INSTALLUX;21L;Non;6;;;;;;;
Profil Alu;PARCLOSE;PARCLOSE A PIED 20;ARCELOR (BERTON SICARD);INSTALLUX;23/20L;Non;6;;;;;;;
Profil Alu;PARCLOSE;PARCLOSE A PIED 25;ARCELOR (BERTON SICARD);INSTALLUX;23/25L;Non;6;;;;;;;
Profil Alu;PARCLOSE;PARCLOSE A PIED 20;ARCELOR (BERTON SICARD);INSTALLUX;26L;Non;6;;;;;;;
profil alu;PARCLOSE;PARCLOSE A PIED 20;ARCELOR (BERTON SICARD);INSTALLUX;27/20L;Non;6;;;;;;;
profil alu;;ANGLE EXTERIEUR 80X80;ARCELOR (BERTON SICARD);INSTALLUX;103;Non;6;;;;;;;
Profil Alu;;ANGLE INTERIEUR 80X80;ARCELOR (BERTON SICARD);INSTALLUX;104;Non;6;;;;;;;
Profil Alu;Bavette;*LIAISON G 140/BAVETTE;ARCELOR (BERTON SICARD);INSTALLUX;108;Non;6;;;;;;;
Profil Alu;PARCLOSE;PARCLOSE INDEPENDANTE;ARCELOR (BERTON SICARD);INSTALLUX;112;Non;6;;;;;;;
Profil Alu;;2 DEPARTS 40X40.;ARCELOR (BERTON SICARD);INSTALLUX;140;Non;6;;;;;;;
Profil Alu;;2 DEPARTS 40X40 RENFORCE;ARCELOR (BERTON SICARD);INSTALLUX;140/R;Non;6;;;;;;;
profil Alu;;1 DEPART 14X40;ARCELOR (BERTON SICARD);INSTALLUX;141;Non;6;;;;;;;
Profil Alu;;MENEAU 18,5X40;ARCELOR (BERTON SICARD);INSTALLUX;142;Non;6;;;;;;;
Profil Alu;;BANDEAU 150X40;ARCELOR (BERTON SICARD);INSTALLUX;143/15;Non;6;;;;;;;
Profil Alu;;BANDEAU 150X40 LG:996 MM;ARCELOR (BERTON SICARD);INSTALLUX;143/151;Non;1;;;;;;;
Profil Alu;;BANDEAU 80X40;ARCELOR (BERTON SICARD);INSTALLUX;143/80;Non;6;;;;;;;
Profil Alu;;BANDEAU 80X40 LG:996 MM;ARCELOR (BERTON SICARD);INSTALLUX;143/801;Non;1;;;;;;;
Profil Alu;;3 DEPARTS 40X40;ARCELOR (BERTON SICARD);INSTALLUX;146;Non;6;;;;;;;
Profil Alu;;RAIL HAUT PORTE ACCORD.;ARCELOR (BERTON SICARD);INSTALLUX;148;Non;6;;;;;;;
Profil Alu;;SEUIL 40 ET 80;ARCELOR (BERTON SICARD);INSTALLUX;149;Non;6;;;;;;;
Profil Alu;;CACHE RAINURE 40;ARCELOR (BERTON SICARD);INSTALLUX;150L;Non;6;;;;;;;
Profil Alu;;BATTUE FEUILLURE 35;ARCELOR (BERTON SICARD);INSTALLUX;151;Non;6;;;;;;;
Profil Alu;;BATTUE DBL ETANCHEITE;ARCELOR (BERTON SICARD);INSTALLUX;152L;Non;6;;;;;;;
Profil Alu;;CLOSOIR SIMPLE;ARCELOR (BERTON SICARD);INSTALLUX;153L;Non;6;;;;;;;
Profil Alu;;BATTUE FEUILLURE 45;ARCELOR (BERTON SICARD);INSTALLUX;154;Non;6;;;;;;;
Profil Alu;;*BATTUE SIMPL ETANCHEITE;ARCELOR (BERTON SICARD);INSTALLUX;157;Non;6;;;;;;;
Profil Alu;PARCLOSE;PARCLOSE A VISSER;ARCELOR (BERTON SICARD);INSTALLUX;164;Non;6;;;;;;;
Profil Alu;;RAIL HAUT PORTE COULISS.;ARCELOR (BERTON SICARD);INSTALLUX;165;Non;6;;;;;;;
Profil Alu;;CACHE PORTE COULISSANTE;ARCELOR (BERTON SICARD);INSTALLUX;167;Non;6;;;;;;;
Profil Alu;;ANGLE EXTERIEUR 80X40;ARCELOR (BERTON SICARD);INSTALLUX;168;Non;6;;;;;;;
Profil Alu;;ANGLE INTERIEUR 80X40;ARCELOR (BERTON SICARD);INSTALLUX;169;Non;6;;;;;;;
Profil Alu;PARCLOSE;*PARCLOSE REMPL. 46/65;ARCELOR (BERTON SICARD);INSTALLUX;173;Non;6;;;;;;;
Profil Alu;;SEUIL PORTE 140;ARCELOR (BERTON SICARD);INSTALLUX;178;Non;6;;;;;;;
Profil Alu;;TRAVERSE DOUBLE CAGE;ARCELOR (BERTON SICARD);INSTALLUX;179;Non;6;;;;;;;
Profil Alu;;HUISSERIE A BATTUE;ARCELOR (BERTON SICARD);INSTALLUX;181;Non;6;;;;;;;
profil alu;;OUVRANT FRANC. 40X77;ARCELOR (BERTON SICARD);INSTALLUX;182;Non;6;;;;;;;
Profil Alu;;OUVRANT ANGLAISE 40X77;ARCELOR (BERTON SICARD);INSTALLUX;183;Non;6;;;;;;;
Profil Alu;;MENEAU 80;ARCELOR (BERTON SICARD);INSTALLUX;184;Non;6;;;;;;;
profil alu;;MENEAU 1 AILE FIXE;ARCELOR (BERTON SICARD);INSTALLUX;200;Non;6;;;;;;;
Profil Alu;;TRAV BARREAU DEFENSE;ARCELOR (BERTON SICARD);INSTALLUX;201;Non;6,5;;;;;;;
Profil Alu;;DORMANT 140 RALLONGE;ARCELOR (BERTON SICARD);INSTALLUX;205;Non;6,5;;;;;;;
Profil Alu;PARCLOSE;*PARCLOSE TALON SECURITE;ARCELOR (BERTON SICARD);INSTALLUX;218;Non;6;;;;;;;
Profil Alu;PARCLOSE;PARCLOSE TALON SECURITE;ARCELOR (BERTON SICARD);INSTALLUX;219;Non;6;;;;;;;
Profil Alu;PARCLOSE;PARCLOSE TALON SECURITE;ARCELOR (BERTON SICARD);INSTALLUX;220;Non;6;;;;;;;
Profil Alu;PARCLOSE;PARCLOSE TALON SECURITE;ARCELOR (BERTON SICARD);INSTALLUX;223;Non;6;;;;;;;
Profil Alu;PARCLOSE;PARCLOSE TALON SECURITE;ARCELOR (BERTON SICARD);INSTALLUX;226;Non;6;;;;;;;
Profil Alu;;LISSE HAUTE NON PERFOREE;ARCELOR (BERTON SICARD);INSTALLUX;300;Non;6;;;;;;;
Profil Alu;;MAIN COURANTE 25;ARCELOR (BERTON SICARD);INSTALLUX;301;Non;6;;;;;;;
Profil Alu;;PROFIL BAS PR BARREAUDAG;ARCELOR (BERTON SICARD);INSTALLUX;302;Non;6,5;;;;;;;
Profil Alu;;BARREAU A UNE FIXATION;ARCELOR (BERTON SICARD);INSTALLUX;305;Non;6,5;;;;;;;
Profil Alu;;RAIDISSEUR 40X20;ARCELOR (BERTON SICARD);INSTALLUX;306;Non;6,5;;;;;;;
Profil Alu;;RAIDISSEUR 40X20 USINE;ARCELOR (BERTON SICARD);INSTALLUX;307;Non;6,5;;;;;;;
Profil Alu;;CLOSOIR PROFIL BARREAUDA;ARCELOR (BERTON SICARD);INSTALLUX;308;Non;6,5;;;;;;;
Profil Alu;;PROFIL POUR BARREAUDAGE;ARCELOR (BERTON SICARD);INSTALLUX;309;Non;6,5;;;;;;;
Profil Alu;;MAIN COURANTE 40;ARCELOR (BERTON SICARD);INSTALLUX;310;Non;6;;;;;;;
Profil Alu;;BARREAU OVAL;ARCELOR (BERTON SICARD);INSTALLUX;311;Non;6,5;;;;;;;
Profil Alu;;MAIN COURANTE ELLIPTIQUE;ARCELOR (BERTON SICARD);INSTALLUX;312;Non;6,5;;;;;;;
Profil Alu;;LISSE HTE PERFOREE GC;ARCELOR (BERTON SICARD);INSTALLUX;321;Non;6;;;;;;;
Profil Alu;;LISSE BASS PERFORE GC;ARCELOR (BERTON SICARD);INSTALLUX;322;Non;6;;;;;;;
Profil Alu;EMBOUT;EMBOUT MC 312 DROIT;ARCELOR (BERTON SICARD);INSTALLUX;323D;Non;1;;;;;;;
Profil Alu;EMBOUT;EMBOUT MC 312 GAUCHE;ARCELOR (BERTON SICARD);INSTALLUX;323G;Non;1;;;;;;;
Profil Alu;;MAIN COURANTE DIAM.63;ARCELOR (BERTON SICARD);INSTALLUX;324;Non;6;;;;;;;
Profil Alu;;LISSE HTE REMP SOUS LISS;ARCELOR (BERTON SICARD);INSTALLUX;326;Non;6,5;;;;;;;
Profil Alu;EMBOUT;KIT EMBOUTS LISSE CIRC;ARCELOR (BERTON SICARD);INSTALLUX;327;Non;1;;;;;;;
Profil Alu;;LISSE HAUTE PERFOREE;ARCELOR (BERTON SICARD);INSTALLUX;328;Non;6,5;;;;;;;
Profil Alu;;LISSE CIRCULAIRE;ARCELOR (BERTON SICARD);INSTALLUX;329;Non;6,5;;;;;;;
Profil Alu;;MAIN COURANTE;ARCELOR (BERTON SICARD);INSTALLUX;330;Non;6,5;;;;;;;
Profil Alu;EMBOUT;KIT EMBOUTS MC 330;ARCELOR (BERTON SICARD);INSTALLUX;331;Non;1;;;;;;;
Profil Alu;;CLOSOIR HAUT BARREAUDAGE;ARCELOR (BERTON SICARD);INSTALLUX;334;Non;6,5;;;;;;;
Profil Alu;;RACCORD MAIN COURANTE;ARCELOR (BERTON SICARD);INSTALLUX;335;Non;1;;;;;;;
Profil Alu;;LISSE RECTANGULAIRE;ARCELOR (BERTON SICARD);INSTALLUX;336;Non;6,5;;;;;;;
Profil Alu;;PROFIL CADRE HT RECT.;ARCELOR (BERTON SICARD);INSTALLUX;337;Non;6,5;;;;;;;
Profil Alu;;LISSE HAUTE / LAME 612;ARCELOR (BERTON SICARD);INSTALLUX;338;Non;6,5;;;;;;;
Profil Alu;;SUPPORT MURAL REMPLISSAG;ARCELOR (BERTON SICARD);INSTALLUX;343;Non;1;;;;;;;
Profil Alu;;BARREAU LOSANGE 1 FIXATI;ARCELOR (BERTON SICARD);INSTALLUX;344;Non;6,5;;;;;;;
Profil Alu;EMBOUT;KIT EMBOUTS MC 375;ARCELOR (BERTON SICARD);INSTALLUX;345;Non;1;;;;;;;
Profil Alu;EMBOUT;KIT EMBOUTS LISSE RECT;ARCELOR (BERTON SICARD);INSTALLUX;346;Non;4;;;;;;;
Profil Alu;;PROFIL CADRE BAS RECT.;ARCELOR (BERTON SICARD);INSTALLUX;347;Non;6,5;;;;;;;
Profil Alu;;LISSE BASSE PERFOREE;ARCELOR (BERTON SICARD);INSTALLUX;349;Non;6,5;;;;;;;
Profil Alu;EMBOUT;EMBOUT MAIN COUR. 25MM;ARCELOR (BERTON SICARD);INSTALLUX;357;Non;1;;;;;;;
Profil Alu;EMBOUT;(*)EMBOUT MAIN COUR. 120;ARCELOR (BERTON SICARD);INSTALLUX;359;Non;2;;;;;;;
Profil Alu;EMBOUT;EMBOUT LISSE BASSE;ARCELOR (BERTON SICARD);INSTALLUX;365;Non;2;;;;;;;
Profil Alu;EMBOUT;EMBOUT MAIN COUR.;ARCELOR (BERTON SICARD);INSTALLUX;368;Non;1;;;;;;;
Profil Alu;;MC PR REMPL SOUS LISSE;ARCELOR (BERTON SICARD);INSTALLUX;375;Non;6,5;;;;;;;
Profil Alu;;PROFIL REMP BAS NEZ DALL;ARCELOR (BERTON SICARD);INSTALLUX;377;Non;6,5;;;;;;;
Profil Alu;;PROFIL U PR B LIBRES 3ML;ARCELOR (BERTON SICARD);INSTALLUX;383;Non;1;;;;;;;
Profil Alu;EMBOUT;EMBOUT MAIN COUR. 63;ARCELOR (BERTON SICARD);INSTALLUX;384;Non;1;;;;;;;
Profil Alu;;FIXATION MUR.MAIN COUR.;ARCELOR (BERTON SICARD);INSTALLUX;385;Non;1;;;;;;;
Profil Alu;;CROSSE DE MAIN COURANTE.;ARCELOR (BERTON SICARD);INSTALLUX;386;Non;1;;;;;;;
Profil Alu;;PINCE DLE MAIN COURANTE;ARCELOR (BERTON SICARD);INSTALLUX;395;Non;1;;;;;;;
Profil Alu;;LISSE BASSE / LAME 612;ARCELOR (BERTON SICARD);INSTALLUX;399;Non;6,5;;;;;;;
Profil Alu;;TRAV.BASSE/AUTOPORTANT;ARCELOR (BERTON SICARD);INSTALLUX;500;Non;6,5;;;;;;;
Profil Alu;;PLATINE CIRCULAIRE;ARCELOR (BERTON SICARD);INSTALLUX;504N;Non;1;;;;;;;
Profil Alu;;POTEAU VARIABLE;ARCELOR (BERTON SICARD);INSTALLUX;505;Non;6,5;;;;;;;
Profil Alu;;LAME 120X20;ARCELOR (BERTON SICARD);INSTALLUX;506;Non;6,5;;;;;;;
Profil Alu;;PLASTRON POTEAU 150X150;ARCELOR (BERTON SICARD);INSTALLUX;508;Non;6;;;;;;;
profil alu;;PLASTRON POTEAU LG 2M;ARCELOR (BERTON SICARD);INSTALLUX;508/2;Non;1995;;;;;;;
Profil Alu;;POTEAU 150X150;ARCELOR (BERTON SICARD);INSTALLUX;509;Non;6;;;;;;;
Profil Alu;;POTEAU 150X150 LG 2M;ARCELOR (BERTON SICARD);INSTALLUX;509/2;Non;1995;;;;;;;
Profil Alu;;CLOSOIR EXTREMITE BOMBE;ARCELOR (BERTON SICARD);INSTALLUX;519;Non;6,5;;;;;;;
profil alu;;MONTANT 3 RAINURES;ARCELOR (BERTON SICARD);INSTALLUX;523;Non;6,5;;;;;;;
profil alu;;MONTANT 3 RAINURES;ARCELOR (BERTON SICARD);INSTALLUX;523/4;Non;4;;;;;;;
Profil Alu;;BARREAU ECONOMIQUE 80X20;ARCELOR (BERTON SICARD);INSTALLUX;526;Non;6,5;;;;;;;
Profil Alu;;PROFIL SUPPORT TOLE;ARCELOR (BERTON SICARD);INSTALLUX;529;Non;6,5;;;;;;;
Profil Alu;;CACHE SECURITE / 509;ARCELOR (BERTON SICARD);INSTALLUX;538;Non;6,5;;;;;;;
Profil Alu;;GUIDE OLIVE CACHE CREMA;ARCELOR (BERTON SICARD);INSTALLUX;541I;Non;6,5;;;;;;;
Profil Alu;;GUIDE OLIVE CACHE CREMA;ARCELOR (BERTON SICARD);INSTALLUX;541I/4;Non;4,5;;;;;;;
Profil Alu;;RAIDISSEUR PR 541 ET 543;ARCELOR (BERTON SICARD);INSTALLUX;542;Non;6,5;;;;;;;
Profil Alu;;RAIDISSEUR PR 541 ET 543;ARCELOR (BERTON SICARD);INSTALLUX;542/4;Non;4,5;;;;;;;
Profil Alu;;PAUMELLE 3 BRANCHES;ARCELOR (BERTON SICARD);INSTALLUX;550;Non;2;;;;;;;
Profil Alu;;GUIDAGE SUP AUTOPORTANT;ARCELOR (BERTON SICARD);INSTALLUX;551;Non;1;;;;;;;
Profil Alu;;TE DE FIXATION POUR 566;ARCELOR (BERTON SICARD);INSTALLUX;557;Non;1;;;;;;;
Profil Alu;;CALE ARRIERE PAUMELLE;ARCELOR (BERTON SICARD);INSTALLUX;562;Non;2;;;;;;;
Profil Alu;;PIECE RECEPT ET CENTREUR;ARCELOR (BERTON SICARD);INSTALLUX;566;Non;1;;;;;;;
Profil Alu;;SABOT TOURNIQUET;ARCELOR (BERTON SICARD);INSTALLUX;570;Non;1;;;;;;;
Profil Alu;;FIXATION MURALE CLOTURE;ARCELOR (BERTON SICARD);INSTALLUX;574;Non;1;;;;;;;
Profil Alu;;PORTE OLIVE GUIDE LAT CO;ARCELOR (BERTON SICARD);INSTALLUX;578;Non;1;;;;;;;
Profil Alu;;PROFIL/TOLE EP 2 MM;ARCELOR (BERTON SICARD);INSTALLUX;580;Non;6,5;;;;;;;
Profil Alu;;EMB FINITION GUIDE OLIVE;ARCELOR (BERTON SICARD);INSTALLUX;584;Non;1;;;;;;;
profil alu;EMBOUT;KIT EMBOUT CACHE CREMAIL;ARCELOR (BERTON SICARD);INSTALLUX;585;Non;1;;;;;;;
Profil Alu;;KIT BOUCHONS/PROFIL 500;ARCELOR (BERTON SICARD);INSTALLUX;586;Non;2;;;;;;;
Profil Alu;;CHAPEAU POTEAU 150X150;ARCELOR (BERTON SICARD);INSTALLUX;589;Non;1;;;;;;;
Profil Alu;;CACHE ROULETTE;ARCELOR (BERTON SICARD);INSTALLUX;594;Non;2;;;;;;;
Profil Alu;;GUIDE A LA FERMETURE;ARCELOR (BERTON SICARD);INSTALLUX;595;Non;1;;;;;;;
Profil Alu;;PETITE TRAVERSE;ARCELOR (BERTON SICARD);INSTALLUX;597;Non;6,5;;;;;;;
profil alu;;TRAVERSE CINT.USIN.1420;ARCELOR (BERTON SICARD);INSTALLUX;597-C1-U;Non;1;;;;;;;
Profil Alu;;TRAVERSE CINT.USIN.2000;ARCELOR (BERTON SICARD);INSTALLUX;597-C2-U;Non;1;;;;;;;
Profil Alu;;TRAVERSE CINT.USIN.2250;ARCELOR (BERTON SICARD);INSTALLUX;597-C3-U;Non;1;;;;;;;
Profil Alu;;TRAVERSE CINT.USIN.2600;ARCELOR (BERTON SICARD);INSTALLUX;597-C4-U;Non;1;;;;;;;
Profil Alu;;*PORTE OLIV GUID LAT COU;ARCELOR (BERTON SICARD);INSTALLUX;598;Non;1;;;;;;;
Profil Alu;;PORTE OLIVE GUID SUP COU;ARCELOR (BERTON SICARD);INSTALLUX;599;Non;1;;;;;;;
Profil Alu;;MONTANT 140X115;ARCELOR (BERTON SICARD);INSTALLUX;601;Non;5;;;;;;;
profil alu;EMBOUT;EMBOUT GOUTTE D EAU;ARCELOR (BERTON SICARD);INSTALLUX;602;Non;10;;;;;;;
profil alu;;LAME ‘Z’ 110X20;ARCELOR (BERTON SICARD);INSTALLUX;607;Non;6,5;;;;;;;
Profil Alu;;PETITE TRAVERSE;ARCELOR (BERTON SICARD);INSTALLUX;608;Non;6,5;;;;;;;
Profil Alu;;PROFIL DE BATTUE;ARCELOR (BERTON SICARD);INSTALLUX;610;Non;5;;;;;;;
Profil Alu;;LAME 100X20;ARCELOR (BERTON SICARD);INSTALLUX;611;Non;6,5;;;;;;;
Profil Alu;;BARREAU 100X20;ARCELOR (BERTON SICARD);INSTALLUX;612;Non;6,5;;;;;;;
profil Alu;;LAME 200X20;ARCELOR (BERTON SICARD);INSTALLUX;613;Non;6,5;;;;;;;
Profil Alu;;TRAVERSE HAUTE;ARCELOR (BERTON SICARD);INSTALLUX;615;Non;6,5;;;;;;;
Profil Alu;;CHAPEAU GENDARME 1420;ARCELOR (BERTON SICARD);INSTALLUX;615/C1;Non;1;;;;;;;
Profil Alu;;CHAPEAU GENDARME 2000;ARCELOR (BERTON SICARD);INSTALLUX;615/C2;Non;1;;;;;;;
profil Alu;;CHAPEAU GENDARME 2250;ARCELOR (BERTON SICARD);INSTALLUX;615/C3;Non;1;;;;;;;
Profil Alu;;CHAPEAU GENDARME 2600;ARCELOR (BERTON SICARD);INSTALLUX;615/C4;Non;1;;;;;;;
Profil Alu;;BUTEE PORTILLON;ARCELOR (BERTON SICARD);INSTALLUX;616;Non;1;;;;;;;
Profil Alu;;CACHE RAINURE;ARCELOR (BERTON SICARD);INSTALLUX;620;Non;6,5;;;;;;;
Profil Alu;;CACHE RAINURE;ARCELOR (BERTON SICARD);INSTALLUX;620/5;Non;5;;;;;;;
Profil Alu;;TRAVERSE INTERMEDIAIRE;ARCELOR (BERTON SICARD);INSTALLUX;621;Non;6,5;;;;;;;
Profil Alu;;CHAPEAU GENDARME 1420;ARCELOR (BERTON SICARD);INSTALLUX;621/C1;Non;1;;;;;;;
Profil Alu;;CHAPEAU GENDARME 2000;ARCELOR (BERTON SICARD);INSTALLUX;621/C2;Non;1;;;;;;;
Profil Alu;;CHAPEAU GENDARME 2250;ARCELOR (BERTON SICARD);INSTALLUX;621/C3;Non;1;;;;;;;
profil alu;;CHAPEAU GENDARME 2600;ARCELOR (BERTON SICARD);INSTALLUX;621/C4;Non;1;;;;;;;
Profil Alu;;TRAVERSE INTERMEDIAIRE;ARCELOR (BERTON SICARD);INSTALLUX;621/3;Non;3,2;;;;;;;
Profil Alu;;TRAVERSE BASSE;ARCELOR (BERTON SICARD);INSTALLUX;622;Non;6,5;;;;;;;
Profil Alu;;TRAVERSE BASSE;ARCELOR (BERTON SICARD);INSTALLUX;622/3;Non;3,2;;;;;;;
Profil Alu;;MONTANT D’EXTREMITE;ARCELOR (BERTON SICARD);INSTALLUX;623;Non;6,5;;;;;;;
Profil Alu;;MONTANT D’EXTREMITE;ARCELOR (BERTON SICARD);INSTALLUX;623/4;Non;4;;;;;;;
Profil Alu;;POTEAU 3 DEPARTS;ARCELOR (BERTON SICARD);INSTALLUX;624/5;Non;5;;;;;;;
Profil Alu;;POTEAU DE CLOTURE;ARCELOR (BERTON SICARD);INSTALLUX;625;Non;6,5;;;;;;;
Profil Alu;;TRAVERSE DE CLOTURE;ARCELOR (BERTON SICARD);INSTALLUX;626;Non;6,5;;;;;;;
Profil Alu;;1/2 TRAVERSE 30;ARCELOR (BERTON SICARD);INSTALLUX;627;Non;6,5;;;;;;;
Profil Alu;;1/2 TRAVERSE 30;ARCELOR (BERTON SICARD);INSTALLUX;627/3;Non;3,2;;;;;;;
Profil Alu;;1/2 TRAVERSE 60;ARCELOR (BERTON SICARD);INSTALLUX;628;Non;6,5;;;;;;;
Profil Alu;;1/2 TRAVERSE 60;ARCELOR (BERTON SICARD);INSTALLUX;628/3;Non;3,2;;;;;;;
Profil Alu;;MENEAU 80;ARCELOR (BERTON SICARD);INSTALLUX;629;Non;6,5;;;;;;;
profil alu;;MENEAU 80 CINTRE 2001;ARCELOR (BERTON SICARD);INSTALLUX;629/P3;Non;1;;;;;;;
Profil Alu;PARCLOSE;PARCLOSE REMPL. 2;ARCELOR (BERTON SICARD);INSTALLUX;630;Non;6,5;;;;;;;
Profil Alu;;CLOSOIR EXTREMITE;ARCELOR (BERTON SICARD);INSTALLUX;632;Non;6,5;;;;;;;
profil alu;;CLOSOIR EXTREMITE;ARCELOR (BERTON SICARD);INSTALLUX;632/3;Non;3,2;;;;;;;
Profil Alu;;TRAV. CLOTURE DBL CLIP.;ARCELOR (BERTON SICARD);INSTALLUX;633;Non;6,5;;;;;;;
Profil Alu;;KIT MOTEUR INTEGRE AABIS;ARCELOR (BERTON SICARD);INSTALLUX;634;Non;1;;;;;;;
Profil Alu;;BARREAU 20X20;ARCELOR (BERTON SICARD);INSTALLUX;635;Non;6,5;;;;;;;
Profil Alu;;BARREAU 20X20;ARCELOR (BERTON SICARD);INSTALLUX;635/5;Non;5;;;;;;;
Profil Alu;;FESTON NON USINE;ARCELOR (BERTON SICARD);INSTALLUX;638;Non;6,5;;;;;;;
Profil Alu;EMBOUT;EMBOUT /MONTANT 623;ARCELOR (BERTON SICARD);INSTALLUX;653;Non;4;;;;;;;
Profil Alu;EMBOUT;EMBOUT /POTEAU 624;ARCELOR (BERTON SICARD);INSTALLUX;654;Non;2;;;;;;;
Profil Alu;EMBOUT;EMBOUT /MONTANT 625;ARCELOR (BERTON SICARD);INSTALLUX;655;Non;2;;;;;;;
Profil Alu;;PAIRE VOLUTE INTER;ARCELOR (BERTON SICARD);INSTALLUX;663;Non;1;;;;;;;
Profil Alu;;ECROU BORGNE M6 ACIER;ARCELOR (BERTON SICARD);INSTALLUX;663-3;Non;10;;;;;;;
profil alu;;PAIRE VOLUTE CENTRALE;ARCELOR (BERTON SICARD);INSTALLUX;664;Non;1;;;;;;;
Profil Alu;EMBOUT;EMBOUT FLEUR DE LYS;ARCELOR (BERTON SICARD);INSTALLUX;665;Non;10;;;;;;;
profil Alu;EMBOUT;EMBOUT BOULE;ARCELOR (BERTON SICARD);INSTALLUX;666;Non;10;;;;;;;
Profil Alu;EMBOUT;EMBOUT FLECHE;ARCELOR (BERTON SICARD);INSTALLUX;667;Non;10;;;;;;;
profil alu;EMBOUT;EMBOUT ROND;ARCELOR (BERTON SICARD);INSTALLUX;668;Non;10;;;;;;;
profil Alu;EMBOUT;EMBOUT DE LAME/612;ARCELOR (BERTON SICARD);INSTALLUX;669;Non;10;;;;;;;
Profil Alu;;BUTEE ARRET AU SOL;ARCELOR (BERTON SICARD);INSTALLUX;678;Non;1;;;;;;;
profil Alu;;REGULATEUR DE PENTE;ARCELOR (BERTON SICARD);INSTALLUX;679;Non;1;;;;;;;
Profil Alu;EMBOUT;EMBOUT FINITION /626/641;ARCELOR (BERTON SICARD);INSTALLUX;680;Non;2;;;;;;;
Profil Alu;EMBOUT;EMBOUT /622;ARCELOR (BERTON SICARD);INSTALLUX;683;Non;1;;;;;;;
Profil Alu;;PAIRE VOLUTE SUPERIEURE;ARCELOR (BERTON SICARD);INSTALLUX;688;Non;1;;;;;;;
Profil Alu;;LIAISON 140/140;ARCELOR (BERTON SICARD);INSTALLUX;1011;Non;6;;;;;;;
Profil Alu;;BARREAU PORTILLON 140;ARCELOR (BERTON SICARD);INSTALLUX;1050;Non;6,5;;;;;;;
Profil Alu;;POIGNEE BANDEAU;ARCELOR (BERTON SICARD);INSTALLUX;1103;Non;6;;;;;;;
Profil Alu;;POIGNEE BANDEAU LG:996MM;ARCELOR (BERTON SICARD);INSTALLUX;1103/1;Non;1;;;;;;;
Profil Alu;EMBOUT;EMBOUT /318;ARCELOR (BERTON SICARD);INSTALLUX;1233;Non;1;;;;;;;
Profil Alu;EMBOUT;EMBOUT DECOUPE /1103;ARCELOR (BERTON SICARD);INSTALLUX;1618;Non;2;;;;;;;
Profil Alu;;POIGNEE POUSSOIR 250;ARCELOR (BERTON SICARD);INSTALLUX;1623;Non;1;;;;;;;
Profil Alu;;POIGNEE POUSSOIR 350;ARCELOR (BERTON SICARD);INSTALLUX;1624;Non;1;;;;;;;
Profil Alu;;POIGNEE POUSSOIR TUB.350;ARCELOR (BERTON SICARD);INSTALLUX;1641;Non;1;;;;;;;
Profil Alu;;PAUMELLE CLARIT LUXE;ARCELOR (BERTON SICARD);INSTALLUX;1700;Non;2;;;;;;;
Profil Alu;;PAUMELLE PORTE BOIS;ARCELOR (BERTON SICARD);INSTALLUX;1710;Non;2;;;;;;;
Profil Alu;;PAUMELLE PORTE ALU.BAGUE;ARCELOR (BERTON SICARD);INSTALLUX;1723;Non;2;;;;;;;
Profil Alu;;PAUMELLE PORTE ALU.ROULT;ARCELOR (BERTON SICARD);INSTALLUX;1724;Non;2;;;;;;;
profil alu;;PAUMELLE CHARIOT;ARCELOR (BERTON SICARD);INSTALLUX;1725;Non;1;;;;;;;
profil alu;;PAUMELLE EXTREM CHARIOT;ARCELOR (BERTON SICARD);INSTALLUX;1726;Non;1;;;;;;;
Profil Alu;;PAUMELLE GUIDE;ARCELOR (BERTON SICARD);INSTALLUX;1727;Non;1;;;;;;;
Profil Alu;;PAUMELLE EXTREM GUIDE;ARCELOR (BERTON SICARD);INSTALLUX;1728;Non;1;;;;;;;
Profil Alu;;PAUMELLE RENF.ECO.REGLA.;ARCELOR (BERTON SICARD);INSTALLUX;1760N;Non;1;;;;;;;
Profil Alu;;BEQUILLE SIMPLE CARRE 8;ARCELOR (BERTON SICARD);INSTALLUX;1853N;Non;1;;;;;;;
Profil Alu;;BEQUILLE DOUBLE CARRE 8;ARCELOR (BERTON SICARD);INSTALLUX;1854N;Non;1;;;;;;;
Profil Alu;;BEQUILLE SIMPLE BOREALE;ARCELOR (BERTON SICARD);INSTALLUX;1859;Non;1;;;;;;;
Profil Alu;;BEQUILLE DBL CARRE 8MM;ARCELOR (BERTON SICARD);INSTALLUX;1860;Non;1;;;;;;;
Profil Alu;;BEQUILLE SPLE PORTE FLOW;ARCELOR (BERTON SICARD);INSTALLUX;1861;Non;1;;;;;;;
Profil Alu;;BEQUILLE PLATE HORUS;ARCELOR (BERTON SICARD);INSTALLUX;1870;Non;1;;;;;;;
Profil Alu;;LIAISON SECTION 50;ARCELOR (BERTON SICARD);INSTALLUX;5022;Non;6,5;;;;;;;
Profil Alu;;PROFIL LIAISON CAGES;ARCELOR (BERTON SICARD);INSTALLUX;5027;Non;6,5;;;;;;;
Profil Alu;;JONCTION RENFORCEE;ARCELOR (BERTON SICARD);INSTALLUX;5040;Non;6,5;;;;;;;
Profil Alu;;RAIDISSEUR 87X36;ARCELOR (BERTON SICARD);INSTALLUX;5041;Non;6,5;;;;;;;
Profil Alu;;RAIDISSEUR 65X36;ARCELOR (BERTON SICARD);INSTALLUX;5042;Non;6,5;;;;;;;
Profil Alu;PARCLOSE;PARCLOSE A VISSER;ARCELOR (BERTON SICARD);INSTALLUX;5048;Non;6,5;;;;;;;
Profil Alu;PARCLOSE;PARCLOSE A VISSER;ARCELOR (BERTON SICARD);INSTALLUX;5049;Non;6,5;;;;;;;
Profil Alu;PARCLOSE;PARCLOSE CLIP 8.5 LAQUEE;ARCELOR (BERTON SICARD);INSTALLUX;5051L;Non;6,5;;;;;;;
Profil Alu;PARCLOSE;PARCLOSE CLIPABLE 18.5;ARCELOR (BERTON SICARD);INSTALLUX;5053;Non;6,5;;;;;;;
Profil Alu;PARCLOSE;PARCLOSE CLIPABLE 23.5;ARCELOR (BERTON SICARD);INSTALLUX;5054;Non;6,5;;;;;;;
Profil Alu;Capot;CAPOT /5041/5042;ARCELOR (BERTON SICARD);INSTALLUX;5057;Non;6,5;;;;;;;
Profil Alu;;ELARGISSEUR DE FEUILLURE;ARCELOR (BERTON SICARD);INSTALLUX;5058;Non;6,5;;;;;;;
Profil Alu;;PROFIL DE DILATATION;ARCELOR (BERTON SICARD);INSTALLUX;5138;Non;6;;;;;;;
Profil Alu;;SEUIL PORTE;ARCELOR (BERTON SICARD);INSTALLUX;5144;Non;6,5;;;;;;;
Profil Alu;;SEUIL PORTE A BATTUE;ARCELOR (BERTON SICARD);INSTALLUX;5145;Non;6,5;;;;;;;
Profil Alu;;SEUIL PORTE 36.5MM;ARCELOR (BERTON SICARD);INSTALLUX;5146;Non;6;;;;;;;
Profil Alu;;SEUIL PTE VEC ALVEOV;ARCELOR (BERTON SICARD);INSTALLUX;5147;Non;6;;;;;;;
Profil Alu;;PRECADRE ISOLATION 135;ARCELOR (BERTON SICARD);INSTALLUX;5154;Non;6;;;;;;;
Profil Alu;;PRECADRE ISOLATION 160;ARCELOR (BERTON SICARD);INSTALLUX;5155;Non;6;;;;;;;
Profil Alu;;PRECADRE ISOLATION 100;ARCELOR (BERTON SICARD);INSTALLUX;5156;Non;6;;;;;;;
Profil Alu;;DORM.PRECADRE ISOL.100;ARCELOR (BERTON SICARD);INSTALLUX;5167TH;Non;6,5;;;;;;;
Profil Alu;;DORM.PRECADRE ISOL 100;ARCELOR (BERTON SICARD);INSTALLUX;5169TH;Non;6,5;;;;;;;
Profil Alu;;DORM. PRECADRE ISOL 120;ARCELOR (BERTON SICARD);INSTALLUX;5170TH;Non;6,5;;;;;;;
Profil Alu;;TAPEE 15;ARCELOR (BERTON SICARD);INSTALLUX;5190;Non;6;;;;;;;
Profil Alu;;TAPEE 25;ARCELOR (BERTON SICARD);INSTALLUX;5191;Non;6;;;;;;;
Profil Alu;;TAPEE 35;ARCELOR (BERTON SICARD);INSTALLUX;5192;Non;6;;;;;;;
Profil Alu;;TAPEE 45;ARCELOR (BERTON SICARD);INSTALLUX;5193;Non;6;;;;;;;
Profil Alu;;TAPEE 55;ARCELOR (BERTON SICARD);INSTALLUX;5194;Non;6;;;;;;;
Profil Alu;;TAPEE 65;ARCELOR (BERTON SICARD);INSTALLUX;5195;Non;6;;;;;;;
Profil Alu;;(*)DORMANT 50;ARCELOR (BERTON SICARD);INSTALLUX;5401TH;Non;6,5;;;;;;;
Profil Alu;;(*)DORM. A RECOUVREMENT;ARCELOR (BERTON SICARD);INSTALLUX;5402TH;Non;6,5;;;;;;;
Profil Alu;;DORMANT SS RECOUV. 64MM;ARCELOR (BERTON SICARD);INSTALLUX;5403TH;Non;6,5;;;;;;;
Profil Alu;;DORMANT 64;ARCELOR (BERTON SICARD);INSTALLUX;5404TH;Non;6,5;;;;;;;
Profil Alu;;(*)DORMANT 50;ARCELOR (BERTON SICARD);INSTALLUX;5405TH;Non;6,5;;;;;;;
Profil Alu;;(*)DORMANT 50;ARCELOR (BERTON SICARD);INSTALLUX;5406TH;Non;6,5;;;;;;;
Profil Alu;;DORMANT ITALIENNE;ARCELOR (BERTON SICARD);INSTALLUX;5407TH;Non;6,5;;;;;;;
Profil Alu;;DORM. ITALIERAPORTE;ARCELOR (BERTON SICARD);INSTALLUX;5408TH;Non;6,5;;;;;;;
Profil Alu;;DORM. INTEGRATIOMRID;ARCELOR (BERTON SICARD);INSTALLUX;5409TH;Non;6,5;;;;;;;
Profil Alu;;INVERSEUR DE FEUILLURE;ARCELOR (BERTON SICARD);INSTALLUX;5410TH;Non;6,5;;;;;;;
Profil Alu;;MENEAU 72;ARCELOR (BERTON SICARD);INSTALLUX;5411TH;Non;6,5;;;;;;;
Profil Alu;;MENEAU 168;ARCELOR (BERTON SICARD);INSTALLUX;5415TH;Non;6,5;;;;;;;
Profil Alu;;MENEAU RENFORCE 72;ARCELOR (BERTON SICARD);INSTALLUX;5416TH;Non;6,5;;;;;;;
Profil Alu;;MENEAU RENFORCE 99;ARCELOR (BERTON SICARD);INSTALLUX;5417TH;Non;6,5;;;;;;;
Profil Alu;;DORMANT 64;ARCELOR (BERTON SICARD);INSTALLUX;5418TH;Non;6,5;;;;;;;
Profil Alu;;DORMANT 64 A RECOUV.;ARCELOR (BERTON SICARD);INSTALLUX;5419TH;Non;6,5;;;;;;;
Profil Alu;;OUVRANT FRANCAISE 65;ARCELOR (BERTON SICARD);INSTALLUX;5421TH;Non;6,5;;;;;;;
Profil Alu;;OUVRANT FRANCAISE 79;ARCELOR (BERTON SICARD);INSTALLUX;5422TH;Non;6,5;;;;;;;
Profil Alu;;OUVRANT FRANCAISE 94;ARCELOR (BERTON SICARD);INSTALLUX;5423TH;Non;6,5;;;;;;;
Profil Alu;;OUVRANT FRANCAISE 65,5;ARCELOR (BERTON SICARD);INSTALLUX;5424TH;Non;6,5;;;;;;;
profil alu;;PROF.DORM. HT 63,8;ARCELOR (BERTON SICARD);INSTALLUX;5427TH;Non;6,5;;;;;;;
Profil Alu;;INTERM. BASCULANT;ARCELOR (BERTON SICARD);INSTALLUX;5428;Non;6,5;;;;;;;
Profil Alu;;OUVRANT ITALIEN. BASCUL;ARCELOR (BERTON SICARD);INSTALLUX;5429TH;Non;6,5;;;;;;;
Profil Alu;;MENEAU SIMPLE 129MM;ARCELOR (BERTON SICARD);INSTALLUX;5432TH;Non;6,5;;;;;;;
Profil Alu;;DORM. A RECOUVREMENT;ARCELOR (BERTON SICARD);INSTALLUX;5433TH;Non;6,5;;;;;;;
Profil Alu;;OUVRANT PROJECTION;ARCELOR (BERTON SICARD);INSTALLUX;5434TH;Non;6,5;;;;;;;
Profil Alu;;MENEAU RENFORCE LG 120MM;ARCELOR (BERTON SICARD);INSTALLUX;5435TH;Non;6,5;;;;;;;
Profil Alu;;DORMANT 100 MM CAGE EXT;ARCELOR (BERTON SICARD);INSTALLUX;5436TH;Non;6,5;;;;;;;
Profil Alu;;MONTANT ANGLE VARIABLE;ARCELOR (BERTON SICARD);INSTALLUX;5450TH;Non;6,5;;;;;;;
Profil Alu;;LIAISON 101,5/101,5RPT;ARCELOR (BERTON SICARD);INSTALLUX;5453TH;Non;6,5;;;;;;;
Profil Alu;;MONTANT ANGLE 135°;ARCELOR (BERTON SICARD);INSTALLUX;5456TH;Non;6,5;;;;;;;
profil alu;;(*)DORM.SS RECOU.SS CAGE;ARCELOR (BERTON SICARD);INSTALLUX;5465TH;Non;6,5;;;;;;;
Profil Alu;;MENEAU RENFORT INTEGRE;ARCELOR (BERTON SICARD);INSTALLUX;5499TH;Non;6,5;;;;;;;
Profil Alu;;DORMANT A RECOUVREMENT;ARCELOR (BERTON SICARD);INSTALLUX;5502TH;Non;6,5;;;;;;;
Profil Alu;;DORMANT MIXTE FP/CAG.TOL;ARCELOR (BERTON SICARD);INSTALLUX;5505TH;Non;6,5;;;;;;;
Profil Alu;PARCLOSE;PARCLOSE ARRONDIE 3,5;ARCELOR (BERTON SICARD);INSTALLUX;5510;Non;6,5;;;;;;;
Profil Alu;PARCLOSE;PARCLOSE ARRONDIE 8.5;ARCELOR (BERTON SICARD);INSTALLUX;5511;Non;6,5;;;;;;;
Profil Alu;PARCLOSE;PARCLOSE ARRONDIE 23.5;ARCELOR (BERTON SICARD);INSTALLUX;5514;Non;6,5;;;;;;;
Profil Alu;PARCLOSE;PARCLOSE ARRONDIE 28,5;ARCELOR (BERTON SICARD);INSTALLUX;5515;Non;6,5;;;;;;;
Profil Alu;PARCLOSE;PARCLOSE MOULUREE 8.5;ARCELOR (BERTON SICARD);INSTALLUX;5517;Non;6,5;;;;;;;
Profil Alu;PARCLOSE;PARCLOSE MOULUREE 13.5;ARCELOR (BERTON SICARD);INSTALLUX;5518;Non;6,5;;;;;;;
Profil Alu;;*OUVRANT PORTE-FEUILLE;ARCELOR (BERTON SICARD);INSTALLUX;5618TH;Non;6,5;;;;;;;
Profil Alu;;*PROFIL DE JOINTEMENT;ARCELOR (BERTON SICARD);INSTALLUX;5622TH;Non;6,5;;;;;;;
Profil Alu;;*PAUMELLE REGL 2 BRANC;ARCELOR (BERTON SICARD);INSTALLUX;5730;Non;1;;;;;;;
Profil Alu;;*PAUMELLE REGL 2 BRANC;ARCELOR (BERTON SICARD);INSTALLUX;5734;Non;1;;;;;;;
Profil Alu;;ROSACE DE SECURITE;ARCELOR (BERTON SICARD);INSTALLUX;5765;Non;1;;;;;;;
Profil Alu;;KIT CALES/PAUMELLES 5755;ARCELOR (BERTON SICARD);INSTALLUX;5770;Non;1;;;;;;;
Profil Alu;;MAN.INT.5891 SS BEQUILLE;ARCELOR (BERTON SICARD);INSTALLUX;5810;Non;1;;;;;;;
Profil Alu;;POIGNEE A OLIVE GAUCHE;ARCELOR (BERTON SICARD);INSTALLUX;5828;Non;1;;;;;;;
Profil Alu;;VERROU BAIONNETTE;ARCELOR (BERTON SICARD);INSTALLUX;5831;Non;1;;;;;;;
Profil Alu;;BEQUILLE PLATE “BOREALE”;ARCELOR (BERTON SICARD);INSTALLUX;5842;Non;1;;;;;;;
Profil Alu;;LOQUETEAU A CLAMER/SOUF.;ARCELOR (BERTON SICARD);INSTALLUX;5849;Non;1;;;;;;;
Profil Alu;;BEQUILLE ESTIVALE DRT;ARCELOR (BERTON SICARD);INSTALLUX;5853;Non;1;;;;;;;
Profil Alu;;BEQUILLE ESTIVALE GCH;ARCELOR (BERTON SICARD);INSTALLUX;5854;Non;1;;;;;;;
Profil Alu;;BEQUILLE ESTIVALE DBL;ARCELOR (BERTON SICARD);INSTALLUX;5855;Non;1;;;;;;;
Profil Alu;;*(PAUMELLE DEUX BRANCHES;ARCELOR (BERTON SICARD);INSTALLUX;5866;Non;2;;;;;;;
Profil Alu;;PAUMELLE 2 BRANCHES;ARCELOR (BERTON SICARD);INSTALLUX;5866N;Non;2;;;;;;;
Profil Alu;;PAUMELLE CL.FAIBLE TRAF.;ARCELOR (BERTON SICARD);INSTALLUX;5867;Non;2;;;;;;;
Profil Alu;;PAUMELLE 3 BRANCHES;ARCELOR (BERTON SICARD);INSTALLUX;5868N;Non;2;;;;;;;
Profil Alu;;BEQUILLE FENETRE OPERA;ARCELOR (BERTON SICARD);INSTALLUX;5871;Non;1;;;;;;;
Profil Alu;;FERM.1.2VANTAUX A CARR;ARCELOR (BERTON SICARD);INSTALLUX;5877N;Non;1;;;;;;;
Profil Alu;;(*PAUMELLE OB 2 VANTAUX;ARCELOR (BERTON SICARD);INSTALLUX;5879N;Non;1;;;;;;;
Profil Alu;;(*FERRURE OB REVERSIBLE;ARCELOR (BERTON SICARD);INSTALLUX;5880P;Non;1;;;;;;;
Profil Alu;;(*FER. OB LOGIQUE A CLE;ARCELOR (BERTON SICARD);INSTALLUX;5888P;Non;1;;;;;;;
Profil Alu;;(*FERRURE OB RV.BOIT.ENC;ARCELOR (BERTON SICARD);INSTALLUX;5897N;Non;1;;;;;;;
Profil Alu;;2 DEPARTS 50X55;ARCELOR (BERTON SICARD);INSTALLUX;5900;Non;6;;;;;;;
Profil Alu;;2 DEPARTS 50X28;ARCELOR (BERTON SICARD);INSTALLUX;5901;Non;6;;;;;;;
Profil Alu;;SEUIL TRADI;ARCELOR (BERTON SICARD);INSTALLUX;5903;Non;6,5;;;;;;;
Profil Alu;;MENEAU RENFORCE 55;ARCELOR (BERTON SICARD);INSTALLUX;5905;Non;6;;;;;;;
Profil Alu;;MENEAU RENFORCE 28;ARCELOR (BERTON SICARD);INSTALLUX;5906;Non;6;;;;;;;
Profil Alu;;FEUILLURE RAPPORTEE;ARCELOR (BERTON SICARD);INSTALLUX;5910;Non;6;;;;;;;
Profil Alu;;(*)DORMANT 50 A CAGE;ARCELOR (BERTON SICARD);INSTALLUX;5911;Non;6;;;;;;;
Profil Alu;;(*)DORM.AVEC RECOUVREMEN;ARCELOR (BERTON SICARD);INSTALLUX;5912;Non;6;;;;;;;
Profil Alu;;(*)DORMANT 50 SANS CAGE;ARCELOR (BERTON SICARD);INSTALLUX;5913;Non;6;;;;;;;
Profil Alu;;INVERSEUR DE FEUILLURE;ARCELOR (BERTON SICARD);INSTALLUX;5920;Non;6;;;;;;;
Profil Alu;;DORMANT HT 64 A CAGE;ARCELOR (BERTON SICARD);INSTALLUX;5921;Non;6;;;;;;;
profil alu;;DORMANT 64 SANS CAGE;ARCELOR (BERTON SICARD);INSTALLUX;5923;Non;6;;;;;;;
Profil Alu;;DORMANT 128MM;ARCELOR (BERTON SICARD);INSTALLUX;5924;Non;6,5;;;;;;;
profil alu;;MENEAU 99;ARCELOR (BERTON SICARD);INSTALLUX;5930;Non;6;;;;;;;
Profil Alu;;MENEAU SIMPLE 72;ARCELOR (BERTON SICARD);INSTALLUX;5931;Non;6;;;;;;;
Profil Alu;;MENEAU RENFORCE 99;ARCELOR (BERTON SICARD);INSTALLUX;5935;Non;6;;;;;;;
Profil Alu;;MENEAU RENFORCE 72;ARCELOR (BERTON SICARD);INSTALLUX;5936;Non;6;;;;;;;
Profil Alu;;MENEAU 168;ARCELOR (BERTON SICARD);INSTALLUX;5939;Non;6;;;;;;;
Profil Alu;;MENEAU 168X50-1M;ARCELOR (BERTON SICARD);INSTALLUX;5939/1;Non;1;;;;;;;
Profil Alu;;OUVRANT FRANC. 65.5;ARCELOR (BERTON SICARD);INSTALLUX;5941;Non;6;;;;;;;
Profil Alu;;OUVRANT FRANC. 79;ARCELOR (BERTON SICARD);INSTALLUX;5942;Non;6;;;;;;;
Profil Alu;;OUVRANT FRANCAISE 94;ARCELOR (BERTON SICARD);INSTALLUX;5943;Non;6;;;;;;;
Profil Alu;;BATTUE RAPORT. VA/VIENT;ARCELOR (BERTON SICARD);INSTALLUX;5971;Non;6;;;;;;;
Profil Alu;;BATTUE RAPPORTEE;ARCELOR (BERTON SICARD);INSTALLUX;5972;Non;6;;;;;;;
Profil Alu;;CLOSOIR FEUILLURE;ARCELOR (BERTON SICARD);INSTALLUX;5978;Non;6;;;;;;;
profil alu;;CLOSOIR 50;ARCELOR (BERTON SICARD);INSTALLUX;5979;Non;6;;;;;;;
Profil Alu;;DORMANT 50 CAGE CLIP/TOL;ARCELOR (BERTON SICARD);INSTALLUX;5980;Non;6,5;;;;;;;
Profil Alu;;DORMANT A RECOUVREMENT;ARCELOR (BERTON SICARD);INSTALLUX;5981;Non;6,5;;;;;;;
Profil Alu;;DORMANT 50 SANS CAGE;ARCELOR (BERTON SICARD);INSTALLUX;5982;Non;6,5;;;;;;;
Profil Alu;;PROFIL CACHE CAGE A TOLE;ARCELOR (BERTON SICARD);INSTALLUX;6596;Non;6,5;;;;;;;
Profil Alu;;LIAISON COUVRE JOINT;ARCELOR (BERTON SICARD);INSTALLUX;6598/4;Non;4,6;;;;;;;
Profil Alu;;REJET OU RECUP. D’EAU;ARCELOR (BERTON SICARD);INSTALLUX;6621;Non;6,5;;;;;;;
Profil Alu;;JET D’EAU;ARCELOR (BERTON SICARD);INSTALLUX;6622;Non;6,5;;;;;;;
Profil Alu;;REJET D’EAU A CLIPER;ARCELOR (BERTON SICARD);INSTALLUX;6623;Non;6,5;;;;;;;
Profil Alu;;RECUPERATEUR EAU CLIPE;ARCELOR (BERTON SICARD);INSTALLUX;6624;Non;6,5;;;;;;;
Profil Alu;;BANDEAU VENTOUSE ELCTRMG;ARCELOR (BERTON SICARD);INSTALLUX;6625/4;Non;4,6;;;;;;;
Profil Alu;;RENFORT BANDEAU /6625;ARCELOR (BERTON SICARD);INSTALLUX;6626/4;Non;4,6;;;;;;;
Profil Alu;;MOULURE RUSTIQUE;ARCELOR (BERTON SICARD);INSTALLUX;6631;Non;6,5;;;;;;;
Profil Alu;;RECUPERATEUR EAU;ARCELOR (BERTON SICARD);INSTALLUX;6635;Non;6,5;;;;;;;
Profil Alu;;COUVRE JOINT RECUP.;ARCELOR (BERTON SICARD);INSTALLUX;6636;Non;6,5;;;;;;;
Profil Alu;Bavette;BAVETTE 40;ARCELOR (BERTON SICARD);INSTALLUX;6640;Non;6,5;;;;;;;
Profil Alu;Bavette;BAVETTE 60;ARCELOR (BERTON SICARD);INSTALLUX;6641;Non;6,5;;;;;;;
Profil Alu;Bavette;BAVETTE 80;ARCELOR (BERTON SICARD);INSTALLUX;6642;Non;6,5;;;;;;;
Profil Alu;Bavette;BAVETTE 100;ARCELOR (BERTON SICARD);INSTALLUX;6643;Non;6,5;;;;;;;
Profil Alu;Bavette;BAVETTE 120;ARCELOR (BERTON SICARD);INSTALLUX;6644;Non;6,5;;;;;;;
Profil Alu;Bavette;BAVETTE 150;ARCELOR (BERTON SICARD);INSTALLUX;6645;Non;6,5;;;;;;;
Profil Alu;EMBOUT;EMBOUT DE BAVETTE LG:1M;ARCELOR (BERTON SICARD);INSTALLUX;6647/1;Non;1;;;;;;;
Profil Alu;Bavette;BAVETTE TUBUL.100MM RJD;ARCELOR (BERTON SICARD);INSTALLUX;6648;Non;6,5;;;;;;;
Profil Alu;Bavette;BAVETTE TUBUL. 100MM RJA;ARCELOR (BERTON SICARD);INSTALLUX;6649;Non;6,5;;;;;;;
Profil Alu;;COUVRE PIECE APPUI EXT.;ARCELOR (BERTON SICARD);INSTALLUX;6650;Non;6,5;;;;;;;
Profil Alu;;OUVRANT MOUSTIQUAIRE.;ARCELOR (BERTON SICARD);INSTALLUX;6801;Non;6,5;;;;;;;
Profil Alu;;DORMANT MOUSTI CAGES;ARCELOR (BERTON SICARD);INSTALLUX;6804;Non;6,5;;;;;;;
Profil Alu;Capot;CAPOT OGIVE 150;ARCELOR (BERTON SICARD);INSTALLUX;6959;Non;6,5;;;;;;;
Profil Alu;;DORM.PERI.RENOV.MENUISER;ARCELOR (BERTON SICARD);INSTALLUX;6973;Non;6,5;;;;;;;
Profil Alu;Capot;INTERCALAIRE CAPOT OGIVE;ARCELOR (BERTON SICARD);INSTALLUX;6975;Non;6,5;;;;;;;
Profil Alu;;PROFIL TUBULAIRE;ARCELOR (BERTON SICARD);INSTALLUX;6976;Non;6,5;;;;;;;
Profil Alu;EMBOUT;EMBOUT /6960;ARCELOR (BERTON SICARD);INSTALLUX;6982;Non;1;;;;;;;
Profil Alu;EMBOUT;EMBOUT /6959;ARCELOR (BERTON SICARD);INSTALLUX;6984;Non;1;;;;;;;
Profil Alu;EMBOUT;EMBOUT SUR 8205;ARCELOR (BERTON SICARD);INSTALLUX;6986;Non;1;;;;;;;
Profil Alu;;CACHE RAINURE;ARCELOR (BERTON SICARD);INSTALLUX;7014;Non;6,5;;;;;;;
Profil Alu;;POTEAU 150° 75;ARCELOR (BERTON SICARD);INSTALLUX;7016/4TH;Non;4,8;;;;;;;
Profil Alu;;POTEAU 150° 75;ARCELOR (BERTON SICARD);INSTALLUX;7016TH;Non;6,5;;;;;;;
Profil Alu;;POTEAU 150° 120;ARCELOR (BERTON SICARD);INSTALLUX;7017/4TH;Non;4,8;;;;;;;
Profil Alu;;POTEAU 150° 120;ARCELOR (BERTON SICARD);INSTALLUX;7017TH;Non;6,5;;;;;;;
Profil Alu;;REPRISE ARTICULATION;ARCELOR (BERTON SICARD);INSTALLUX;7028;Non;6,5;;;;;;;
Profil Alu;Capot;CAPOT DE RIVE 94 MM;ARCELOR (BERTON SICARD);INSTALLUX;7038;Non;6,5;;;;;;;
Profil Alu;;CACHE ARTICULATION;ARCELOR (BERTON SICARD);INSTALLUX;7039;Non;6,5;;;;;;;
Profil Alu;;OBTURATEUR 16;ARCELOR (BERTON SICARD);INSTALLUX;7042;Non;6,5;;;;;;;
Profil Alu;;OBTURATEUR 25;ARCELOR (BERTON SICARD);INSTALLUX;7044;Non;6,5;;;;;;;
Profil Alu;;LIAISO65X31;ARCELOR (BERTON SICARD);INSTALLUX;7054TH;Non;6,5;;;;;;;
Profil Alu;;JONCTION IMPOSTE 110X31;ARCELOR (BERTON SICARD);INSTALLUX;7056TH;Non;6,5;;;;;;;
Profil Alu;;OBTURATEUR 55MM;ARCELOR (BERTON SICARD);INSTALLUX;7108;Non;6,5;;;;;;;
Profil Alu;Capot;CAPOT SUP.PLATINE /7749;ARCELOR (BERTON SICARD);INSTALLUX;7115;Non;1;;;;;;;
Profil Alu;Capot;CAPOT SUP.PLATINE /7750;ARCELOR (BERTON SICARD);INSTALLUX;7117;Non;1;;;;;;;
Profil Alu;;PROFIL LIAISON 135° 120;ARCELOR (BERTON SICARD);INSTALLUX;7127/4TH;Non;4,8;;;;;;;
Profil Alu;;PROFIL LIAISO135° 120;ARCELOR (BERTON SICARD);INSTALLUX;7127TH;Non;6,5;;;;;;;
Profil Alu;Cheneau;SABLIERE VR INTEGRE;ARCELOR (BERTON SICARD);INSTALLUX;7130/3TH;Non;3,25;;;;;;;
Profil Alu;Capot;ACCROCHE BAS DE CAPOT;ARCELOR (BERTON SICARD);INSTALLUX;7133;Non;6,5;;;;;;;
Profil Alu;;COULISSE VOLET ROULANT;ARCELOR (BERTON SICARD);INSTALLUX;7134;Non;6,5;;;;;;;
Profil Alu;;DORM. CHASSIS TOITURE;ARCELOR (BERTON SICARD);INSTALLUX;7150TH;Non;6,5;;;;;;;
Profil Alu;;OUVR. CACHE CHASSIS TOIT;ARCELOR (BERTON SICARD);INSTALLUX;7151;Non;6,5;;;;;;;
Profil Alu;;POTEAU ANGLE 90° 65X75;ARCELOR (BERTON SICARD);INSTALLUX;7152/4TH;Non;4,8;;;;;;;
Profil Alu;;POTEAU ANGLE 90° 65X75;ARCELOR (BERTON SICARD);INSTALLUX;7152TH;Non;6,5;;;;;;;
Profil Alu;;LAME FINALE VOLET ROULAN;ARCELOR (BERTON SICARD);INSTALLUX;7153;Non;6,5;;;;;;;
Profil Alu;;TRAVERSE INTERMEDIAIRE;ARCELOR (BERTON SICARD);INSTALLUX;7208;Non;6,5;;;;;;;
Profil Alu;Capot;CAPOT 84;ARCELOR (BERTON SICARD);INSTALLUX;7210;Non;6,5;;;;;;;
Profil Alu;Capot;CAPOT 94;ARCELOR (BERTON SICARD);INSTALLUX;7211;Non;6,5;;;;;;;
Profil Alu;Capot;CAPOT 94;ARCELOR (BERTON SICARD);INSTALLUX;7211/4;Non;4,7;;;;;;;
Profil Alu;Capot;CAPOT DE RIVE 84;ARCELOR (BERTON SICARD);INSTALLUX;7212;Non;6,5;;;;;;;
Profil Alu;Capot;*CAPOT DECALE P.THERMOT.;ARCELOR (BERTON SICARD);INSTALLUX;7214;Non;6,5;;;;;;;
Profil Alu;PARCLOSE;PARCLOSE REMPL.09/13;ARCELOR (BERTON SICARD);INSTALLUX;7215;Non;6,5;;;;;;;
Profil Alu;PARCLOSE;PARCLOSE REMPL.16/20;ARCELOR (BERTON SICARD);INSTALLUX;7216;Non;6,5;;;;;;;
Profil Alu;PARCLOSE;PARCLOSE REMPL.23/27;ARCELOR (BERTON SICARD);INSTALLUX;7217;Non;6,5;;;;;;;
Profil Alu;PARCLOSE;PARCLOSE REMPL.51/55;ARCELOR (BERTON SICARD);INSTALLUX;7219;Non;6,5;;;;;;;
Profil Alu;EMBOUT;EMBOUT RIVE/7306TH D+G;ARCELOR (BERTON SICARD);INSTALLUX;7257;Non;1;;;;;;;
Profil Alu;EMBOUT;EMBOUT /NOUE 7225;ARCELOR (BERTON SICARD);INSTALLUX;7258;Non;1;;;;;;;
Profil Alu;EMBOUT;EMBOUT /ARETIER 7235TH;ARCELOR (BERTON SICARD);INSTALLUX;7259;Non;1;;;;;;;
Profil Alu;EMBOUT;EMBOUT RIVE /TUB.7207;ARCELOR (BERTON SICARD);INSTALLUX;7267;Non;1;;;;;;;
Profil Alu;;EPINE RPTH 100 MM;ARCELOR (BERTON SICARD);INSTALLUX;7300/4TH;Non;4,7;;;;;;;
Profil Alu;;EPINE RPTH 100 MM;ARCELOR (BERTON SICARD);INSTALLUX;7300TH;Non;6,5;;;;;;;
Profil Alu;;EPINE RPTH 120;ARCELOR (BERTON SICARD);INSTALLUX;7301/4TH;Non;4,7;;;;;;;
Profil Alu;;EPINE RPTH 120;ARCELOR (BERTON SICARD);INSTALLUX;7301TH;Non;6,5;;;;;;;
Profil Alu;;EPINE TUBUL.;ARCELOR (BERTON SICARD);INSTALLUX;7302;Non;6,5;;;;;;;
profil alu;;CHEVRORIVE 100;ARCELOR (BERTON SICARD);INSTALLUX;7307;Non;6,5;;;;;;;
Profil Alu;;SEUIL RALLONGE;ARCELOR (BERTON SICARD);INSTALLUX;7323TH;Non;6,5;;;;;;;
Profil Alu;;EPINE TUBULAIRE REM=55MM;ARCELOR (BERTON SICARD);INSTALLUX;7324/4TH;Non;4,7;;;;;;;
Profil Alu;;EPINE TUBULAIRE REM=55MM;ARCELOR (BERTON SICARD);INSTALLUX;7324TH;Non;6,5;;;;;;;
Profil Alu;;PROFIL DE RIVE REM=55MM;ARCELOR (BERTON SICARD);INSTALLUX;7325TH;Non;6,5;;;;;;;
Profil Alu;;ARETIER TUBUL.RPTH 150;ARCELOR (BERTON SICARD);INSTALLUX;7330TH;Non;6,5;;;;;;;
Profil Alu;Capot;REHAUSSEUR CAPOT 210;ARCELOR (BERTON SICARD);INSTALLUX;7797;Non;6,5;;;;;;;
Profil Alu;Capot;REHAUSSEUR CAPOT 210;ARCELOR (BERTON SICARD);INSTALLUX;7797;Non;6,5;;;;;;;
Profil Alu;Cheneau;SABLIERE CHENEAU 138MM;ARCELOR (BERTON SICARD);INSTALLUX;7607/4TH;Non;4,5;;;;;;;
Profil Alu;Cheneau;SABLIERE CHENEAU 138MM;ARCELOR (BERTON SICARD);INSTALLUX;7607TH;Non;6,5;;;;;;;
Profil Alu;Cheneau;(*)PROF BARDAGE CHENEAU;ARCELOR (BERTON SICARD);INSTALLUX;7618;Non;6,5;;;;;;;
Profil Alu;;PROFILE FIXATIOBARDAGE;ARCELOR (BERTON SICARD);INSTALLUX;7619;Non;6,5;;;;;;;
Profil Alu;;CHEVROMOULURE 230 MM;ARCELOR (BERTON SICARD);INSTALLUX;7622;Non;6,5;;;;;;;
Profil Alu;;CHEVRO106MM;ARCELOR (BERTON SICARD);INSTALLUX;7624/4;Non;4,7;;;;;;;
Profil Alu;Capot;CAPOT CLIPPE 31;ARCELOR (BERTON SICARD);INSTALLUX;7625;Non;6,5;;;;;;;
Profil Alu;Capot;CAPOT VISSE 31;ARCELOR (BERTON SICARD);INSTALLUX;7626/4;Non;4,7;;;;;;;
Profil Alu;Bavette;(*)BAVETTE ETANCHEITE;ARCELOR (BERTON SICARD);INSTALLUX;7627;Non;6,5;;;;;;;
Profil Alu;Cheneau;CHENEAU 230;ARCELOR (BERTON SICARD);INSTALLUX;7628;Non;6,5;;;;;;;
Profil Alu;Cheneau;CHENEAU 230;ARCELOR (BERTON SICARD);INSTALLUX;7628/4;Non;4;;;;;;;
profil alu;;(*)COFFRE VOLET ROUL 257;ARCELOR (BERTON SICARD);INSTALLUX;7629;Non;6,5;;;;;;;
profil alu;;DEMI ARETIER ARTICULE;ARCELOR (BERTON SICARD);INSTALLUX;7633;Non;6,5;;;;;;;
Profil Alu;;CHEVRODE RIVE;ARCELOR (BERTON SICARD);INSTALLUX;7635TH;Non;6,5;;;;;;;
Profil Alu;;CHEVRORIVE 105 MM;ARCELOR (BERTON SICARD);INSTALLUX;7637TH;Non;6,5;;;;;;;
Profil Alu;;SUPPORT BORDE VR;ARCELOR (BERTON SICARD);INSTALLUX;7644;Non;6,5;;;;;;;
Profil Alu;;OBTURATEUR;ARCELOR (BERTON SICARD);INSTALLUX;7646/4;Non;4,7;;;;;;;
Profil Alu;Chevron;CHEVRON 156MM;ARCELOR (BERTON SICARD);INSTALLUX;7649;Non;6,5;;;;;;;
Profil Alu;Chevron;CHEVRON 106MM SEMI RENF;ARCELOR (BERTON SICARD);INSTALLUX;7653;Non;6,5;;;;;;;
Profil Alu;Chevron;CHEVRON 106MM SEMI RENF;ARCELOR (BERTON SICARD);INSTALLUX;7653/4;Non;4;;;;;;;
Profil Alu;;TRAVERSE INTERM TUB;ARCELOR (BERTON SICARD);INSTALLUX;7655/4;Non;4,7;;;;;;;
Profil Alu;;SUPPORT BORDE;ARCELOR (BERTON SICARD);INSTALLUX;7657;Non;6,5;;;;;;;
Profil Alu;;ARTICULA BORDEE DRAINEE;ARCELOR (BERTON SICARD);INSTALLUX;7658THP;Non;6,5;;;;;;;
Profil Alu;;CACHE ARTICULATION;ARCELOR (BERTON SICARD);INSTALLUX;7659;Non;6,5;;;;;;;
Profil Alu;Chevron;CHEVRON 106MM RENFORCE;ARCELOR (BERTON SICARD);INSTALLUX;7661;Non;6,5;;;;;;;
Profil Alu;Chevron;CHEVRON 106MM RENFORCE;ARCELOR (BERTON SICARD);INSTALLUX;7661/4;Non;4,7;;;;;;;
Profil Alu;;ARETIER MOULURE 160MM;ARCELOR (BERTON SICARD);INSTALLUX;7662;Non;6,5;;;;;;;
Profil Alu;;ARETIER MOULURE 160MM;ARCELOR (BERTON SICARD);INSTALLUX;7662/4;Non;4,7;;;;;;;
Profil Alu;;ARET MOUL 180 SS CAGE;ARCELOR (BERTON SICARD);INSTALLUX;7663;Non;6,5;;;;;;;
Profil Alu;Capot;CAPOT TRAVERSE INTERM;ARCELOR (BERTON SICARD);INSTALLUX;7664/4;Non;4,7;;;;;;;
Profil Alu;;PROFIL NOUE;ARCELOR (BERTON SICARD);INSTALLUX;7665;Non;6,5;;;;;;;
Profil Alu;;PROFIL NOUE;ARCELOR (BERTON SICARD);INSTALLUX;7665/4;Non;4,7;;;;;;;
Profil Alu;;(*)PROFIL DE LIAISON;ARCELOR (BERTON SICARD);INSTALLUX;7668TH;Non;6,5;;;;;;;
Profil Alu;;ADAPTATEUR POUTRE BOIS;ARCELOR (BERTON SICARD);INSTALLUX;7673;Non;6,5;;;;;;;
Profil Alu;;ARTICULATION NOUE;ARCELOR (BERTON SICARD);INSTALLUX;7674;Non;6,5;;;;;;;
Profil Alu;;PROFIL DE FINITION;ARCELOR (BERTON SICARD);INSTALLUX;7679;Non;6,5;;;;;;;
Profil Alu;;(*)POTEAU 180°;ARCELOR (BERTON SICARD);INSTALLUX;7680TH;Non;6,5;;;;;;;
Profil Alu;;(*)POTEAU 90° RENTRANT;ARCELOR (BERTON SICARD);INSTALLUX;7681TH;Non;6,5;;;;;;;
Profil Alu;;(*)POTEAU 90° SORTANT;ARCELOR (BERTON SICARD);INSTALLUX;7682TH;Non;6,5;;;;;;;
Profil Alu;;(*)POTEAU 150°;ARCELOR (BERTON SICARD);INSTALLUX;7683TH;Non;6,5;;;;;;;
Profil Alu;;(*)POTEAU 135°;ARCELOR (BERTON SICARD);INSTALLUX;7684TH;Non;6,5;;;;;;;
Profil Alu;;ARTICULATIOCHEVRO156;ARCELOR (BERTON SICARD);INSTALLUX;7690;Non;6,5;;;;;;;
Profil Alu;;CHEVRORIVE 70;ARCELOR (BERTON SICARD);INSTALLUX;7691TH;Non;6,5;;;;;;;
Profil Alu;;*KIT EMB.CHEVR /7604;ARCELOR (BERTON SICARD);INSTALLUX;7746;Non;1;;;;;;;
profil alu;;PLATINE 180° 7 DEPARTS;ARCELOR (BERTON SICARD);INSTALLUX;7749;Non;1;;;;;;;
Profil Alu;;PLATINE 90° 4 DEPARTS;ARCELOR (BERTON SICARD);INSTALLUX;7750;Non;1;;;;;;;
Profil Alu;EMBOUT;EMBOUT TRAVERSE INTERM.;ARCELOR (BERTON SICARD);INSTALLUX;7757;Non;10;;;;;;;
Profil Alu;EMBOUT;EMBOUT CAPOT;ARCELOR (BERTON SICARD);INSTALLUX;7758;Non;10;;;;;;;
Profil Alu;EMBOUT;EMBOUT SUP FIXATIOARET;ARCELOR (BERTON SICARD);INSTALLUX;7759;Non;1;;;;;;;
Profil Alu;TUBE;TUBE DIAM 16X1,5 /7751;ARCELOR (BERTON SICARD);INSTALLUX;7766;Non;6;;;;;;;
Profil Alu;EMBOUT;EMBOUT CHEVRON;ARCELOR (BERTON SICARD);INSTALLUX;7770;Non;10;;;;;;;
profil alu;EMBOUT;EMBOUT ARETIER;ARCELOR (BERTON SICARD);INSTALLUX;7771;Non;1;;;;;;;
Profil Alu;EMBOUT;EMBOUT 7607TH+7603;ARCELOR (BERTON SICARD);INSTALLUX;7773;Non;2;;;;;;;
Profil Alu;EMBOUT;EMBOUT 7607TH+7604;ARCELOR (BERTON SICARD);INSTALLUX;7774;Non;2;;;;;;;
Profil Alu;EMBOUT;EMBOUT 7607TH;ARCELOR (BERTON SICARD);INSTALLUX;7776;Non;2;;;;;;;
Profil Alu;Capot;CAPOT MOULURE VR;ARCELOR (BERTON SICARD);INSTALLUX;7785;Non;6,5;;;;;;;
Profil Alu;Capot;CAPOT MOULURE VR LG 4M;ARCELOR (BERTON SICARD);INSTALLUX;7785/4;Non;4;;;;;;;
Profil Alu;EMBOUT;EMBOUT 7760TH+7604;ARCELOR (BERTON SICARD);INSTALLUX;7787;Non;1;;;;;;;
Profil Alu;EMBOUT;EMBOUT 7760TH;ARCELOR (BERTON SICARD);INSTALLUX;7789;Non;1;;;;;;;
Profil Alu;EMBOUT;EMBOUT CHEN VR+7603;ARCELOR (BERTON SICARD);INSTALLUX;7790;Non;1;;;;;;;
Profil Alu;EMBOUT;EMBOUT CHEN VR+7604;ARCELOR (BERTON SICARD);INSTALLUX;7791;Non;1;;;;;;;
Profil Alu;EMBOUT;EMBOUT CHEN VR+7605;ARCELOR (BERTON SICARD);INSTALLUX;7792;Non;1;;;;;;;
Profil Alu;Chevron;CHEVRON MOULUREE 66MM;ARCELOR (BERTON SICARD);INSTALLUX;7795;Non;6,5;;;;;;;
Profil Alu;EMBOUT;EMBOUT CHENEAU VR 210;ARCELOR (BERTON SICARD);INSTALLUX;7801;Non;2;;;;;;;
Profil Alu;Corniéres;CORNIERE CACHE COUPE VR;ARCELOR (BERTON SICARD);INSTALLUX;7802;Non;1;;;;;;;
Profil Alu;Capot;CAPOT VISSE 39;ARCELOR (BERTON SICARD);INSTALLUX;7816/4;Non;4,7;;;;;;;
Profil Alu;Capot;CAPOT VISSE 39;ARCELOR (BERTON SICARD);INSTALLUX;7816/4M;Non;4;;;;;;;
Profil Alu;Capot;CAPOT CLIPPE 39;ARCELOR (BERTON SICARD);INSTALLUX;7817;Non;6,5;;;;;;;
Profil Alu;Capot;CAPOT CLIPPE 39 DECALE;ARCELOR (BERTON SICARD);INSTALLUX;7818;Non;6,5;;;;;;;
Profil Alu;Capot;CAPOT DECALE A VISSER;ARCELOR (BERTON SICARD);INSTALLUX;7820;Non;6,5;;;;;;;
Profil Alu;;(*)SUPPORT 90° COUL VR;ARCELOR (BERTON SICARD);INSTALLUX;7824;Non;6,5;;;;;;;
Profil Alu;;ARETIER MOULURE 126;ARCELOR (BERTON SICARD);INSTALLUX;7828;Non;6,5;;;;;;;
Profil Alu;Capot;CAPOT CLIPPE 36;ARCELOR (BERTON SICARD);INSTALLUX;7835;Non;6,5;;;;;;;
Profil Alu;Capot;CAPOT VISSE 36;ARCELOR (BERTON SICARD);INSTALLUX;7836/4;Non;4,7;;;;;;;
Profil Alu;;TRAVERSE 116MM;ARCELOR (BERTON SICARD);INSTALLUX;8101;Non;6,5;;;;;;;
Profil Alu;;TRAVERSE 157MM;ARCELOR (BERTON SICARD);INSTALLUX;8102;Non;6,5;;;;;;;
Profil Alu;Capot;CAPOT 16MM L=60MM;ARCELOR (BERTON SICARD);INSTALLUX;8103;Non;6,5;;;;;;;
Profil Alu;Capot;CAPOT DE 20MM L60MM;ARCELOR (BERTON SICARD);INSTALLUX;8105;Non;6,5;;;;;;;
profil alu;;MONTANT 60X158MM;ARCELOR (BERTON SICARD);INSTALLUX;8106;Non;6,5;;;;;;;
profil alu;;TRAVERSE 168MM;ARCELOR (BERTON SICARD);INSTALLUX;8108;Non;6,5;;;;;;;
profil alu;;MONTANT 60X170MM;ARCELOR (BERTON SICARD);INSTALLUX;8110;Non;6,5;;;;;;;
Profil Alu;;MONTANT 228X54;ARCELOR (BERTON SICARD);INSTALLUX;8177;Non;6,5;;;;;;;
Profil Alu;;MONTANT 53X54;ARCELOR (BERTON SICARD);INSTALLUX;8178;Non;6,5;;;;;;;
profil alu;;MONTANT 73X54;ARCELOR (BERTON SICARD);INSTALLUX;8179;Non;6,5;;;;;;;
Profil Alu;;MONTANT 100X54;ARCELOR (BERTON SICARD);INSTALLUX;8181;Non;6,5;;;;;;;
Profil Alu;;MONTANT 150X54;ARCELOR (BERTON SICARD);INSTALLUX;8183;Non;6,5;;;;;;;
Profil Alu;;MONTANT 185X54;ARCELOR (BERTON SICARD);INSTALLUX;8184;Non;6,5;;;;;;;
Profil Alu;;TRAVERSE 38,5X54;ARCELOR (BERTON SICARD);INSTALLUX;8186;Non;6,5;;;;;;;
Profil Alu;;TRAVERSE 53X54;ARCELOR (BERTON SICARD);INSTALLUX;8187;Non;6,5;;;;;;;
Profil Alu;Capot;CAPOT EXT.46 ARRONDI;ARCELOR (BERTON SICARD);INSTALLUX;8198;Non;6,5;;;;;;;
Profil Alu;PARCLOSE;*PARCLOSE 9;ARCELOR (BERTON SICARD);INSTALLUX;8200;Non;6,5;;;;;;;
Profil Alu;PARCLOSE;PARCLOSE 18;ARCELOR (BERTON SICARD);INSTALLUX;8201;Non;6,5;;;;;;;
Profil Alu;Capot;CAPOT OGIVE 89.5;ARCELOR (BERTON SICARD);INSTALLUX;8205;Non;6,5;;;;;;;
Profil Alu;Capot;CAPOT OGIVE 70;ARCELOR (BERTON SICARD);INSTALLUX;8213;Non;6,5;;;;;;;
Profil Alu;;ADAPT.OUVRANT ITALIENNE;ARCELOR (BERTON SICARD);INSTALLUX;8242;Non;6,5;;;;;;;
Profil Alu;Capot;CAPOT EN H;ARCELOR (BERTON SICARD);INSTALLUX;8289;Non;6,5;;;;;;;
Profil Alu;Capot;CAPOT 16;ARCELOR (BERTON SICARD);INSTALLUX;8291;Non;6,5;;;;;;;
Profil Alu;Capot;CAPOT 20;ARCELOR (BERTON SICARD);INSTALLUX;8292;Non;6,5;;;;;;;
Profil Alu;Capot;CAPOT SERREUR;ARCELOR (BERTON SICARD);INSTALLUX;8293;Non;6,5;;;;;;;
Profil Alu;Capot;CAPOT SERREUR;ARCELOR (BERTON SICARD);INSTALLUX;8294;Non;6,5;;;;;;;
Profil Alu;;MONTANT 31;ARCELOR (BERTON SICARD);INSTALLUX;8500;Non;6,5;;;;;;;
Profil Alu;;MONTANT 58;ARCELOR (BERTON SICARD);INSTALLUX;8501;Non;6,5;;;;;;;
Profil Alu;;MONTANT 78;ARCELOR (BERTON SICARD);INSTALLUX;8502;Non;6,5;;;;;;;
Profil Alu;;MONTANT 98;ARCELOR (BERTON SICARD);INSTALLUX;8503;Non;6,5;;;;;;;
Profil Alu;;MONTANT 118;ARCELOR (BERTON SICARD);INSTALLUX;8504;Non;6,5;;;;;;;
Profil Alu;;MONTANT 138;ARCELOR (BERTON SICARD);INSTALLUX;8505;Non;6,5;;;;;;;
Profil Alu;;MONTANT 158;ARCELOR (BERTON SICARD);INSTALLUX;8506;Non;6,5;;;;;;;
Profil Alu;;MONTANT 178;ARCELOR (BERTON SICARD);INSTALLUX;8507;Non;6,5;;;;;;;
Profil Alu;;MONTANT 198;ARCELOR (BERTON SICARD);INSTALLUX;8508;Non;6,5;;;;;;;
Profil Alu;;MONTANT 218;ARCELOR (BERTON SICARD);INSTALLUX;8509;Non;6,5;;;;;;;
MONTANT;;MONTANT 238;ARCELOR (BERTON SICARD);INSTALLUX;8510;Non;6,5;;;;;;;
Profil Alu;;TRAVERSE 31;ARCELOR (BERTON SICARD);INSTALLUX;8511;Non;6,5;;;;;;;
Profil Alu;;TRAVERSE 58;ARCELOR (BERTON SICARD);INSTALLUX;8512;Non;6,5;;;;;;;
Profil Alu;;TRAVERSE 78;ARCELOR (BERTON SICARD);INSTALLUX;8513;Non;6,5;;;;;;;
Profil Alu;;TRAVERSE 98;ARCELOR (BERTON SICARD);INSTALLUX;8514;Non;6,5;;;;;;;
Profil Alu;;TRAVERSE 118;ARCELOR (BERTON SICARD);INSTALLUX;8515;Non;6,5;;;;;;;
Profil Alu;;TRAVERSE 138;ARCELOR (BERTON SICARD);INSTALLUX;8516;Non;6,5;;;;;;;
Profil Alu;;"MONTANT H=31; L=70MM";ARCELOR (BERTON SICARD);INSTALLUX;8518;Non;6,5;;;;;;;
Profil Alu;;MONTANT DE 218MM;ARCELOR (BERTON SICARD);INSTALLUX;8519;Non;6,5;;;;;;;
Profil Alu;;POTEAU D’ANGLE;ARCELOR (BERTON SICARD);INSTALLUX;8520;Non;6,5;;;;;;;
Profil Alu;;PROFIL DE DILATATION A98;ARCELOR (BERTON SICARD);INSTALLUX;8521;Non;6,5;;;;;;;
Profil Alu;;PROFIL DE DILATATION B98;ARCELOR (BERTON SICARD);INSTALLUX;8522;Non;6,5;;;;;;;
Profil Alu;;PROFIL DE DILATATION 118;ARCELOR (BERTON SICARD);INSTALLUX;8523;Non;6,5;;;;;;;
Profil Alu;;PROFIL DE DILATATION 118;ARCELOR (BERTON SICARD);INSTALLUX;8524;Non;6,5;;;;;;;
Profil Alu;;PROFIL DE DILATATION 138;ARCELOR (BERTON SICARD);INSTALLUX;8525;Non;6,5;;;;;;;
Profil Alu;PARCLOSE;PARCLOSE 10;ARCELOR (BERTON SICARD);INSTALLUX;8535;Non;6,5;;;;;;;
profil alu;PARCLOSE;PARCLOSE 20;ARCELOR (BERTON SICARD);INSTALLUX;8536;Non;6,5;;;;;;;
Profil Alu;PARCLOSE;PARCLOSE 30;ARCELOR (BERTON SICARD);INSTALLUX;8537;Non;6,5;;;;;;;
profil alu;;SERREUR VERRIERE;ARCELOR (BERTON SICARD);INSTALLUX;8541;Non;6,5;;;;;;;
profil alu;;PROFIL ADAPTATION;ARCELOR (BERTON SICARD);INSTALLUX;8542;Non;6,5;;;;;;;
profil alu;;OUVRANT ITALIENNE DESIGN;ARCELOR (BERTON SICARD);INSTALLUX;8556;Non;6,5;;;;;;;
profil alu;;DORMANT ITALIENNE DESIGN;ARCELOR (BERTON SICARD);INSTALLUX;8557;Non;6,5;;;;;;;
Profil Alu;Capot;CAPOT DE 190;ARCELOR (BERTON SICARD);INSTALLUX;8566;Non;6,3;;;;;;;
profil alu;;REDUCTEUR MONTANT 30MM;ARCELOR (BERTON SICARD);INSTALLUX;8568;Non;6,5;;;;;;;
profil alu;;MONTANT DE 208;ARCELOR (BERTON SICARD);INSTALLUX;8569;Non;6,5;;;;;;;
Profil Alu;;TRAVERSE PERCUTANTE 206;ARCELOR (BERTON SICARD);INSTALLUX;8570;Non;6,5;;;;;;;
Profil Alu;;REDUCTEUR MONTANT 20MM;ARCELOR (BERTON SICARD);INSTALLUX;8573;Non;6,5;;;;;;;
Profil Alu;;REDUCTEUR MONTANT 10MM;ARCELOR (BERTON SICARD);INSTALLUX;8574;Non;6,5;;;;;;;
Profil Alu;;MONTANT MINCE DE 158;ARCELOR (BERTON SICARD);INSTALLUX;8575;Non;6,5;;;;;;;
Profil Alu;;VECALU GAUCHE;ARCELOR (BERTON SICARD);INSTALLUX;8667;Non;1;;;;;;;
Profil Alu;;VECALU DROITE;ARCELOR (BERTON SICARD);INSTALLUX;8668;Non;1;;;;;;;
Profil Alu;;OUVRANT POMPIER;ARCELOR (BERTON SICARD);INSTALLUX;8670;Non;6,5;;;;;;;
Profil Alu;;DORMANT POMPIER;ARCELOR (BERTON SICARD);INSTALLUX;8671;Non;6,5;;;;;;;
Profil Alu;;CADRE FIXE OUVRANT 24;ARCELOR (BERTON SICARD);INSTALLUX;8803;Non;6;;;;;;;
Profil Alu;;TRAVERSE;ARCELOR (BERTON SICARD);INSTALLUX;8810;Non;6;;;;;;;
Profil Alu;;TRAVERSE RENFORCEE;ARCELOR (BERTON SICARD);INSTALLUX;8811;Non;6;;;;;;;
Profil Alu;;MONTANT 116X72.5;ARCELOR (BERTON SICARD);INSTALLUX;8813;Non;6,5;;;;;;;
Profil Alu;;MONTANT 93,5X72,5;ARCELOR (BERTON SICARD);INSTALLUX;8814;Non;6,5;;;;;;;
profil alu;;MONTANT 82X72.5;ARCELOR (BERTON SICARD);INSTALLUX;8815;Non;6,5;;;;;;;
profil alu;;DEMI TRAVERSE RENFORCEE;ARCELOR (BERTON SICARD);INSTALLUX;8822;Non;6;;;;;;;
profil alu;;DEMI MONTANT 54,5X42,7;ARCELOR (BERTON SICARD);INSTALLUX;8823;Non;6,5;;;;;;;
profil alu;PARCLOSE;PARCLOSE 27;ARCELOR (BERTON SICARD);INSTALLUX;8830;Non;6;;;;;;;
profil alu;PARCLOSE;PARCLOSE RIVETER;ARCELOR (BERTON SICARD);INSTALLUX;8842;Non;6,5;;;;;;;
profil alu;;CADRE OUVRANT RPTH;ARCELOR (BERTON SICARD);INSTALLUX;8843TH;Non;6,5;;;;;;;
profil alu;;CADRE OUV VEC TH BL;ARCELOR (BERTON SICARD);INSTALLUX;8844;Non;6,5;;;;;;;
profil alu;;DEMI MONTANT 116MM;ARCELOR (BERTON SICARD);INSTALLUX;8853;Non;6,5;;;;;;;
profil alu;PARCLOSE;PARCLOSE POUR 8857;ARCELOR (BERTON SICARD);INSTALLUX;8859;Non;6;;;;;;;
profil alu;PARCLOSE;PARCLOSE VEP VITRAGE=43;ARCELOR (BERTON SICARD);INSTALLUX;8873;Non;6,5;;;;;;;
profil alu;;FERMETURE GAUCHE OUVRANT;ARCELOR (BERTON SICARD);INSTALLUX;8920;Non;1;;;;;;;
Profil Alu;;FERMETURE DROITE OUVRANT;ARCELOR (BERTON SICARD);INSTALLUX;8921;Non;1;;;;;;;
Profil Alu;;BEQUILLE POUR 8953;ARCELOR (BERTON SICARD);INSTALLUX;8954;Non;1;;;;;;;
Profil Alu;;CHICANE RAPPORTEE;ARCELOR (BERTON SICARD);INSTALLUX;9002;Non;6,5;;;;;;;
Profil Alu;;BUTEE D’OUVRANTS;ARCELOR (BERTON SICARD);INSTALLUX;9017;Non;1;;;;;;;
Profil Alu;;PROFIL AERATEUR 24MM;ARCELOR (BERTON SICARD);INSTALLUX;9022;Non;6;;;;;;;
Profil Alu;;PRF AERATEUR 24 HT LG3M;ARCELOR (BERTON SICARD);INSTALLUX;9022/3;Non;3;;;;;;;
profil alu;;PROFIL AERATEUR 24MM BAS;ARCELOR (BERTON SICARD);INSTALLUX;9023;Non;6;;;;;;;
profil alu;;PRF AERATEUR 24 BAS LG3M;ARCELOR (BERTON SICARD);INSTALLUX;9023/3;Non;3;;;;;;;
Profil Alu;Bavette;BAVETTE 40;ARCELOR (BERTON SICARD);INSTALLUX;9130;Non;6,5;;;;;;;
profil alu;Bavette;BAVETTE 60;ARCELOR (BERTON SICARD);INSTALLUX;9131;Non;6,5;;;;;;;
profil alu;Bavette;BAVETTE 80;ARCELOR (BERTON SICARD);INSTALLUX;9132;Non;6,5;;;;;;;
profil alu;Bavette;BAVETTE 150;ARCELOR (BERTON SICARD);INSTALLUX;9133;Non;6,5;;;;;;;
profil alu;;COUVRE JOINT 70;ARCELOR (BERTON SICARD);INSTALLUX;9142;Non;6,5;;;;;;;
profil alu;;COUVRE JOINT 50;ARCELOR (BERTON SICARD);INSTALLUX;9143;Non;6,5;;;;;;;
Profil Alu;;COUVRE JOINT 35;ARCELOR (BERTON SICARD);INSTALLUX;9145;Non;6,5;;;;;;;
Profil Alu;Bavette;BAVETTE 100;ARCELOR (BERTON SICARD);INSTALLUX;9146;Non;6,5;;;;;;;
Profil Alu;Bavette;BAVETTE 120;ARCELOR (BERTON SICARD);INSTALLUX;9147;Non;6,5;;;;;;;
Profil Alu;;COUVRE JOINT 20;ARCELOR (BERTON SICARD);INSTALLUX;9148;Non;6,5;;;;;;;
profil alu;;COUVRE JOINT 50;ARCELOR (BERTON SICARD);INSTALLUX;9154;Non;6,5;;;;;;;
Profil Alu;;COUVRE PIECE APPUI EXT.;ARCELOR (BERTON SICARD);INSTALLUX;9155;Non;6,5;;;;;;;
Profil Alu;;COUVRE JOINT 35MM TOLE;ARCELOR (BERTON SICARD);INSTALLUX;9156;Non;6,5;;;;;;;
Profil Alu;;COUVRE JOINT 70MM TOLE;ARCELOR (BERTON SICARD);INSTALLUX;9157;Non;6,5;;;;;;;
Profil Alu;;COUVRE JOINT 35 MOULURE;ARCELOR (BERTON SICARD);INSTALLUX;9162;Non;6,5;;;;;;;
profil alu;;COUVRE JOINT 50 MM;ARCELOR (BERTON SICARD);INSTALLUX;9163;Non;6,5;;;;;;;
Profil Alu;;COUVRE JOINT 70;ARCELOR (BERTON SICARD);INSTALLUX;9174;Non;6,5;;;;;;;
Profil Alu;;MONTANT EXT. SIMPLE;ARCELOR (BERTON SICARD);INSTALLUX;9190;Non;6,5;;;;;;;
Profil Alu;;MONTANT EXT. SIMPLE;ARCELOR (BERTON SICARD);INSTALLUX;9190/4;Non;4,6;;;;;;;
profil alu;;MONTANT EXT. RENFORCE;ARCELOR (BERTON SICARD);INSTALLUX;9191;Non;6,5;;;;;;;
Profil Alu;;MONTANT EXT. RENFORCE;ARCELOR (BERTON SICARD);INSTALLUX;9191/4;Non;4,6;;;;;;;
Profil Alu;;MONTANT CROIS. SIMPLE;ARCELOR (BERTON SICARD);INSTALLUX;9192;Non;6,5;;;;;;;
Profil Alu;;MONTANT CROIS. SIMPLE;ARCELOR (BERTON SICARD);INSTALLUX;9192/4;Non;4,6;;;;;;;
Profil Alu;;MONTANT CROIS. RENFORCE;ARCELOR (BERTON SICARD);INSTALLUX;9194;Non;6,5;;;;;;;
Profil Alu;;MONTANT CROIS. RENFORCE;ARCELOR (BERTON SICARD);INSTALLUX;9194/4;Non;4,6;;;;;;;
Profil Alu;;TRAVERSE HAUTE ET BASSE;ARCELOR (BERTON SICARD);INSTALLUX;9195;Non;6,5;;;;;;;
Profil Alu;;TRAVERSE INTERMEDIAIRE;ARCELOR (BERTON SICARD);INSTALLUX;9196;Non;6,5;;;;;;;
profil alu;;MONTANT EXT. SIMPLE;ARCELOR (BERTON SICARD);INSTALLUX;9290/4TH;Non;4,6;;;;;;;
profil alu;;MONTANT EXT. SIMPLE;ARCELOR (BERTON SICARD);INSTALLUX;9290TH;Non;6,5;;;;;;;
profil alu;;MONTANT LAT. RENFORCE;ARCELOR (BERTON SICARD);INSTALLUX;9291/4TH;Non;4,6;;;;;;;
Profil Alu;;MONTANT LAT. RENFORCE;ARCELOR (BERTON SICARD);INSTALLUX;9291TH;Non;6,5;;;;;;;
profil alu;;MONTANT CROIS. SIMPLE;ARCELOR (BERTON SICARD);INSTALLUX;9292/4TH;Non;4,6;;;;;;;
Profil Alu;;MONTANT CROIS. SIMPLE;ARCELOR (BERTON SICARD);INSTALLUX;9292TH;Non;6,5;;;;;;;
Profil Alu;;MONTANT CROIS. RENFORCE;ARCELOR (BERTON SICARD);INSTALLUX;9294/4TH;Non;4,6;;;;;;;
Profil Alu;;MONTANT CROIS. RENFORCE;ARCELOR (BERTON SICARD);INSTALLUX;9294TH;Non;6,5;;;;;;;
Profil Alu;;TRAVERSE INTERMEDIAIRE;ARCELOR (BERTON SICARD);INSTALLUX;9296TH;Non;6,5;;;;;;;
profil alu;;DORM. PERIPH.2 RAILS O;ARCELOR (BERTON SICARD);INSTALLUX;9303;Non;6,5;;;;;;;
Profil Alu;;DORM. PERIPH.2 RAILS O;ARCELOR (BERTON SICARD);INSTALLUX;9304;Non;6,5;;;;;;;
Profil Alu;;DORM. PERI.2 RAILS O CJ;ARCELOR (BERTON SICARD);INSTALLUX;9305;Non;6,5;;;;;;;
Profil Alu;;DORM. PERIPH.2 RAILS O;ARCELOR (BERTON SICARD);INSTALLUX;9309;Non;6,5;;;;;;;
Profil Alu;;DORM. PERIPH.3 RAILS O;ARCELOR (BERTON SICARD);INSTALLUX;9317;Non;6,5;;;;;;;
Profil Alu;;DORM. PERIPH.3 RAILS O;ARCELOR (BERTON SICARD);INSTALLUX;9319;Non;6,5;;;;;;;
Profil Alu;;DORM. RAPPORTE 2 RAILS O;ARCELOR (BERTON SICARD);INSTALLUX;9323;Non;6,5;;;;;;;
Profil Alu;;DORMANT GALANDAGE;ARCELOR (BERTON SICARD);INSTALLUX;9333;Non;6,5;;;;;;;
Profil Alu;Capot;CAPOT INT GALANDAGE;ARCELOR (BERTON SICARD);INSTALLUX;9334;Non;6,5;;;;;;;
Profil Alu;Capot;CAPOT INT COUPE GAL;ARCELOR (BERTON SICARD);INSTALLUX;9335;Non;6,5;;;;;;;
profil alu;;SUP. CHICANE RAPPORTE;ARCELOR (BERTON SICARD);INSTALLUX;9336;Non;6,5;;;;;;;
Profil Alu;Capot;CAPOT CHICANE RAPPORTEE;ARCELOR (BERTON SICARD);INSTALLUX;9337;Non;6,5;;;;;;;
Profil Alu;;CHICANE RAPPORTEE;ARCELOR (BERTON SICARD);INSTALLUX;9338;Non;6,5;;;;;;;
Profil Alu;;CLOSOIR INT GAL 2 RAILS;ARCELOR (BERTON SICARD);INSTALLUX;9339;Non;6,5;;;;;;;
Profil Alu;Capot;SUPPORT CAPOT POUR GAL;ARCELOR (BERTON SICARD);INSTALLUX;9343;Non;6,5;;;;;;;
Profil Alu;Capot;CAPOT EXT POUR COULISSE;ARCELOR (BERTON SICARD);INSTALLUX;9348;Non;6,5;;;;;;;
Profil Alu;Capot;*CAPOT EXTERIEUR 40°;ARCELOR (BERTON SICARD);INSTALLUX;9354;Non;6,5;;;;;;;
Profil Alu;;DORM.MONORAIL GORGE CLIP;ARCELOR (BERTON SICARD);INSTALLUX;9356TH;Non;6,5;;;;;;;
Profil Alu;;DORMANT MONORAIL DROIT;ARCELOR (BERTON SICARD);INSTALLUX;9357TH;Non;6,5;;;;;;;
Profil Alu;;DORM. PERIPH.2 RAILS O;ARCELOR (BERTON SICARD);INSTALLUX;9359TH;Non;6,5;;;;;;;
Profil Alu;;DORM. PERIPH.2 RAILS O;ARCELOR (BERTON SICARD);INSTALLUX;9363TH;Non;6,5;;;;;;;
Profil Alu;;DORM. PERIPH.2 RAILS O;ARCELOR (BERTON SICARD);INSTALLUX;9364TH;Non;6,5;;;;;;;
Profil Alu;;DORM. PERIP.2RAILS OCJ;ARCELOR (BERTON SICARD);INSTALLUX;9365TH;Non;6,5;;;;;;;
Profil Alu;;DORMANT MOUSTIQUAIRE;ARCELOR (BERTON SICARD);INSTALLUX;9366TH;Non;6,5;;;;;;;
Profil Alu;;DORM. RAPP. 2 RAILS O.;ARCELOR (BERTON SICARD);INSTALLUX;9367TH;Non;6,5;;;;;;;
Profil Alu;;DORM. PERIPH. 2 R MIXTE;ARCELOR (BERTON SICARD);INSTALLUX;9368TH;Non;6,5;;;;;;;
Profil Alu;;DORM. PERIPH.3 RAILS O;ARCELOR (BERTON SICARD);INSTALLUX;9371TH;Non;6,5;;;;;;;
Profil Alu;;DORM. PERIPH.3 RAILS O;ARCELOR (BERTON SICARD);INSTALLUX;9373TH;Non;6,5;;;;;;;
Profil Alu;;DORM. PERIPH.3 R MIXTE;ARCELOR (BERTON SICARD);INSTALLUX;9374TH;Non;6,5;;;;;;;
profil alu;;DORMANT GAL 1 RAIL;ARCELOR (BERTON SICARD);INSTALLUX;9375TH;Non;6,5;;;;;;;
profil alu;;DORMANT GAL 2 RAILS;ARCELOR (BERTON SICARD);INSTALLUX;9376TH;Non;6,5;;;;;;;
profil alu;;DORMANT GAL 2 RAILS 80MM;ARCELOR (BERTON SICARD);INSTALLUX;9377TH;Non;6,5;;;;;;;
profil alu;;CLOSOIR DORM. MONORAIL;ARCELOR (BERTON SICARD);INSTALLUX;9390;Non;6,5;;;;;;;
profil alu;;CLOSOIR INT. HORIZONTAL;ARCELOR (BERTON SICARD);INSTALLUX;9391;Non;6,5;;;;;;;
profil alu;;CLOSOIR INT. VERTICAL;ARCELOR (BERTON SICARD);INSTALLUX;9392;Non;6,5;;;;;;;
profil alu;;REJET D’EAU-MONORAIL;ARCELOR (BERTON SICARD);INSTALLUX;9393;Non;6,5;;;;;;;
profil alu;;RAIL HAUT RAPPORTE;ARCELOR (BERTON SICARD);INSTALLUX;9394;Non;6,5;;;;;;;
Profil Alu;;SUPPORT ETROIT EXT GAL;ARCELOR (BERTON SICARD);INSTALLUX;9396;Non;6,5;;;;;;;
Profil Alu;;PROFIL DE FINITION INT;ARCELOR (BERTON SICARD);INSTALLUX;9397;Non;6,5;;;;;;;
profil alu;;BUTEE ARRET MULTI VTX;ARCELOR (BERTON SICARD);INSTALLUX;9617;Non;1;;;;;;;
profil alu;EMBOUT;EMBOUT MENEAU RENF / VIS;ARCELOR (BERTON SICARD);INSTALLUX;9714;Non;2;;;;;;;
profil alu;;POIGNEE MANOEUVRE;ARCELOR (BERTON SICARD);INSTALLUX;9804;Non;1;;;;;;;
profil alu;;FERRURE A CLE A POIGN;ARCELOR (BERTON SICARD);INSTALLUX;9847;Non;1;;;;;;;
profil alu;;FERM. CUV. MULTIPTS;ARCELOR (BERTON SICARD);INSTALLUX;9848;Non;1;;;;;;;
profil alu;;FERM.CUV.POIGN MULTIP;ARCELOR (BERTON SICARD);INSTALLUX;9849;Non;1;;;;;;;
profil alu;;POIGN MANOEUVRE ENCAS;ARCELOR (BERTON SICARD);INSTALLUX;9864;Non;1;;;;;;;
profil alu;;POIGN MANOEUVRE APPLI;ARCELOR (BERTON SICARD);INSTALLUX;9865;Non;1;;;;;;;
Profil Alu;;*FERMETURE SEMI-FIXE;ARCELOR (BERTON SICARD);INSTALLUX;9882;Non;1;;;;;;;
Profil Alu;;*GACHE/9880 DOR SS RECUP;ARCELOR (BERTON SICARD);INSTALLUX;9894;Non;1;;;;;;;
Profil Alu;;*GACHE VANTAUX EN LIGNE;ARCELOR (BERTON SICARD);INSTALLUX;9897;Non;1;;;;;;;
Profil Alu;;FACADE MONTANT RENF;ARCELOR (BERTON SICARD);INSTALLUX;9918;Non;1;;;;;;;
Profil Alu;;FERMETURE SIMPLE;ARCELOR (BERTON SICARD);INSTALLUX;9921;Non;1;;;;;;;
Profil Alu;;FERMETURE EN SAILLIE;ARCELOR (BERTON SICARD);INSTALLUX;9923;Non;1;;;;;;;
Profil Alu;;KIT CUVETTE SIMPLE 45°;ARCELOR (BERTON SICARD);INSTALLUX;9934;Non;1;;;;;;;
Profil Alu;;*KIT CUVETTE SIMPLE45°;ARCELOR (BERTON SICARD);INSTALLUX;9934A;Non;1;;;;;;;
Profil Alu;;KIT CUVETTE DOUBLE 45°;ARCELOR (BERTON SICARD);INSTALLUX;9935;Non;1;;;;;;;
Profil Alu;;*KIT CUVETTE DOUBLE45°;ARCELOR (BERTON SICARD);INSTALLUX;9935A;Non;1;;;;;;;
Profil Alu;;KIT CUVETTE DB CLE 45°;ARCELOR (BERTON SICARD);INSTALLUX;9936;Non;1;;;;;;;
Profil Alu;;*KIT CUVETTE DB CLE45°;ARCELOR (BERTON SICARD);INSTALLUX;9936A;Non;1;;;;;;;
Profil Alu;;KIT CUV SIMPLE AUTO45;ARCELOR (BERTON SICARD);INSTALLUX;9937;Non;1;;;;;;;
Profil Alu;;*KIT CUV SIMPLE AUTO45;ARCELOR (BERTON SICARD);INSTALLUX;9937A;Non;1;;;;;;;
Profil Alu;;COQUILLE MANOEUVRE SPLE;ARCELOR (BERTON SICARD);INSTALLUX;9948;Non;1;;;;;;;
Profil Alu;;CALIPSO INT.MANOEUVRT;ARCELOR (BERTON SICARD);INSTALLUX;9960;Non;1;;;;;;;
Profil Alu;;CALIPSO EXT.MANOEUVRT;ARCELOR (BERTON SICARD);INSTALLUX;9961;Non;1;;;;;;;
Profil Alu;;CALIPSO INTERIEUR FIX;ARCELOR (BERTON SICARD);INSTALLUX;9962;Non;1;;;;;;;
Profil Alu;;CALIPSO EXTERIEUR FIX;ARCELOR (BERTON SICARD);INSTALLUX;9963;Non;1;;;;;;;
Profil Alu;;MANOEUVRE MONT RENF;ARCELOR (BERTON SICARD);INSTALLUX;9981;Non;1;;;;;;;
Profil Alu;;PINCEAU RETOUCHE RAL DIV;ARCELOR (BERTON SICARD);INSTALLUX;40115;Non;1;;;;;;;
Profil Alu;;AEROSOL PEINTURE DECORS;ARCELOR (BERTON SICARD);INSTALLUX;40116;Non;1;;;;;;;
Profil Alu;;BARREAU 60X20;ARCELOR (BERTON SICARD);INSTALLUX;121001;Non;6,5;;;;;;;
Profil Alu;;LAME 340X20;ARCELOR (BERTON SICARD);INSTALLUX;121007;Non;4,5;;;;;;;
Profil Alu;;BARREAU 200X20;ARCELOR (BERTON SICARD);INSTALLUX;121008;Non;6,5;;;;;;;
Profil Alu;;LAME 20X20MM CARRE;ARCELOR (BERTON SICARD);INSTALLUX;121009;Non;6,5;;;;;;;
Profil Alu;;LAME 20X20MM;ARCELOR (BERTON SICARD);INSTALLUX;121013;Non;6,5;;;;;;;
Profil Alu;;LAME 100X20MM;ARCELOR (BERTON SICARD);INSTALLUX;121014;Non;6,5;;;;;;;
Profil Alu;;LAME 100MM AVEC ALVEO;ARCELOR (BERTON SICARD);INSTALLUX;121018;Non;6,5;;;;;;;
Profil Alu;;TRAVERSE INTERMEDIAIRE;ARCELOR (BERTON SICARD);INSTALLUX;121021;Non;6,5;;;;;;;
Profil Alu;;TRAVERSE BASSE;ARCELOR (BERTON SICARD);INSTALLUX;121022;Non;6,5;;;;;;;
Profil Alu;;TRAVERSE BASSE;ARCELOR (BERTON SICARD);INSTALLUX;121022/3;Non;3,2;;;;;;;
Profil Alu;;LAME 170X20MM;ARCELOR (BERTON SICARD);INSTALLUX;121027;Non;3,5;;;;;;;
Profil Alu;;KIT BARRE PALPEUSE;ARCELOR (BERTON SICARD);INSTALLUX;160000;Non;1;;;;;;;
Profil Alu;;ENSEMBLE PAUMELLE 180;ARCELOR (BERTON SICARD);INSTALLUX;160002;Non;2;;;;;;;
Profil Alu;;FIN DE COURSE MECANIQUE;ARCELOR (BERTON SICARD);INSTALLUX;160003;Non;1;;;;;;;
Profil Alu;;PANNEAU 3OCULI CARRES/4L;ARCELOR (BERTON SICARD);INSTALLUX;160011;Non;1;;;;;;;
Profil Alu;;PANNEAU 3OCULI RONDS/4L;ARCELOR (BERTON SICARD);INSTALLUX;160012;Non;1;;;;;;;
Profil Alu;;PANNEAU 3OCU RONDS ID/4L;ARCELOR (BERTON SICARD);INSTALLUX;160013;Non;1;;;;;;;
profil alu;;PANNEAU 4OCULI CARRES/5L;ARCELOR (BERTON SICARD);INSTALLUX;160014;Non;1;;;;;;;
Profil Alu;;PANNEAU 3OCULI RONDS 5L;ARCELOR (BERTON SICARD);INSTALLUX;160015;Non;1;;;;;;;
Profil Alu;;PANNEAU 4OCU RONDS ID/5L;ARCELOR (BERTON SICARD);INSTALLUX;160016;Non;1;;;;;;;
Profil Alu;;OCULUS CARRE COTE 300MM;ARCELOR (BERTON SICARD);INSTALLUX;160017;Non;1;;;;;;;
Profil Alu;;OCULUS ROND DIAM 300MM;ARCELOR (BERTON SICARD);INSTALLUX;160018;Non;1;;;;;;;
Profil Alu;;CHAPEAU POTEAU 180X180;ARCELOR (BERTON SICARD);INSTALLUX;160024;Non;1;;;;;;;
Profil Alu;;DORMANT CAGE A TOLE;ARCELOR (BERTON SICARD);INSTALLUX;410000;Non;6,5;;;;;;;
Profil Alu;;DORMANT A FOND PLAT;ARCELOR (BERTON SICARD);INSTALLUX;410001;Non;6,5;;;;;;;
Profil Alu;;DORMANT A RECOUVREMENT;ARCELOR (BERTON SICARD);INSTALLUX;410002;Non;6,5;;;;;;;
Profil Alu;;DORMANT CAGE A TOLE PF;ARCELOR (BERTON SICARD);INSTALLUX;410003;Non;6,5;;;;;;;
Profil Alu;;DORMANT A RECOUVREMENT;ARCELOR (BERTON SICARD);INSTALLUX;410004;Non;6,5;;;;;;;
Profil Alu;;DORMANT FOND PLAT GC;ARCELOR (BERTON SICARD);INSTALLUX;410005;Non;6,5;;;;;;;
profil alu;;DORMANT A L’ITALIENNE;ARCELOR (BERTON SICARD);INSTALLUX;410006;Non;6,5;;;;;;;
Profil Alu;;INVERSEUR DE FEUILLURE;ARCELOR (BERTON SICARD);INSTALLUX;410007;Non;6,5;;;;;;;
Profil Alu;;DORMANT DE RENOVATION;ARCELOR (BERTON SICARD);INSTALLUX;410009;Non;6,5;;;;;;;
Profil Alu;;PROFIL OUV ITALIENNE;ARCELOR (BERTON SICARD);INSTALLUX;410010;Non;6,5;;;;;;;
Profil Alu;;INVERS. FEUILLURE ITAL;ARCELOR (BERTON SICARD);INSTALLUX;410011;Non;6,5;;;;;;;
Profil Alu;;DORMANT RECOUVR.TAP 100;ARCELOR (BERTON SICARD);INSTALLUX;410015;Non;6,5;;;;;;;
Profil Alu;;PROFIL RECOUVR.TAP 120;ARCELOR (BERTON SICARD);INSTALLUX;410016;Non;6,5;;;;;;;
Profil Alu;;TRAVERSE OUVRANT;ARCELOR (BERTON SICARD);INSTALLUX;410030;Non;6,5;;;;;;;
Profil Alu;;MENEAU 71.5 MM;ARCELOR (BERTON SICARD);INSTALLUX;410031;Non;6,5;;;;;;;
Profil Alu;;MENEAU 71.5 MM.;ARCELOR (BERTON SICARD);INSTALLUX;410031/1;Non;1;;;;;;;
Profil Alu;;MENEAU RENFORCE 71.5 MM;ARCELOR (BERTON SICARD);INSTALLUX;410032;Non;6,5;;;;;;;
Profil Alu;;MENEAU 117 MM;ARCELOR (BERTON SICARD);INSTALLUX;410033;Non;6,5;;;;;;;
Profil Alu;;MENEAU RENFORCE 117 MM;ARCELOR (BERTON SICARD);INSTALLUX;410034;Non;6,5;;;;;;;
Profil Alu;;MENEAU 168 MM;ARCELOR (BERTON SICARD);INSTALLUX;410036;Non;6,5;;;;;;;
Profil Alu;;MENEAU RENFORCE 117 MM;ARCELOR (BERTON SICARD);INSTALLUX;410037;Non;6,5;;;;;;;
Profil Alu;;OUVRANT FRANCAISE CHAN.;ARCELOR (BERTON SICARD);INSTALLUX;410040;Non;6,5;;;;;;;
Profil Alu;;OUVRANT FRANCAISE CHAN.;ARCELOR (BERTON SICARD);INSTALLUX;410041;Non;6,5;;;;;;;
Profil Alu;;OUVRANT FRANCAISE DROIT;ARCELOR (BERTON SICARD);INSTALLUX;410042;Non;6,5;;;;;;;
Profil Alu;;OUVRANT FRANCAISE DROIT;ARCELOR (BERTON SICARD);INSTALLUX;410043;Non;6,5;;;;;;;
Profil Alu;;OUVRANT PF A LA FRAN.;ARCELOR (BERTON SICARD);INSTALLUX;410044;Non;6,5;;;;;;;
profil Alu;;OUVR. PF FRANCAISE;ARCELOR (BERTON SICARD);INSTALLUX;410044N;Non;6,5;;;;;;;
Profil Alu;;OUVRANT PF;ARCELOR (BERTON SICARD);INSTALLUX;410046;Non;6,5;;;;;;;
profil Alu;;DORMANT PLAT INT;ARCELOR (BERTON SICARD);INSTALLUX;410049;Non;6,5;;;;;;;
profil Alu;;DORMANT 124MM;ARCELOR (BERTON SICARD);INSTALLUX;410050;Non;6,5;;;;;;;
profil Alu;;MONTANT FIXE MONORAIL;ARCELOR (BERTON SICARD);INSTALLUX;410051;Non;6,5;;;;;;;
profil Alu;;DORMANT ITE DRAIN.DIRECT;ARCELOR (BERTON SICARD);INSTALLUX;410054;Non;6,5;;;;;;;
Profil Alu;;PROFIL DE LIAISO180°;ARCELOR (BERTON SICARD);INSTALLUX;410060;Non;6,5;;;;;;;
Profil Alu;;PROFIL DE LIAISO135°;ARCELOR (BERTON SICARD);INSTALLUX;410061;Non;6,5;;;;;;;
Profil Alu;;PROFIL DE LIAISO90°;ARCELOR (BERTON SICARD);INSTALLUX;410062;Non;6,5;;;;;;;
profil Alu;;PROFIL DE LIAISON VAR.;ARCELOR (BERTON SICARD);INSTALLUX;410063;Non;6,5;;;;;;;
Profil Alu;;DORMANT ITE;ARCELOR (BERTON SICARD);INSTALLUX;410065;Non;6,5;;;;;;;
Profil Alu;;DORMANT DRAINAGE DIRECT;ARCELOR (BERTON SICARD);INSTALLUX;410066;Non;6,5;;;;;;;
Profil Alu;;PROFIL DE LIAISON;ARCELOR (BERTON SICARD);INSTALLUX;410067;Non;6,5;;;;;;;
Profil Alu;;OUVRANT CAGE DE 16;ARCELOR (BERTON SICARD);INSTALLUX;410068;Non;6,5;;;;;;;
Profil Alu;;PROFIL DE DILATATION;ARCELOR (BERTON SICARD);INSTALLUX;410070;Non;6,5;;;;;;;
Profil Alu;;DORMANT HT 57MM;ARCELOR (BERTON SICARD);INSTALLUX;410072;Non;6,5;;;;;;;
Profil Alu;;JONCTION 3 RAILS;ARCELOR (BERTON SICARD);INSTALLUX;410073;Non;6,5;;;;;;;
Profil Alu;;MENEAU 84 MM;ARCELOR (BERTON SICARD);INSTALLUX;410074;Non;6,5;;;;;;;
Profil Alu;;DORMANT D’INTEGRATION;ARCELOR (BERTON SICARD);INSTALLUX;410076;Non;6,5;;;;;;;
Profil Alu;;OUVRANT FRANC.AFFLEURANT;ARCELOR (BERTON SICARD);INSTALLUX;410080;Non;6,5;;;;;;;
Profil Alu;;OUVRANT FRANC.AFFLEUR.SF;ARCELOR (BERTON SICARD);INSTALLUX;410081;Non;6,5;;;;;;;
Profil Alu;;DORMANT CAGE A TOLE OC;ARCELOR (BERTON SICARD);INSTALLUX;413000;Non;6,5;;;;;;;
Profil Alu;;DORMANT PLAT OC;ARCELOR (BERTON SICARD);INSTALLUX;413001;Non;6,5;;;;;;;
Profil Alu;;DORMANT A RECOUVREMENT;ARCELOR (BERTON SICARD);INSTALLUX;413002;Non;6,5;;;;;;;
Profil Alu;;DORMANT HAUT CC OC;ARCELOR (BERTON SICARD);INSTALLUX;413003;Non;6,5;;;;;;;
Profil Alu;;DORMANT OC70 CAGE A TOLE;ARCELOR (BERTON SICARD);INSTALLUX;413004;Non;6,5;;;;;;;
Profil Alu;;DORMANT RENO OC;ARCELOR (BERTON SICARD);INSTALLUX;413009;Non;6,5;;;;;;;
Profil Alu;;DORMANT TAPEE INT 120;ARCELOR (BERTON SICARD);INSTALLUX;413016;Non;6,5;;;;;;;
Profil Alu;;TRAVERSE OUVRANT;ARCELOR (BERTON SICARD);INSTALLUX;413030;Non;6,5;;;;;;;
Profil Alu;;TRAVERSE DT OC 70 109MM;ARCELOR (BERTON SICARD);INSTALLUX;413031;Non;6,5;;;;;;;
Profil Alu;;MENEAU RENFORCE 109.5 MM;ARCELOR (BERTON SICARD);INSTALLUX;413032;Non;6,5;;;;;;;
profil alu;;MENEAU 155 MM;ARCELOR (BERTON SICARD);INSTALLUX;413033;Non;6,5;;;;;;;
Profil Alu;;TRAVERSE OUVRANT 72MM;ARCELOR (BERTON SICARD);INSTALLUX;413035;Non;6,5;;;;;;;
Profil Alu;;MENEAU 206 MM;ARCELOR (BERTON SICARD);INSTALLUX;413036;Non;6,5;;;;;;;
profil alu;;MENEAU ASYMETRIQUE 90.5;ARCELOR (BERTON SICARD);INSTALLUX;413037;Non;6,5;;;;;;;
Profil Alu;;MENEAU ASYMETRIQUE 80;ARCELOR (BERTON SICARD);INSTALLUX;413038;Non;6,5;;;;;;;
Profil Alu;;TRAVERSE DT OC 70 109MM;ARCELOR (BERTON SICARD);INSTALLUX;413039;Non;6,5;;;;;;;
Profil Alu;;413040BL    OUVRANT CH 23-28 BL;ARCELOR (BERTON SICARD);INSTALLUX;413040BL;Non;6,5;;;;;;;
Profil Alu;;413040NR   OUVRANT CH 23-28 NR;ARCELOR (BERTON SICARD);INSTALLUX;413040NR;Non;6,5;;;;;;;
Profil Alu;;413041BL    OUVRANT SF CH 23-28BL;ARCELOR (BERTON SICARD);INSTALLUX;413041BL;Non;6,5;;;;;;;
Profil Alu;;413041NR   OUVRANT SF CH 23-28NR;ARCELOR (BERTON SICARD);INSTALLUX;413041NR;Non;6,5;;;;;;;
Profil Alu;;413042BL    OUVRANT DROIT 23-28 BL;ARCELOR (BERTON SICARD);INSTALLUX;413042BL;Non;6,5;;;;;;;
Profil Alu;;413042NR   OUVRANT DROIT 23-28 NR;ARCELOR (BERTON SICARD);INSTALLUX;413042NR;Non;6,5;;;;;;;
Profil Alu;;413043BL    OUVRANT SF DT 23-28 BL;ARCELOR (BERTON SICARD);INSTALLUX;413043BL;Non;6,5;;;;;;;
Profil Alu;;413043NR   OUVRANT SF DT 23-28 NR;ARCELOR (BERTON SICARD);INSTALLUX;413043NR;Non;6,5;;;;;;;
Profil Alu;;413050BL    OUVRANT C16 (23-28);ARCELOR (BERTON SICARD);INSTALLUX;413050BL;Non;6,5;;;;;;;
Profil Alu;;413050NR   OUVRANT C16 (23-28);ARCELOR (BERTON SICARD);INSTALLUX;413050NR;Non;6,5;;;;;;;
Profil Alu;;DORMANT CD BAS 120 OC;ARCELOR (BERTON SICARD);INSTALLUX;413051;Non;6,5;;;;;;;
Profil Alu;;DORMANT CD TRAV. HT 120;ARCELOR (BERTON SICARD);INSTALLUX;413053;Non;6,5;;;;;;;
Profil Alu;;DORMANT CD MONT.120 OC;ARCELOR (BERTON SICARD);INSTALLUX;413057;Non;6,5;;;;;;;
Profil Alu;;DORMANT RENOVATION SPE;ARCELOR (BERTON SICARD);INSTALLUX;413058;Non;6,5;;;;;;;
Profil Alu;;DORMANT CD BAS 160 OC;ARCELOR (BERTON SICARD);INSTALLUX;413059;Non;6,5;;;;;;;
profil alu;;DORMANT CD HT 160MM OC;ARCELOR (BERTON SICARD);INSTALLUX;413060;Non;6,5;;;;;;;
Profil Alu;;DORMANT CD LAT. 160 MM;ARCELOR (BERTON SICARD);INSTALLUX;413061;Non;6,5;;;;;;;
profil alu;;413063BL    OUVRANT DROIT 29-34 BL;ARCELOR (BERTON SICARD);INSTALLUX;413063BL;Non;6,5;;;;;;;
profil alu;;413063NR   OUVRANT DROIT 29-34 NR;ARCELOR (BERTON SICARD);INSTALLUX;413063NR;Non;6,5;;;;;;;
profil alu;;413064BL    OUVRANT SF DT 29-34BL;ARCELOR (BERTON SICARD);INSTALLUX;413064BL;Non;6,5;;;;;;;
profil alu;;413064NR   OUVRANT SF DT 29-34NR;ARCELOR (BERTON SICARD);INSTALLUX;413064NR;Non;6,5;;;;;;;
Profil Alu;;DORMANT ITE OC OC;ARCELOR (BERTON SICARD);INSTALLUX;413065;Non;6,5;;;;;;;
Profil Alu;;DORMANT DRAIN.DIR.OC;ARCELOR (BERTON SICARD);INSTALLUX;413066;Non;6,5;;;;;;;
profil alu;;413067NR   OUVRANT DT 35-40NR;ARCELOR (BERTON SICARD);INSTALLUX;413067NR;Non;6,5;;;;;;;
Profil Alu;;OUVRANT DROIT 41-46 BL;ARCELOR (BERTON SICARD);INSTALLUX;413069BL;Non;6,5;;;;;;;
profil alu;;OUVRANT DROIT 41-46 NR;ARCELOR (BERTON SICARD);INSTALLUX;413069NR;Non;6,5;;;;;;;
Profil Alu;;MONTANT SERRURE;ARCELOR (BERTON SICARD);INSTALLUX;413070;Non;6,5;;;;;;;
Profil Alu;;DORMANT CD MT 100MM;ARCELOR (BERTON SICARD);INSTALLUX;413071;Non;6,5;;;;;;;
Profil Alu;;DORMANT CD HT 100MM;ARCELOR (BERTON SICARD);INSTALLUX;413072;Non;6,5;;;;;;;
Profil Alu;;DORMANT CD BAS 100MM;ARCELOR (BERTON SICARD);INSTALLUX;413073;Non;6,5;;;;;;;
Profil Alu;;DORMANT CD LAT 180MM;ARCELOR (BERTON SICARD);INSTALLUX;413074;Non;6,5;;;;;;;
Profil Alu;;DORMANT CD HT 180MM;ARCELOR (BERTON SICARD);INSTALLUX;413075;Non;6,5;;;;;;;
Profil Alu;;DORMANT CD BAS 180MM;ARCELOR (BERTON SICARD);INSTALLUX;413076;Non;6,5;;;;;;;
Profil Alu;;DORMANT DE HT: 200MM;ARCELOR (BERTON SICARD);INSTALLUX;413078;Non;6,5;;;;;;;
Profil Alu;;DORMANT A RECOUVREMENT;ARCELOR (BERTON SICARD);INSTALLUX;413079;Non;6,5;;;;;;;
Profil Alu;;MONTANT SEMI-FIXE;ARCELOR (BERTON SICARD);INSTALLUX;413080;Non;6,5;;;;;;;
Profil Alu;;DORMANT 83 CAGE A TOLE;ARCELOR (BERTON SICARD);INSTALLUX;413083;Non;6,5;;;;;;;
Profil Alu;;DORMANT D’INTEGRATION;ARCELOR (BERTON SICARD);INSTALLUX;413085;Non;6,5;;;;;;;
Profil Alu;;DORM.FON.PLAT DRAI.CACHE;ARCELOR (BERTON SICARD);INSTALLUX;413090;Non;6,5;;;;;;;
Profil Alu;;DORM.FON.PLAT DRAI.DIREC;ARCELOR (BERTON SICARD);INSTALLUX;413091;Non;6,5;;;;;;;
Profil Alu;;BATTUE RAPPORTEE;ARCELOR (BERTON SICARD);INSTALLUX;420000;Non;6,5;;;;;;;
Profil Alu;;*BATTUE RAPPORTEE.C16;ARCELOR (BERTON SICARD);INSTALLUX;420001;Non;6,5;;;;;;;
Profil Alu;;LIAISON CAGE A TOLE;ARCELOR (BERTON SICARD);INSTALLUX;420002;Non;6,5;;;;;;;
Profil Alu;;COUVRE JOINT PLAT 70 MM;ARCELOR (BERTON SICARD);INSTALLUX;420004;Non;6,5;;;;;;;
Profil Alu;;COUVRE JOINT 24MM;ARCELOR (BERTON SICARD);INSTALLUX;420005;Non;6,5;;;;;;;
Profil Alu;;COUVRE JOINT 35MM;ARCELOR (BERTON SICARD);INSTALLUX;420006;Non;6,5;;;;;;;
Profil Alu;;TAPEE 120MM;ARCELOR (BERTON SICARD);INSTALLUX;420011;Non;6,5;;;;;;;
Profil Alu;;TAPEE 140MM;ARCELOR (BERTON SICARD);INSTALLUX;420012;Non;6,5;;;;;;;
Profil Alu;;TAPEE 160MM;ARCELOR (BERTON SICARD);INSTALLUX;420013;Non;6,5;;;;;;;
Profil Alu;;TAPEE RAPPORTEE DE 200MM;ARCELOR (BERTON SICARD);INSTALLUX;420014;Non;6,5;;;;;;;
Profil Alu;;COUVRE JOINT RENO ARRON.;ARCELOR (BERTON SICARD);INSTALLUX;420018;Non;6,5;;;;;;;
Profil Alu;;COUVRE JOINT RENO CHANF.;ARCELOR (BERTON SICARD);INSTALLUX;420019;Non;6,5;;;;;;;
Profil Alu;;COUVRE JOINT RENO DROIT.;ARCELOR (BERTON SICARD);INSTALLUX;420021;Non;6,5;;;;;;;
Profil Alu;Bavette;BAVETTE 100MM;ARCELOR (BERTON SICARD);INSTALLUX;420023;Non;6,5;;;;;;;
Profil Alu;Bavette;BAVETTE 120MM;ARCELOR (BERTON SICARD);INSTALLUX;420024;Non;6,5;;;;;;;
Profil Alu;Bavette;BAVETTE 140MM;ARCELOR (BERTON SICARD);INSTALLUX;420025;Non;6,5;;;;;;;
Profil Alu;Bavette;BAVETTE 160MM;ARCELOR (BERTON SICARD);INSTALLUX;420026;Non;6,5;;;;;;;
Profil Alu;;COUVRE JOINT 50MM;ARCELOR (BERTON SICARD);INSTALLUX;420028;Non;6,5;;;;;;;
Profil Alu;PARCLOSE;PARCLOSE DROITE /24 A 26;ARCELOR (BERTON SICARD);INSTALLUX;420030;Non;6,5;;;;;;;
Profil Alu;PARCLOSE;PARCLOSE DROITE /27 A 29;ARCELOR (BERTON SICARD);INSTALLUX;420031;Non;6,5;;;;;;;
Profil Alu;PARCLOSE;PARCLOSE DROITE /30 A 32;ARCELOR (BERTON SICARD);INSTALLUX;420032;Non;6,5;;;;;;;
Profil Alu;PARCLOSE;PARCLOSE ARR /24 A 26;ARCELOR (BERTON SICARD);INSTALLUX;420033;Non;6,5;;;;;;;
Profil Alu;PARCLOSE;PARCLOSE ARRO /27 A 29;ARCELOR (BERTON SICARD);INSTALLUX;420034;Non;6,5;;;;;;;
Profil Alu;PARCLOSE;PARCLOSE ARRO /30 A 32;ARCELOR (BERTON SICARD);INSTALLUX;420035;Non;6,5;;;;;;;
Profil Alu;PARCLOSE;PARCLOSE CAR /24 A 26;ARCELOR (BERTON SICARD);INSTALLUX;420036;Non;6,5;;;;;;;
Profil Alu;PARCLOSE;PARCLOSE CAR /27 A 29;ARCELOR (BERTON SICARD);INSTALLUX;420037;Non;6,5;;;;;;;
Profil Alu;PARCLOSE;PARCLOSE CAR /30 A 32;ARCELOR (BERTON SICARD);INSTALLUX;420038;Non;6,5;;;;;;;
Profil Alu;PARCLOSE;PARCLOSE CARREE /42 A 44;ARCELOR (BERTON SICARD);INSTALLUX;420039;Non;6,5;;;;;;;
Profil Alu;PARCLOSE;PARCLOSE CHAN /24 A 26;ARCELOR (BERTON SICARD);INSTALLUX;420040;Non;6,5;;;;;;;
Profil Alu;PARCLOSE;PARCLOSE CHAN /27 A 29;ARCELOR (BERTON SICARD);INSTALLUX;420041;Non;6,5;;;;;;;
Profil Alu;PARCLOSE;PARCLOSE CHAN /30 A 32;ARCELOR (BERTON SICARD);INSTALLUX;420042;Non;6,5;;;;;;;
Profil Alu;Bavette;BAVETTE DE 200MM;ARCELOR (BERTON SICARD);INSTALLUX;420049;Non;6,5;;;;;;;
Profil Alu;;REJET D’EAU;ARCELOR (BERTON SICARD);INSTALLUX;420050;Non;6,5;;;;;;;
Profil Alu;Bavette;BAVETTE TUBUL. 100 RJD;ARCELOR (BERTON SICARD);INSTALLUX;420051;Non;6,5;;;;;;;
Profil Alu;Bavette;BAVETTE TUBUL. 100 RJA;ARCELOR (BERTON SICARD);INSTALLUX;420052;Non;6,5;;;;;;;
Profil Alu;;COUVRE JOINT RENO 80MM;ARCELOR (BERTON SICARD);INSTALLUX;420053;Non;6,5;;;;;;;
Profil Alu;;CACHE FEUILLURE;ARCELOR (BERTON SICARD);INSTALLUX;420054;Non;6,5;;;;;;;
Profil Alu;Bavette;BAVETTE 40MM;ARCELOR (BERTON SICARD);INSTALLUX;420055;Non;6,5;;;;;;;
Profil Alu;Bavette;BAVETTE TUBULAIRE A R.GE;ARCELOR (BERTON SICARD);INSTALLUX;420056;Non;6,5;;;;;;;
Profil Alu;Bavette;BAVETTE CLIP. DIRECT 15;ARCELOR (BERTON SICARD);INSTALLUX;420057;Non;6,5;;;;;;;
Profil Alu;Bavette;BAVETTE CLIP. DIRECT 141;ARCELOR (BERTON SICARD);INSTALLUX;420058;Non;6,5;;;;;;;
Profil Alu;;TAPEE RAPPORTEE 180MM;ARCELOR (BERTON SICARD);INSTALLUX;420059;Non;6,5;;;;;;;
Profil Alu;;TRAVERSE PETIT BOIS;ARCELOR (BERTON SICARD);INSTALLUX;420062;Non;6,5;;;;;;;
profil alu;PARCLOSE;PARCLOSE DRT 8 A 11MM;ARCELOR (BERTON SICARD);INSTALLUX;420063;Non;6,5;;;;;;;
Profil Alu;PARCLOSE;PARCLOSE CLIP. D 52 A 55;ARCELOR (BERTON SICARD);INSTALLUX;420064;Non;6,5;;;;;;;
Profil Alu;Bavette;BAVETTE DE 180MM;ARCELOR (BERTON SICARD);INSTALLUX;420067;Non;6,5;;;;;;;
Profil Alu;PARCLOSE;PARCLOSE DT VIT 45 A 48;ARCELOR (BERTON SICARD);INSTALLUX;420068;Non;6,5;;;;;;;
Profil Alu;;REJET D’EAU;ARCELOR (BERTON SICARD);INSTALLUX;420070;Non;6,5;;;;;;;
Profil Alu;;ETANCHEITE SOUS TRAVERSE;ARCELOR (BERTON SICARD);INSTALLUX;420072;Non;6,5;;;;;;;
Profil Alu;PARCLOSE;PARCLOSE DROITE 36/38MM;ARCELOR (BERTON SICARD);INSTALLUX;420160;Non;6,5;;;;;;;
Profil Alu;;TAPEE DE RENOVATION;ARCELOR (BERTON SICARD);INSTALLUX;420162;Non;6,5;;;;;;;
Profil Alu;Bavette;BAVETTE DE RENOVATION;ARCELOR (BERTON SICARD);INSTALLUX;420163;Non;6,5;;;;;;;
Profil Alu;PARCLOSE;PARCLOSE DT 36 A 39MM;ARCELOR (BERTON SICARD);INSTALLUX;420164;Non;6,5;;;;;;;
Profil Alu;PARCLOSE;PARCLOSE DTE 32 A 35MM;ARCELOR (BERTON SICARD);INSTALLUX;420166;Non;6,5;;;;;;;
Profil Alu;PARCLOSE;PARCLOSE DTE 45 A 48MM;ARCELOR (BERTON SICARD);INSTALLUX;420167;Non;6,5;;;;;;;
Profil Alu;Capot;CAPOT MONTANT SEMI-FIXE;ARCELOR (BERTON SICARD);INSTALLUX;423003;Non;6,5;;;;;;;
Profil Alu;;RALLONGE DE BATTUE;ARCELOR (BERTON SICARD);INSTALLUX;423004;Non;6,5;;;;;;;
Profil Alu;Capot;CAPOT MONTANT SEMI-FIXE;ARCELOR (BERTON SICARD);INSTALLUX;423005;Non;6,5;;;;;;;
Profil Alu;Capot;CAPOT TRAVERSE D’OUV.;ARCELOR (BERTON SICARD);INSTALLUX;423006;Non;6,5;;;;;;;
Profil Alu;Capot;CAPOT TRAVERSE OUVRANT;ARCELOR (BERTON SICARD);INSTALLUX;423009;Non;6,5;;;;;;;
Profil Alu;PARCLOSE;PARCLOSE DT 27 A 29MM;ARCELOR (BERTON SICARD);INSTALLUX;423031;Non;6,5;;;;;;;
Profil Alu;PARCLOSE;PARCLOSE DT 30 A 32MM;ARCELOR (BERTON SICARD);INSTALLUX;423032;Non;6,5;;;;;;;
Profil Alu;PARCLOSE;PARCLOSE DT EP33 A 35;ARCELOR (BERTON SICARD);INSTALLUX;423033;Non;6,5;;;;;;;
Profil Alu;PARCLOSE;PARCLOSE DT EP36 A 38;ARCELOR (BERTON SICARD);INSTALLUX;423034;Non;6,5;;;;;;;
Profil Alu;PARCLOSE;PARCLOSE DT 42 A 47 MM;ARCELOR (BERTON SICARD);INSTALLUX;423036;Non;6,5;;;;;;;
Profil Alu;PARCLOSE;PARCLOSE DT 24 A 26MM;ARCELOR (BERTON SICARD);INSTALLUX;423037;Non;6,5;;;;;;;
Profil Alu;PARCLOSE;PARCLOSE MT SERRURE;ARCELOR (BERTON SICARD);INSTALLUX;423040;Non;6,5;;;;;;;
Profil Alu;;REJET D’EAU;ARCELOR (BERTON SICARD);INSTALLUX;423041;Non;6,5;;;;;;;
Profil Alu;;REJET D EAU;ARCELOR (BERTON SICARD);INSTALLUX;423042;Non;6,5;;;;;;;
Profil Alu;;ETANCHEITE SOUS TRAVERSE;ARCELOR (BERTON SICARD);INSTALLUX;423043;Non;6,5;;;;;;;
Profil Alu;;REJET D’EAU;ARCELOR (BERTON SICARD);INSTALLUX;423044;Non;6,5;;;;;;;
Profil Alu;;(*FERMETURE OF 1VTL / 2V;ARCELOR (BERTON SICARD);INSTALLUX;450001;Non;1;;;;;;;
Profil Alu;;(*FERM.A CLE ENTROUV.OF;ARCELOR (BERTON SICARD);INSTALLUX;450002;Non;1;;;;;;;
Profil Alu;;(*FERMETURE A CARRE OF;ARCELOR (BERTON SICARD);INSTALLUX;450003;Non;1;;;;;;;
Profil Alu;;(*FERRURE OB REVERSIBLE;ARCELOR (BERTON SICARD);INSTALLUX;450012;Non;1;;;;;;;
Profil Alu;;(*FERRAGE OB LOGIQUE;ARCELOR (BERTON SICARD);INSTALLUX;450014;Non;1;;;;;;;
Profil Alu;;(*KIT PAUMELLES OB 2VTX;ARCELOR (BERTON SICARD);INSTALLUX;450024;Non;1;;;;;;;
Profil Alu;;PAUMELLE EN APPLIQUE E47;ARCELOR (BERTON SICARD);INSTALLUX;450036;Non;1;;;;;;;
Profil Alu;;PAUMELLE A CLAMER REGLA.;ARCELOR (BERTON SICARD);INSTALLUX;450037;Non;2;;;;;;;
Profil Alu;;BEQUILLE SPLE PORTE ZED;ARCELOR (BERTON SICARD);INSTALLUX;450074;Non;1;;;;;;;
Profil Alu;;BEQUILLE FENETRE ZED;ARCELOR (BERTON SICARD);INSTALLUX;450075;Non;1;;;;;;;
Profil Alu;;*BEQUILLE FENETRE ZED;ARCELOR (BERTON SICARD);INSTALLUX;450075A;Non;1;;;;;;;
Profil Alu;;FERRAGE 3PTS OF SECURISE;ARCELOR (BERTON SICARD);INSTALLUX;450088;Non;1;;;;;;;
Profil Alu;;KIT PAUMELLE OB;ARCELOR (BERTON SICARD);INSTALLUX;450090;Non;1;;;;;;;
Profil Alu;;PAUMELLE OF CAGE DE 16;ARCELOR (BERTON SICARD);INSTALLUX;450098;Non;50;;;;;;;
Profil Alu;;ENS CHARN. OB SUP+INF;ARCELOR (BERTON SICARD);INSTALLUX;450127;Non;1;;;;;;;
Profil Alu;;ENS CHARN. OF SUP+INF;ARCELOR (BERTON SICARD);INSTALLUX;450129;Non;1;;;;;;;
Profil Alu;;KIT CHARNIERE 3 LAMES;ARCELOR (BERTON SICARD);INSTALLUX;450138;Non;1;;;;;;;
Profil Alu;Bavette;KIT JOUE / BAVETTE 100;ARCELOR (BERTON SICARD);INSTALLUX;460046;Non;4;;;;;;;
Profil Alu;Bavette;KIT JOUE / BAVETTE 120;ARCELOR (BERTON SICARD);INSTALLUX;460047;Non;4;;;;;;;
Profil Alu;Bavette;KIT JOUE / BAVETTE 140;ARCELOR (BERTON SICARD);INSTALLUX;460048;Non;4;;;;;;;
Profil Alu;Bavette;KIT JOUE / BAVETTE 160;ARCELOR (BERTON SICARD);INSTALLUX;460049;Non;4;;;;;;;
Profil Alu;Bavette;KIT JOUE BAVETTE 200MM;ARCELOR (BERTON SICARD);INSTALLUX;460062;Non;4;;;;;;;
Profil Alu;Bavette;KIT JOUE BAVETTE 180MM;ARCELOR (BERTON SICARD);INSTALLUX;460063;Non;4;;;;;;;
Profil Alu;;FERRURE OB REVERIBLE;ARCELOR (BERTON SICARD);INSTALLUX;460100;Non;1;;;;;;;
Profil Alu;;FERRURE OB REV. A CLE;ARCELOR (BERTON SICARD);INSTALLUX;460101;Non;1;;;;;;;
Profil Alu;;FERRURE OB LOGIQUE A CLE;ARCELOR (BERTON SICARD);INSTALLUX;460102;Non;1;;;;;;;
Profil Alu;;KIT PAUMELLE OB 2VTX;ARCELOR (BERTON SICARD);INSTALLUX;460103;Non;1;;;;;;;
Profil Alu;;FERRURE OB BOI. ENCASTRE;ARCELOR (BERTON SICARD);INSTALLUX;460104;Non;1;;;;;;;
Profil Alu;;DORMANT 36.5 GORGE A TL;ARCELOR (BERTON SICARD);INSTALLUX;510000;Non;6,5;;;;;;;
Profil Alu;;DORMANT 36.5 FOND PLAT;ARCELOR (BERTON SICARD);INSTALLUX;510001;Non;6,5;;;;;;;
Profil Alu;;OUVRANT A LA FRANCAISE;ARCELOR (BERTON SICARD);INSTALLUX;510002;Non;6,5;;;;;;;
Profil Alu;;OUVRANT A L’ANGLAISE;ARCELOR (BERTON SICARD);INSTALLUX;510003;Non;6,5;;;;;;;
Profil Alu;;DORMANT 39.7 GORGE A TL;ARCELOR (BERTON SICARD);INSTALLUX;510004;Non;6,5;;;;;;;
Profil Alu;;DORMANT 39.7 FOND PLAT;ARCELOR (BERTON SICARD);INSTALLUX;510005;Non;6,5;;;;;;;
Profil Alu;;BATTUE RAPPORTEE FRANC.;ARCELOR (BERTON SICARD);INSTALLUX;510006;Non;6,5;;;;;;;
Profil Alu;;BATTUE RAPPORTEE ANGL.;ARCELOR (BERTON SICARD);INSTALLUX;510007;Non;6,5;;;;;;;
Profil Alu;;PLINTHE COUPE DROITE;ARCELOR (BERTON SICARD);INSTALLUX;510008;Non;6,5;;;;;;;
Profil Alu;;PLINTHE COUPE DROITE 1M;ARCELOR (BERTON SICARD);INSTALLUX;510008/1;Non;1;;;;;;;
Profil Alu;;DORMANT 39,7 MIXTE;ARCELOR (BERTON SICARD);INSTALLUX;510010;Non;6,5;;;;;;;
Profil Alu;;OUVRANT ANTI PINCE DOIGT;ARCELOR (BERTON SICARD);INSTALLUX;510012;Non;6,5;;;;;;;
Profil Alu;;DORMANT ANTI-PINCE DOIGT;ARCELOR (BERTON SICARD);INSTALLUX;510013;Non;6,5;;;;;;;
Profil Alu;;BATTUE RAPPORTEE DA;ARCELOR (BERTON SICARD);INSTALLUX;510014;Non;6,5;;;;;;;
Profil Alu;;DORMANT DOUBLE ACTION;ARCELOR (BERTON SICARD);INSTALLUX;510015;Non;6,5;;;;;;;
Profil Alu;;DORMANT CAGE A CLIP;ARCELOR (BERTON SICARD);INSTALLUX;510020;Non;6,5;;;;;;;
Profil Alu;;DORMANT D’INTEGRATION;ARCELOR (BERTON SICARD);INSTALLUX;510021;Non;6,5;;;;;;;
Profil Alu;;TRAVERSE REDUITE;ARCELOR (BERTON SICARD);INSTALLUX;510023;Non;6,5;;;;;;;
Profil Alu;;TRAVERSE OUVRANT RED.;ARCELOR (BERTON SICARD);INSTALLUX;510026;Non;6,5;;;;;;;
Profil Alu;;TRAVERSE RED. LG 100;ARCELOR (BERTON SICARD);INSTALLUX;510027;Non;6,5;;;;;;;
Profil Alu;;TRAVERSE RED. LG 125;ARCELOR (BERTON SICARD);INSTALLUX;510028;Non;6,5;;;;;;;
Profil Alu;;DORMANT 39.7 CAGE T OC;ARCELOR (BERTON SICARD);INSTALLUX;513004;Non;6,5;;;;;;;
Profil Alu;;BATTUE RAP. COMETE FRA;ARCELOR (BERTON SICARD);INSTALLUX;513006;Non;6,5;;;;;;;
Profil Alu;;BATTUE RAP.COMETE ANG;ARCELOR (BERTON SICARD);INSTALLUX;513007;Non;6,5;;;;;;;
Profil Alu;;REJET D’EAU OUVR. PERIPH;ARCELOR (BERTON SICARD);INSTALLUX;520002;Non;6,5;;;;;;;
Profil Alu;;PROFIL OUVR.VENT.ELEC.;ARCELOR (BERTON SICARD);INSTALLUX;520003;Non;6,5;;;;;;;
Profil Alu;;PROFIL DORM.VENT.ELEC.;ARCELOR (BERTON SICARD);INSTALLUX;520004;Non;6,5;;;;;;;
Profil Alu;;REJET D’EAU POUR PLINTHE;ARCELOR (BERTON SICARD);INSTALLUX;520005;Non;6,5;;;;;;;
Profil Alu;;PROFIL POIGNEE DE TIRAGE;ARCELOR (BERTON SICARD);INSTALLUX;520006;Non;4,7;;;;;;;
Profil Alu;;SEUIL TRADITIONNEL;ARCELOR (BERTON SICARD);INSTALLUX;520008;Non;6,5;;;;;;;
Profil Alu;Capot;DEMI CAPOT OUVRANT APD;ARCELOR (BERTON SICARD);INSTALLUX;520010;Non;4,7;;;;;;;
Profil Alu;;PORTE BROSSE DORMANT;ARCELOR (BERTON SICARD);INSTALLUX;520012;Non;4,7;;;;;;;
Profil Alu;;CLOSOIR 70;ARCELOR (BERTON SICARD);INSTALLUX;520014;Non;6,5;;;;;;;
Profil Alu;;(*PAUMELLE SOLOBLOC;ARCELOR (BERTON SICARD);INSTALLUX;550062;Non;1;;;;;;;
Profil Alu;;PAUMELLE A CLAMER;ARCELOR (BERTON SICARD);INSTALLUX;560011;Non;1;;;;;;;
Profil Alu;;POIGNEE POUSSOIR;ARCELOR (BERTON SICARD);INSTALLUX;560017;Non;1;;;;;;;
profil Alu;;POIGNEE BANDEAU;ARCELOR (BERTON SICARD);INSTALLUX;560018;Non;1;;;;;;;
Profil Alu;;ENTRETOISE POUR POIGNEE;ARCELOR (BERTON SICARD);INSTALLUX;560019;Non;2;;;;;;;
Profil Alu;;PAUMELLE 3 LAMES A CLA;ARCELOR (BERTON SICARD);INSTALLUX;560032;Non;1;;;;;;;
Profil Alu;;TAPEE DE 100 MM RPT;ARCELOR (BERTON SICARD);INSTALLUX;620003;Non;6,5;;;;;;;
Profil Alu;;TAPEE DE 120 MM RPT;ARCELOR (BERTON SICARD);INSTALLUX;620004;Non;6,5;;;;;;;
Profil Alu;;TAPEE DE 100 MM RPT ESP;ARCELOR (BERTON SICARD);INSTALLUX;620008;Non;6,5;;;;;;;
Profil Alu;;1/2 PROF POTEAU 150° 124;ARCELOR (BERTON SICARD);INSTALLUX;710001;Non;6,5;;;;;;;
Profil Alu;;1/2 PROF POTEAU 135° 124;ARCELOR (BERTON SICARD);INSTALLUX;710002;Non;6,5;;;;;;;
Profil Alu;Capot;CAPOT 150° CHANFREINE;ARCELOR (BERTON SICARD);INSTALLUX;720001;Non;6,5;;;;;;;
Profil Alu;Capot;CAPOT 135° CHANF;ARCELOR (BERTON SICARD);INSTALLUX;720002;Non;6,5;;;;;;;
Profil Alu;Capot;CAPOT 90° CHANFREINE;ARCELOR (BERTON SICARD);INSTALLUX;720003;Non;6,5;;;;;;;
Profil Alu;Capot;CAPOT 180° EXTREMITE;ARCELOR (BERTON SICARD);INSTALLUX;720004;Non;6,5;;;;;;;
Profil Alu;;JONCTION DORMANT 124MM;ARCELOR (BERTON SICARD);INSTALLUX;720010;Non;6,5;;;;;;;
Profil Alu;;PROF FINITION POTEAU;ARCELOR (BERTON SICARD);INSTALLUX;720012;Non;6,5;;;;;;;
Profil Alu;;PROFIL FINITION RIVE;ARCELOR (BERTON SICARD);INSTALLUX;720013;Non;6,5;;;;;;;
Profil Alu;;SUPPORT COULISSES;ARCELOR (BERTON SICARD);INSTALLUX;720014;Non;6,5;;;;;;;
Profil Alu;;PROFIL EXT RIVE 135MM;ARCELOR (BERTON SICARD);INSTALLUX;720020;Non;6,5;;;;;;;
Profil Alu;;PROFIL INT RIVE 135MM;ARCELOR (BERTON SICARD);INSTALLUX;720021;Non;6,5;;;;;;;
Profil Alu;;PROFIL DE BASE;ARCELOR (BERTON SICARD);INSTALLUX;720050;Non;6,5;;;;;;;
Profil Alu;;PROFIL DE BASE;ARCELOR (BERTON SICARD);INSTALLUX;720050/5;Non;5;;;;;;;
Profil Alu;;PROFIL LATERAL;ARCELOR (BERTON SICARD);INSTALLUX;720051;Non;6,5;;;;;;;
Profil Alu;;PROFIL LATERAL;ARCELOR (BERTON SICARD);INSTALLUX;720051/5;Non;5;;;;;;;
Profil Alu;;GOUTTIERE;ARCELOR (BERTON SICARD);INSTALLUX;720053;Non;6,5;;;;;;;
Profil Alu;;GOUTTIERE;ARCELOR (BERTON SICARD);INSTALLUX;720053/5;Non;5;;;;;;;
Profil Alu;;COUVERCLE;ARCELOR (BERTON SICARD);INSTALLUX;720054;Non;6,5;;;;;;;
Profil Alu;;COUVERCLE;ARCELOR (BERTON SICARD);INSTALLUX;720054/5;Non;5;;;;;;;
Profil Alu;;SUPPORT LAME COTE MOT;ARCELOR (BERTON SICARD);INSTALLUX;720055;Non;6,5;;;;;;;
Profil Alu;;SUPPORT LAME COTE MOT;ARCELOR (BERTON SICARD);INSTALLUX;720055/5;Non;5;;;;;;;
Profil Alu;;LAME PERGOLA;ARCELOR (BERTON SICARD);INSTALLUX;720056N;Non;6,5;;;;;;;
Profil Alu;;LAME PERGOLA;ARCELOR (BERTON SICARD);INSTALLUX;720056N3;Non;3,7;;;;;;;
Profil Alu;;GOULOTTE;ARCELOR (BERTON SICARD);INSTALLUX;720057;Non;6,5;;;;;;;
Profil Alu;;GOULOTTE;ARCELOR (BERTON SICARD);INSTALLUX;720057/5;Non;5;;;;;;;
Profil Alu;;*POUTRE TUB PRE-DRAINEE;ARCELOR (BERTON SICARD);INSTALLUX;720064A;Non;6,5;;;;;;;
Profil Alu;;*POUTRE TUB PRE-DRAINEE;ARCELOR (BERTON SICARD);INSTALLUX;720064A5;Non;5;;;;;;;
Profil Alu;;*POUTRE DRAINEE PERCEE;ARCELOR (BERTON SICARD);INSTALLUX;720065A;Non;6,5;;;;;;;
Profil Alu;;*POUTRE DRAINEE PERCEE;ARCELOR (BERTON SICARD);INSTALLUX;720065A5;Non;5;;;;;;;
Profil Alu;;POUTRE 2 MODULES;ARCELOR (BERTON SICARD);INSTALLUX;720066;Non;6,5;;;;;;;
profil alu;;POUTRE 2 MODULES;ARCELOR (BERTON SICARD);INSTALLUX;720066/5;Non;5,3;;;;;;;
profil alu;;BIELLETTE MOTEUR;ARCELOR (BERTON SICARD);INSTALLUX;760021;Non;1;;;;;;;
Profil Alu;;CACHE COUPE ANGLE PERGO;ARCELOR (BERTON SICARD);INSTALLUX;760042;Non;1;;;;;;;
profil alu;;DORMANT 2 RAILS;ARCELOR (BERTON SICARD);INSTALLUX;910000;Non;6,5;;;;;;;
Profil Alu;;DORMANT 2 RAILS RECU EAU;ARCELOR (BERTON SICARD);INSTALLUX;910001;Non;6,5;;;;;;;
Profil Alu;;DORMANT 3 RAILS;ARCELOR (BERTON SICARD);INSTALLUX;910002;Non;6,5;;;;;;;
Profil Alu;;DORMANT 3 RAILS RECU EAU;ARCELOR (BERTON SICARD);INSTALLUX;910003;Non;6,5;;;;;;;
Profil Alu;;DORMANT 2 RAILS RENO;ARCELOR (BERTON SICARD);INSTALLUX;910004;Non;6,5;;;;;;;
Profil Alu;;DORMANT 2 RAILS PLAT INT;ARCELOR (BERTON SICARD);INSTALLUX;910005;Non;6,5;;;;;;;
Profil Alu;;DORMANT 2 RAILS 124MM;ARCELOR (BERTON SICARD);INSTALLUX;910006;Non;6,5;;;;;;;
Profil Alu;;DORMANT 3 RAILS 124MM;ARCELOR (BERTON SICARD);INSTALLUX;910007;Non;6,5;;;;;;;
Profil Alu;;DORMANT D’INTEGRATION;ARCELOR (BERTON SICARD);INSTALLUX;910008;Non;6,5;;;;;;;
Profil Alu;;DORMANT 4 RAILS;ARCELOR (BERTON SICARD);INSTALLUX;910009;Non;6,5;;;;;;;
Profil Alu;;MONTANT EXTREMITE SIMPLE;ARCELOR (BERTON SICARD);INSTALLUX;910010;Non;6,5;;;;;;;
Profil Alu;;MONTANT EXTREMITE SIMPLE;ARCELOR (BERTON SICARD);INSTALLUX;910010/4;Non;4,6;;;;;;;
Profil Alu;;MONT EXTREM ANTI BILAME;ARCELOR (BERTON SICARD);INSTALLUX;910010B;Non;6,5;;;;;;;
Profil Alu;;MONT EXTREM ANTI BILAME;ARCELOR (BERTON SICARD);INSTALLUX;910010B4;Non;4,6;;;;;;;
Profil Alu;;MONTANT EXTREMITE CARRE;ARCELOR (BERTON SICARD);INSTALLUX;910011;Non;6,5;;;;;;;
Profil Alu;;MONTANT EXTREMITE CARRE;ARCELOR (BERTON SICARD);INSTALLUX;910011/4;Non;4,6;;;;;;;
Profil Alu;;MONT CARRE ANTI BILAME;ARCELOR (BERTON SICARD);INSTALLUX;910011B;Non;6,5;;;;;;;
Profil Alu;;MONT CARRE ANTI BILAME;ARCELOR (BERTON SICARD);INSTALLUX;910011B4;Non;4,6;;;;;;;
Profil Alu;;MONTANT VTX LIGNE CARRE;ARCELOR (BERTON SICARD);INSTALLUX;910012;Non;6,5;;;;;;;
Profil Alu;;MONTANT VTX LIGNE CARRE;ARCELOR (BERTON SICARD);INSTALLUX;910012/4;Non;4,6;;;;;;;
Profil Alu;;MONTANT EXTREMITE ROND;ARCELOR (BERTON SICARD);INSTALLUX;910013;Non;6,5;;;;;;;
Profil Alu;;MONTANT EXTREMITE ROND;ARCELOR (BERTON SICARD);INSTALLUX;910013/4;Non;4,6;;;;;;;
profil alu;;MONT ROND ANTI BILAME;ARCELOR (BERTON SICARD);INSTALLUX;910013B;Non;6,5;;;;;;;
Profil Alu;;MONT ROND ANTI BILAME;ARCELOR (BERTON SICARD);INSTALLUX;910013B4;Non;4,6;;;;;;;
profil alu;;MONTANT VTX LIGNE ROND;ARCELOR (BERTON SICARD);INSTALLUX;910014;Non;6,5;;;;;;;
profil alu;;MONTANT VTX LIGNE ROND;ARCELOR (BERTON SICARD);INSTALLUX;910014/4;Non;4,6;;;;;;;
profil alu;;MONTANT RENFORT REVERS;ARCELOR (BERTON SICARD);INSTALLUX;910016B;Non;6,5;;;;;;;
profil alu;;MONTANT CROISEMENT SIMPL;ARCELOR (BERTON SICARD);INSTALLUX;910020;Non;6,5;;;;;;;
profil alu;;MONTANT CROISEMENT SIMPL;ARCELOR (BERTON SICARD);INSTALLUX;910020/4;Non;4,6;;;;;;;
profil alu;;MONTANT CROISEMENT CARRE;ARCELOR (BERTON SICARD);INSTALLUX;910021;Non;6,5;;;;;;;
Profil Alu;;MONTANT CROISEMENT CARRE;ARCELOR (BERTON SICARD);INSTALLUX;910021/4;Non;4,6;;;;;;;
Profil Alu;;MONTANT CROISEMENT ROND;ARCELOR (BERTON SICARD);INSTALLUX;910022;Non;6,5;;;;;;;
Profil Alu;;MONTANT CROISEMENT ROND;ARCELOR (BERTON SICARD);INSTALLUX;910022/4;Non;4,6;;;;;;;
Profil Alu;;MONTANT CROISEMENT CLAS;ARCELOR (BERTON SICARD);INSTALLUX;910023;Non;6,5;;;;;;;
Profil Alu;;MONTANT CROISEMENT CLAS;ARCELOR (BERTON SICARD);INSTALLUX;910023/4;Non;4,6;;;;;;;
Profil Alu;;TRAVERSE HAUTE ET BASSE;ARCELOR (BERTON SICARD);INSTALLUX;910030;Non;6,5;;;;;;;
profil Alu;;TRAVERSE INTERMEDIAIRE;ARCELOR (BERTON SICARD);INSTALLUX;910031;Non;6,5;;;;;;;
profil Alu;;DORMANT MONORAIL;ARCELOR (BERTON SICARD);INSTALLUX;910040;Non;6,5;;;;;;;
Profil Alu;;RAIL HAUT RAPPORTE;ARCELOR (BERTON SICARD);INSTALLUX;910041;Non;6,5;;;;;;;
Profil Alu;;DORMANT 2 RAILS RECOUVR;ARCELOR (BERTON SICARD);INSTALLUX;910050;Non;6,5;;;;;;;
Profil Alu;;DORMANT 2 RAILS PLAT;ARCELOR (BERTON SICARD);INSTALLUX;910051;Non;6,5;;;;;;;
Profil Alu;;DORMANT 2 RAILS PLAT;ARCELOR (BERTON SICARD);INSTALLUX;910051N;Non;6,5;;;;;;;
Profil Alu;;DORMANT 3 RAILS PLAT;ARCELOR (BERTON SICARD);INSTALLUX;910052;Non;6,5;;;;;;;
Profil Alu;;DORMANT 2 RAILS;ARCELOR (BERTON SICARD);INSTALLUX;910200;Non;6,5;;;;;;;
Profil Alu;;SEUIL BAS PREDRAINE;ARCELOR (BERTON SICARD);INSTALLUX;910210P;Non;6,5;;;;;;;
Profil Alu;;SEUIL PREDRAINE 45;ARCELOR (BERTON SICARD);INSTALLUX;910211P;Non;6,5;;;;;;;
Profil Alu;;SEUIL MONORAIL;ARCELOR (BERTON SICARD);INSTALLUX;910212;Non;6,5;;;;;;;
Profil Alu;;SEUIL MONORAIL;ARCELOR (BERTON SICARD);INSTALLUX;910213;Non;6,5;;;;;;;
Profil Alu;;OUVRANT ANGLE;ARCELOR (BERTON SICARD);INSTALLUX;910224;Non;6,5;;;;;;;
Profil Alu;;ANGLE SUPPORT GACHE;ARCELOR (BERTON SICARD);INSTALLUX;910225;Non;6,5;;;;;;;
Profil Alu;;MONTANT COUVRE RAIL;ARCELOR (BERTON SICARD);INSTALLUX;920003;Non;6,5;;;;;;;
Profil Alu;;RECUPERATEUR EAU RAPPORT;ARCELOR (BERTON SICARD);INSTALLUX;920004;Non;6,5;;;;;;;
Profil Alu;;CACHE VIS RECUPERATEUR;ARCELOR (BERTON SICARD);INSTALLUX;920005;Non;6,5;;;;;;;
Profil Alu;;MONTANT COUVRE RAIL;ARCELOR (BERTON SICARD);INSTALLUX;920006;Non;6,5;;;;;;;
Profil Alu;Capot;SUPPORT CAPOT INTERIEUR;ARCELOR (BERTON SICARD);INSTALLUX;920007;Non;6,5;;;;;;;
Profil Alu;;SUPPORT CROISEMENT;ARCELOR (BERTON SICARD);INSTALLUX;920008;Non;6,5;;;;;;;
Profil Alu;;SUPPORT CROISEMENT VR;ARCELOR (BERTON SICARD);INSTALLUX;920009;Non;6,5;;;;;;;
Profil Alu;Capot;CAPOT RECUP EAU GAL;ARCELOR (BERTON SICARD);INSTALLUX;920011;Non;6,5;;;;;;;
profil alu;Bavette;BAVETTE GALANDAGE;ARCELOR (BERTON SICARD);INSTALLUX;920012;Non;6,5;;;;;;;
profil alu;;CLOSOIR INT GAL;ARCELOR (BERTON SICARD);INSTALLUX;920013;Non;6,5;;;;;;;
profil Alu;;CLOSOIR DORMANT MONORAIL;ARCELOR (BERTON SICARD);INSTALLUX;920014;Non;6,5;;;;;;;
profil Alu;Bavette;BAVETTE 110MM;ARCELOR (BERTON SICARD);INSTALLUX;920025;Non;6,5;;;;;;;
profil alu;;SEUIL PMR 2 RAILS;ARCELOR (BERTON SICARD);INSTALLUX;920042;Non;6,5;;;;;;;
profil alu;;SEUIL PMR 3 RAILS;ARCELOR (BERTON SICARD);INSTALLUX;920043;Non;6,5;;;;;;;
profil Alu;;TAPEE DOUBLAGE 140 CGD;ARCELOR (BERTON SICARD);INSTALLUX;920050;Non;6,5;;;;;;;
profil Alu;;TAPEE DOUBLAGE 160 CGD;ARCELOR (BERTON SICARD);INSTALLUX;920051;Non;6,5;;;;;;;
profil alu;;TAPEE DOUBLAGE 180 CGD;ARCELOR (BERTON SICARD);INSTALLUX;920052;Non;6,5;;;;;;;
profil alu;;TAPEE DOUBLAGE 200 CGD;ARCELOR (BERTON SICARD);INSTALLUX;920053;Non;6,5;;;;;;;
Profil Alu;Capot;CAPOT DE CROISEMENT;ARCELOR (BERTON SICARD);INSTALLUX;920221;Non;6,5;;;;;;;
Profil Alu;Capot;CAPOT RENFORT CROISEMENT;ARCELOR (BERTON SICARD);INSTALLUX;920223;Non;6,5;;;;;;;
profil Alu;;PROFIL DE FINITION;ARCELOR (BERTON SICARD);INSTALLUX;920224;Non;6,5;;;;;;;
profil Alu;PARCLOSE;PARCLOSE D’ANGLE;ARCELOR (BERTON SICARD);INSTALLUX;920230;Non;6,5;;;;;;;
profil alu;;COQUILLE CHRONOS INT MAN;ARCELOR (BERTON SICARD);INSTALLUX;950014;Non;1;;;;;;;
profil alu;;COQUILLE CHRONOS INT FIX;ARCELOR (BERTON SICARD);INSTALLUX;950015;Non;1;;;;;;;
profil alu;;COQUILLE CHRONOS EXT MAN;ARCELOR (BERTON SICARD);INSTALLUX;950016;Non;1;;;;;;;
profil alu;;COQUILLE CHRONOS EXT FIX;ARCELOR (BERTON SICARD);INSTALLUX;950017;Non;1;;;;;;;
profil alu;;CALE MONORAIL;ARCELOR (BERTON SICARD);INSTALLUX;960221;Non;2;;;;;;;
profil alu;;PAUMELLE A CLAMER;ARCELOR (BERTON SICARD);INSTALLUX;A5032;Non;1;;;;;;;
profil alu;;PAUMELLE 3 BR. A CLAMER;ARCELOR (BERTON SICARD);INSTALLUX;A5034;Non;1;;;;;;;
profil alu;;PAUMELLE A CLAMER SS AXE;ARCELOR (BERTON SICARD);INSTALLUX;A5068;Non;1;;;;;;;
profil alu;;PAUMELLE 2B APPL. 67/20;ARCELOR (BERTON SICARD);INSTALLUX;A5080;Non;1;;;;;;;
profil alu;;PAUMELLE 2B APPL. 92/20;ARCELOR (BERTON SICARD);INSTALLUX;A5081;Non;1;;;;;;;
profil alu;;PAUMELLE D’ANGLE SERIE F;ARCELOR (BERTON SICARD);INSTALLUX;A5082;Non;1;;;;;;;
Profil Alu;;PAUMELLE D’ANGLE RPT;ARCELOR (BERTON SICARD);INSTALLUX;A5083;Non;1;;;;;;;
Profil Alu;;PAUMELLE D’ANGLE GD RPT;ARCELOR (BERTON SICARD);INSTALLUX;A5084;Non;1;;;;;;;
Profil Alu;;PAUMELLE 3B 67/20;ARCELOR (BERTON SICARD);INSTALLUX;A5086;Non;1;;;;;;;
Profil Alu;;PAUMELLE 3B 92/20;ARCELOR (BERTON SICARD);INSTALLUX;A5087;Non;1;;;;;;;
Profil Alu;;CREMONE RAMSES E.REDUIT;ARCELOR (BERTON SICARD);INSTALLUX;A6077;Non;1;;;;;;;
Profil Alu;;REJET D’EAU;ARCELOR (BERTON SICARD);INSTALLUX;P5003;Non;6,5;;;;;;;
Profil Alu;;COUVRE JOINT 35;ARCELOR (BERTON SICARD);INSTALLUX;P5004;Non;6,5;;;;;;;
Profil Alu;;COUVRE JOINT 53;ARCELOR (BERTON SICARD);INSTALLUX;P5005;Non;6,5;;;;;;;
Profil Alu;;TRAVERSE 72;ARCELOR (BERTON SICARD);INSTALLUX;P5006T;Non;6,5;;;;;;;
Profil Alu;;TRAVERSE 99;ARCELOR (BERTON SICARD);INSTALLUX;P5007T;Non;6,5;;;;;;;
Profil Alu;;TRAVERSE 168;ARCELOR (BERTON SICARD);INSTALLUX;P5008T;Non;6,5;;;;;;;
Profil Alu;;MENEAU RENFORCE 72;ARCELOR (BERTON SICARD);INSTALLUX;P5009T;Non;6,5;;;;;;;
Profil Alu;;MENEAU RENFORCE 99;ARCELOR (BERTON SICARD);INSTALLUX;P5010T;Non;6,5;;;;;;;
Profil Alu;;BATTUE RAPPORTEE FRANC.;ARCELOR (BERTON SICARD);INSTALLUX;P5011T;Non;6,5;;;;;;;
Profil Alu;;BATTUE RAPPORTEE ANGL.;ARCELOR (BERTON SICARD);INSTALLUX;P5012T;Non;6,5;;;;;;;
Profil Alu;;DORM. FOND PLAT 37,6;ARCELOR (BERTON SICARD);INSTALLUX;P5013T;Non;6,5;;;;;;;
Profil Alu;;DORM. CAGE TOLE 37,6;ARCELOR (BERTON SICARD);INSTALLUX;P5014T;Non;6,5;;;;;;;
Profil Alu;;DORM. FOND PLAT 52,3;ARCELOR (BERTON SICARD);INSTALLUX;P5015T;Non;6,5;;;;;;;
Profil Alu;;DORM. CAGE TOLE 52,3;ARCELOR (BERTON SICARD);INSTALLUX;P5016T;Non;6,5;;;;;;;
Profil Alu;;DORM. FOND PLAT 41,9;ARCELOR (BERTON SICARD);INSTALLUX;P5017T;Non;6,5;;;;;;;
Profil Alu;;DORM. CAGE TOLE 41,9;ARCELOR (BERTON SICARD);INSTALLUX;P5018T;Non;6,5;;;;;;;
Profil Alu;;DORM. FOND PLAT 56,6;ARCELOR (BERTON SICARD);INSTALLUX;P5019T;Non;6,5;;;;;;;
Profil Alu;;DORM. CAGE TOLE 56,6;ARCELOR (BERTON SICARD);INSTALLUX;P5020T;Non;6,5;;;;;;;
Profil Alu;;(*)DORMANT FOND PLAT 28;ARCELOR (BERTON SICARD);INSTALLUX;P5021T;Non;6,5;;;;;;;
Profil Alu;;(*)DORMANT FD PLAT 28 MM;ARCELOR (BERTON SICARD);INSTALLUX;P5022;Non;6,5;;;;;;;
Profil Alu;;OUVRANT A LA FRANCAISE;ARCELOR (BERTON SICARD);INSTALLUX;P5023T;Non;6,5;;;;;;;
Profil Alu;;OUVRANT A L’ANGLAISE;ARCELOR (BERTON SICARD);INSTALLUX;P5024T;Non;6,5;;;;;;;
Profil Alu;;TRAVERSE 72;ARCELOR (BERTON SICARD);INSTALLUX;P5025;Non;6,5;;;;;;;
Profil Alu;;TRAVERSE 99;ARCELOR (BERTON SICARD);INSTALLUX;P5026;Non;6,5;;;;;;;
Profil Alu;;TRAVERSE 168;ARCELOR (BERTON SICARD);INSTALLUX;P5027;Non;6,5;;;;;;;
Profil Alu;;MENEAU RENFORCE 72;ARCELOR (BERTON SICARD);INSTALLUX;P5028;Non;6,5;;;;;;;
Profil Alu;;MENEAU RENFORCE 99;ARCELOR (BERTON SICARD);INSTALLUX;P5029;Non;6,5;;;;;;;
Profil Alu;;DORM. 37,6 FP;ARCELOR (BERTON SICARD);INSTALLUX;P5030;Non;6,5;;;;;;;
Profil Alu;;DORMANT 37,6 CLIP;ARCELOR (BERTON SICARD);INSTALLUX;P5031;Non;6,5;;;;;;;
Profil Alu;;DORMANT 52,3 FP;ARCELOR (BERTON SICARD);INSTALLUX;P5032;Non;6,5;;;;;;;
profil alu;;DORMANT 52,3 CLIP;ARCELOR (BERTON SICARD);INSTALLUX;P5033;Non;6,5;;;;;;;
Profil Alu;;DORMANT 41,9 FP CC;ARCELOR (BERTON SICARD);INSTALLUX;P5034;Non;6,5;;;;;;;
Profil Alu;;DORMANT 41,9 CLIP CC;ARCELOR (BERTON SICARD);INSTALLUX;P5035;Non;6,5;;;;;;;
Profil Alu;;DORMANT 56,6 FP CC;ARCELOR (BERTON SICARD);INSTALLUX;P5036;Non;6,5;;;;;;;
Profil Alu;;OUVRANT DOUBLE ACTION;ARCELOR (BERTON SICARD);INSTALLUX;P5038T;Non;6,5;;;;;;;
Profil Alu;;DORMANT DOUBLE ACTION;ARCELOR (BERTON SICARD);INSTALLUX;P5039T;Non;6,5;;;;;;;
Profil Alu;;OUVRANT A LA FRANCAISE;ARCELOR (BERTON SICARD);INSTALLUX;P5040;Non;6,5;;;;;;;
Profil Alu;;OUVRANT A L’ANGLAISE;ARCELOR (BERTON SICARD);INSTALLUX;P5041;Non;6,5;;;;;;;
Profil Alu;;BATTUE RAPPORTEE ANGL.;ARCELOR (BERTON SICARD);INSTALLUX;P5043;Non;6,5;;;;;;;
Profil Alu;;BATTUE RAPPORTEE FRANC.;ARCELOR (BERTON SICARD);INSTALLUX;P5044;Non;6,5;;;;;;;
Profil Alu;;PROFIL DE BASE HT=28MM;ARCELOR (BERTON SICARD);INSTALLUX;P5049T;Non;6,5;;;;;;;
Profil Alu;;(*)DORMT 28MM CAGE A TOL;ARCELOR (BERTON SICARD);INSTALLUX;P5053T;Non;6,5;;;;;;;
Profil Alu;;MENEAU RENF.SIMPLE 129MM;ARCELOR (BERTON SICARD);INSTALLUX;P5054T;Non;6,5;;;;;;;
Profil Alu;;RAIL HAUT PORTES REPLIA.;ARCELOR (BERTON SICARD);INSTALLUX;P5055;Non;6,5;;;;;;;
Profil Alu;;FINITION HAUTE / P5055;ARCELOR (BERTON SICARD);INSTALLUX;P5058;Non;6,5;;;;;;;
Profil Alu;;BATTUE RAPPORTEE VA/VIEN;ARCELOR (BERTON SICARD);INSTALLUX;P5061T;Non;6,5;;;;;;;
Profil Alu;;OUVRANT DOUBLE ACTION;ARCELOR (BERTON SICARD);INSTALLUX;P5064;Non;6,5;;;;;;;
Profil Alu;;DORMANT DOUBLE ACTION;ARCELOR (BERTON SICARD);INSTALLUX;P5065;Non;6,5;;;;;;;
Profil Alu;;PLINTHE 161MM;ARCELOR (BERTON SICARD);INSTALLUX;P5066T;Non;6,5;;;;;;;
Profil Alu;;PLINTHE 161 MM 1M.;ARCELOR (BERTON SICARD);INSTALLUX;P5066T/1;Non;1;;;;;;;
Profil Alu;;2 DEPARTS 50X55;ARCELOR (BERTON SICARD);INSTALLUX;P5067;Non;6,5;;;;;;;
Profil Alu;;PLINTHE 161MM;ARCELOR (BERTON SICARD);INSTALLUX;P5068;Non;6,5;;;;;;;
Profil Alu;;PLINTHE 161MM LG 1ML;ARCELOR (BERTON SICARD);INSTALLUX;P5068/1;Non;1;;;;;;;
Profil Alu;;(*)DORMANT MIXTE 28MM;ARCELOR (BERTON SICARD);INSTALLUX;P5071T;Non;6,5;;;;;;;
Profil Alu;;(*)DORM.CAGE A TOLE 28MM;ARCELOR (BERTON SICARD);INSTALLUX;P5072;Non;6,5;;;;;;;
Profil Alu;;DORMANT FOND PLAT 30 MM;ARCELOR (BERTON SICARD);INSTALLUX;P5073T;Non;6,5;;;;;;;
Profil Alu;;DORMANT 30MM CAGE A TOLE;ARCELOR (BERTON SICARD);INSTALLUX;P5074T;Non;6,5;;;;;;;
Profil Alu;;DORMANT MIXTE 30MM;ARCELOR (BERTON SICARD);INSTALLUX;P5075T;Non;6,5;;;;;;;
Profil Alu;;DORMANT FOND PLAT 30MM;ARCELOR (BERTON SICARD);INSTALLUX;P5076;Non;6,5;;;;;;;
Profil Alu;;DORMANT CAGE A TOLE 30MM;ARCELOR (BERTON SICARD);INSTALLUX;P5077;Non;6,5;;;;;;;
Profil Alu;;MONTANT PRE-PERCE 50MM;ARCELOR (BERTON SICARD);INSTALLUX;P6039;Non;5,8;;;;;;;
Profil Alu;;MONTANT PRE-PERCE 70MM;ARCELOR (BERTON SICARD);INSTALLUX;P6040;Non;5,8;;;;;;;
Profil Alu;Capot;CAPOT GLISSE;ARCELOR (BERTON SICARD);INSTALLUX;P6041;Non;5,8;;;;;;;
Profil Alu;;MOUSTIQUAIRE;ARCELOR (BERTON SICARD);INSTALLUX;P6046;Non;5,8;;;;;;;
Profil Alu;;LAME ALU JALOUSIE;ARCELOR (BERTON SICARD);INSTALLUX;P6050;Non;6,5;;;;;;;
Profil Alu;;TRAVERSE HAUTE;ARCELOR (BERTON SICARD);INSTALLUX;P6051;Non;5,8;;;;;;;
Profil Alu;;TRAVERSE BASSE;ARCELOR (BERTON SICARD);INSTALLUX;P6052;Non;5,8;;;;;;;
Profil Alu;;PORTE LAME;ARCELOR (BERTON SICARD);INSTALLUX;P6053;Non;5,8;;;;;;;
Profil Alu;;PRECADRE BAS;ARCELOR (BERTON SICARD);INSTALLUX;P6056;Non;6,5;;;;;;;
Profil Alu;;PRECADRE HAUT;ARCELOR (BERTON SICARD);INSTALLUX;P6057;Non;6,5;;;;;;;
Profil Alu;;DORMANT PRECADRE;ARCELOR (BERTON SICARD);INSTALLUX;P6058;Non;6,5;;;;;;;
Profil Alu;;DORMANT VOLET BATTANT;ARCELOR (BERTON SICARD);INSTALLUX;P6060;Non;6,5;;;;;;;
Profil Alu;;OUVRANT VOLET BATTANT;ARCELOR (BERTON SICARD);INSTALLUX;P6061;Non;6,5;;;;;;;
Profil Alu;;OUVRANT SEMI-FIXE VOLET;ARCELOR (BERTON SICARD);INSTALLUX;P6062;Non;6,5;;;;;;;
Profil Alu;;REMPLISSAGE PANNEAU;ARCELOR (BERTON SICARD);INSTALLUX;P6063;Non;6,5;;;;;;;
Profil Alu;TUBE;TUBE CARRE 125X125X2,2;ARCELOR (BERTON SICARD);INSTALLUX;TU125125;Non;6,5;;;;;;;
Profil Alu;TUBE;TUBE RECT.20X10X2;ARCELOR (BERTON SICARD);INSTALLUX;TU2010X2;Non;6,5;;;;;;;
Profil Alu;TUBE;TUBE CARRE 20X20X2;ARCELOR (BERTON SICARD);INSTALLUX;TU2020X2;Non;6,5;;;;;;;
Profil Alu;TUBE;TUBE CARRE 25X25X2;ARCELOR (BERTON SICARD);INSTALLUX;TU2525X2;Non;6,5;;;;;;;
Profil Alu;TUBE;TUBE RECT.30X10X2;ARCELOR (BERTON SICARD);INSTALLUX;TU3010X2;Non;6,5;;;;;;;
Profil Alu;TUBE;TUBE DIAMETRE 40X2;ARCELOR (BERTON SICARD);INSTALLUX;TU40X2;Non;6,5;;;;;;;
Profil Alu;TUBE;TUBE RECT. 40X20X2;ARCELOR (BERTON SICARD);INSTALLUX;TU4020X2;Non;6,5;;;;;;;
Profil Alu;TUBE;TUBE 45X45X1.5 LG2;ARCELOR (BERTON SICARD);INSTALLUX;TU4545/2;Non;1995;;;;;;;
Profil Alu;TUBE;TUBE 45X45X1.5;ARCELOR (BERTON SICARD);INSTALLUX;TU454515;Non;6;;;;;;;
Profil Alu;TUBE;TUBE DIAMETRE 50X2;ARCELOR (BERTON SICARD);INSTALLUX;TU50X2;Non;4,6;;;;;;;
Profil Alu;TUBE;TUBE RECT. 50X30X1,7;ARCELOR (BERTON SICARD);INSTALLUX;TU503017;Non;6,5;;;;;;;
Profil Alu;TUBE;TUBE DIAM 60 EP 2 MM;ARCELOR (BERTON SICARD);INSTALLUX;TU60X2/3;Non;3,2;;;;;;;
Profil Alu;TUBE;TUBE RECT. 60X20X2;ARCELOR (BERTON SICARD);INSTALLUX;TU6020X2;Non;6,5;;;;;;;
Profil Alu;TUBE;TUBE CARRE 70X70X2;ARCELOR (BERTON SICARD);INSTALLUX;TU7070X2;Non;6,5;;;;;;;
Profil Alu;TUBE;TUBE DIAMETRE 80X2;ARCELOR (BERTON SICARD);INSTALLUX;TU80X2;Non;6,5;;;;;;;
Profil Alu;;PROFIL T 4040X3;ARCELOR (BERTON SICARD);INSTALLUX;T4040X3;Non;6,5;;;;;;;
Profil Alu;;U 10X9X10;ARCELOR (BERTON SICARD);INSTALLUX;U109X2;Non;6,5;;;;;;;
Profil Alu;;U 15X29X15;ARCELOR (BERTON SICARD);INSTALLUX;U15X29;Non;6,5;;;;;;;
Profil Alu;;MONTANT EMBOIT. 32X1,4;ARCELOR (BERTON SICARD);INSTALLUX;U15X32;Non;6,5;;;;;;;
Profil Alu;;U 20X12X20;ARCELOR (BERTON SICARD);INSTALLUX;U2012X2;Non;6,5;;;;;;;
Profil Alu;;U 20X15X20;ARCELOR (BERTON SICARD);INSTALLUX;U2015X2;Non;6,5;;;;;;;
Profil Alu;;U 20X20X20;ARCELOR (BERTON SICARD);INSTALLUX;U2020X2;Non;6,5;;;;;;;
Profil Alu;;U 20X45X20;ARCELOR (BERTON SICARD);INSTALLUX;U2045X2;Non;6,5;;;;;;;
Profil Alu;;U 25X25X25;ARCELOR (BERTON SICARD);INSTALLUX;U2525X2;Non;6,5;;;;;;;
Profil Alu;;U 25X40X25;ARCELOR (BERTON SICARD);INSTALLUX;U2540X2;Non;6,5;;;;;;;
Profil Alu;;U 30X20X30;ARCELOR (BERTON SICARD);INSTALLUX;U3020X2;Non;6,5;;;;;;;
Profil Alu;Corniéres;CORNIERE PARCLOSE 40X40;ARCELOR (BERTON SICARD);INSTALLUX;11/140;Non;6;;;;;;;
Profil Alu;PARCLOSE;PARCLOSE A PIED 20;ARCELOR (BERTON SICARD);INSTALLUX;20L;Non;6;;;;;;;
Profil Alu;PARCLOSE;PARCLOSE A PIED 25;ARCELOR (BERTON SICARD);INSTALLUX;21L;Non;6;;;;;;;
Profil Alu;PARCLOSE;PARCLOSE A PIED 20;ARCELOR (BERTON SICARD);INSTALLUX;23/20L;Non;6;;;;;;;
Profil Alu;PARCLOSE;PARCLOSE A PIED 25;ARCELOR (BERTON SICARD);INSTALLUX;23/25L;Non;6;;;;;;;
Profil Alu;PARCLOSE;PARCLOSE A PIED 20;ARCELOR (BERTON SICARD);INSTALLUX;26L;Non;6;;;;;;;
Profil Alu;PARCLOSE;PARCLOSE A PIED 20;ARCELOR (BERTON SICARD);INSTALLUX;27/20L;Non;6;;;;;;;
profil alu;;ANGLE EXTERIEUR 80X80;ARCELOR (BERTON SICARD);INSTALLUX;103;Non;6;;;;;;;
profil alu;;ANGLE INTERIEUR 80X80;ARCELOR (BERTON SICARD);INSTALLUX;104;Non;6;;;;;;;
Profil Alu;Bavette;*LIAISON G 140/BAVETTE;ARCELOR (BERTON SICARD);INSTALLUX;108;Non;6;;;;;;;
Profil Alu;PARCLOSE;PARCLOSE INDEPENDANTE;ARCELOR (BERTON SICARD);INSTALLUX;112;Non;6;;;;;;;
Profil Alu;;2 DEPARTS 40X40.;ARCELOR (BERTON SICARD);INSTALLUX;140;Non;6;;;;;;;
Profil Alu;;2 DEPARTS 40X40 RENFORCE;ARCELOR (BERTON SICARD);INSTALLUX;140/R;Non;6;;;;;;;
Profil Alu;;1 DEPART 14X40;ARCELOR (BERTON SICARD);INSTALLUX;141;Non;6;;;;;;;
profil Alu;;MENEAU 18,5X40;ARCELOR (BERTON SICARD);INSTALLUX;142;Non;6;;;;;;;
Profil Alu;;BANDEAU 150X40;ARCELOR (BERTON SICARD);INSTALLUX;143/15;Non;6;;;;;;;
Profil Alu;;BANDEAU 150X40 LG:996 MM;ARCELOR (BERTON SICARD);INSTALLUX;143/151;Non;1;;;;;;;
Profil Alu;;BANDEAU 80X40;ARCELOR (BERTON SICARD);INSTALLUX;143/80;Non;6;;;;;;;
Profil Alu;;BANDEAU 80X40 LG:996 MM;ARCELOR (BERTON SICARD);INSTALLUX;143/801;Non;1;;;;;;;
Profil Alu;;3 DEPARTS 40X40;ARCELOR (BERTON SICARD);INSTALLUX;146;Non;6;;;;;;;
Profil Alu;;RAIL HAUT PORTE ACCORD.;ARCELOR (BERTON SICARD);INSTALLUX;148;Non;6;;;;;;;
Profil Alu;;SEUIL 40 ET 80;ARCELOR (BERTON SICARD);INSTALLUX;149;Non;6;;;;;;;
Profil Alu;;CACHE RAINURE 40;ARCELOR (BERTON SICARD);INSTALLUX;150L;Non;6;;;;;;;
Profil Alu;;BATTUE FEUILLURE 35;ARCELOR (BERTON SICARD);INSTALLUX;151;Non;6;;;;;;;
Profil Alu;;BATTUE DBL ETANCHEITE;ARCELOR (BERTON SICARD);INSTALLUX;152L;Non;6;;;;;;;
Profil Alu;;CLOSOIR SIMPLE;ARCELOR (BERTON SICARD);INSTALLUX;153L;Non;6;;;;;;;
Profil Alu;;BATTUE FEUILLURE 45;ARCELOR (BERTON SICARD);INSTALLUX;154;Non;6;;;;;;;
Profil Alu;;*BATTUE SIMPL ETANCHEITE;ARCELOR (BERTON SICARD);INSTALLUX;157;Non;6;;;;;;;
Profil Alu;PARCLOSE;PARCLOSE A VISSER;ARCELOR (BERTON SICARD);INSTALLUX;164;Non;6;;;;;;;
Profil Alu;;RAIL HAUT PORTE COULISS.;ARCELOR (BERTON SICARD);INSTALLUX;165;Non;6;;;;;;;
Profil Alu;;CACHE PORTE COULISSANTE;ARCELOR (BERTON SICARD);INSTALLUX;167;Non;6;;;;;;;
Profil Alu;;ANGLE EXTERIEUR 80X40;ARCELOR (BERTON SICARD);INSTALLUX;168;Non;6;;;;;;;
Profil Alu;;ANGLE INTERIEUR 80X40;ARCELOR (BERTON SICARD);INSTALLUX;169;Non;6;;;;;;;
Profil Alu;PARCLOSE;*PARCLOSE REMPL. 46/65;ARCELOR (BERTON SICARD);INSTALLUX;173;Non;6;;;;;;;
Profil Alu;;SEUIL PORTE 140;ARCELOR (BERTON SICARD);INSTALLUX;178;Non;6;;;;;;;
Profil Alu;;TRAVERSE DOUBLE CAGE;ARCELOR (BERTON SICARD);INSTALLUX;179;Non;6;;;;;;;
Profil Alu;;HUISSERIE A BATTUE;ARCELOR (BERTON SICARD);INSTALLUX;181;Non;6;;;;;;;
profil alu;;OUVRANT FRANC. 40X77;ARCELOR (BERTON SICARD);INSTALLUX;182;Non;6;;;;;;;
Profil Alu;;OUVRANT ANGLAISE 40X77;ARCELOR (BERTON SICARD);INSTALLUX;183;Non;6;;;;;;;
Profil Alu;;MENEAU 80;ARCELOR (BERTON SICARD);INSTALLUX;184;Non;6;;;;;;;
profil alu;;MENEAU 1 AILE FIXE;ARCELOR (BERTON SICARD);INSTALLUX;200;Non;6;;;;;;;
Profil Alu;;TRAV BARREAU DEFENSE;ARCELOR (BERTON SICARD);INSTALLUX;201;Non;6,5;;;;;;;
Profil Alu;;DORMANT 140 RALLONGE;ARCELOR (BERTON SICARD);INSTALLUX;205;Non;6,5;;;;;;;
Profil Alu;PARCLOSE;*PARCLOSE TALON SECURITE;ARCELOR (BERTON SICARD);INSTALLUX;218;Non;6;;;;;;;
Profil Alu;PARCLOSE;PARCLOSE TALON SECURITE;ARCELOR (BERTON SICARD);INSTALLUX;219;Non;6;;;;;;;
Profil Alu;PARCLOSE;PARCLOSE TALON SECURITE;ARCELOR (BERTON SICARD);INSTALLUX;220;Non;6;;;;;;;
Profil Alu;PARCLOSE;PARCLOSE TALON SECURITE;ARCELOR (BERTON SICARD);INSTALLUX;223;Non;6;;;;;;;
Profil Alu;PARCLOSE;PARCLOSE TALON SECURITE;ARCELOR (BERTON SICARD);INSTALLUX;226;Non;6;;;;;;;
Profil Alu;;LISSE HAUTE NON PERFOREE;ARCELOR (BERTON SICARD);INSTALLUX;300;Non;6;;;;;;;
Profil Alu;;MAIN COURANTE 25;ARCELOR (BERTON SICARD);INSTALLUX;301;Non;6;;;;;;;
Profil Alu;;PROFIL BAS PR BARREAUDAG;ARCELOR (BERTON SICARD);INSTALLUX;302;Non;6,5;;;;;;;
Profil Alu;;BARREAU A UNE FIXATION;ARCELOR (BERTON SICARD);INSTALLUX;305;Non;6,5;;;;;;;
Profil Alu;;RAIDISSEUR 40X20;ARCELOR (BERTON SICARD);INSTALLUX;306;Non;6,5;;;;;;;
Profil Alu;;RAIDISSEUR 40X20 USINE;ARCELOR (BERTON SICARD);INSTALLUX;307;Non;6,5;;;;;;;
Profil Alu;;CLOSOIR PROFIL BARREAUDA;ARCELOR (BERTON SICARD);INSTALLUX;308;Non;6,5;;;;;;;
Profil Alu;;PROFIL POUR BARREAUDAGE;ARCELOR (BERTON SICARD);INSTALLUX;309;Non;6,5;;;;;;;
Profil Alu;;MAIN COURANTE 40;ARCELOR (BERTON SICARD);INSTALLUX;310;Non;6;;;;;;;
Profil Alu;;BARREAU OVAL;ARCELOR (BERTON SICARD);INSTALLUX;311;Non;6,5;;;;;;;
Profil Alu;;MAIN COURANTE ELLIPTIQUE;ARCELOR (BERTON SICARD);INSTALLUX;312;Non;6,5;;;;;;;
Profil Alu;;LISSE HTE PERFOREE GC;ARCELOR (BERTON SICARD);INSTALLUX;321;Non;6;;;;;;;
Profil Alu;;LISSE BASS PERFORE GC;ARCELOR (BERTON SICARD);INSTALLUX;322;Non;6;;;;;;;
Profil Alu;EMBOUT;EMBOUT MC 312 DROIT;ARCELOR (BERTON SICARD);INSTALLUX;323D;Non;1;;;;;;;
Profil Alu;EMBOUT;EMBOUT MC 312 GAUCHE;ARCELOR (BERTON SICARD);INSTALLUX;323G;Non;1;;;;;;;
Profil Alu;;MAIN COURANTE DIAM.63;ARCELOR (BERTON SICARD);INSTALLUX;324;Non;6;;;;;;;
Profil Alu;;LISSE HTE REMP SOUS LISS;ARCELOR (BERTON SICARD);INSTALLUX;326;Non;6,5;;;;;;;
Profil Alu;EMBOUT;KIT EMBOUTS LISSE CIRC;ARCELOR (BERTON SICARD);INSTALLUX;327;Non;1;;;;;;;
Profil Alu;;LISSE HAUTE PERFOREE;ARCELOR (BERTON SICARD);INSTALLUX;328;Non;6,5;;;;;;;
Profil Alu;;LISSE CIRCULAIRE;ARCELOR (BERTON SICARD);INSTALLUX;329;Non;6,5;;;;;;;
Profil Alu;;MAIN COURANTE;ARCELOR (BERTON SICARD);INSTALLUX;330;Non;6,5;;;;;;;
Profil Alu;EMBOUT;KIT EMBOUTS MC 330;ARCELOR (BERTON SICARD);INSTALLUX;331;Non;1;;;;;;;
Profil Alu;;CLOSOIR HAUT BARREAUDAGE;ARCELOR (BERTON SICARD);INSTALLUX;334;Non;6,5;;;;;;;
Profil Alu;;RACCORD MAIN COURANTE;ARCELOR (BERTON SICARD);INSTALLUX;335;Non;1;;;;;;;
Profil Alu;;LISSE RECTANGULAIRE;ARCELOR (BERTON SICARD);INSTALLUX;336;Non;6,5;;;;;;;
Profil Alu;;PROFIL CADRE HT RECT.;ARCELOR (BERTON SICARD);INSTALLUX;337;Non;6,5;;;;;;;
Profil Alu;;LISSE HAUTE / LAME 612;ARCELOR (BERTON SICARD);INSTALLUX;338;Non;6,5;;;;;;;
Profil Alu;;SUPPORT MURAL REMPLISSAG;ARCELOR (BERTON SICARD);INSTALLUX;343;Non;1;;;;;;;
Profil Alu;;BARREAU LOSANGE 1 FIXATI;ARCELOR (BERTON SICARD);INSTALLUX;344;Non;6,5;;;;;;;
Profil Alu;EMBOUT;KIT EMBOUTS MC 375;ARCELOR (BERTON SICARD);INSTALLUX;345;Non;1;;;;;;;
Profil Alu;EMBOUT;KIT EMBOUTS LISSE RECT;ARCELOR (BERTON SICARD);INSTALLUX;346;Non;4;;;;;;;
Profil Alu;;PROFIL CADRE BAS RECT.;ARCELOR (BERTON SICARD);INSTALLUX;347;Non;6,5;;;;;;;
Profil Alu;;LISSE BASSE PERFOREE;ARCELOR (BERTON SICARD);INSTALLUX;349;Non;6,5;;;;;;;
Profil Alu;EMBOUT;EMBOUT MAIN COUR. 25MM;ARCELOR (BERTON SICARD);INSTALLUX;357;Non;1;;;;;;;
Profil Alu;EMBOUT;(*)EMBOUT MAIN COUR. 120;ARCELOR (BERTON SICARD);INSTALLUX;359;Non;2;;;;;;;
Profil Alu;EMBOUT;EMBOUT LISSE BASSE;ARCELOR (BERTON SICARD);INSTALLUX;365;Non;2;;;;;;;
Profil Alu;EMBOUT;EMBOUT MAIN COUR.;ARCELOR (BERTON SICARD);INSTALLUX;368;Non;1;;;;;;;
Profil Alu;;MC PR REMPL SOUS LISSE;ARCELOR (BERTON SICARD);INSTALLUX;375;Non;6,5;;;;;;;
Profil Alu;;PROFIL REMP BAS NEZ DALL;ARCELOR (BERTON SICARD);INSTALLUX;377;Non;6,5;;;;;;;
Profil Alu;;PROFIL U PR B LIBRES 3ML;ARCELOR (BERTON SICARD);INSTALLUX;383;Non;1;;;;;;;
Profil Alu;EMBOUT;EMBOUT MAIN COUR. 63;ARCELOR (BERTON SICARD);INSTALLUX;384;Non;1;;;;;;;
Profil Alu;;FIXATION MUR.MAIN COUR.;ARCELOR (BERTON SICARD);INSTALLUX;385;Non;1;;;;;;;
Profil Alu;;CROSSE DE MAIN COURANTE.;ARCELOR (BERTON SICARD);INSTALLUX;386;Non;1;;;;;;;
Profil Alu;;PINCE DLE MAIN COURANTE;ARCELOR (BERTON SICARD);INSTALLUX;395;Non;1;;;;;;;
Profil Alu;;LISSE BASSE / LAME 612;ARCELOR (BERTON SICARD);INSTALLUX;399;Non;6,5;;;;;;;
Profil Alu;;TRAV.BASSE/AUTOPORTANT;ARCELOR (BERTON SICARD);INSTALLUX;500;Non;6,5;;;;;;;
Profil Alu;;PLATINE CIRCULAIRE;ARCELOR (BERTON SICARD);INSTALLUX;504N;Non;1;;;;;;;
Profil Alu;;POTEAU VARIABLE;ARCELOR (BERTON SICARD);INSTALLUX;505;Non;6,5;;;;;;;
Profil Alu;;LAME 120X20;ARCELOR (BERTON SICARD);INSTALLUX;506;Non;6,5;;;;;;;
Profil Alu;;PLASTRON POTEAU 150X150;ARCELOR (BERTON SICARD);INSTALLUX;508;Non;6;;;;;;;
profil alu;;PLASTRON POTEAU LG 2M;ARCELOR (BERTON SICARD);INSTALLUX;508/2;Non;1995;;;;;;;
Profil Alu;;POTEAU 150X150;ARCELOR (BERTON SICARD);INSTALLUX;509;Non;6;;;;;;;
Profil Alu;;POTEAU 150X150 LG 2M;ARCELOR (BERTON SICARD);INSTALLUX;509/2;Non;1995;;;;;;;
Profil Alu;;CLOSOIR EXTREMITE BOMBE;ARCELOR (BERTON SICARD);INSTALLUX;519;Non;6,5;;;;;;;
profil alu;;MONTANT 3 RAINURES;ARCELOR (BERTON SICARD);INSTALLUX;523;Non;6,5;;;;;;;
profil alu;;MONTANT 3 RAINURES;ARCELOR (BERTON SICARD);INSTALLUX;523/4;Non;4;;;;;;;
Profil Alu;;BARREAU ECONOMIQUE 80X20;ARCELOR (BERTON SICARD);INSTALLUX;526;Non;6,5;;;;;;;
Profil Alu;;PROFIL SUPPORT TOLE;ARCELOR (BERTON SICARD);INSTALLUX;529;Non;6,5;;;;;;;
Profil Alu;;CACHE SECURITE / 509;ARCELOR (BERTON SICARD);INSTALLUX;538;Non;6,5;;;;;;;
Profil Alu;;GUIDE OLIVE CACHE CREMA;ARCELOR (BERTON SICARD);INSTALLUX;541I;Non;6,5;;;;;;;
Profil Alu;;GUIDE OLIVE CACHE CREMA;ARCELOR (BERTON SICARD);INSTALLUX;541I/4;Non;4,5;;;;;;;
Profil Alu;;RAIDISSEUR PR 541 ET 543;ARCELOR (BERTON SICARD);INSTALLUX;542;Non;6,5;;;;;;;
Profil Alu;;RAIDISSEUR PR 541 ET 543;ARCELOR (BERTON SICARD);INSTALLUX;542/4;Non;4,5;;;;;;;
Profil Alu;;PAUMELLE 3 BRANCHES;ARCELOR (BERTON SICARD);INSTALLUX;550;Non;2;;;;;;;
Profil Alu;;GUIDAGE SUP AUTOPORTANT;ARCELOR (BERTON SICARD);INSTALLUX;551;Non;1;;;;;;;
Profil Alu;;TE DE FIXATION POUR 566;ARCELOR (BERTON SICARD);INSTALLUX;557;Non;1;;;;;;;
Profil Alu;;CALE ARRIERE PAUMELLE;ARCELOR (BERTON SICARD);INSTALLUX;562;Non;2;;;;;;;
Profil Alu;;PIECE RECEPT ET CENTREUR;ARCELOR (BERTON SICARD);INSTALLUX;566;Non;1;;;;;;;
Profil Alu;;FIXATION MURALE CLOTURE;ARCELOR (BERTON SICARD);INSTALLUX;574;Non;1;;;;;;;
Profil Alu;;PORTE OLIVE GUIDE LAT CO;ARCELOR (BERTON SICARD);INSTALLUX;578;Non;1;;;;;;;
Profil Alu;;PROFIL/TOLE EP 2 MM;ARCELOR (BERTON SICARD);INSTALLUX;580;Non;6,5;;;;;;;
Profil Alu;;EMB FINITION GUIDE OLIVE;ARCELOR (BERTON SICARD);INSTALLUX;584;Non;1;;;;;;;
Profil Alu;EMBOUT;KIT EMBOUT CACHE CREMAIL;ARCELOR (BERTON SICARD);INSTALLUX;585;Non;1;;;;;;;
profil alu;;KIT BOUCHONS/PROFIL 500;ARCELOR (BERTON SICARD);INSTALLUX;586;Non;2;;;;;;;
Profil Alu;;CHAPEAU POTEAU 150X150;ARCELOR (BERTON SICARD);INSTALLUX;589;Non;1;;;;;;;
Profil Alu;;CACHE ROULETTE;ARCELOR (BERTON SICARD);INSTALLUX;594;Non;2;;;;;;;
Profil Alu;;GUIDE A LA FERMETURE;ARCELOR (BERTON SICARD);INSTALLUX;595;Non;1;;;;;;;
Profil Alu;;PETITE TRAVERSE;ARCELOR (BERTON SICARD);INSTALLUX;597;Non;6,5;;;;;;;
Profil Alu;;TRAVERSE CINT.USIN.1420;ARCELOR (BERTON SICARD);INSTALLUX;597-C1-U;Non;1;;;;;;;
profil alu;;TRAVERSE CINT.USIN.2000;ARCELOR (BERTON SICARD);INSTALLUX;597-C2-U;Non;1;;;;;;;
Profil Alu;;TRAVERSE CINT.USIN.2250;ARCELOR (BERTON SICARD);INSTALLUX;597-C3-U;Non;1;;;;;;;
Profil Alu;;TRAVERSE CINT.USIN.2600;ARCELOR (BERTON SICARD);INSTALLUX;597-C4-U;Non;1;;;;;;;
Profil Alu;;*PORTE OLIV GUID LAT COU;ARCELOR (BERTON SICARD);INSTALLUX;598;Non;1;;;;;;;
Profil Alu;;PORTE OLIVE GUID SUP COU;ARCELOR (BERTON SICARD);INSTALLUX;599;Non;1;;;;;;;
Profil Alu;;MONTANT 140X115;ARCELOR (BERTON SICARD);INSTALLUX;601;Non;5;;;;;;;
Profil Alu;EMBOUT;EMBOUT GOUTTE D EAU;ARCELOR (BERTON SICARD);INSTALLUX;602;Non;10;;;;;;;
profil alu;;LAME ‘Z’ 110X20;ARCELOR (BERTON SICARD);INSTALLUX;607;Non;6,5;;;;;;;
profil alu;;PETITE TRAVERSE;ARCELOR (BERTON SICARD);INSTALLUX;608;Non;6,5;;;;;;;
Profil Alu;;PROFIL DE BATTUE;ARCELOR (BERTON SICARD);INSTALLUX;610;Non;5;;;;;;;
Profil Alu;;LAME 100X20;ARCELOR (BERTON SICARD);INSTALLUX;611;Non;6,5;;;;;;;
Profil Alu;;BARREAU 100X20;ARCELOR (BERTON SICARD);INSTALLUX;612;Non;6,5;;;;;;;
Profil Alu;;LAME 200X20;ARCELOR (BERTON SICARD);INSTALLUX;613;Non;6,5;;;;;;;
profil Alu;;TRAVERSE HAUTE;ARCELOR (BERTON SICARD);INSTALLUX;615;Non;6,5;;;;;;;
Profil Alu;;CHAPEAU GENDARME 1420;ARCELOR (BERTON SICARD);INSTALLUX;615/C1;Non;1;;;;;;;
Profil Alu;;CHAPEAU GENDARME 2000;ARCELOR (BERTON SICARD);INSTALLUX;615/C2;Non;1;;;;;;;
Profil Alu;;CHAPEAU GENDARME 2250;ARCELOR (BERTON SICARD);INSTALLUX;615/C3;Non;1;;;;;;;
profil Alu;;CHAPEAU GENDARME 2600;ARCELOR (BERTON SICARD);INSTALLUX;615/C4;Non;1;;;;;;;
Profil Alu;;BUTEE PORTILLON;ARCELOR (BERTON SICARD);INSTALLUX;616;Non;1;;;;;;;
Profil Alu;;CACHE RAINURE;ARCELOR (BERTON SICARD);INSTALLUX;620;Non;6,5;;;;;;;
Profil Alu;;CACHE RAINURE;ARCELOR (BERTON SICARD);INSTALLUX;620/5;Non;5;;;;;;;
Profil Alu;;TRAVERSE INTERMEDIAIRE;ARCELOR (BERTON SICARD);INSTALLUX;621;Non;6,5;;;;;;;
Profil Alu;;CHAPEAU GENDARME 1420;ARCELOR (BERTON SICARD);INSTALLUX;621/C1;Non;1;;;;;;;
Profil Alu;;CHAPEAU GENDARME 2000;ARCELOR (BERTON SICARD);INSTALLUX;621/C2;Non;1;;;;;;;
Profil Alu;;CHAPEAU GENDARME 2250;ARCELOR (BERTON SICARD);INSTALLUX;621/C3;Non;1;;;;;;;
Profil Alu;;CHAPEAU GENDARME 2600;ARCELOR (BERTON SICARD);INSTALLUX;621/C4;Non;1;;;;;;;
profil alu;;TRAVERSE INTERMEDIAIRE;ARCELOR (BERTON SICARD);INSTALLUX;621/3;Non;3,2;;;;;;;
Profil Alu;;TRAVERSE BASSE;ARCELOR (BERTON SICARD);INSTALLUX;622;Non;6,5;;;;;;;
Profil Alu;;TRAVERSE BASSE;ARCELOR (BERTON SICARD);INSTALLUX;622/3;Non;3,2;;;;;;;
Profil Alu;;MONTANT D’EXTREMITE;ARCELOR (BERTON SICARD);INSTALLUX;623;Non;6,5;;;;;;;
Profil Alu;;MONTANT D’EXTREMITE;ARCELOR (BERTON SICARD);INSTALLUX;623/4;Non;4;;;;;;;
Profil Alu;;POTEAU 3 DEPARTS;ARCELOR (BERTON SICARD);INSTALLUX;624/5;Non;5;;;;;;;
Profil Alu;;POTEAU DE CLOTURE;ARCELOR (BERTON SICARD);INSTALLUX;625;Non;6,5;;;;;;;
Profil Alu;;TRAVERSE DE CLOTURE;ARCELOR (BERTON SICARD);INSTALLUX;626;Non;6,5;;;;;;;
Profil Alu;;1/2 TRAVERSE 30;ARCELOR (BERTON SICARD);INSTALLUX;627;Non;6,5;;;;;;;
Profil Alu;;1/2 TRAVERSE 30;ARCELOR (BERTON SICARD);INSTALLUX;627/3;Non;3,2;;;;;;;
Profil Alu;;1/2 TRAVERSE 60;ARCELOR (BERTON SICARD);INSTALLUX;628;Non;6,5;;;;;;;
Profil Alu;;1/2 TRAVERSE 60;ARCELOR (BERTON SICARD);INSTALLUX;628/3;Non;3,2;;;;;;;
Profil Alu;;MENEAU 80;ARCELOR (BERTON SICARD);INSTALLUX;629;Non;6,5;;;;;;;
profil alu;;MENEAU 80 CINTRE 2001;ARCELOR (BERTON SICARD);INSTALLUX;629/P3;Non;1;;;;;;;
Profil Alu;PARCLOSE;PARCLOSE REMPL. 2;ARCELOR (BERTON SICARD);INSTALLUX;630;Non;6,5;;;;;;;
Profil Alu;;CLOSOIR EXTREMITE;ARCELOR (BERTON SICARD);INSTALLUX;632;Non;6,5;;;;;;;
profil alu;;CLOSOIR EXTREMITE;ARCELOR (BERTON SICARD);INSTALLUX;632/3;Non;3,2;;;;;;;
Profil Alu;;TRAV. CLOTURE DBL CLIP.;ARCELOR (BERTON SICARD);INSTALLUX;633;Non;6,5;;;;;;;
Profil Alu;;KIT MOTEUR INTEGRE AABIS;ARCELOR (BERTON SICARD);INSTALLUX;634;Non;1;;;;;;;
Profil Alu;;BARREAU 20X20;ARCELOR (BERTON SICARD);INSTALLUX;635;Non;6,5;;;;;;;
Profil Alu;;BARREAU 20X20;ARCELOR (BERTON SICARD);INSTALLUX;635/5;Non;5;;;;;;;
Profil Alu;;FESTON NON USINE;ARCELOR (BERTON SICARD);INSTALLUX;638;Non;6,5;;;;;;;
Profil Alu;EMBOUT;EMBOUT /MONTANT 623;ARCELOR (BERTON SICARD);INSTALLUX;653;Non;4;;;;;;;
Profil Alu;EMBOUT;EMBOUT /POTEAU 624;ARCELOR (BERTON SICARD);INSTALLUX;654;Non;2;;;;;;;
Profil Alu;EMBOUT;EMBOUT /MONTANT 625;ARCELOR (BERTON SICARD);INSTALLUX;655;Non;2;;;;;;;
Profil Alu;;PAIRE VOLUTE INTER;ARCELOR (BERTON SICARD);INSTALLUX;663;Non;1;;;;;;;
Profil Alu;;ECROU BORGNE M6 ACIER;ARCELOR (BERTON SICARD);INSTALLUX;663-3;Non;10;;;;;;;
profil alu;;PAIRE VOLUTE CENTRALE;ARCELOR (BERTON SICARD);INSTALLUX;664;Non;1;;;;;;;
Profil Alu;EMBOUT;EMBOUT FLEUR DE LYS;ARCELOR (BERTON SICARD);INSTALLUX;665;Non;10;;;;;;;
profil Alu;EMBOUT;EMBOUT BOULE;ARCELOR (BERTON SICARD);INSTALLUX;666;Non;10;;;;;;;
Profil Alu;EMBOUT;EMBOUT FLECHE;ARCELOR (BERTON SICARD);INSTALLUX;667;Non;10;;;;;;;
profil alu;EMBOUT;EMBOUT ROND;ARCELOR (BERTON SICARD);INSTALLUX;668;Non;10;;;;;;;
profil Alu;EMBOUT;EMBOUT DE LAME/612;ARCELOR (BERTON SICARD);INSTALLUX;669;Non;10;;;;;;;
Profil Alu;;BUTEE ARRET AU SOL;ARCELOR (BERTON SICARD);INSTALLUX;678;Non;1;;;;;;;
profil Alu;;REGULATEUR DE PENTE;ARCELOR (BERTON SICARD);INSTALLUX;679;Non;1;;;;;;;
Profil Alu;EMBOUT;EMBOUT FINITION /626/641;ARCELOR (BERTON SICARD);INSTALLUX;680;Non;2;;;;;;;
Profil Alu;EMBOUT;EMBOUT /622;ARCELOR (BERTON SICARD);INSTALLUX;683;Non;1;;;;;;;
Profil Alu;;PAIRE VOLUTE SUPERIEURE;ARCELOR (BERTON SICARD);INSTALLUX;688;Non;1;;;;;;;
Profil Alu;;LIAISON 140/140;ARCELOR (BERTON SICARD);INSTALLUX;1011;Non;6;;;;;;;
Profil Alu;;BARREAU PORTILLON 140;ARCELOR (BERTON SICARD);INSTALLUX;1050;Non;6,5;;;;;;;
Profil Alu;;POIGNEE BANDEAU;ARCELOR (BERTON SICARD);INSTALLUX;1103;Non;6;;;;;;;
Profil Alu;;POIGNEE BANDEAU LG:996MM;ARCELOR (BERTON SICARD);INSTALLUX;1103/1;Non;1;;;;;;;
Profil Alu;EMBOUT;EMBOUT /318;ARCELOR (BERTON SICARD);INSTALLUX;1233;Non;1;;;;;;;
Profil Alu;EMBOUT;EMBOUT DECOUPE /1103;ARCELOR (BERTON SICARD);INSTALLUX;1618;Non;2;;;;;;;
Profil Alu;;POIGNEE POUSSOIR 250;ARCELOR (BERTON SICARD);INSTALLUX;1623;Non;1;;;;;;;
Profil Alu;;POIGNEE POUSSOIR 350;ARCELOR (BERTON SICARD);INSTALLUX;1624;Non;1;;;;;;;
Profil Alu;;POIGNEE POUSSOIR TUB.350;ARCELOR (BERTON SICARD);INSTALLUX;1641;Non;1;;;;;;;
Profil Alu;;PAUMELLE CLARIT LUXE;ARCELOR (BERTON SICARD);INSTALLUX;1700;Non;2;;;;;;;
Profil Alu;;PAUMELLE PORTE BOIS;ARCELOR (BERTON SICARD);INSTALLUX;1710;Non;2;;;;;;;
Profil Alu;;PAUMELLE PORTE ALU.BAGUE;ARCELOR (BERTON SICARD);INSTALLUX;1723;Non;2;;;;;;;
Profil Alu;;PAUMELLE PORTE ALU.ROULT;ARCELOR (BERTON SICARD);INSTALLUX;1724;Non;2;;;;;;;
profil alu;;PAUMELLE CHARIOT;ARCELOR (BERTON SICARD);INSTALLUX;1725;Non;1;;;;;;;
profil alu;;PAUMELLE EXTREM CHARIOT;ARCELOR (BERTON SICARD);INSTALLUX;1726;Non;1;;;;;;;
Profil Alu;;PAUMELLE GUIDE;ARCELOR (BERTON SICARD);INSTALLUX;1727;Non;1;;;;;;;
Profil Alu;;PAUMELLE EXTREM GUIDE;ARCELOR (BERTON SICARD);INSTALLUX;1728;Non;1;;;;;;;
Profil Alu;;PAUMELLE RENF.ECO.REGLA.;ARCELOR (BERTON SICARD);INSTALLUX;1760N;Non;1;;;;;;;
Profil Alu;;BEQUILLE SIMPLE CARRE 8;ARCELOR (BERTON SICARD);INSTALLUX;1853N;Non;1;;;;;;;
Profil Alu;;BEQUILLE DOUBLE CARRE 8;ARCELOR (BERTON SICARD);INSTALLUX;1854N;Non;1;;;;;;;
Profil Alu;;BEQUILLE SIMPLE BOREALE;ARCELOR (BERTON SICARD);INSTALLUX;1859;Non;1;;;;;;;
Profil Alu;;BEQUILLE DBL CARRE 8MM;ARCELOR (BERTON SICARD);INSTALLUX;1860;Non;1;;;;;;;
Profil Alu;;BEQUILLE SPLE PORTE FLOW;ARCELOR (BERTON SICARD);INSTALLUX;1861;Non;1;;;;;;;
Profil Alu;;BEQUILLE PLATE HORUS;ARCELOR (BERTON SICARD);INSTALLUX;1870;Non;1;;;;;;;
Profil Alu;;LIAISON SECTION 50;ARCELOR (BERTON SICARD);INSTALLUX;5022;Non;6,5;;;;;;;
Profil Alu;;PROFIL LIAISON CAGES;ARCELOR (BERTON SICARD);INSTALLUX;5027;Non;6,5;;;;;;;
Profil Alu;;JONCTION RENFORCEE;ARCELOR (BERTON SICARD);INSTALLUX;5040;Non;6,5;;;;;;;
Profil Alu;;RAIDISSEUR 87X36;ARCELOR (BERTON SICARD);INSTALLUX;5041;Non;6,5;;;;;;;
Profil Alu;;RAIDISSEUR 65X36;ARCELOR (BERTON SICARD);INSTALLUX;5042;Non;6,5;;;;;;;
Profil Alu;PARCLOSE;PARCLOSE A VISSER;ARCELOR (BERTON SICARD);INSTALLUX;5048;Non;6,5;;;;;;;
Profil Alu;PARCLOSE;PARCLOSE A VISSER;ARCELOR (BERTON SICARD);INSTALLUX;5049;Non;6,5;;;;;;;
Profil Alu;PARCLOSE;PARCLOSE CLIP 8.5 LAQUEE;ARCELOR (BERTON SICARD);INSTALLUX;5051L;Non;6,5;;;;;;;
Profil Alu;PARCLOSE;PARCLOSE CLIPABLE 18.5;ARCELOR (BERTON SICARD);INSTALLUX;5053;Non;6,5;;;;;;;
Profil Alu;PARCLOSE;PARCLOSE CLIPABLE 23.5;ARCELOR (BERTON SICARD);INSTALLUX;5054;Non;6,5;;;;;;;
Profil Alu;Capot;CAPOT /5041/5042;ARCELOR (BERTON SICARD);INSTALLUX;5057;Non;6,5;;;;;;;
Profil Alu;;ELARGISSEUR DE FEUILLURE;ARCELOR (BERTON SICARD);INSTALLUX;5058;Non;6,5;;;;;;;
Profil Alu;;PROFIL DE DILATATION;ARCELOR (BERTON SICARD);INSTALLUX;5138;Non;6;;;;;;;
Profil Alu;;SEUIL PORTE;ARCELOR (BERTON SICARD);INSTALLUX;5144;Non;6,5;;;;;;;
Profil Alu;;SEUIL PORTE A BATTUE;ARCELOR (BERTON SICARD);INSTALLUX;5145;Non;6,5;;;;;;;
Profil Alu;;SEUIL PORTE 36.5MM;ARCELOR (BERTON SICARD);INSTALLUX;5146;Non;6;;;;;;;
Profil Alu;;SEUIL PTE VEC ALVEOV;ARCELOR (BERTON SICARD);INSTALLUX;5147;Non;6;;;;;;;
Profil Alu;;PRECADRE ISOLATION 135;ARCELOR (BERTON SICARD);INSTALLUX;5154;Non;6;;;;;;;
Profil Alu;;PRECADRE ISOLATION 160;ARCELOR (BERTON SICARD);INSTALLUX;5155;Non;6;;;;;;;
Profil Alu;;PRECADRE ISOLATION 100;ARCELOR (BERTON SICARD);INSTALLUX;5156;Non;6;;;;;;;
Profil Alu;;DORM.PRECADRE ISOL.100;ARCELOR (BERTON SICARD);INSTALLUX;5167TH;Non;6,5;;;;;;;
Profil Alu;;DORM.PRECADRE ISOL 100;ARCELOR (BERTON SICARD);INSTALLUX;5169TH;Non;6,5;;;;;;;
Profil Alu;;DORM. PRECADRE ISOL 120;ARCELOR (BERTON SICARD);INSTALLUX;5170TH;Non;6,5;;;;;;;
Profil Alu;;TAPEE 15;ARCELOR (BERTON SICARD);INSTALLUX;5190;Non;6;;;;;;;
Profil Alu;;TAPEE 25;ARCELOR (BERTON SICARD);INSTALLUX;5191;Non;6;;;;;;;
Profil Alu;;TAPEE 35;ARCELOR (BERTON SICARD);INSTALLUX;5192;Non;6;;;;;;;
Profil Alu;;TAPEE 45;ARCELOR (BERTON SICARD);INSTALLUX;5193;Non;6;;;;;;;
Profil Alu;;TAPEE 55;ARCELOR (BERTON SICARD);INSTALLUX;5194;Non;6;;;;;;;
Profil Alu;;TAPEE 65;ARCELOR (BERTON SICARD);INSTALLUX;5195;Non;6;;;;;;;
Profil Alu;;(*)DORMANT 50;ARCELOR (BERTON SICARD);INSTALLUX;5401TH;Non;6,5;;;;;;;
Profil Alu;;(*)DORM. A RECOUVREMENT;ARCELOR (BERTON SICARD);INSTALLUX;5402TH;Non;6,5;;;;;;;
Profil Alu;;DORMANT SS RECOUV. 64MM;ARCELOR (BERTON SICARD);INSTALLUX;5403TH;Non;6,5;;;;;;;
Profil Alu;;DORMANT 64;ARCELOR (BERTON SICARD);INSTALLUX;5404TH;Non;6,5;;;;;;;
Profil Alu;;(*)DORMANT 50;ARCELOR (BERTON SICARD);INSTALLUX;5405TH;Non;6,5;;;;;;;
Profil Alu;;(*)DORMANT 50;ARCELOR (BERTON SICARD);INSTALLUX;5406TH;Non;6,5;;;;;;;
Profil Alu;;DORMANT ITALIENNE;ARCELOR (BERTON SICARD);INSTALLUX;5407TH;Non;6,5;;;;;;;
Profil Alu;;DORM. ITALIERAPORTE;ARCELOR (BERTON SICARD);INSTALLUX;5408TH;Non;6,5;;;;;;;
Profil Alu;;DORM. INTEGRATIOMRID;ARCELOR (BERTON SICARD);INSTALLUX;5409TH;Non;6,5;;;;;;;
Profil Alu;;INVERSEUR DE FEUILLURE;ARCELOR (BERTON SICARD);INSTALLUX;5410TH;Non;6,5;;;;;;;
Profil Alu;;MENEAU 72;ARCELOR (BERTON SICARD);INSTALLUX;5411TH;Non;6,5;;;;;;;
Profil Alu;;MENEAU 168;ARCELOR (BERTON SICARD);INSTALLUX;5415TH;Non;6,5;;;;;;;
Profil Alu;;MENEAU RENFORCE 72;ARCELOR (BERTON SICARD);INSTALLUX;5416TH;Non;6,5;;;;;;;
Profil Alu;;MENEAU RENFORCE 99;ARCELOR (BERTON SICARD);INSTALLUX;5417TH;Non;6,5;;;;;;;
Profil Alu;;DORMANT 64;ARCELOR (BERTON SICARD);INSTALLUX;5418TH;Non;6,5;;;;;;;
Profil Alu;;DORMANT 64 A RECOUV.;ARCELOR (BERTON SICARD);INSTALLUX;5419TH;Non;6,5;;;;;;;
Profil Alu;;OUVRANT FRANCAISE 65;ARCELOR (BERTON SICARD);INSTALLUX;5421TH;Non;6,5;;;;;;;
Profil Alu;;OUVRANT FRANCAISE 79;ARCELOR (BERTON SICARD);INSTALLUX;5422TH;Non;6,5;;;;;;;
Profil Alu;;OUVRANT FRANCAISE 94;ARCELOR (BERTON SICARD);INSTALLUX;5423TH;Non;6,5;;;;;;;
Profil Alu;;OUVRANT FRANCAISE 65,5;ARCELOR (BERTON SICARD);INSTALLUX;5424TH;Non;6,5;;;;;;;
profil alu;;PROF.DORM. HT 63,8;ARCELOR (BERTON SICARD);INSTALLUX;5427TH;Non;6,5;;;;;;;
Profil Alu;;INTERM. BASCULANT;ARCELOR (BERTON SICARD);INSTALLUX;5428;Non;6,5;;;;;;;
Profil Alu;;OUVRANT ITALIEN. BASCUL;ARCELOR (BERTON SICARD);INSTALLUX;5429TH;Non;6,5;;;;;;;
Profil Alu;;MENEAU SIMPLE 129MM;ARCELOR (BERTON SICARD);INSTALLUX;5432TH;Non;6,5;;;;;;;
Profil Alu;;DORM. A RECOUVREMENT;ARCELOR (BERTON SICARD);INSTALLUX;5433TH;Non;6,5;;;;;;;
Profil Alu;;OUVRANT PROJECTION;ARCELOR (BERTON SICARD);INSTALLUX;5434TH;Non;6,5;;;;;;;
Profil Alu;;MENEAU RENFORCE LG 120MM;ARCELOR (BERTON SICARD);INSTALLUX;5435TH;Non;6,5;;;;;;;
Profil Alu;;DORMANT 100 MM CAGE EXT;ARCELOR (BERTON SICARD);INSTALLUX;5436TH;Non;6,5;;;;;;;
Profil Alu;;MONTANT ANGLE VARIABLE;ARCELOR (BERTON SICARD);INSTALLUX;5450TH;Non;6,5;;;;;;;
Profil Alu;;LIAISON 101,5/101,5RPT;ARCELOR (BERTON SICARD);INSTALLUX;5453TH;Non;6,5;;;;;;;
Profil Alu;;MONTANT ANGLE 135°;ARCELOR (BERTON SICARD);INSTALLUX;5456TH;Non;6,5;;;;;;;
profil alu;;(*)DORM.SS RECOU.SS CAGE;ARCELOR (BERTON SICARD);INSTALLUX;5465TH;Non;6,5;;;;;;;
Profil Alu;;MENEAU RENFORT INTEGRE;ARCELOR (BERTON SICARD);INSTALLUX;5499TH;Non;6,5;;;;;;;
Profil Alu;;DORMANT A RECOUVREMENT;ARCELOR (BERTON SICARD);INSTALLUX;5502TH;Non;6,5;;;;;;;
Profil Alu;;DORMANT MIXTE FP/CAG.TOL;ARCELOR (BERTON SICARD);INSTALLUX;5505TH;Non;6,5;;;;;;;
Profil Alu;PARCLOSE;PARCLOSE ARRONDIE 3,5;ARCELOR (BERTON SICARD);INSTALLUX;5510;Non;6,5;;;;;;;
Profil Alu;PARCLOSE;PARCLOSE ARRONDIE 8.5;ARCELOR (BERTON SICARD);INSTALLUX;5511;Non;6,5;;;;;;;
Profil Alu;PARCLOSE;PARCLOSE ARRONDIE 23.5;ARCELOR (BERTON SICARD);INSTALLUX;5514;Non;6,5;;;;;;;
Profil Alu;PARCLOSE;PARCLOSE ARRONDIE 28,5;ARCELOR (BERTON SICARD);INSTALLUX;5515;Non;6,5;;;;;;;
Profil Alu;PARCLOSE;PARCLOSE MOULUREE 8.5;ARCELOR (BERTON SICARD);INSTALLUX;5517;Non;6,5;;;;;;;
Profil Alu;PARCLOSE;PARCLOSE MOULUREE 13.5;ARCELOR (BERTON SICARD);INSTALLUX;5518;Non;6,5;;;;;;;
Profil Alu;;*OUVRANT PORTE-FEUILLE;ARCELOR (BERTON SICARD);INSTALLUX;5618TH;Non;6,5;;;;;;;
Profil Alu;;*PROFIL DE JOINTEMENT;ARCELOR (BERTON SICARD);INSTALLUX;5622TH;Non;6,5;;;;;;;
Profil Alu;;*PAUMELLE REGL 2 BRANC;ARCELOR (BERTON SICARD);INSTALLUX;5730;Non;1;;;;;;;
Profil Alu;;*PAUMELLE REGL 2 BRANC;ARCELOR (BERTON SICARD);INSTALLUX;5734;Non;1;;;;;;;
Profil Alu;;ROSACE DE SECURITE;ARCELOR (BERTON SICARD);INSTALLUX;5765;Non;1;;;;;;;
Profil Alu;;KIT CALES/PAUMELLES 5755;ARCELOR (BERTON SICARD);INSTALLUX;5770;Non;1;;;;;;;
Profil Alu;;MAN.INT.5891 SS BEQUILLE;ARCELOR (BERTON SICARD);INSTALLUX;5810;Non;1;;;;;;;
Profil Alu;;POIGNEE A OLIVE GAUCHE;ARCELOR (BERTON SICARD);INSTALLUX;5828;Non;1;;;;;;;
Profil Alu;;VERROU BAIONNETTE;ARCELOR (BERTON SICARD);INSTALLUX;5831;Non;1;;;;;;;
Profil Alu;;BEQUILLE PLATE “BOREALE”;ARCELOR (BERTON SICARD);INSTALLUX;5842;Non;1;;;;;;;
Profil Alu;;LOQUETEAU A CLAMER/SOUF.;ARCELOR (BERTON SICARD);INSTALLUX;5849;Non;1;;;;;;;
Profil Alu;;BEQUILLE ESTIVALE DRT;ARCELOR (BERTON SICARD);INSTALLUX;5853;Non;1;;;;;;;
Profil Alu;;BEQUILLE ESTIVALE GCH;ARCELOR (BERTON SICARD);INSTALLUX;5854;Non;1;;;;;;;
Profil Alu;;BEQUILLE ESTIVALE DBL;ARCELOR (BERTON SICARD);INSTALLUX;5855;Non;1;;;;;;;
Profil Alu;;*(PAUMELLE DEUX BRANCHES;ARCELOR (BERTON SICARD);INSTALLUX;5866;Non;2;;;;;;;
Profil Alu;;PAUMELLE 2 BRANCHES;ARCELOR (BERTON SICARD);INSTALLUX;5866N;Non;2;;;;;;;
Profil Alu;;PAUMELLE CL.FAIBLE TRAF.;ARCELOR (BERTON SICARD);INSTALLUX;5867;Non;2;;;;;;;
Profil Alu;;PAUMELLE 3 BRANCHES;ARCELOR (BERTON SICARD);INSTALLUX;5868N;Non;2;;;;;;;
Profil Alu;;BEQUILLE FENETRE OPERA;ARCELOR (BERTON SICARD);INSTALLUX;5871;Non;1;;;;;;;
Profil Alu;;FERM.1.2VANTAUX A CARR;ARCELOR (BERTON SICARD);INSTALLUX;5877N;Non;1;;;;;;;
Profil Alu;;(*PAUMELLE OB 2 VANTAUX;ARCELOR (BERTON SICARD);INSTALLUX;5879N;Non;1;;;;;;;
Profil Alu;;(*FERRURE OB REVERSIBLE;ARCELOR (BERTON SICARD);INSTALLUX;5880P;Non;1;;;;;;;
Profil Alu;;(*FER. OB LOGIQUE A CLE;ARCELOR (BERTON SICARD);INSTALLUX;5888P;Non;1;;;;;;;
Profil Alu;;(*FERRURE OB RV.BOIT.ENC;ARCELOR (BERTON SICARD);INSTALLUX;5897N;Non;1;;;;;;;
Profil Alu;;2 DEPARTS 50X55;ARCELOR (BERTON SICARD);INSTALLUX;5900;Non;6;;;;;;;
Profil Alu;;2 DEPARTS 50X28;ARCELOR (BERTON SICARD);INSTALLUX;5901;Non;6;;;;;;;
Profil Alu;;SEUIL TRADI;ARCELOR (BERTON SICARD);INSTALLUX;5903;Non;6,5;;;;;;;
Profil Alu;;MENEAU RENFORCE 55;ARCELOR (BERTON SICARD);INSTALLUX;5905;Non;6;;;;;;;
Profil Alu;;MENEAU RENFORCE 28;ARCELOR (BERTON SICARD);INSTALLUX;5906;Non;6;;;;;;;
Profil Alu;;FEUILLURE RAPPORTEE;ARCELOR (BERTON SICARD);INSTALLUX;5910;Non;6;;;;;;;
Profil Alu;;(*)DORMANT 50 A CAGE;ARCELOR (BERTON SICARD);INSTALLUX;5911;Non;6;;;;;;;
Profil Alu;;(*)DORM.AVEC RECOUVREMEN;ARCELOR (BERTON SICARD);INSTALLUX;5912;Non;6;;;;;;;
Profil Alu;;(*)DORMANT 50 SANS CAGE;ARCELOR (BERTON SICARD);INSTALLUX;5913;Non;6;;;;;;;
Profil Alu;;INVERSEUR DE FEUILLURE;ARCELOR (BERTON SICARD);INSTALLUX;5920;Non;6;;;;;;;
Profil Alu;;DORMANT HT 64 A CAGE;ARCELOR (BERTON SICARD);INSTALLUX;5921;Non;6;;;;;;;
profil alu;;DORMANT 64 SANS CAGE;ARCELOR (BERTON SICARD);INSTALLUX;5923;Non;6;;;;;;;
Profil Alu;;DORMANT 128MM;ARCELOR (BERTON SICARD);INSTALLUX;5924;Non;6,5;;;;;;;
profil alu;;MENEAU 99;ARCELOR (BERTON SICARD);INSTALLUX;5930;Non;6;;;;;;;
Profil Alu;;MENEAU SIMPLE 72;ARCELOR (BERTON SICARD);INSTALLUX;5931;Non;6;;;;;;;
Profil Alu;;MENEAU RENFORCE 99;ARCELOR (BERTON SICARD);INSTALLUX;5935;Non;6;;;;;;;
Profil Alu;;MENEAU RENFORCE 72;ARCELOR (BERTON SICARD);INSTALLUX;5936;Non;6;;;;;;;
Profil Alu;;MENEAU 168;ARCELOR (BERTON SICARD);INSTALLUX;5939;Non;6;;;;;;;
Profil Alu;;MENEAU 168X50-1M;ARCELOR (BERTON SICARD);INSTALLUX;5939/1;Non;1;;;;;;;
Profil Alu;;OUVRANT FRANC. 65.5;ARCELOR (BERTON SICARD);INSTALLUX;5941;Non;6;;;;;;;
Profil Alu;;OUVRANT FRANC. 79;ARCELOR (BERTON SICARD);INSTALLUX;5942;Non;6;;;;;;;
Profil Alu;;OUVRANT FRANCAISE 94;ARCELOR (BERTON SICARD);INSTALLUX;5943;Non;6;;;;;;;
Profil Alu;;BATTUE RAPORT. VA/VIENT;ARCELOR (BERTON SICARD);INSTALLUX;5971;Non;6;;;;;;;
Profil Alu;;BATTUE RAPPORTEE;ARCELOR (BERTON SICARD);INSTALLUX;5972;Non;6;;;;;;;
Profil Alu;;CLOSOIR FEUILLURE;ARCELOR (BERTON SICARD);INSTALLUX;5978;Non;6;;;;;;;
profil alu;;CLOSOIR 50;ARCELOR (BERTON SICARD);INSTALLUX;5979;Non;6;;;;;;;
Profil Alu;;DORMANT 50 CAGE CLIP/TOL;ARCELOR (BERTON SICARD);INSTALLUX;5980;Non;6,5;;;;;;;
Profil Alu;;DORMANT A RECOUVREMENT;ARCELOR (BERTON SICARD);INSTALLUX;5981;Non;6,5;;;;;;;
Profil Alu;;DORMANT 50 SANS CAGE;ARCELOR (BERTON SICARD);INSTALLUX;5982;Non;6,5;;;;;;;
Profil Alu;;PROFIL CACHE CAGE A TOLE;ARCELOR (BERTON SICARD);INSTALLUX;6596;Non;6,5;;;;;;;
Profil Alu;;LIAISON COUVRE JOINT;ARCELOR (BERTON SICARD);INSTALLUX;6598/4;Non;4,6;;;;;;;
Profil Alu;;REJET OU RECUP. D’EAU;ARCELOR (BERTON SICARD);INSTALLUX;6621;Non;6,5;;;;;;;
Profil Alu;;JET D’EAU;ARCELOR (BERTON SICARD);INSTALLUX;6622;Non;6,5;;;;;;;
Profil Alu;;REJET D’EAU A CLIPER;ARCELOR (BERTON SICARD);INSTALLUX;6623;Non;6,5;;;;;;;
Profil Alu;;RECUPERATEUR EAU CLIPE;ARCELOR (BERTON SICARD);INSTALLUX;6624;Non;6,5;;;;;;;
Profil Alu;;BANDEAU VENTOUSE ELCTRMG;ARCELOR (BERTON SICARD);INSTALLUX;6625/4;Non;4,6;;;;;;;
Profil Alu;;RENFORT BANDEAU /6625;ARCELOR (BERTON SICARD);INSTALLUX;6626/4;Non;4,6;;;;;;;
Profil Alu;;MOULURE RUSTIQUE;ARCELOR (BERTON SICARD);INSTALLUX;6631;Non;6,5;;;;;;;
Profil Alu;;RECUPERATEUR EAU;ARCELOR (BERTON SICARD);INSTALLUX;6635;Non;6,5;;;;;;;
Profil Alu;;COUVRE JOINT RECUP.;ARCELOR (BERTON SICARD);INSTALLUX;6636;Non;6,5;;;;;;;
Profil Alu;Bavette;BAVETTE 40;ARCELOR (BERTON SICARD);INSTALLUX;6640;Non;6,5;;;;;;;
Profil Alu;Bavette;BAVETTE 60;ARCELOR (BERTON SICARD);INSTALLUX;6641;Non;6,5;;;;;;;
Profil Alu;Bavette;BAVETTE 80;ARCELOR (BERTON SICARD);INSTALLUX;6642;Non;6,5;;;;;;;
Profil Alu;Bavette;BAVETTE 100;ARCELOR (BERTON SICARD);INSTALLUX;6643;Non;6,5;;;;;;;
Profil Alu;Bavette;BAVETTE 120;ARCELOR (BERTON SICARD);INSTALLUX;6644;Non;6,5;;;;;;;
Profil Alu;Bavette;BAVETTE 150;ARCELOR (BERTON SICARD);INSTALLUX;6645;Non;6,5;;;;;;;
Profil Alu;EMBOUT;EMBOUT DE BAVETTE LG:1M;ARCELOR (BERTON SICARD);INSTALLUX;6647/1;Non;1;;;;;;;
Profil Alu;Bavette;BAVETTE TUBUL.100MM RJD;ARCELOR (BERTON SICARD);INSTALLUX;6648;Non;6,5;;;;;;;
Profil Alu;Bavette;BAVETTE TUBUL. 100MM RJA;ARCELOR (BERTON SICARD);INSTALLUX;6649;Non;6,5;;;;;;;
Profil Alu;;COUVRE PIECE APPUI EXT.;ARCELOR (BERTON SICARD);INSTALLUX;6650;Non;6,5;;;;;;;
Profil Alu;;OUVRANT MOUSTIQUAIRE.;ARCELOR (BERTON SICARD);INSTALLUX;6801;Non;6,5;;;;;;;
Profil Alu;;DORMANT MOUSTI CAGES;ARCELOR (BERTON SICARD);INSTALLUX;6804;Non;6,5;;;;;;;
Profil Alu;Capot;CAPOT OGIVE 150;ARCELOR (BERTON SICARD);INSTALLUX;6959;Non;6,5;;;;;;;
Profil Alu;;DORM.PERI.RENOV.MENUISER;ARCELOR (BERTON SICARD);INSTALLUX;6973;Non;6,5;;;;;;;
Profil Alu;Capot;INTERCALAIRE CAPOT OGIVE;ARCELOR (BERTON SICARD);INSTALLUX;6975;Non;6,5;;;;;;;
Profil Alu;;PROFIL TUBULAIRE;ARCELOR (BERTON SICARD);INSTALLUX;6976;Non;6,5;;;;;;;
Profil Alu;EMBOUT;EMBOUT /6960;ARCELOR (BERTON SICARD);INSTALLUX;6982;Non;1;;;;;;;
Profil Alu;EMBOUT;EMBOUT /6959;ARCELOR (BERTON SICARD);INSTALLUX;6984;Non;1;;;;;;;
Profil Alu;EMBOUT;EMBOUT SUR 8205;ARCELOR (BERTON SICARD);INSTALLUX;6986;Non;1;;;;;;;
Profil Alu;;CACHE RAINURE;ARCELOR (BERTON SICARD);INSTALLUX;7014;Non;6,5;;;;;;;
Profil Alu;;POTEAU 150° 75;ARCELOR (BERTON SICARD);INSTALLUX;7016/4TH;Non;4,8;;;;;;;
Profil Alu;;POTEAU 150° 75;ARCELOR (BERTON SICARD);INSTALLUX;7016TH;Non;6,5;;;;;;;
Profil Alu;;POTEAU 150° 120;ARCELOR (BERTON SICARD);INSTALLUX;7017/4TH;Non;4,8;;;;;;;
Profil Alu;;POTEAU 150° 120;ARCELOR (BERTON SICARD);INSTALLUX;7017TH;Non;6,5;;;;;;;
Profil Alu;;REPRISE ARTICULATION;ARCELOR (BERTON SICARD);INSTALLUX;7028;Non;6,5;;;;;;;
Profil Alu;Capot;CAPOT DE RIVE 94 MM;ARCELOR (BERTON SICARD);INSTALLUX;7038;Non;6,5;;;;;;;
Profil Alu;;CACHE ARTICULATION;ARCELOR (BERTON SICARD);INSTALLUX;7039;Non;6,5;;;;;;;
Profil Alu;;OBTURATEUR 16;ARCELOR (BERTON SICARD);INSTALLUX;7042;Non;6,5;;;;;;;
Profil Alu;;OBTURATEUR 25;ARCELOR (BERTON SICARD);INSTALLUX;7044;Non;6,5;;;;;;;
Profil Alu;;LIAISO65X31;ARCELOR (BERTON SICARD);INSTALLUX;7054TH;Non;6,5;;;;;;;
Profil Alu;;JONCTION IMPOSTE 110X31;ARCELOR (BERTON SICARD);INSTALLUX;7056TH;Non;6,5;;;;;;;
Profil Alu;;OBTURATEUR 55MM;ARCELOR (BERTON SICARD);INSTALLUX;7108;Non;6,5;;;;;;;
Profil Alu;Capot;CAPOT SUP.PLATINE /7749;ARCELOR (BERTON SICARD);INSTALLUX;7115;Non;1;;;;;;;
Profil Alu;Capot;CAPOT SUP.PLATINE /7750;ARCELOR (BERTON SICARD);INSTALLUX;7117;Non;1;;;;;;;
Profil Alu;;PROFIL LIAISON 135° 120;ARCELOR (BERTON SICARD);INSTALLUX;7127/4TH;Non;4,8;;;;;;;
Profil Alu;;PROFIL LIAISO135° 120;ARCELOR (BERTON SICARD);INSTALLUX;7127TH;Non;6,5;;;;;;;
Profil Alu;Cheneau;SABLIERE VR INTEGRE;ARCELOR (BERTON SICARD);INSTALLUX;7130/3TH;Non;3,25;;;;;;;
Profil Alu;Capot;ACCROCHE BAS DE CAPOT;ARCELOR (BERTON SICARD);INSTALLUX;7133;Non;6,5;;;;;;;
Profil Alu;;COULISSE VOLET ROULANT;ARCELOR (BERTON SICARD);INSTALLUX;7134;Non;6,5;;;;;;;
Profil Alu;;DORM. CHASSIS TOITURE;ARCELOR (BERTON SICARD);INSTALLUX;7150TH;Non;6,5;;;;;;;
Profil Alu;;OUVR. CACHE CHASSIS TOIT;ARCELOR (BERTON SICARD);INSTALLUX;7151;Non;6,5;;;;;;;
Profil Alu;;POTEAU ANGLE 90° 65X75;ARCELOR (BERTON SICARD);INSTALLUX;7152/4TH;Non;4,8;;;;;;;
Profil Alu;;POTEAU ANGLE 90° 65X75;ARCELOR (BERTON SICARD);INSTALLUX;7152TH;Non;6,5;;;;;;;
Profil Alu;;LAME FINALE VOLET ROULAN;ARCELOR (BERTON SICARD);INSTALLUX;7153;Non;6,5;;;;;;;
Profil Alu;;TRAVERSE INTERMEDIAIRE;ARCELOR (BERTON SICARD);INSTALLUX;7208;Non;6,5;;;;;;;
Profil Alu;Capot;CAPOT 84;ARCELOR (BERTON SICARD);INSTALLUX;7210;Non;6,5;;;;;;;
Profil Alu;Capot;CAPOT 94;ARCELOR (BERTON SICARD);INSTALLUX;7211;Non;6,5;;;;;;;
Profil Alu;Capot;CAPOT 94;ARCELOR (BERTON SICARD);INSTALLUX;7211/4;Non;4,7;;;;;;;
Profil Alu;Capot;CAPOT DE RIVE 84;ARCELOR (BERTON SICARD);INSTALLUX;7212;Non;6,5;;;;;;;
Profil Alu;Capot;*CAPOT DECALE P.THERMOT.;ARCELOR (BERTON SICARD);INSTALLUX;7214;Non;6,5;;;;;;;
Profil Alu;PARCLOSE;PARCLOSE REMPL.09/13;ARCELOR (BERTON SICARD);INSTALLUX;7215;Non;6,5;;;;;;;
Profil Alu;PARCLOSE;PARCLOSE REMPL.16/20;ARCELOR (BERTON SICARD);INSTALLUX;7216;Non;6,5;;;;;;;
Profil Alu;PARCLOSE;PARCLOSE REMPL.23/27;ARCELOR (BERTON SICARD);INSTALLUX;7217;Non;6,5;;;;;;;
Profil Alu;PARCLOSE;PARCLOSE REMPL.51/55;ARCELOR (BERTON SICARD);INSTALLUX;7219;Non;6,5;;;;;;;
Profil Alu;EMBOUT;EMBOUT RIVE/7306TH D+G;ARCELOR (BERTON SICARD);INSTALLUX;7257;Non;1;;;;;;;
Profil Alu;EMBOUT;EMBOUT /NOUE 7225;ARCELOR (BERTON SICARD);INSTALLUX;7258;Non;1;;;;;;;
Profil Alu;EMBOUT;EMBOUT /ARETIER 7235TH;ARCELOR (BERTON SICARD);INSTALLUX;7259;Non;1;;;;;;;
Profil Alu;EMBOUT;EMBOUT RIVE /TUB.7207;ARCELOR (BERTON SICARD);INSTALLUX;7267;Non;1;;;;;;;
Profil Alu;;EPINE RPTH 100 MM;ARCELOR (BERTON SICARD);INSTALLUX;7300/4TH;Non;4,7;;;;;;;
Profil Alu;;EPINE RPTH 100 MM;ARCELOR (BERTON SICARD);INSTALLUX;7300TH;Non;6,5;;;;;;;
Profil Alu;;EPINE RPTH 120;ARCELOR (BERTON SICARD);INSTALLUX;7301/4TH;Non;4,7;;;;;;;
Profil Alu;;EPINE RPTH 120;ARCELOR (BERTON SICARD);INSTALLUX;7301TH;Non;6,5;;;;;;;
Profil Alu;;EPINE TUBUL.;ARCELOR (BERTON SICARD);INSTALLUX;7302;Non;6,5;;;;;;;
profil alu;;CHEVRORIVE 100;ARCELOR (BERTON SICARD);INSTALLUX;7307;Non;6,5;;;;;;;
Profil Alu;;SEUIL RALLONGE;ARCELOR (BERTON SICARD);INSTALLUX;7323TH;Non;6,5;;;;;;;
Profil Alu;;EPINE TUBULAIRE REM=55MM;ARCELOR (BERTON SICARD);INSTALLUX;7324/4TH;Non;4,7;;;;;;;
Profil Alu;;EPINE TUBULAIRE REM=55MM;ARCELOR (BERTON SICARD);INSTALLUX;7324TH;Non;6,5;;;;;;;
Profil Alu;;PROFIL DE RIVE REM=55MM;ARCELOR (BERTON SICARD);INSTALLUX;7325TH;Non;6,5;;;;;;;
Profil Alu;;ARETIER TUBUL.RPTH 150;ARCELOR (BERTON SICARD);INSTALLUX;7330TH;Non;6,5;;;;;;;
Profil Alu;;REHAUSSEUR FEUILLURE;ARCELOR (BERTON SICARD);INSTALLUX;413020;Non;6,5;;;;;;;
Profil Alu;;REHAUSSEUR FEUILLURE;ARCELOR (BERTON SICARD);INSTALLUX;413020;Non;6,5;;;;;;;
Profil Alu;;REHAUSSEUR FEUILLURE;ARCELOR (BERTON SICARD);INSTALLUX;413020;Non;6,5;;;;;;;
Profil Alu;Cheneau;SABLIERE CHENEAU 138MM;ARCELOR (BERTON SICARD);INSTALLUX;7607/4TH;Non;4,5;;;;;;;
Profil Alu;Cheneau;SABLIERE CHENEAU 138MM;ARCELOR (BERTON SICARD);INSTALLUX;7607TH;Non;6,5;;;;;;;
Profil Alu;Cheneau;(*)PROF BARDAGE CHENEAU;ARCELOR (BERTON SICARD);INSTALLUX;7618;Non;6,5;;;;;;;
Profil Alu;;PROFILE FIXATIOBARDAGE;ARCELOR (BERTON SICARD);INSTALLUX;7619;Non;6,5;;;;;;;
Profil Alu;;CHEVROMOULURE 230 MM;ARCELOR (BERTON SICARD);INSTALLUX;7622;Non;6,5;;;;;;;
Profil Alu;;CHEVRO106MM;ARCELOR (BERTON SICARD);INSTALLUX;7624/4;Non;4,7;;;;;;;
Profil Alu;Capot;CAPOT CLIPPE 31;ARCELOR (BERTON SICARD);INSTALLUX;7625;Non;6,5;;;;;;;
Profil Alu;Capot;CAPOT VISSE 31;ARCELOR (BERTON SICARD);INSTALLUX;7626/4;Non;4,7;;;;;;;
Profil Alu;Bavette;(*)BAVETTE ETANCHEITE;ARCELOR (BERTON SICARD);INSTALLUX;7627;Non;6,5;;;;;;;
Profil Alu;Cheneau;CHENEAU 230;ARCELOR (BERTON SICARD);INSTALLUX;7628;Non;6,5;;;;;;;
Profil Alu;Cheneau;CHENEAU 230;ARCELOR (BERTON SICARD);INSTALLUX;7628/4;Non;4;;;;;;;
profil alu;;(*)COFFRE VOLET ROUL 257;ARCELOR (BERTON SICARD);INSTALLUX;7629;Non;6,5;;;;;;;
Profil Alu;;DEMI ARETIER ARTICULE;ARCELOR (BERTON SICARD);INSTALLUX;7633;Non;6,5;;;;;;;
Profil Alu;;CHEVRODE RIVE;ARCELOR (BERTON SICARD);INSTALLUX;7635TH;Non;6,5;;;;;;;
Profil Alu;;CHEVRORIVE 105 MM;ARCELOR (BERTON SICARD);INSTALLUX;7637TH;Non;6,5;;;;;;;
Profil Alu;;SUPPORT BORDE VR;ARCELOR (BERTON SICARD);INSTALLUX;7644;Non;6,5;;;;;;;
Profil Alu;;OBTURATEUR;ARCELOR (BERTON SICARD);INSTALLUX;7646/4;Non;4,7;;;;;;;
Profil Alu;Chevron;CHEVRON 156MM;ARCELOR (BERTON SICARD);INSTALLUX;7649;Non;6,5;;;;;;;
Profil Alu;Chevron;CHEVRON 106MM SEMI RENF;ARCELOR (BERTON SICARD);INSTALLUX;7653;Non;6,5;;;;;;;
Profil Alu;Chevron;CHEVRON 106MM SEMI RENF;ARCELOR (BERTON SICARD);INSTALLUX;7653/4;Non;4;;;;;;;
Profil Alu;;TRAVERSE INTERM TUB;ARCELOR (BERTON SICARD);INSTALLUX;7655/4;Non;4,7;;;;;;;
Profil Alu;;SUPPORT BORDE;ARCELOR (BERTON SICARD);INSTALLUX;7657;Non;6,5;;;;;;;
Profil Alu;;ARTICULA BORDEE DRAINEE;ARCELOR (BERTON SICARD);INSTALLUX;7658THP;Non;6,5;;;;;;;
Profil Alu;;CACHE ARTICULATION;ARCELOR (BERTON SICARD);INSTALLUX;7659;Non;6,5;;;;;;;
Profil Alu;Chevron;CHEVRON 106MM RENFORCE;ARCELOR (BERTON SICARD);INSTALLUX;7661;Non;6,5;;;;;;;
Profil Alu;Chevron;CHEVRON 106MM RENFORCE;ARCELOR (BERTON SICARD);INSTALLUX;7661/4;Non;4,7;;;;;;;
Profil Alu;;ARETIER MOULURE 160MM;ARCELOR (BERTON SICARD);INSTALLUX;7662;Non;6,5;;;;;;;
Profil Alu;;ARETIER MOULURE 160MM;ARCELOR (BERTON SICARD);INSTALLUX;7662/4;Non;4,7;;;;;;;
Profil Alu;;ARET MOUL 180 SS CAGE;ARCELOR (BERTON SICARD);INSTALLUX;7663;Non;6,5;;;;;;;
Profil Alu;Capot;CAPOT TRAVERSE INTERM;ARCELOR (BERTON SICARD);INSTALLUX;7664/4;Non;4,7;;;;;;;
Profil Alu;;PROFIL NOUE;ARCELOR (BERTON SICARD);INSTALLUX;7665;Non;6,5;;;;;;;
Profil Alu;;PROFIL NOUE;ARCELOR (BERTON SICARD);INSTALLUX;7665/4;Non;4,7;;;;;;;
Profil Alu;;(*)PROFIL DE LIAISON;ARCELOR (BERTON SICARD);INSTALLUX;7668TH;Non;6,5;;;;;;;
Profil Alu;;ADAPTATEUR POUTRE BOIS;ARCELOR (BERTON SICARD);INSTALLUX;7673;Non;6,5;;;;;;;
Profil Alu;;ARTICULATION NOUE;ARCELOR (BERTON SICARD);INSTALLUX;7674;Non;6,5;;;;;;;
Profil Alu;;PROFIL DE FINITION;ARCELOR (BERTON SICARD);INSTALLUX;7679;Non;6,5;;;;;;;
Profil Alu;;(*)POTEAU 180°;ARCELOR (BERTON SICARD);INSTALLUX;7680TH;Non;6,5;;;;;;;
Profil Alu;;(*)POTEAU 90° RENTRANT;ARCELOR (BERTON SICARD);INSTALLUX;7681TH;Non;6,5;;;;;;;
Profil Alu;;(*)POTEAU 90° SORTANT;ARCELOR (BERTON SICARD);INSTALLUX;7682TH;Non;6,5;;;;;;;
Profil Alu;;(*)POTEAU 150°;ARCELOR (BERTON SICARD);INSTALLUX;7683TH;Non;6,5;;;;;;;
Profil Alu;;(*)POTEAU 135°;ARCELOR (BERTON SICARD);INSTALLUX;7684TH;Non;6,5;;;;;;;
Profil Alu;;ARTICULATIOCHEVRO156;ARCELOR (BERTON SICARD);INSTALLUX;7690;Non;6,5;;;;;;;
Profil Alu;;CHEVRORIVE 70;ARCELOR (BERTON SICARD);INSTALLUX;7691TH;Non;6,5;;;;;;;
profil alu;;*KIT EMB.CHEVR /7604;ARCELOR (BERTON SICARD);INSTALLUX;7746;Non;1;;;;;;;
Profil Alu;;PLATINE 180° 7 DEPARTS;ARCELOR (BERTON SICARD);INSTALLUX;7749;Non;1;;;;;;;
Profil Alu;;PLATINE 90° 4 DEPARTS;ARCELOR (BERTON SICARD);INSTALLUX;7750;Non;1;;;;;;;
Profil Alu;EMBOUT;EMBOUT TRAVERSE INTERM.;ARCELOR (BERTON SICARD);INSTALLUX;7757;Non;10;;;;;;;
Profil Alu;EMBOUT;EMBOUT CAPOT;ARCELOR (BERTON SICARD);INSTALLUX;7758;Non;10;;;;;;;
Profil Alu;EMBOUT;EMBOUT SUP FIXATIOARET;ARCELOR (BERTON SICARD);INSTALLUX;7759;Non;1;;;;;;;
Profil Alu;TUBE;TUBE DIAM 16X1,5 /7751;ARCELOR (BERTON SICARD);INSTALLUX;7766;Non;6;;;;;;;
Profil Alu;EMBOUT;EMBOUT CHEVRON;ARCELOR (BERTON SICARD);INSTALLUX;7770;Non;10;;;;;;;
profil alu;EMBOUT;EMBOUT ARETIER;ARCELOR (BERTON SICARD);INSTALLUX;7771;Non;1;;;;;;;
Profil Alu;EMBOUT;EMBOUT 7607TH+7603;ARCELOR (BERTON SICARD);INSTALLUX;7773;Non;2;;;;;;;
Profil Alu;EMBOUT;EMBOUT 7607TH+7604;ARCELOR (BERTON SICARD);INSTALLUX;7774;Non;2;;;;;;;
Profil Alu;EMBOUT;EMBOUT 7607TH;ARCELOR (BERTON SICARD);INSTALLUX;7776;Non;2;;;;;;;
Profil Alu;Capot;CAPOT MOULURE VR;ARCELOR (BERTON SICARD);INSTALLUX;7785;Non;6,5;;;;;;;
Profil Alu;Capot;CAPOT MOULURE VR LG 4M;ARCELOR (BERTON SICARD);INSTALLUX;7785/4;Non;4;;;;;;;
Profil Alu;EMBOUT;EMBOUT 7760TH+7604;ARCELOR (BERTON SICARD);INSTALLUX;7787;Non;1;;;;;;;
Profil Alu;EMBOUT;EMBOUT 7760TH;ARCELOR (BERTON SICARD);INSTALLUX;7789;Non;1;;;;;;;
Profil Alu;EMBOUT;EMBOUT CHEN VR+7603;ARCELOR (BERTON SICARD);INSTALLUX;7790;Non;1;;;;;;;
Profil Alu;EMBOUT;EMBOUT CHEN VR+7604;ARCELOR (BERTON SICARD);INSTALLUX;7791;Non;1;;;;;;;
Profil Alu;EMBOUT;EMBOUT CHEN VR+7605;ARCELOR (BERTON SICARD);INSTALLUX;7792;Non;1;;;;;;;
Profil Alu;Chevron;CHEVRON MOULUREE 66MM;ARCELOR (BERTON SICARD);INSTALLUX;7795;Non;6,5;;;;;;;
Profil Alu;;REHAUSSEUR FEUILLURE;ARCELOR (BERTON SICARD);INSTALLUX;413020;Non;6,5;;;;;;;
Profil Alu;;REHAUSSEUR FEUILLURE;ARCELOR (BERTON SICARD);INSTALLUX;413020;Non;6,5;;;;;;;
Profil Alu;EMBOUT;EMBOUT CHENEAU VR 210;ARCELOR (BERTON SICARD);INSTALLUX;7801;Non;2;;;;;;;
Profil Alu;Corniéres;CORNIERE CACHE COUPE VR;ARCELOR (BERTON SICARD);INSTALLUX;7802;Non;1;;;;;;;
Profil Alu;Capot;CAPOT VISSE 39;ARCELOR (BERTON SICARD);INSTALLUX;7816/4;Non;4,7;;;;;;;
Profil Alu;Capot;CAPOT VISSE 39;ARCELOR (BERTON SICARD);INSTALLUX;7816/4M;Non;4;;;;;;;
Profil Alu;Capot;CAPOT CLIPPE 39;ARCELOR (BERTON SICARD);INSTALLUX;7817;Non;6,5;;;;;;;
Profil Alu;Capot;CAPOT CLIPPE 39 DECALE;ARCELOR (BERTON SICARD);INSTALLUX;7818;Non;6,5;;;;;;;
Profil Alu;Capot;CAPOT DECALE A VISSER;ARCELOR (BERTON SICARD);INSTALLUX;7820;Non;6,5;;;;;;;
(*)SUPPORT;Profil Alu;(*)SUPPORT 90° COUL VR;ARCELOR (BERTON SICARD);INSTALLUX;7824;Non;6,5;;;;;;;
ARETIER;Profil Alu;ARETIER MOULURE 126;ARCELOR (BERTON SICARD);INSTALLUX;7828;Non;6,5;;;;;;;
Profil Alu;Capot;CAPOT CLIPPE 36;ARCELOR (BERTON SICARD);INSTALLUX;7835;Non;6,5;;;;;;;
Profil Alu;Capot;CAPOT VISSE 36;ARCELOR (BERTON SICARD);INSTALLUX;7836/4;Non;4,7;;;;;;;
Profil Alu;Profil Alu;TRAVERSE 116MM;ARCELOR (BERTON SICARD);INSTALLUX;8101;Non;6,5;;;;;;;
Profil Alu;Profil Alu;TRAVERSE 157MM;ARCELOR (BERTON SICARD);INSTALLUX;8102;Non;6,5;;;;;;;
Profil Alu;Capot;CAPOT 16MM L=60MM;ARCELOR (BERTON SICARD);INSTALLUX;8103;Non;6,5;;;;;;;
Profil Alu;Capot;CAPOT DE 20MM L60MM;ARCELOR (BERTON SICARD);INSTALLUX;8105;Non;6,5;;;;;;;
profil alu;profil alu;MONTANT 60X158MM;ARCELOR (BERTON SICARD);INSTALLUX;8106;Non;6,5;;;;;;;
Profil Alu;Profil Alu;TRAVERSE 168MM;ARCELOR (BERTON SICARD);INSTALLUX;8108;Non;6,5;;;;;;;
Profil Alu;profil alu;MONTANT 60X170MM;ARCELOR (BERTON SICARD);INSTALLUX;8110;Non;6,5;;;;;;;
profil alu;profil alu;MONTANT 228X54;ARCELOR (BERTON SICARD);INSTALLUX;8177;Non;6,5;;;;;;;
Profil Alu;profil alu;MONTANT 53X54;ARCELOR (BERTON SICARD);INSTALLUX;8178;Non;6,5;;;;;;;
Profil Alu;profil alu;MONTANT 73X54;ARCELOR (BERTON SICARD);INSTALLUX;8179;Non;6,5;;;;;;;
Profil Alu;profil alu;MONTANT 100X54;ARCELOR (BERTON SICARD);INSTALLUX;8181;Non;6,5;;;;;;;
Profil Alu;profil alu;MONTANT 150X54;ARCELOR (BERTON SICARD);INSTALLUX;8183;Non;6,5;;;;;;;
Profil Alu;profil alu;MONTANT 185X54;ARCELOR (BERTON SICARD);INSTALLUX;8184;Non;6,5;;;;;;;
Profil Alu;Profil Alu;TRAVERSE 38,5X54;ARCELOR (BERTON SICARD);INSTALLUX;8186;Non;6,5;;;;;;;
Profil Alu;Profil Alu;TRAVERSE 53X54;ARCELOR (BERTON SICARD);INSTALLUX;8187;Non;6,5;;;;;;;
Profil Alu;Capot;CAPOT EXT.46 ARRONDI;ARCELOR (BERTON SICARD);INSTALLUX;8198;Non;6,5;;;;;;;
Profil Alu;PARCLOSE;*PARCLOSE 9;ARCELOR (BERTON SICARD);INSTALLUX;8200;Non;6,5;;;;;;;
Profil Alu;PARCLOSE;PARCLOSE 18;ARCELOR (BERTON SICARD);INSTALLUX;8201;Non;6,5;;;;;;;
Profil Alu;Capot;CAPOT OGIVE 89.5;ARCELOR (BERTON SICARD);INSTALLUX;8205;Non;6,5;;;;;;;
Profil Alu;Capot;CAPOT OGIVE 70;ARCELOR (BERTON SICARD);INSTALLUX;8213;Non;6,5;;;;;;;
Profil Alu;Profil Alu;ADAPT.OUVRANT ITALIENNE;ARCELOR (BERTON SICARD);INSTALLUX;8242;Non;6,5;;;;;;;
Profil Alu;Capot;CAPOT EN H;ARCELOR (BERTON SICARD);INSTALLUX;8289;Non;6,5;;;;;;;
Profil Alu;Capot;CAPOT 16;ARCELOR (BERTON SICARD);INSTALLUX;8291;Non;6,5;;;;;;;
Profil Alu;Capot;CAPOT 20;ARCELOR (BERTON SICARD);INSTALLUX;8292;Non;6,5;;;;;;;
Profil Alu;Capot;CAPOT SERREUR;ARCELOR (BERTON SICARD);INSTALLUX;8293;Non;6,5;;;;;;;
Profil Alu;Capot;CAPOT SERREUR;ARCELOR (BERTON SICARD);INSTALLUX;8294;Non;6,5;;;;;;;
Profil Alu;profil alu;MONTANT 31;ARCELOR (BERTON SICARD);INSTALLUX;8500;Non;6,5;;;;;;;
Profil Alu;profil alu;MONTANT 58;ARCELOR (BERTON SICARD);INSTALLUX;8501;Non;6,5;;;;;;;
Profil Alu;profil alu;MONTANT 78;ARCELOR (BERTON SICARD);INSTALLUX;8502;Non;6,5;;;;;;;
Profil Alu;profil alu;MONTANT 98;ARCELOR (BERTON SICARD);INSTALLUX;8503;Non;6,5;;;;;;;
Profil Alu;profil alu;MONTANT 118;ARCELOR (BERTON SICARD);INSTALLUX;8504;Non;6,5;;;;;;;
Profil Alu;profil alu;MONTANT 138;ARCELOR (BERTON SICARD);INSTALLUX;8505;Non;6,5;;;;;;;
Profil Alu;profil alu;MONTANT 158;ARCELOR (BERTON SICARD);INSTALLUX;8506;Non;6,5;;;;;;;
Profil Alu;profil alu;MONTANT 178;ARCELOR (BERTON SICARD);INSTALLUX;8507;Non;6,5;;;;;;;
MONTANT;profil alu;MONTANT 198;ARCELOR (BERTON SICARD);INSTALLUX;8508;Non;6,5;;;;;;;
Profil Alu;profil alu;MONTANT 218;ARCELOR (BERTON SICARD);INSTALLUX;8509;Non;6,5;;;;;;;
Profil Alu;profil alu;MONTANT 238;ARCELOR (BERTON SICARD);INSTALLUX;8510;Non;6,5;;;;;;;
Profil Alu;Profil Alu;TRAVERSE 31;ARCELOR (BERTON SICARD);INSTALLUX;8511;Non;6,5;;;;;;;
Profil Alu;Profil Alu;TRAVERSE 58;ARCELOR (BERTON SICARD);INSTALLUX;8512;Non;6,5;;;;;;;
;Profil Alu;TRAVERSE 78;ARCELOR (BERTON SICARD);INSTALLUX;8513;Non;6,5;;;;;;;
;Profil Alu;TRAVERSE 98;ARCELOR (BERTON SICARD);INSTALLUX;8514;Non;6,5;;;;;;;
;Profil Alu;TRAVERSE 118;ARCELOR (BERTON SICARD);INSTALLUX;8515;Non;6,5;;;;;;;
;Profil Alu;TRAVERSE 138;ARCELOR (BERTON SICARD);INSTALLUX;8516;Non;6,5;;;;;;;
;profil alu;"MONTANT H=31; L=70MM";ARCELOR (BERTON SICARD);INSTALLUX;8518;Non;6,5;;;;;;;
;profil alu;MONTANT DE 218MM;ARCELOR (BERTON SICARD);INSTALLUX;8519;Non;6,5;;;;;;;
;Profil Alu;POTEAU D’ANGLE;ARCELOR (BERTON SICARD);INSTALLUX;8520;Non;6,5;;;;;;;
;profil alu;PROFIL DE DILATATION A98;ARCELOR (BERTON SICARD);INSTALLUX;8521;Non;6,5;;;;;;;
;profil alu;PROFIL DE DILATATION B98;ARCELOR (BERTON SICARD);INSTALLUX;8522;Non;6,5;;;;;;;
;profil alu;PROFIL DE DILATATION 118;ARCELOR (BERTON SICARD);INSTALLUX;8523;Non;6,5;;;;;;;
;profil alu;PROFIL DE DILATATION 118;ARCELOR (BERTON SICARD);INSTALLUX;8524;Non;6,5;;;;;;;
;profil alu;PROFIL DE DILATATION 138;ARCELOR (BERTON SICARD);INSTALLUX;8525;Non;6,5;;;;;;;
Profil Alu;PARCLOSE;PARCLOSE 10;ARCELOR (BERTON SICARD);INSTALLUX;8535;Non;6,5;;;;;;;
Profil Alu;PARCLOSE;PARCLOSE 20;ARCELOR (BERTON SICARD);INSTALLUX;8536;Non;6,5;;;;;;;
Profil Alu;PARCLOSE;PARCLOSE 30;ARCELOR (BERTON SICARD);INSTALLUX;8537;Non;6,5;;;;;;;
;Profil Alu;SERREUR VERRIERE;ARCELOR (BERTON SICARD);INSTALLUX;8541;Non;6,5;;;;;;;
;profil alu;PROFIL ADAPTATION;ARCELOR (BERTON SICARD);INSTALLUX;8542;Non;6,5;;;;;;;
;Profil Alu;OUVRANT ITALIENNE DESIGN;ARCELOR (BERTON SICARD);INSTALLUX;8556;Non;6,5;;;;;;;
;Profil Alu;DORMANT ITALIENNE DESIGN;ARCELOR (BERTON SICARD);INSTALLUX;8557;Non;6,5;;;;;;;
Profil Alu;Capot;CAPOT DE 190;ARCELOR (BERTON SICARD);INSTALLUX;8566;Non;6,3;;;;;;;
;Profil Alu;REDUCTEUR MONTANT 30MM;ARCELOR (BERTON SICARD);INSTALLUX;8568;Non;6,5;;;;;;;
;profil alu;MONTANT DE 208;ARCELOR (BERTON SICARD);INSTALLUX;8569;Non;6,5;;;;;;;
;Profil Alu;TRAVERSE PERCUTANTE 206;ARCELOR (BERTON SICARD);INSTALLUX;8570;Non;6,5;;;;;;;
;Profil Alu;REDUCTEUR MONTANT 20MM;ARCELOR (BERTON SICARD);INSTALLUX;8573;Non;6,5;;;;;;;
;Profil Alu;REDUCTEUR MONTANT 10MM;ARCELOR (BERTON SICARD);INSTALLUX;8574;Non;6,5;;;;;;;
;profil alu;MONTANT MINCE DE 158;ARCELOR (BERTON SICARD);INSTALLUX;8575;Non;6,5;;;;;;;
;Profil Alu;VECALU GAUCHE;ARCELOR (BERTON SICARD);INSTALLUX;8667;Non;1;;;;;;;
;Profil Alu;VECALU DROITE;ARCELOR (BERTON SICARD);INSTALLUX;8668;Non;1;;;;;;;
;Profil Alu;OUVRANT POMPIER;ARCELOR (BERTON SICARD);INSTALLUX;8670;Non;6,5;;;;;;;
;Profil Alu;DORMANT POMPIER;ARCELOR (BERTON SICARD);INSTALLUX;8671;Non;6,5;;;;;;;
;Profil Alu;CADRE FIXE OUVRANT 24;ARCELOR (BERTON SICARD);INSTALLUX;8803;Non;6;;;;;;;
;Profil Alu;TRAVERSE;ARCELOR (BERTON SICARD);INSTALLUX;8810;Non;6;;;;;;;
;Profil Alu;TRAVERSE RENFORCEE;ARCELOR (BERTON SICARD);INSTALLUX;8811;Non;6;;;;;;;
;profil alu;MONTANT 116X72.5;ARCELOR (BERTON SICARD);INSTALLUX;8813;Non;6,5;;;;;;;
;profil alu;MONTANT 93,5X72,5;ARCELOR (BERTON SICARD);INSTALLUX;8814;Non;6,5;;;;;;;
;profil alu;MONTANT 82X72.5;ARCELOR (BERTON SICARD);INSTALLUX;8815;Non;6,5;;;;;;;
;Profil Alu;DEMI TRAVERSE RENFORCEE;ARCELOR (BERTON SICARD);INSTALLUX;8822;Non;6;;;;;;;
;profil alu;DEMI MONTANT 54,5X42,7;ARCELOR (BERTON SICARD);INSTALLUX;8823;Non;6,5;;;;;;;
Profil Alu;PARCLOSE;PARCLOSE 27;ARCELOR (BERTON SICARD);INSTALLUX;8830;Non;6;;;;;;;
Profil Alu;PARCLOSE;PARCLOSE RIVETER;ARCELOR (BERTON SICARD);INSTALLUX;8842;Non;6,5;;;;;;;
;Profil Alu;CADRE OUVRANT RPTH;ARCELOR (BERTON SICARD);INSTALLUX;8843TH;Non;6,5;;;;;;;
;Profil Alu;CADRE OUV VEC TH BL;ARCELOR (BERTON SICARD);INSTALLUX;8844;Non;6,5;;;;;;;
;profil alu;DEMI MONTANT 116MM;ARCELOR (BERTON SICARD);INSTALLUX;8853;Non;6,5;;;;;;;
Profil Alu;PARCLOSE;PARCLOSE POUR 8857;ARCELOR (BERTON SICARD);INSTALLUX;8859;Non;6;;;;;;;
Profil Alu;PARCLOSE;PARCLOSE VEP VITRAGE=43;ARCELOR (BERTON SICARD);INSTALLUX;8873;Non;6,5;;;;;;;
;Profil Alu;FERMETURE GAUCHE OUVRANT;ARCELOR (BERTON SICARD);INSTALLUX;8920;Non;1;;;;;;;
;Profil Alu;FERMETURE DROITE OUVRANT;ARCELOR (BERTON SICARD);INSTALLUX;8921;Non;1;;;;;;;
;Profil Alu;BEQUILLE POUR 8953;ARCELOR (BERTON SICARD);INSTALLUX;8954;Non;1;;;;;;;
;Profil Alu;CHICANE RAPPORTEE;ARCELOR (BERTON SICARD);INSTALLUX;9002;Non;6,5;;;;;;;
;Profil Alu;BUTEE D’OUVRANTS;ARCELOR (BERTON SICARD);INSTALLUX;9017;Non;1;;;;;;;
;profil alu;PROFIL AERATEUR 24MM;ARCELOR (BERTON SICARD);INSTALLUX;9022;Non;6;;;;;;;
;Profil Alu;PRF AERATEUR 24 HT LG3M;ARCELOR (BERTON SICARD);INSTALLUX;9022/3;Non;3;;;;;;;
;profil alu;PROFIL AERATEUR 24MM BAS;ARCELOR (BERTON SICARD);INSTALLUX;9023;Non;6;;;;;;;
;Profil Alu;PRF AERATEUR 24 BAS LG3M;ARCELOR (BERTON SICARD);INSTALLUX;9023/3;Non;3;;;;;;;
Profil Alu;Bavette;BAVETTE 40;ARCELOR (BERTON SICARD);INSTALLUX;9130;Non;6,5;;;;;;;
Profil Alu;Bavette;BAVETTE 60;ARCELOR (BERTON SICARD);INSTALLUX;9131;Non;6,5;;;;;;;
Profil Alu;Bavette;BAVETTE 80;ARCELOR (BERTON SICARD);INSTALLUX;9132;Non;6,5;;;;;;;
Profil Alu;Bavette;BAVETTE 150;ARCELOR (BERTON SICARD);INSTALLUX;9133;Non;6,5;;;;;;;
Profil Alu;;COUVRE JOINT 70;ARCELOR (BERTON SICARD);INSTALLUX;9142;Non;6,5;;;;;;;
Profil Alu;;COUVRE JOINT 50;ARCELOR (BERTON SICARD);INSTALLUX;9143;Non;6,5;;;;;;;
Profil Alu;;COUVRE JOINT 35;ARCELOR (BERTON SICARD);INSTALLUX;9145;Non;6,5;;;;;;;
Profil Alu;Bavette;BAVETTE 100;ARCELOR (BERTON SICARD);INSTALLUX;9146;Non;6,5;;;;;;;
Profil Alu;Bavette;BAVETTE 120;ARCELOR (BERTON SICARD);INSTALLUX;9147;Non;6,5;;;;;;;
;Profil Alu;COUVRE JOINT 20;ARCELOR (BERTON SICARD);INSTALLUX;9148;Non;6,5;;;;;;;
;Profil Alu;COUVRE JOINT 50;ARCELOR (BERTON SICARD);INSTALLUX;9154;Non;6,5;;;;;;;
;Profil Alu;COUVRE PIECE APPUI EXT.;ARCELOR (BERTON SICARD);INSTALLUX;9155;Non;6,5;;;;;;;
;Profil Alu;COUVRE JOINT 35MM TOLE;ARCELOR (BERTON SICARD);INSTALLUX;9156;Non;6,5;;;;;;;
;Profil Alu;COUVRE JOINT 70MM TOLE;ARCELOR (BERTON SICARD);INSTALLUX;9157;Non;6,5;;;;;;;
;Profil Alu;COUVRE JOINT 35 MOULURE;ARCELOR (BERTON SICARD);INSTALLUX;9162;Non;6,5;;;;;;;
;Profil Alu;COUVRE JOINT 50 MM;ARCELOR (BERTON SICARD);INSTALLUX;9163;Non;6,5;;;;;;;
;Profil Alu;COUVRE JOINT 70;ARCELOR (BERTON SICARD);INSTALLUX;9174;Non;6,5;;;;;;;
;profil alu;MONTANT EXT. SIMPLE;ARCELOR (BERTON SICARD);INSTALLUX;9190;Non;6,5;;;;;;;
;profil alu;MONTANT EXT. SIMPLE;ARCELOR (BERTON SICARD);INSTALLUX;9190/4;Non;4,6;;;;;;;
;profil alu;MONTANT EXT. RENFORCE;ARCELOR (BERTON SICARD);INSTALLUX;9191;Non;6,5;;;;;;;
;profil alu;MONTANT EXT. RENFORCE;ARCELOR (BERTON SICARD);INSTALLUX;9191/4;Non;4,6;;;;;;;
;profil alu;MONTANT CROIS. SIMPLE;ARCELOR (BERTON SICARD);INSTALLUX;9192;Non;6,5;;;;;;;
;profil alu;MONTANT CROIS. SIMPLE;ARCELOR (BERTON SICARD);INSTALLUX;9192/4;Non;4,6;;;;;;;
;profil alu;MONTANT CROIS. RENFORCE;ARCELOR (BERTON SICARD);INSTALLUX;9194;Non;6,5;;;;;;;
;profil alu;MONTANT CROIS. RENFORCE;ARCELOR (BERTON SICARD);INSTALLUX;9194/4;Non;4,6;;;;;;;
;Profil Alu;TRAVERSE HAUTE ET BASSE;ARCELOR (BERTON SICARD);INSTALLUX;9195;Non;6,5;;;;;;;
;Profil Alu;TRAVERSE INTERMEDIAIRE;ARCELOR (BERTON SICARD);INSTALLUX;9196;Non;6,5;;;;;;;
;profil alu;MONTANT EXT. SIMPLE;ARCELOR (BERTON SICARD);INSTALLUX;9290/4TH;Non;4,6;;;;;;;
;profil alu;MONTANT EXT. SIMPLE;ARCELOR (BERTON SICARD);INSTALLUX;9290TH;Non;6,5;;;;;;;
;profil alu;MONTANT LAT. RENFORCE;ARCELOR (BERTON SICARD);INSTALLUX;9291/4TH;Non;4,6;;;;;;;
;profil alu;MONTANT LAT. RENFORCE;ARCELOR (BERTON SICARD);INSTALLUX;9291TH;Non;6,5;;;;;;;
;profil alu;MONTANT CROIS. SIMPLE;ARCELOR (BERTON SICARD);INSTALLUX;9292/4TH;Non;4,6;;;;;;;
;profil alu;MONTANT CROIS. SIMPLE;ARCELOR (BERTON SICARD);INSTALLUX;9292TH;Non;6,5;;;;;;;
;profil alu;MONTANT CROIS. RENFORCE;ARCELOR (BERTON SICARD);INSTALLUX;9294/4TH;Non;4,6;;;;;;;
;profil alu;MONTANT CROIS. RENFORCE;ARCELOR (BERTON SICARD);INSTALLUX;9294TH;Non;6,5;;;;;;;
;Profil Alu;TRAVERSE INTERMEDIAIRE;ARCELOR (BERTON SICARD);INSTALLUX;9296TH;Non;6,5;;;;;;;
;Profil Alu;DORM. PERIPH.2 RAILS O;ARCELOR (BERTON SICARD);INSTALLUX;9303;Non;6,5;;;;;;;
;Profil Alu;DORM. PERIPH.2 RAILS O;ARCELOR (BERTON SICARD);INSTALLUX;9304;Non;6,5;;;;;;;
;Profil Alu;DORM. PERI.2 RAILS O CJ;ARCELOR (BERTON SICARD);INSTALLUX;9305;Non;6,5;;;;;;;
;Profil Alu;DORM. PERIPH.2 RAILS O;ARCELOR (BERTON SICARD);INSTALLUX;9309;Non;6,5;;;;;;;
;Profil Alu;DORM. PERIPH.3 RAILS O;ARCELOR (BERTON SICARD);INSTALLUX;9317;Non;6,5;;;;;;;
;Profil Alu;DORM. PERIPH.3 RAILS O;ARCELOR (BERTON SICARD);INSTALLUX;9319;Non;6,5;;;;;;;
;Profil Alu;DORM. RAPPORTE 2 RAILS O;ARCELOR (BERTON SICARD);INSTALLUX;9323;Non;6,5;;;;;;;
;Profil Alu;DORMANT GALANDAGE;ARCELOR (BERTON SICARD);INSTALLUX;9333;Non;6,5;;;;;;;
Profil Alu;Capot;CAPOT INT GALANDAGE;ARCELOR (BERTON SICARD);INSTALLUX;9334;Non;6,5;;;;;;;
Profil Alu;Capot;CAPOT INT COUPE GAL;ARCELOR (BERTON SICARD);INSTALLUX;9335;Non;6,5;;;;;;;
;Profil Alu;SUP. CHICANE RAPPORTE;ARCELOR (BERTON SICARD);INSTALLUX;9336;Non;6,5;;;;;;;
Profil Alu;Capot;CAPOT CHICANE RAPPORTEE;ARCELOR (BERTON SICARD);INSTALLUX;9337;Non;6,5;;;;;;;
;Profil Alu;CHICANE RAPPORTEE;ARCELOR (BERTON SICARD);INSTALLUX;9338;Non;6,5;;;;;;;
;Profil Alu;CLOSOIR INT GAL 2 RAILS;ARCELOR (BERTON SICARD);INSTALLUX;9339;Non;6,5;;;;;;;
Profil Alu;Capot;SUPPORT CAPOT POUR GAL;ARCELOR (BERTON SICARD);INSTALLUX;9343;Non;6,5;;;;;;;
Profil Alu;Capot;CAPOT EXT POUR COULISSE;ARCELOR (BERTON SICARD);INSTALLUX;9348;Non;6,5;;;;;;;
Profil Alu;Capot;*CAPOT EXTERIEUR 40°;ARCELOR (BERTON SICARD);INSTALLUX;9354;Non;6,5;;;;;;;
;Profil Alu;DORM.MONORAIL GORGE CLIP;ARCELOR (BERTON SICARD);INSTALLUX;9356TH;Non;6,5;;;;;;;
;Profil Alu;DORMANT MONORAIL DROIT;ARCELOR (BERTON SICARD);INSTALLUX;9357TH;Non;6,5;;;;;;;
;Profil Alu;DORM. PERIPH.2 RAILS O;ARCELOR (BERTON SICARD);INSTALLUX;9359TH;Non;6,5;;;;;;;
;Profil Alu;DORM. PERIPH.2 RAILS O;ARCELOR (BERTON SICARD);INSTALLUX;9363TH;Non;6,5;;;;;;;
;Profil Alu;DORM. PERIPH.2 RAILS O;ARCELOR (BERTON SICARD);INSTALLUX;9364TH;Non;6,5;;;;;;;
;Profil Alu;DORM. PERIP.2RAILS OCJ;ARCELOR (BERTON SICARD);INSTALLUX;9365TH;Non;6,5;;;;;;;
;Profil Alu;DORMANT MOUSTIQUAIRE;ARCELOR (BERTON SICARD);INSTALLUX;9366TH;Non;6,5;;;;;;;
;Profil Alu;DORM. RAPP. 2 RAILS O.;ARCELOR (BERTON SICARD);INSTALLUX;9367TH;Non;6,5;;;;;;;
;Profil Alu;DORM. PERIPH. 2 R MIXTE;ARCELOR (BERTON SICARD);INSTALLUX;9368TH;Non;6,5;;;;;;;
;Profil Alu;DORM. PERIPH.3 RAILS O;ARCELOR (BERTON SICARD);INSTALLUX;9371TH;Non;6,5;;;;;;;
;Profil Alu;DORM. PERIPH.3 RAILS O;ARCELOR (BERTON SICARD);INSTALLUX;9373TH;Non;6,5;;;;;;;
;Profil Alu;DORM. PERIPH.3 R MIXTE;ARCELOR (BERTON SICARD);INSTALLUX;9374TH;Non;6,5;;;;;;;
;Profil Alu;DORMANT GAL 1 RAIL;ARCELOR (BERTON SICARD);INSTALLUX;9375TH;Non;6,5;;;;;;;
;Profil Alu;DORMANT GAL 2 RAILS;ARCELOR (BERTON SICARD);INSTALLUX;9376TH;Non;6,5;;;;;;;
;Profil Alu;DORMANT GAL 2 RAILS 80MM;ARCELOR (BERTON SICARD);INSTALLUX;9377TH;Non;6,5;;;;;;;
;Profil Alu;CLOSOIR DORM. MONORAIL;ARCELOR (BERTON SICARD);INSTALLUX;9390;Non;6,5;;;;;;;
;Profil Alu;CLOSOIR INT. HORIZONTAL;ARCELOR (BERTON SICARD);INSTALLUX;9391;Non;6,5;;;;;;;
;Profil Alu;CLOSOIR INT. VERTICAL;ARCELOR (BERTON SICARD);INSTALLUX;9392;Non;6,5;;;;;;;
;Profil Alu;REJET D’EAU-MONORAIL;ARCELOR (BERTON SICARD);INSTALLUX;9393;Non;6,5;;;;;;;
;Profil Alu;RAIL HAUT RAPPORTE;ARCELOR (BERTON SICARD);INSTALLUX;9394;Non;6,5;;;;;;;
;Profil Alu;SUPPORT ETROIT EXT GAL;ARCELOR (BERTON SICARD);INSTALLUX;9396;Non;6,5;;;;;;;
;profil alu;PROFIL DE FINITION INT;ARCELOR (BERTON SICARD);INSTALLUX;9397;Non;6,5;;;;;;;
;Profil Alu;BUTEE ARRET MULTI VTX;ARCELOR (BERTON SICARD);INSTALLUX;9617;Non;1;;;;;;;
;EMBOUT;EMBOUT MENEAU RENF / VIS;ARCELOR (BERTON SICARD);INSTALLUX;9714;Non;2;;;;;;;
;Profil Alu;POIGNEE MANOEUVRE;ARCELOR (BERTON SICARD);INSTALLUX;9804;Non;1;;;;;;;
;Profil Alu;FERRURE A CLE A POIGN;ARCELOR (BERTON SICARD);INSTALLUX;9847;Non;1;;;;;;;
;Profil Alu;FERM. CUV. MULTIPTS;ARCELOR (BERTON SICARD);INSTALLUX;9848;Non;1;;;;;;;
;Profil Alu;FERM.CUV.POIGN MULTIP;ARCELOR (BERTON SICARD);INSTALLUX;9849;Non;1;;;;;;;
;Profil Alu;POIGN MANOEUVRE ENCAS;ARCELOR (BERTON SICARD);INSTALLUX;9864;Non;1;;;;;;;
;Profil Alu;POIGN MANOEUVRE APPLI;ARCELOR (BERTON SICARD);INSTALLUX;9865;Non;1;;;;;;;
;Profil Alu;*FERMETURE SEMI-FIXE;ARCELOR (BERTON SICARD);INSTALLUX;9882;Non;1;;;;;;;
;Profil Alu;*GACHE/9880 DOR SS RECUP;ARCELOR (BERTON SICARD);INSTALLUX;9894;Non;1;;;;;;;
;Profil Alu;*GACHE VANTAUX EN LIGNE;ARCELOR (BERTON SICARD);INSTALLUX;9897;Non;1;;;;;;;
;profil alu;FACADE MONTANT RENF;ARCELOR (BERTON SICARD);INSTALLUX;9918;Non;1;;;;;;;
;Profil Alu;FERMETURE SIMPLE;ARCELOR (BERTON SICARD);INSTALLUX;9921;Non;1;;;;;;;
;Profil Alu;FERMETURE EN SAILLIE;ARCELOR (BERTON SICARD);INSTALLUX;9923;Non;1;;;;;;;
;Profil Alu;KIT CUVETTE SIMPLE 45°;ARCELOR (BERTON SICARD);INSTALLUX;9934;Non;1;;;;;;;
;Profil Alu;*KIT CUVETTE SIMPLE45°;ARCELOR (BERTON SICARD);INSTALLUX;9934A;Non;1;;;;;;;
;Profil Alu;KIT CUVETTE DOUBLE 45°;ARCELOR (BERTON SICARD);INSTALLUX;9935;Non;1;;;;;;;
;Profil Alu;*KIT CUVETTE DOUBLE45°;ARCELOR (BERTON SICARD);INSTALLUX;9935A;Non;1;;;;;;;
;Profil Alu;KIT CUVETTE DB CLE 45°;ARCELOR (BERTON SICARD);INSTALLUX;9936;Non;1;;;;;;;
;Profil Alu;*KIT CUVETTE DB CLE45°;ARCELOR (BERTON SICARD);INSTALLUX;9936A;Non;1;;;;;;;
;Profil Alu;KIT CUV SIMPLE AUTO45;ARCELOR (BERTON SICARD);INSTALLUX;9937;Non;1;;;;;;;
;Profil Alu;*KIT CUV SIMPLE AUTO45;ARCELOR (BERTON SICARD);INSTALLUX;9937A;Non;1;;;;;;;
;Profil Alu;COQUILLE MANOEUVRE SPLE;ARCELOR (BERTON SICARD);INSTALLUX;9948;Non;1;;;;;;;
;Profil Alu;CALIPSO INT.MANOEUVRT;ARCELOR (BERTON SICARD);INSTALLUX;9960;Non;1;;;;;;;
;Profil Alu;CALIPSO EXT.MANOEUVRT;ARCELOR (BERTON SICARD);INSTALLUX;9961;Non;1;;;;;;;
;Profil Alu;CALIPSO INTERIEUR FIX;ARCELOR (BERTON SICARD);INSTALLUX;9962;Non;1;;;;;;;
;Profil Alu;CALIPSO EXTERIEUR FIX;ARCELOR (BERTON SICARD);INSTALLUX;9963;Non;1;;;;;;;
;Profil Alu;MANOEUVRE MONT RENF;ARCELOR (BERTON SICARD);INSTALLUX;9981;Non;1;;;;;;;
;Profil Alu;PINCEAU RETOUCHE RAL DIV;ARCELOR (BERTON SICARD);INSTALLUX;40115;Non;1;;;;;;;
;Profil Alu;AEROSOL PEINTURE DECORS;ARCELOR (BERTON SICARD);INSTALLUX;40116;Non;1;;;;;;;
;Profil Alu;BARREAU 60X20;ARCELOR (BERTON SICARD);INSTALLUX;121001;Non;6,5;;;;;;;
;profil Alu;LAME 340X20;ARCELOR (BERTON SICARD);INSTALLUX;121007;Non;4,5;;;;;;;
;Profil Alu;BARREAU 200X20;ARCELOR (BERTON SICARD);INSTALLUX;121008;Non;6,5;;;;;;;
;profil Alu;LAME 20X20MM CARRE;ARCELOR (BERTON SICARD);INSTALLUX;121009;Non;6,5;;;;;;;
;profil Alu;LAME 20X20MM;ARCELOR (BERTON SICARD);INSTALLUX;121013;Non;6,5;;;;;;;
;profil Alu;LAME 100X20MM;ARCELOR (BERTON SICARD);INSTALLUX;121014;Non;6,5;;;;;;;
;profil Alu;LAME 100MM AVEC ALVEO;ARCELOR (BERTON SICARD);INSTALLUX;121018;Non;6,5;;;;;;;
;Profil Alu;TRAVERSE INTERMEDIAIRE;ARCELOR (BERTON SICARD);INSTALLUX;121021;Non;6,5;;;;;;;
;Profil Alu;TRAVERSE BASSE;ARCELOR (BERTON SICARD);INSTALLUX;121022;Non;6,5;;;;;;;
;Profil Alu;TRAVERSE BASSE;ARCELOR (BERTON SICARD);INSTALLUX;121022/3;Non;3,2;;;;;;;
;profil Alu;LAME 170X20MM;ARCELOR (BERTON SICARD);INSTALLUX;121027;Non;3,5;;;;;;;
;Profil Alu;KIT BARRE PALPEUSE;ARCELOR (BERTON SICARD);INSTALLUX;160000;Non;1;;;;;;;
;Profil Alu;ENSEMBLE PAUMELLE 180;ARCELOR (BERTON SICARD);INSTALLUX;160002;Non;2;;;;;;;
;Profil Alu;FIN DE COURSE MECANIQUE;ARCELOR (BERTON SICARD);INSTALLUX;160003;Non;1;;;;;;;
;Profil Alu;OCULUS CARRE COTE 300MM;ARCELOR (BERTON SICARD);INSTALLUX;160017;Non;1;;;;;;;
;Profil Alu;OCULUS ROND DIAM 300MM;ARCELOR (BERTON SICARD);INSTALLUX;160018;Non;1;;;;;;;
;Profil Alu;CHAPEAU POTEAU 180X180;ARCELOR (BERTON SICARD);INSTALLUX;160024;Non;1;;;;;;;
;Profil Alu;DORMANT CAGE A TOLE;ARCELOR (BERTON SICARD);INSTALLUX;410000;Non;6,5;;;;;;;
;Profil Alu;DORMANT A FOND PLAT;ARCELOR (BERTON SICARD);INSTALLUX;410001;Non;6,5;;;;;;;
;Profil Alu;DORMANT A RECOUVREMENT;ARCELOR (BERTON SICARD);INSTALLUX;410002;Non;6,5;;;;;;;
;Profil Alu;DORMANT CAGE A TOLE PF;ARCELOR (BERTON SICARD);INSTALLUX;410003;Non;6,5;;;;;;;
;Profil Alu;DORMANT A RECOUVREMENT;ARCELOR (BERTON SICARD);INSTALLUX;410004;Non;6,5;;;;;;;
;Profil Alu;DORMANT FOND PLAT GC;ARCELOR (BERTON SICARD);INSTALLUX;410005;Non;6,5;;;;;;;
;Profil Alu;DORMANT A L’ITALIENNE;ARCELOR (BERTON SICARD);INSTALLUX;410006;Non;6,5;;;;;;;
;Profil Alu;INVERSEUR DE FEUILLURE;ARCELOR (BERTON SICARD);INSTALLUX;410007;Non;6,5;;;;;;;
;Profil Alu;DORMANT DE RENOVATION;ARCELOR (BERTON SICARD);INSTALLUX;410009;Non;6,5;;;;;;;
;profil alu;PROFIL OUV ITALIENNE;ARCELOR (BERTON SICARD);INSTALLUX;410010;Non;6,5;;;;;;;
;Profil Alu;INVERS. FEUILLURE ITAL;ARCELOR (BERTON SICARD);INSTALLUX;410011;Non;6,5;;;;;;;
;Profil Alu;DORMANT RECOUVR.TAP 100;ARCELOR (BERTON SICARD);INSTALLUX;410015;Non;6,5;;;;;;;
;profil alu;PROFIL RECOUVR.TAP 120;ARCELOR (BERTON SICARD);INSTALLUX;410016;Non;6,5;;;;;;;
;Profil Alu;TRAVERSE OUVRANT;ARCELOR (BERTON SICARD);INSTALLUX;410030;Non;6,5;;;;;;;
;Profil Alu;MENEAU 71.5 MM;ARCELOR (BERTON SICARD);INSTALLUX;410031;Non;6,5;;;;;;;
;Profil Alu;MENEAU 71.5 MM.;ARCELOR (BERTON SICARD);INSTALLUX;410031/1;Non;1;;;;;;;
;Profil Alu;MENEAU RENFORCE 71.5 MM;ARCELOR (BERTON SICARD);INSTALLUX;410032;Non;6,5;;;;;;;
;Profil Alu;MENEAU 117 MM;ARCELOR (BERTON SICARD);INSTALLUX;410033;Non;6,5;;;;;;;
;Profil Alu;MENEAU RENFORCE 117 MM;ARCELOR (BERTON SICARD);INSTALLUX;410034;Non;6,5;;;;;;;
;Profil Alu;MENEAU 168 MM;ARCELOR (BERTON SICARD);INSTALLUX;410036;Non;6,5;;;;;;;
;Profil Alu;MENEAU RENFORCE 117 MM;ARCELOR (BERTON SICARD);INSTALLUX;410037;Non;6,5;;;;;;;
;Profil Alu;OUVRANT FRANCAISE CHAN.;ARCELOR (BERTON SICARD);INSTALLUX;410040;Non;6,5;;;;;;;
;Profil Alu;OUVRANT FRANCAISE CHAN.;ARCELOR (BERTON SICARD);INSTALLUX;410041;Non;6,5;;;;;;;
;Profil Alu;OUVRANT FRANCAISE DROIT;ARCELOR (BERTON SICARD);INSTALLUX;410042;Non;6,5;;;;;;;
;Profil Alu;OUVRANT FRANCAISE DROIT;ARCELOR (BERTON SICARD);INSTALLUX;410043;Non;6,5;;;;;;;
;Profil Alu;OUVRANT PF A LA FRAN.;ARCELOR (BERTON SICARD);INSTALLUX;410044;Non;6,5;;;;;;;
;Profil Alu;OUVR. PF FRANCAISE;ARCELOR (BERTON SICARD);INSTALLUX;410044N;Non;6,5;;;;;;;
;Profil Alu;OUVRANT PF;ARCELOR (BERTON SICARD);INSTALLUX;410046;Non;6,5;;;;;;;
;Profil Alu;DORMANT PLAT INT;ARCELOR (BERTON SICARD);INSTALLUX;410049;Non;6,5;;;;;;;
;Profil Alu;DORMANT 124MM;ARCELOR (BERTON SICARD);INSTALLUX;410050;Non;6,5;;;;;;;
;profil alu;MONTANT FIXE MONORAIL;ARCELOR (BERTON SICARD);INSTALLUX;410051;Non;6,5;;;;;;;
;Profil Alu;DORMANT ITE DRAIN.DIRECT;ARCELOR (BERTON SICARD);INSTALLUX;410054;Non;6,5;;;;;;;
;profil alu;PROFIL DE LIAISO180°;ARCELOR (BERTON SICARD);INSTALLUX;410060;Non;6,5;;;;;;;
;profil alu;PROFIL DE LIAISO135°;ARCELOR (BERTON SICARD);INSTALLUX;410061;Non;6,5;;;;;;;
;profil alu;PROFIL DE LIAISO90°;ARCELOR (BERTON SICARD);INSTALLUX;410062;Non;6,5;;;;;;;
;profil alu;PROFIL DE LIAISON VAR.;ARCELOR (BERTON SICARD);INSTALLUX;410063;Non;6,5;;;;;;;
;Profil Alu;DORMANT ITE;ARCELOR (BERTON SICARD);INSTALLUX;410065;Non;6,5;;;;;;;
;Profil Alu;DORMANT DRAINAGE DIRECT;ARCELOR (BERTON SICARD);INSTALLUX;410066;Non;6,5;;;;;;;
;profil alu;PROFIL DE LIAISON;ARCELOR (BERTON SICARD);INSTALLUX;410067;Non;6,5;;;;;;;
;Profil Alu;OUVRANT CAGE DE 16;ARCELOR (BERTON SICARD);INSTALLUX;410068;Non;6,5;;;;;;;
;profil alu;PROFIL DE DILATATION;ARCELOR (BERTON SICARD);INSTALLUX;410070;Non;6,5;;;;;;;
;Profil Alu;DORMANT HT 57MM;ARCELOR (BERTON SICARD);INSTALLUX;410072;Non;6,5;;;;;;;
;Profil Alu;JONCTION 3 RAILS;ARCELOR (BERTON SICARD);INSTALLUX;410073;Non;6,5;;;;;;;
;Profil Alu;MENEAU 84 MM;ARCELOR (BERTON SICARD);INSTALLUX;410074;Non;6,5;;;;;;;
;Profil Alu;DORMANT D’INTEGRATION;ARCELOR (BERTON SICARD);INSTALLUX;410076;Non;6,5;;;;;;;
;Profil Alu;OUVRANT FRANC.AFFLEURANT;ARCELOR (BERTON SICARD);INSTALLUX;410080;Non;6,5;;;;;;;
;Profil Alu;OUVRANT FRANC.AFFLEUR.SF;ARCELOR (BERTON SICARD);INSTALLUX;410081;Non;6,5;;;;;;;
;Profil Alu;DORMANT CAGE A TOLE OC;ARCELOR (BERTON SICARD);INSTALLUX;413000;Non;6,5;;;;;;;
;Profil Alu;DORMANT PLAT OC;ARCELOR (BERTON SICARD);INSTALLUX;413001;Non;6,5;;;;;;;
;Profil Alu;DORMANT A RECOUVREMENT;ARCELOR (BERTON SICARD);INSTALLUX;413002;Non;6,5;;;;;;;
;Profil Alu;DORMANT HAUT CC OC;ARCELOR (BERTON SICARD);INSTALLUX;413003;Non;6,5;;;;;;;
;Profil Alu;DORMANT OC70 CAGE A TOLE;ARCELOR (BERTON SICARD);INSTALLUX;413004;Non;6,5;;;;;;;
;Profil Alu;DORMANT RENO OC;ARCELOR (BERTON SICARD);INSTALLUX;413009;Non;6,5;;;;;;;
;Profil Alu;DORMANT TAPEE INT 120;ARCELOR (BERTON SICARD);INSTALLUX;413016;Non;6,5;;;;;;;
Profil Alu;;REHAUSSEUR FEUILLURE;ARCELOR (BERTON SICARD);INSTALLUX;413020;Non;6,5;;;;;;;
Profil Alu;;TRAVERSE OUVRANT;ARCELOR (BERTON SICARD);INSTALLUX;413030;Non;6,5;;;;;;;
Profil Alu;;TRAVERSE DT OC 70 109MM;ARCELOR (BERTON SICARD);INSTALLUX;413031;Non;6,5;;;;;;;
Profil Alu;;MENEAU RENFORCE 109.5 MM;ARCELOR (BERTON SICARD);INSTALLUX;413032;Non;6,5;;;;;;;
Profil Alu;;MENEAU 155 MM;ARCELOR (BERTON SICARD);INSTALLUX;413033;Non;6,5;;;;;;;
Profil Alu;;TRAVERSE OUVRANT 72MM;ARCELOR (BERTON SICARD);INSTALLUX;413035;Non;6,5;;;;;;;
Profil Alu;;MENEAU 206 MM;ARCELOR (BERTON SICARD);INSTALLUX;413036;Non;6,5;;;;;;;
Profil Alu;;MENEAU ASYMETRIQUE 90.5;ARCELOR (BERTON SICARD);INSTALLUX;413037;Non;6,5;;;;;;;
Profil Alu;;MENEAU ASYMETRIQUE 80;ARCELOR (BERTON SICARD);INSTALLUX;413038;Non;6,5;;;;;;;
Profil Alu;;TRAVERSE DT OC 70 109MM;ARCELOR (BERTON SICARD);INSTALLUX;413039;Non;6,5;;;;;;;
Profil Alu;;413040BL    OUVRANT CH 23-28 BL;ARCELOR (BERTON SICARD);INSTALLUX;413040BL;Non;6,5;;;;;;;
Profil Alu;;413040NR   OUVRANT CH 23-28 NR;ARCELOR (BERTON SICARD);INSTALLUX;413040NR;Non;6,5;;;;;;;
Profil Alu;;413041BL    OUVRANT SF CH 23-28BL;ARCELOR (BERTON SICARD);INSTALLUX;413041BL;Non;6,5;;;;;;;
Profil Alu;;413041NR   OUVRANT SF CH 23-28NR;ARCELOR (BERTON SICARD);INSTALLUX;413041NR;Non;6,5;;;;;;;
Profil Alu;;413042BL    OUVRANT DROIT 23-28 BL;ARCELOR (BERTON SICARD);INSTALLUX;413042BL;Non;6,5;;;;;;;
Profil Alu;;413042NR   OUVRANT DROIT 23-28 NR;ARCELOR (BERTON SICARD);INSTALLUX;413042NR;Non;6,5;;;;;;;
Profil Alu;;413043BL    OUVRANT SF DT 23-28 BL;ARCELOR (BERTON SICARD);INSTALLUX;413043BL;Non;6,5;;;;;;;
Profil Alu;;413043NR   OUVRANT SF DT 23-28 NR;ARCELOR (BERTON SICARD);INSTALLUX;413043NR;Non;6,5;;;;;;;
Profil Alu;;413050BL    OUVRANT C16 (23-28);ARCELOR (BERTON SICARD);INSTALLUX;413050BL;Non;6,5;;;;;;;
Profil Alu;;413050NR   OUVRANT C16 (23-28);ARCELOR (BERTON SICARD);INSTALLUX;413050NR;Non;6,5;;;;;;;
Profil Alu;;DORMANT CD BAS 120 OC;ARCELOR (BERTON SICARD);INSTALLUX;413051;Non;6,5;;;;;;;
Profil Alu;;DORMANT CD TRAV. HT 120;ARCELOR (BERTON SICARD);INSTALLUX;413053;Non;6,5;;;;;;;
Profil Alu;;DORMANT CD MONT.120 OC;ARCELOR (BERTON SICARD);INSTALLUX;413057;Non;6,5;;;;;;;
Profil Alu;;DORMANT RENOVATION SPE;ARCELOR (BERTON SICARD);INSTALLUX;413058;Non;6,5;;;;;;;
Profil Alu;;DORMANT CD BAS 160 OC;ARCELOR (BERTON SICARD);INSTALLUX;413059;Non;6,5;;;;;;;
Profil Alu;;DORMANT CD HT 160MM OC;ARCELOR (BERTON SICARD);INSTALLUX;413060;Non;6,5;;;;;;;
Profil Alu;;DORMANT CD LAT. 160 MM;ARCELOR (BERTON SICARD);INSTALLUX;413061;Non;6,5;;;;;;;
Profil Alu;;413063BL    OUVRANT DROIT 29-34 BL;ARCELOR (BERTON SICARD);INSTALLUX;413063BL;Non;6,5;;;;;;;
Profil Alu;;413063NR   OUVRANT DROIT 29-34 NR;ARCELOR (BERTON SICARD);INSTALLUX;413063NR;Non;6,5;;;;;;;
Profil Alu;;413064BL    OUVRANT SF DT 29-34BL;ARCELOR (BERTON SICARD);INSTALLUX;413064BL;Non;6,5;;;;;;;
Profil Alu;;413064NR   OUVRANT SF DT 29-34NR;ARCELOR (BERTON SICARD);INSTALLUX;413064NR;Non;6,5;;;;;;;
Profil Alu;;DORMANT ITE OC OC;ARCELOR (BERTON SICARD);INSTALLUX;413065;Non;6,5;;;;;;;
Profil Alu;;DORMANT DRAIN.DIR.OC;ARCELOR (BERTON SICARD);INSTALLUX;413066;Non;6,5;;;;;;;
Profil Alu;;413067NR   OUVRANT DT 35-40NR;ARCELOR (BERTON SICARD);INSTALLUX;413067NR;Non;6,5;;;;;;;
Profil Alu;;OUVRANT DROIT 41-46 BL;ARCELOR (BERTON SICARD);INSTALLUX;413069BL;Non;6,5;;;;;;;
Profil Alu;;OUVRANT DROIT 41-46 NR;ARCELOR (BERTON SICARD);INSTALLUX;413069NR;Non;6,5;;;;;;;
Profil Alu;;MONTANT SERRURE;ARCELOR (BERTON SICARD);INSTALLUX;413070;Non;6,5;;;;;;;
Profil Alu;;DORMANT CD MT 100MM;ARCELOR (BERTON SICARD);INSTALLUX;413071;Non;6,5;;;;;;;
Profil Alu;;DORMANT CD HT 100MM;ARCELOR (BERTON SICARD);INSTALLUX;413072;Non;6,5;;;;;;;
Profil Alu;;DORMANT CD BAS 100MM;ARCELOR (BERTON SICARD);INSTALLUX;413073;Non;6,5;;;;;;;
Profil Alu;;DORMANT CD LAT 180MM;ARCELOR (BERTON SICARD);INSTALLUX;413074;Non;6,5;;;;;;;
Profil Alu;;DORMANT CD HT 180MM;ARCELOR (BERTON SICARD);INSTALLUX;413075;Non;6,5;;;;;;;
Profil Alu;;DORMANT CD BAS 180MM;ARCELOR (BERTON SICARD);INSTALLUX;413076;Non;6,5;;;;;;;
Profil Alu;;DORMANT DE HT: 200MM;ARCELOR (BERTON SICARD);INSTALLUX;413078;Non;6,5;;;;;;;
Profil Alu;;DORMANT A RECOUVREMENT;ARCELOR (BERTON SICARD);INSTALLUX;413079;Non;6,5;;;;;;;
profil alu;;MONTANT SEMI-FIXE;ARCELOR (BERTON SICARD);INSTALLUX;413080;Non;6,5;;;;;;;
Profil Alu;;DORMANT 83 CAGE A TOLE;ARCELOR (BERTON SICARD);INSTALLUX;413083;Non;6,5;;;;;;;
Profil Alu;;DORMANT D’INTEGRATION;ARCELOR (BERTON SICARD);INSTALLUX;413085;Non;6,5;;;;;;;
Profil Alu;;DORM.FON.PLAT DRAI.CACHE;ARCELOR (BERTON SICARD);INSTALLUX;413090;Non;6,5;;;;;;;
Profil Alu;;DORM.FON.PLAT DRAI.DIREC;ARCELOR (BERTON SICARD);INSTALLUX;413091;Non;6,5;;;;;;;
Profil Alu;;BATTUE RAPPORTEE;ARCELOR (BERTON SICARD);INSTALLUX;420000;Non;6,5;;;;;;;
Profil Alu;;*BATTUE RAPPORTEE.C16;ARCELOR (BERTON SICARD);INSTALLUX;420001;Non;6,5;;;;;;;
Profil Alu;;LIAISON CAGE A TOLE;ARCELOR (BERTON SICARD);INSTALLUX;420002;Non;6,5;;;;;;;
Profil Alu;;COUVRE JOINT PLAT 70 MM;ARCELOR (BERTON SICARD);INSTALLUX;420004;Non;6,5;;;;;;;
Profil Alu;;COUVRE JOINT 24MM;ARCELOR (BERTON SICARD);INSTALLUX;420005;Non;6,5;;;;;;;
Profil Alu;;COUVRE JOINT 35MM;ARCELOR (BERTON SICARD);INSTALLUX;420006;Non;6,5;;;;;;;
Profil Alu;;TAPEE 120MM;ARCELOR (BERTON SICARD);INSTALLUX;420011;Non;6,5;;;;;;;
Profil Alu;;TAPEE 140MM;ARCELOR (BERTON SICARD);INSTALLUX;420012;Non;6,5;;;;;;;
Profil Alu;;TAPEE 160MM;ARCELOR (BERTON SICARD);INSTALLUX;420013;Non;6,5;;;;;;;
Profil Alu;;TAPEE RAPPORTEE DE 200MM;ARCELOR (BERTON SICARD);INSTALLUX;420014;Non;6,5;;;;;;;
Profil Alu;;COUVRE JOINT RENO ARRON.;ARCELOR (BERTON SICARD);INSTALLUX;420018;Non;6,5;;;;;;;
Profil Alu;;COUVRE JOINT RENO CHANF.;ARCELOR (BERTON SICARD);INSTALLUX;420019;Non;6,5;;;;;;;
Profil Alu;;COUVRE JOINT RENO DROIT.;ARCELOR (BERTON SICARD);INSTALLUX;420021;Non;6,5;;;;;;;
Profil Alu;Bavette;BAVETTE 100MM;ARCELOR (BERTON SICARD);INSTALLUX;420023;Non;6,5;;;;;;;
Profil Alu;Bavette;BAVETTE 120MM;ARCELOR (BERTON SICARD);INSTALLUX;420024;Non;6,5;;;;;;;
Profil Alu;Bavette;BAVETTE 140MM;ARCELOR (BERTON SICARD);INSTALLUX;420025;Non;6,5;;;;;;;
Profil Alu;Bavette;BAVETTE 160MM;ARCELOR (BERTON SICARD);INSTALLUX;420026;Non;6,5;;;;;;;
Profil Alu;;COUVRE JOINT 50MM;ARCELOR (BERTON SICARD);INSTALLUX;420028;Non;6,5;;;;;;;
PARCLOSE;;PARCLOSE DROITE /24 A 26;ARCELOR (BERTON SICARD);INSTALLUX;420030;Non;6,5;;;;;;;
PARCLOSE;;PARCLOSE DROITE /27 A 29;ARCELOR (BERTON SICARD);INSTALLUX;420031;Non;6,5;;;;;;;
PARCLOSE;;PARCLOSE DROITE /30 A 32;ARCELOR (BERTON SICARD);INSTALLUX;420032;Non;6,5;;;;;;;
PARCLOSE;;PARCLOSE ARR /24 A 26;ARCELOR (BERTON SICARD);INSTALLUX;420033;Non;6,5;;;;;;;
PARCLOSE;;PARCLOSE ARRO /27 A 29;ARCELOR (BERTON SICARD);INSTALLUX;420034;Non;6,5;;;;;;;
PARCLOSE;;PARCLOSE ARRO /30 A 32;ARCELOR (BERTON SICARD);INSTALLUX;420035;Non;6,5;;;;;;;
PARCLOSE;;PARCLOSE CAR /24 A 26;ARCELOR (BERTON SICARD);INSTALLUX;420036;Non;6,5;;;;;;;
PARCLOSE;;PARCLOSE CAR /27 A 29;ARCELOR (BERTON SICARD);INSTALLUX;420037;Non;6,5;;;;;;;
PARCLOSE;;PARCLOSE CAR /30 A 32;ARCELOR (BERTON SICARD);INSTALLUX;420038;Non;6,5;;;;;;;
PARCLOSE;;PARCLOSE CARREE /42 A 44;ARCELOR (BERTON SICARD);INSTALLUX;420039;Non;6,5;;;;;;;
PARCLOSE;;PARCLOSE CHAN /24 A 26;ARCELOR (BERTON SICARD);INSTALLUX;420040;Non;6,5;;;;;;;
PARCLOSE;;PARCLOSE CHAN /27 A 29;ARCELOR (BERTON SICARD);INSTALLUX;420041;Non;6,5;;;;;;;
PARCLOSE;;PARCLOSE CHAN /30 A 32;ARCELOR (BERTON SICARD);INSTALLUX;420042;Non;6,5;;;;;;;
Profil Alu;Bavette;BAVETTE DE 200MM;ARCELOR (BERTON SICARD);INSTALLUX;420049;Non;6,5;;;;;;;
Profil Alu;;REJET D’EAU;ARCELOR (BERTON SICARD);INSTALLUX;420050;Non;6,5;;;;;;;
Profil Alu;Bavette;BAVETTE TUBUL. 100 RJD;ARCELOR (BERTON SICARD);INSTALLUX;420051;Non;6,5;;;;;;;
Profil Alu;Bavette;BAVETTE TUBUL. 100 RJA;ARCELOR (BERTON SICARD);INSTALLUX;420052;Non;6,5;;;;;;;
Profil Alu;;COUVRE JOINT RENO 80MM;ARCELOR (BERTON SICARD);INSTALLUX;420053;Non;6,5;;;;;;;
Profil Alu;;CACHE FEUILLURE;ARCELOR (BERTON SICARD);INSTALLUX;420054;Non;6,5;;;;;;;
Profil Alu;Bavette;BAVETTE 40MM;ARCELOR (BERTON SICARD);INSTALLUX;420055;Non;6,5;;;;;;;
Profil Alu;Bavette;BAVETTE TUBULAIRE A R.GE;ARCELOR (BERTON SICARD);INSTALLUX;420056;Non;6,5;;;;;;;
Profil Alu;Bavette;BAVETTE CLIP. DIRECT 15;ARCELOR (BERTON SICARD);INSTALLUX;420057;Non;6,5;;;;;;;
Profil Alu;Bavette;BAVETTE CLIP. DIRECT 141;ARCELOR (BERTON SICARD);INSTALLUX;420058;Non;6,5;;;;;;;
Profil Alu;;TAPEE RAPPORTEE 180MM;ARCELOR (BERTON SICARD);INSTALLUX;420059;Non;6,5;;;;;;;
Profil Alu;;TRAVERSE PETIT BOIS;ARCELOR (BERTON SICARD);INSTALLUX;420062;Non;6,5;;;;;;;
PARCLOSE;;PARCLOSE DRT 8 A 11MM;ARCELOR (BERTON SICARD);INSTALLUX;420063;Non;6,5;;;;;;;
PARCLOSE;;PARCLOSE CLIP. D 52 A 55;ARCELOR (BERTON SICARD);INSTALLUX;420064;Non;6,5;;;;;;;
Profil Alu;Bavette;BAVETTE DE 180MM;ARCELOR (BERTON SICARD);INSTALLUX;420067;Non;6,5;;;;;;;
PARCLOSE;;PARCLOSE DT VIT 45 A 48;ARCELOR (BERTON SICARD);INSTALLUX;420068;Non;6,5;;;;;;;
Profil Alu;;REJET D’EAU;ARCELOR (BERTON SICARD);INSTALLUX;420070;Non;6,5;;;;;;;
Profil Alu;;ETANCHEITE SOUS TRAVERSE;ARCELOR (BERTON SICARD);INSTALLUX;420072;Non;6,5;;;;;;;
PARCLOSE;;PARCLOSE DROITE 36/38MM;ARCELOR (BERTON SICARD);INSTALLUX;420160;Non;6,5;;;;;;;
Profil Alu;;TAPEE DE RENOVATION;ARCELOR (BERTON SICARD);INSTALLUX;420162;Non;6,5;;;;;;;
Profil Alu;Bavette;BAVETTE DE RENOVATION;ARCELOR (BERTON SICARD);INSTALLUX;420163;Non;6,5;;;;;;;
PARCLOSE;;PARCLOSE DT 36 A 39MM;ARCELOR (BERTON SICARD);INSTALLUX;420164;Non;6,5;;;;;;;
PARCLOSE;;PARCLOSE DTE 32 A 35MM;ARCELOR (BERTON SICARD);INSTALLUX;420166;Non;6,5;;;;;;;
PARCLOSE;;PARCLOSE DTE 45 A 48MM;ARCELOR (BERTON SICARD);INSTALLUX;420167;Non;6,5;;;;;;;
Capot;;CAPOT MONTANT SEMI-FIXE;ARCELOR (BERTON SICARD);INSTALLUX;423003;Non;6,5;;;;;;;
Profil Alu;;RALLONGE DE BATTUE;ARCELOR (BERTON SICARD);INSTALLUX;423004;Non;6,5;;;;;;;
Capot;;CAPOT MONTANT SEMI-FIXE;ARCELOR (BERTON SICARD);INSTALLUX;423005;Non;6,5;;;;;;;
Capot;;CAPOT TRAVERSE D’OUV.;ARCELOR (BERTON SICARD);INSTALLUX;423006;Non;6,5;;;;;;;
Capot;;CAPOT TRAVERSE OUVRANT;ARCELOR (BERTON SICARD);INSTALLUX;423009;Non;6,5;;;;;;;
PARCLOSE;;PARCLOSE DT 27 A 29MM;ARCELOR (BERTON SICARD);INSTALLUX;423031;Non;6,5;;;;;;;
PARCLOSE;;PARCLOSE DT 30 A 32MM;ARCELOR (BERTON SICARD);INSTALLUX;423032;Non;6,5;;;;;;;
PARCLOSE;;PARCLOSE DT EP33 A 35;ARCELOR (BERTON SICARD);INSTALLUX;423033;Non;6,5;;;;;;;
PARCLOSE;;PARCLOSE DT EP36 A 38;ARCELOR (BERTON SICARD);INSTALLUX;423034;Non;6,5;;;;;;;
PARCLOSE;;PARCLOSE DT 42 A 47 MM;ARCELOR (BERTON SICARD);INSTALLUX;423036;Non;6,5;;;;;;;
PARCLOSE;;PARCLOSE DT 24 A 26MM;ARCELOR (BERTON SICARD);INSTALLUX;423037;Non;6,5;;;;;;;
PARCLOSE;;PARCLOSE MT SERRURE;ARCELOR (BERTON SICARD);INSTALLUX;423040;Non;6,5;;;;;;;
Profil Alu;;REJET D’EAU;ARCELOR (BERTON SICARD);INSTALLUX;423041;Non;6,5;;;;;;;
Profil Alu;;REJET D EAU;ARCELOR (BERTON SICARD);INSTALLUX;423042;Non;6,5;;;;;;;
Profil Alu;;ETANCHEITE SOUS TRAVERSE;ARCELOR (BERTON SICARD);INSTALLUX;423043;Non;6,5;;;;;;;
Profil Alu;;REJET D’EAU;ARCELOR (BERTON SICARD);INSTALLUX;423044;Non;6,5;;;;;;;
Profil Alu;;(*FERMETURE OF 1VTL / 2V;ARCELOR (BERTON SICARD);INSTALLUX;450001;Non;1;;;;;;;
Profil Alu;;(*FERM.A CLE ENTROUV.OF;ARCELOR (BERTON SICARD);INSTALLUX;450002;Non;1;;;;;;;
Profil Alu;;(*FERMETURE A CARRE OF;ARCELOR (BERTON SICARD);INSTALLUX;450003;Non;1;;;;;;;
Profil Alu;;(*FERRURE OB REVERSIBLE;ARCELOR (BERTON SICARD);INSTALLUX;450012;Non;1;;;;;;;
Profil Alu;;(*FERRAGE OB LOGIQUE;ARCELOR (BERTON SICARD);INSTALLUX;450014;Non;1;;;;;;;
Profil Alu;;(*KIT PAUMELLES OB 2VTX;ARCELOR (BERTON SICARD);INSTALLUX;450024;Non;1;;;;;;;
Profil Alu;;PAUMELLE EN APPLIQUE E47;ARCELOR (BERTON SICARD);INSTALLUX;450036;Non;1;;;;;;;
Profil Alu;;PAUMELLE A CLAMER REGLA.;ARCELOR (BERTON SICARD);INSTALLUX;450037;Non;2;;;;;;;
Profil Alu;;BEQUILLE SPLE PORTE ZED;ARCELOR (BERTON SICARD);INSTALLUX;450074;Non;1;;;;;;;
Profil Alu;;BEQUILLE FENETRE ZED;ARCELOR (BERTON SICARD);INSTALLUX;450075;Non;1;;;;;;;
Profil Alu;;*BEQUILLE FENETRE ZED;ARCELOR (BERTON SICARD);INSTALLUX;450075A;Non;1;;;;;;;
Profil Alu;;FERRAGE 3PTS OF SECURISE;ARCELOR (BERTON SICARD);INSTALLUX;450088;Non;1;;;;;;;
Profil Alu;;KIT PAUMELLE OB;ARCELOR (BERTON SICARD);INSTALLUX;450090;Non;1;;;;;;;
Profil Alu;;PAUMELLE OF CAGE DE 16;ARCELOR (BERTON SICARD);INSTALLUX;450098;Non;50;;;;;;;
Profil Alu;;ENS CHARN. OB SUP+INF;ARCELOR (BERTON SICARD);INSTALLUX;450127;Non;1;;;;;;;
Profil Alu;;ENS CHARN. OF SUP+INF;ARCELOR (BERTON SICARD);INSTALLUX;450129;Non;1;;;;;;;
profil Alu;;KIT CHARNIERE 3 LAMES;ARCELOR (BERTON SICARD);INSTALLUX;450138;Non;1;;;;;;;
Profil Alu;Bavette;KIT JOUE / BAVETTE 100;ARCELOR (BERTON SICARD);INSTALLUX;460046;Non;4;;;;;;;
Profil Alu;Bavette;KIT JOUE / BAVETTE 120;ARCELOR (BERTON SICARD);INSTALLUX;460047;Non;4;;;;;;;
Profil Alu;Bavette;KIT JOUE / BAVETTE 140;ARCELOR (BERTON SICARD);INSTALLUX;460048;Non;4;;;;;;;
Profil Alu;Bavette;KIT JOUE / BAVETTE 160;ARCELOR (BERTON SICARD);INSTALLUX;460049;Non;4;;;;;;;
Profil Alu;Bavette;KIT JOUE BAVETTE 200MM;ARCELOR (BERTON SICARD);INSTALLUX;460062;Non;4;;;;;;;
Profil Alu;Bavette;KIT JOUE BAVETTE 180MM;ARCELOR (BERTON SICARD);INSTALLUX;460063;Non;4;;;;;;;
Profil Alu;;FERRURE OB REVERIBLE;ARCELOR (BERTON SICARD);INSTALLUX;460100;Non;1;;;;;;;
Profil Alu;;FERRURE OB REV. A CLE;ARCELOR (BERTON SICARD);INSTALLUX;460101;Non;1;;;;;;;
Profil Alu;;FERRURE OB LOGIQUE A CLE;ARCELOR (BERTON SICARD);INSTALLUX;460102;Non;1;;;;;;;
Profil Alu;;KIT PAUMELLE OB 2VTX;ARCELOR (BERTON SICARD);INSTALLUX;460103;Non;1;;;;;;;
Profil Alu;;FERRURE OB BOI. ENCASTRE;ARCELOR (BERTON SICARD);INSTALLUX;460104;Non;1;;;;;;;
Profil Alu;;DORMANT 36.5 GORGE A TL;ARCELOR (BERTON SICARD);INSTALLUX;510000;Non;6,5;;;;;;;
Profil Alu;;DORMANT 36.5 FOND PLAT;ARCELOR (BERTON SICARD);INSTALLUX;510001;Non;6,5;;;;;;;
Profil Alu;;OUVRANT A LA FRANCAISE;ARCELOR (BERTON SICARD);INSTALLUX;510002;Non;6,5;;;;;;;
Profil Alu;;OUVRANT A L’ANGLAISE;ARCELOR (BERTON SICARD);INSTALLUX;510003;Non;6,5;;;;;;;
Profil Alu;;DORMANT 39.7 GORGE A TL;ARCELOR (BERTON SICARD);INSTALLUX;510004;Non;6,5;;;;;;;
Profil Alu;;DORMANT 39.7 FOND PLAT;ARCELOR (BERTON SICARD);INSTALLUX;510005;Non;6,5;;;;;;;
Profil Alu;;BATTUE RAPPORTEE FRANC.;ARCELOR (BERTON SICARD);INSTALLUX;510006;Non;6,5;;;;;;;
Profil Alu;;BATTUE RAPPORTEE ANGL.;ARCELOR (BERTON SICARD);INSTALLUX;510007;Non;6,5;;;;;;;
Profil Alu;;PLINTHE COUPE DROITE;ARCELOR (BERTON SICARD);INSTALLUX;510008;Non;6,5;;;;;;;
Profil Alu;;PLINTHE COUPE DROITE 1M;ARCELOR (BERTON SICARD);INSTALLUX;510008/1;Non;1;;;;;;;
Profil Alu;;DORMANT 39,7 MIXTE;ARCELOR (BERTON SICARD);INSTALLUX;510010;Non;6,5;;;;;;;
Profil Alu;;OUVRANT ANTI PINCE DOIGT;ARCELOR (BERTON SICARD);INSTALLUX;510012;Non;6,5;;;;;;;
Profil Alu;;DORMANT ANTI-PINCE DOIGT;ARCELOR (BERTON SICARD);INSTALLUX;510013;Non;6,5;;;;;;;
Profil Alu;;BATTUE RAPPORTEE DA;ARCELOR (BERTON SICARD);INSTALLUX;510014;Non;6,5;;;;;;;
Profil Alu;;DORMANT DOUBLE ACTION;ARCELOR (BERTON SICARD);INSTALLUX;510015;Non;6,5;;;;;;;
Profil Alu;;DORMANT CAGE A CLIP;ARCELOR (BERTON SICARD);INSTALLUX;510020;Non;6,5;;;;;;;
Profil Alu;;DORMANT D’INTEGRATION;ARCELOR (BERTON SICARD);INSTALLUX;510021;Non;6,5;;;;;;;
Profil Alu;;TRAVERSE REDUITE;ARCELOR (BERTON SICARD);INSTALLUX;510023;Non;6,5;;;;;;;
profil alu;;PROFIL REHAUSSEUR PVC;ARCELOR (BERTON SICARD);INSTALLUX;433001;Non;6,5;;;;;;;
Profil Alu;;TRAVERSE OUVRANT RED.;ARCELOR (BERTON SICARD);INSTALLUX;510026;Non;6,5;;;;;;;
Profil Alu;;TRAVERSE RED. LG 100;ARCELOR (BERTON SICARD);INSTALLUX;510027;Non;6,5;;;;;;;
Profil Alu;;TRAVERSE RED. LG 125;ARCELOR (BERTON SICARD);INSTALLUX;510028;Non;6,5;;;;;;;
Profil Alu;;DORMANT 39.7 CAGE T OC;ARCELOR (BERTON SICARD);INSTALLUX;513004;Non;6,5;;;;;;;
Profil Alu;;BATTUE RAP. COMETE FRA;ARCELOR (BERTON SICARD);INSTALLUX;513006;Non;6,5;;;;;;;
Profil Alu;;BATTUE RAP.COMETE ANG;ARCELOR (BERTON SICARD);INSTALLUX;513007;Non;6,5;;;;;;;
Profil Alu;;REJET D’EAU OUVR. PERIPH;ARCELOR (BERTON SICARD);INSTALLUX;520002;Non;6,5;;;;;;;
profil alu;;PROFIL OUVR.VENT.ELEC.;ARCELOR (BERTON SICARD);INSTALLUX;520003;Non;6,5;;;;;;;
profil alu;;PROFIL DORM.VENT.ELEC.;ARCELOR (BERTON SICARD);INSTALLUX;520004;Non;6,5;;;;;;;
Profil Alu;;REJET D’EAU POUR PLINTHE;ARCELOR (BERTON SICARD);INSTALLUX;520005;Non;6,5;;;;;;;
profil alu;;PROFIL POIGNEE DE TIRAGE;ARCELOR (BERTON SICARD);INSTALLUX;520006;Non;4,7;;;;;;;
Profil Alu;;SEUIL TRADITIONNEL;ARCELOR (BERTON SICARD);INSTALLUX;520008;Non;6,5;;;;;;;
Capot;;DEMI CAPOT OUVRANT APD;ARCELOR (BERTON SICARD);INSTALLUX;520010;Non;4,7;;;;;;;
Profil Alu;;PORTE BROSSE DORMANT;ARCELOR (BERTON SICARD);INSTALLUX;520012;Non;4,7;;;;;;;
Profil Alu;;CLOSOIR 70;ARCELOR (BERTON SICARD);INSTALLUX;520014;Non;6,5;;;;;;;
Profil Alu;;(*PAUMELLE SOLOBLOC;ARCELOR (BERTON SICARD);INSTALLUX;550062;Non;1;;;;;;;
Profil Alu;;PAUMELLE A CLAMER;ARCELOR (BERTON SICARD);INSTALLUX;560011;Non;1;;;;;;;
Profil Alu;;POIGNEE POUSSOIR;ARCELOR (BERTON SICARD);INSTALLUX;560017;Non;1;;;;;;;
Profil Alu;;POIGNEE BANDEAU;ARCELOR (BERTON SICARD);INSTALLUX;560018;Non;1;;;;;;;
Profil Alu;;ENTRETOISE POUR POIGNEE;ARCELOR (BERTON SICARD);INSTALLUX;560019;Non;2;;;;;;;
Profil Alu;;PAUMELLE 3 LAMES A CLA;ARCELOR (BERTON SICARD);INSTALLUX;560032;Non;1;;;;;;;
Profil Alu;;TAPEE DE 100 MM RPT;ARCELOR (BERTON SICARD);INSTALLUX;620003;Non;6,5;;;;;;;
Profil Alu;;TAPEE DE 120 MM RPT;ARCELOR (BERTON SICARD);INSTALLUX;620004;Non;6,5;;;;;;;
Profil Alu;;TAPEE DE 100 MM RPT ESP;ARCELOR (BERTON SICARD);INSTALLUX;620008;Non;6,5;;;;;;;
Profil Alu;;1/2 PROF POTEAU 150° 124;ARCELOR (BERTON SICARD);INSTALLUX;710001;Non;6,5;;;;;;;
Profil Alu;;1/2 PROF POTEAU 135° 124;ARCELOR (BERTON SICARD);INSTALLUX;710002;Non;6,5;;;;;;;
Capot;;CAPOT 150° CHANFREINE;ARCELOR (BERTON SICARD);INSTALLUX;720001;Non;6,5;;;;;;;
Capot;;CAPOT 135° CHANF;ARCELOR (BERTON SICARD);INSTALLUX;720002;Non;6,5;;;;;;;
Capot;;CAPOT 90° CHANFREINE;ARCELOR (BERTON SICARD);INSTALLUX;720003;Non;6,5;;;;;;;
Capot;;CAPOT 180° EXTREMITE;ARCELOR (BERTON SICARD);INSTALLUX;720004;Non;6,5;;;;;;;
Profil Alu;;JONCTION DORMANT 124MM;ARCELOR (BERTON SICARD);INSTALLUX;720010;Non;6,5;;;;;;;
Profil Alu;;PROF FINITION POTEAU;ARCELOR (BERTON SICARD);INSTALLUX;720012;Non;6,5;;;;;;;
profil alu;;PROFIL FINITION RIVE;ARCELOR (BERTON SICARD);INSTALLUX;720013;Non;6,5;;;;;;;
Profil Alu;;SUPPORT COULISSES;ARCELOR (BERTON SICARD);INSTALLUX;720014;Non;6,5;;;;;;;
profil alu;;PROFIL EXT RIVE 135MM;ARCELOR (BERTON SICARD);INSTALLUX;720020;Non;6,5;;;;;;;
profil alu;;PROFIL INT RIVE 135MM;ARCELOR (BERTON SICARD);INSTALLUX;720021;Non;6,5;;;;;;;
profil alu;;PROFIL DE BASE;ARCELOR (BERTON SICARD);INSTALLUX;720050;Non;6,5;;;;;;;
profil alu;;PROFIL DE BASE;ARCELOR (BERTON SICARD);INSTALLUX;720050/5;Non;5;;;;;;;
profil alu;;PROFIL LATERAL;ARCELOR (BERTON SICARD);INSTALLUX;720051;Non;6,5;;;;;;;
profil alu;;PROFIL LATERAL;ARCELOR (BERTON SICARD);INSTALLUX;720051/5;Non;5;;;;;;;
Profil Alu;;GOUTTIERE;ARCELOR (BERTON SICARD);INSTALLUX;720053;Non;6,5;;;;;;;
Profil Alu;;GOUTTIERE;ARCELOR (BERTON SICARD);INSTALLUX;720053/5;Non;5;;;;;;;
Profil Alu;;COUVERCLE;ARCELOR (BERTON SICARD);INSTALLUX;720054;Non;6,5;;;;;;;
Profil Alu;;COUVERCLE;ARCELOR (BERTON SICARD);INSTALLUX;720054/5;Non;5;;;;;;;
Profil Alu;;SUPPORT LAME COTE MOT;ARCELOR (BERTON SICARD);INSTALLUX;720055;Non;6,5;;;;;;;
Profil Alu;;SUPPORT LAME COTE MOT;ARCELOR (BERTON SICARD);INSTALLUX;720055/5;Non;5;;;;;;;
profil Alu;;LAME PERGOLA;ARCELOR (BERTON SICARD);INSTALLUX;720056N;Non;6,5;;;;;;;
profil Alu;;LAME PERGOLA;ARCELOR (BERTON SICARD);INSTALLUX;720056N3;Non;3,7;;;;;;;
Profil Alu;;GOULOTTE;ARCELOR (BERTON SICARD);INSTALLUX;720057;Non;6,5;;;;;;;
Profil Alu;;GOULOTTE;ARCELOR (BERTON SICARD);INSTALLUX;720057/5;Non;5;;;;;;;
Profil Alu;;POUTRE 2 MODULES;ARCELOR (BERTON SICARD);INSTALLUX;720066;Non;6,5;;;;;;;
Profil Alu;;POUTRE 2 MODULES;ARCELOR (BERTON SICARD);INSTALLUX;720066/5;Non;5,3;;;;;;;
Profil Alu;;BIELLETTE MOTEUR;ARCELOR (BERTON SICARD);INSTALLUX;760021;Non;1;;;;;;;
Profil Alu;;CACHE COUPE ANGLE PERGO;ARCELOR (BERTON SICARD);INSTALLUX;760042;Non;1;;;;;;;
Profil Alu;;DORMANT 2 RAILS;ARCELOR (BERTON SICARD);INSTALLUX;910000;Non;6,5;;;;;;;
Profil Alu;;DORMANT 2 RAILS RECU EAU;ARCELOR (BERTON SICARD);INSTALLUX;910001;Non;6,5;;;;;;;
Profil Alu;;DORMANT 3 RAILS;ARCELOR (BERTON SICARD);INSTALLUX;910002;Non;6,5;;;;;;;
Profil Alu;;DORMANT 3 RAILS RECU EAU;ARCELOR (BERTON SICARD);INSTALLUX;910003;Non;6,5;;;;;;;
Profil Alu;;DORMANT 2 RAILS RENO;ARCELOR (BERTON SICARD);INSTALLUX;910004;Non;6,5;;;;;;;
Profil Alu;;DORMANT 2 RAILS PLAT INT;ARCELOR (BERTON SICARD);INSTALLUX;910005;Non;6,5;;;;;;;
Profil Alu;;DORMANT 2 RAILS 124MM;ARCELOR (BERTON SICARD);INSTALLUX;910006;Non;6,5;;;;;;;
Profil Alu;;DORMANT 3 RAILS 124MM;ARCELOR (BERTON SICARD);INSTALLUX;910007;Non;6,5;;;;;;;
Profil Alu;;DORMANT D’INTEGRATION;ARCELOR (BERTON SICARD);INSTALLUX;910008;Non;6,5;;;;;;;
Profil Alu;;DORMANT 4 RAILS;ARCELOR (BERTON SICARD);INSTALLUX;910009;Non;6,5;;;;;;;
profil alu;;MONTANT EXTREMITE SIMPLE;ARCELOR (BERTON SICARD);INSTALLUX;910010;Non;6,5;;;;;;;
profil alu;;MONTANT EXTREMITE SIMPLE;ARCELOR (BERTON SICARD);INSTALLUX;910010/4;Non;4,6;;;;;;;
profil Alu;;MONT EXTREM ANTI BILAME;ARCELOR (BERTON SICARD);INSTALLUX;910010B;Non;6,5;;;;;;;
profil Alu;;MONT EXTREM ANTI BILAME;ARCELOR (BERTON SICARD);INSTALLUX;910010B4;Non;4,6;;;;;;;
profil alu;;MONTANT EXTREMITE CARRE;ARCELOR (BERTON SICARD);INSTALLUX;910011;Non;6,5;;;;;;;
profil alu;;MONTANT EXTREMITE CARRE;ARCELOR (BERTON SICARD);INSTALLUX;910011/4;Non;4,6;;;;;;;
profil Alu;;MONT CARRE ANTI BILAME;ARCELOR (BERTON SICARD);INSTALLUX;910011B;Non;6,5;;;;;;;
profil Alu;;MONT CARRE ANTI BILAME;ARCELOR (BERTON SICARD);INSTALLUX;910011B4;Non;4,6;;;;;;;
profil alu;;MONTANT VTX LIGNE CARRE;ARCELOR (BERTON SICARD);INSTALLUX;910012;Non;6,5;;;;;;;
profil alu;;MONTANT VTX LIGNE CARRE;ARCELOR (BERTON SICARD);INSTALLUX;910012/4;Non;4,6;;;;;;;
profil alu;;MONTANT EXTREMITE ROND;ARCELOR (BERTON SICARD);INSTALLUX;910013;Non;6,5;;;;;;;
profil alu;;MONTANT EXTREMITE ROND;ARCELOR (BERTON SICARD);INSTALLUX;910013/4;Non;4,6;;;;;;;
profil Alu;;MONT ROND ANTI BILAME;ARCELOR (BERTON SICARD);INSTALLUX;910013B;Non;6,5;;;;;;;
profil Alu;;MONT ROND ANTI BILAME;ARCELOR (BERTON SICARD);INSTALLUX;910013B4;Non;4,6;;;;;;;
profil alu;;MONTANT VTX LIGNE ROND;ARCELOR (BERTON SICARD);INSTALLUX;910014;Non;6,5;;;;;;;
profil alu;;MONTANT VTX LIGNE ROND;ARCELOR (BERTON SICARD);INSTALLUX;910014/4;Non;4,6;;;;;;;
profil alu;;MONTANT RENFORT REVERS;ARCELOR (BERTON SICARD);INSTALLUX;910016B;Non;6,5;;;;;;;
profil alu;;MONTANT CROISEMENT SIMPL;ARCELOR (BERTON SICARD);INSTALLUX;910020;Non;6,5;;;;;;;
profil alu;;MONTANT CROISEMENT SIMPL;ARCELOR (BERTON SICARD);INSTALLUX;910020/4;Non;4,6;;;;;;;
profil alu;;MONTANT CROISEMENT CARRE;ARCELOR (BERTON SICARD);INSTALLUX;910021;Non;6,5;;;;;;;
profil alu;;MONTANT CROISEMENT CARRE;ARCELOR (BERTON SICARD);INSTALLUX;910021/4;Non;4,6;;;;;;;
profil alu;;MONTANT CROISEMENT ROND;ARCELOR (BERTON SICARD);INSTALLUX;910022;Non;6,5;;;;;;;
profil alu;;MONTANT CROISEMENT ROND;ARCELOR (BERTON SICARD);INSTALLUX;910022/4;Non;4,6;;;;;;;
profil alu;;MONTANT CROISEMENT CLAS;ARCELOR (BERTON SICARD);INSTALLUX;910023;Non;6,5;;;;;;;
profil alu;;MONTANT CROISEMENT CLAS;ARCELOR (BERTON SICARD);INSTALLUX;910023/4;Non;4,6;;;;;;;
Profil Alu;;TRAVERSE HAUTE ET BASSE;ARCELOR (BERTON SICARD);INSTALLUX;910030;Non;6,5;;;;;;;
Profil Alu;;TRAVERSE INTERMEDIAIRE;ARCELOR (BERTON SICARD);INSTALLUX;910031;Non;6,5;;;;;;;
Profil Alu;;DORMANT MONORAIL;ARCELOR (BERTON SICARD);INSTALLUX;910040;Non;6,5;;;;;;;
Profil Alu;;RAIL HAUT RAPPORTE;ARCELOR (BERTON SICARD);INSTALLUX;910041;Non;6,5;;;;;;;
Profil Alu;;DORMANT 2 RAILS RECOUVR;ARCELOR (BERTON SICARD);INSTALLUX;910050;Non;6,5;;;;;;;
Profil Alu;;DORMANT 2 RAILS PLAT;ARCELOR (BERTON SICARD);INSTALLUX;910051;Non;6,5;;;;;;;
Profil Alu;;DORMANT 2 RAILS PLAT;ARCELOR (BERTON SICARD);INSTALLUX;910051N;Non;6,5;;;;;;;
Profil Alu;;DORMANT 3 RAILS PLAT;ARCELOR (BERTON SICARD);INSTALLUX;910052;Non;6,5;;;;;;;
Profil Alu;;DORMANT 2 RAILS;ARCELOR (BERTON SICARD);INSTALLUX;910200;Non;6,5;;;;;;;
Profil Alu;;SEUIL BAS PREDRAINE;ARCELOR (BERTON SICARD);INSTALLUX;910210P;Non;6,5;;;;;;;
Profil Alu;;SEUIL PREDRAINE 45;ARCELOR (BERTON SICARD);INSTALLUX;910211P;Non;6,5;;;;;;;
Profil Alu;;SEUIL MONORAIL;ARCELOR (BERTON SICARD);INSTALLUX;910212;Non;6,5;;;;;;;
Profil Alu;;SEUIL MONORAIL;ARCELOR (BERTON SICARD);INSTALLUX;910213;Non;6,5;;;;;;;
Profil Alu;;OUVRANT ANGLE;ARCELOR (BERTON SICARD);INSTALLUX;910224;Non;6,5;;;;;;;
Profil Alu;;ANGLE SUPPORT GACHE;ARCELOR (BERTON SICARD);INSTALLUX;910225;Non;6,5;;;;;;;
Profil Alu;;MONTANT COUVRE RAIL;ARCELOR (BERTON SICARD);INSTALLUX;920003;Non;6,5;;;;;;;
Profil Alu;;RECUPERATEUR EAU RAPPORT;ARCELOR (BERTON SICARD);INSTALLUX;920004;Non;6,5;;;;;;;
Profil Alu;;CACHE VIS RECUPERATEUR;ARCELOR (BERTON SICARD);INSTALLUX;920005;Non;6,5;;;;;;;
Profil Alu;;MONTANT COUVRE RAIL;ARCELOR (BERTON SICARD);INSTALLUX;920006;Non;6,5;;;;;;;
Capot;;SUPPORT CAPOT INTERIEUR;ARCELOR (BERTON SICARD);INSTALLUX;920007;Non;6,5;;;;;;;
Profil Alu;;SUPPORT CROISEMENT;ARCELOR (BERTON SICARD);INSTALLUX;920008;Non;6,5;;;;;;;
Profil Alu;;SUPPORT CROISEMENT VR;ARCELOR (BERTON SICARD);INSTALLUX;920009;Non;6,5;;;;;;;
Capot;;CAPOT RECUP EAU GAL;ARCELOR (BERTON SICARD);INSTALLUX;920011;Non;6,5;;;;;;;
Profil Alu;Bavette;BAVETTE GALANDAGE;ARCELOR (BERTON SICARD);INSTALLUX;920012;Non;6,5;;;;;;;
Profil Alu;;CLOSOIR INT GAL;ARCELOR (BERTON SICARD);INSTALLUX;920013;Non;6,5;;;;;;;
Profil Alu;;CLOSOIR DORMANT MONORAIL;ARCELOR (BERTON SICARD);INSTALLUX;920014;Non;6,5;;;;;;;
Profil Alu;Bavette;BAVETTE 110MM;ARCELOR (BERTON SICARD);INSTALLUX;920025;Non;6,5;;;;;;;
Profil Alu;;SEUIL PMR 2 RAILS;ARCELOR (BERTON SICARD);INSTALLUX;920042;Non;6,5;;;;;;;
Profil Alu;;SEUIL PMR 3 RAILS;ARCELOR (BERTON SICARD);INSTALLUX;920043;Non;6,5;;;;;;;
Profil Alu;;TAPEE DOUBLAGE 140 CGD;ARCELOR (BERTON SICARD);INSTALLUX;920050;Non;6,5;;;;;;;
Profil Alu;;TAPEE DOUBLAGE 160 CGD;ARCELOR (BERTON SICARD);INSTALLUX;920051;Non;6,5;;;;;;;
Profil Alu;;TAPEE DOUBLAGE 180 CGD;ARCELOR (BERTON SICARD);INSTALLUX;920052;Non;6,5;;;;;;;
Profil Alu;;TAPEE DOUBLAGE 200 CGD;ARCELOR (BERTON SICARD);INSTALLUX;920053;Non;6,5;;;;;;;
Capot;;CAPOT DE CROISEMENT;ARCELOR (BERTON SICARD);INSTALLUX;920221;Non;6,5;;;;;;;
Capot;;CAPOT RENFORT CROISEMENT;ARCELOR (BERTON SICARD);INSTALLUX;920223;Non;6,5;;;;;;;
profil alu;;PROFIL DE FINITION;ARCELOR (BERTON SICARD);INSTALLUX;920224;Non;6,5;;;;;;;
PARCLOSE;;PARCLOSE D’ANGLE;ARCELOR (BERTON SICARD);INSTALLUX;920230;Non;6,5;;;;;;;
Profil Alu;;COQUILLE CHRONOS INT MAN;ARCELOR (BERTON SICARD);INSTALLUX;950014;Non;1;;;;;;;
Profil Alu;;COQUILLE CHRONOS INT FIX;ARCELOR (BERTON SICARD);INSTALLUX;950015;Non;1;;;;;;;
Profil Alu;;COQUILLE CHRONOS EXT MAN;ARCELOR (BERTON SICARD);INSTALLUX;950016;Non;1;;;;;;;
Profil Alu;;COQUILLE CHRONOS EXT FIX;ARCELOR (BERTON SICARD);INSTALLUX;950017;Non;1;;;;;;;
Profil Alu;;*BEQUILLE OPERA DOUBLE;ARCELOR (BERTON SICARD);INSTALLUX;1875;Non;1;;;;;;;
Profil Alu;;PAUMELLE A CLAMER;ARCELOR (BERTON SICARD);INSTALLUX;A5032;Non;1;;;;;;;
Profil Alu;;PAUMELLE 2B APPL. 67/20;ARCELOR (BERTON SICARD);INSTALLUX;A5080;Non;1;;;;;;;
Profil Alu;;PAUMELLE 2B APPL. 92/20;ARCELOR (BERTON SICARD);INSTALLUX;A5081;Non;1;;;;;;;
Profil Alu;;PAUMELLE D’ANGLE SERIE F;ARCELOR (BERTON SICARD);INSTALLUX;A5082;Non;1;;;;;;;
Profil Alu;;PAUMELLE D’ANGLE RPT;ARCELOR (BERTON SICARD);INSTALLUX;A5083;Non;1;;;;;;;
Profil Alu;;PAUMELLE D’ANGLE GD RPT;ARCELOR (BERTON SICARD);INSTALLUX;A5084;Non;1;;;;;;;
Profil Alu;;PAUMELLE 3B 67/20;ARCELOR (BERTON SICARD);INSTALLUX;A5086;Non;1;;;;;;;
Profil Alu;;PAUMELLE 3B 92/20;ARCELOR (BERTON SICARD);INSTALLUX;A5087;Non;1;;;;;;;
Profil Alu;;CREMONE RAMSES E.REDUIT;ARCELOR (BERTON SICARD);INSTALLUX;A6077;Non;1;;;;;;;
Profil Alu;;SABOT TOURNIQUET;ARCELOR (BERTON SICARD);INSTALLUX;570;Non;1;;;;;;;
Profil Alu;;POIGNEE CUVETTE;ARCELOR (BERTON SICARD);INSTALLUX;1812;Non;1;;;;;;;
Profil Alu;;ARRET AU PIED;ARCELOR (BERTON SICARD);INSTALLUX;1817;Non;1;;;;;;;
Profil Alu;;BEQUILLE DOUBLE CARRE 8;ARCELOR (BERTON SICARD);INSTALLUX;1854N;Non;1;;;;;;;
Profil Alu;;BEQUILLE SIMPLE BOREALE;ARCELOR (BERTON SICARD);INSTALLUX;1859;Non;1;;;;;;;
Profil Alu;;BEQUILLE DBL CARRE 8MM;ARCELOR (BERTON SICARD);INSTALLUX;1860;Non;1;;;;;;;
Profil Alu;;BEQUILLE SPLE PORTE FLOW;ARCELOR (BERTON SICARD);INSTALLUX;1861;Non;1;;;;;;;
Profil Alu;;*BEQUILLE FLOW D;ARCELOR (BERTON SICARD);INSTALLUX;1861D;Non;1;;;;;;;
Profil Alu;;*BEQUILLE FLOW G;ARCELOR (BERTON SICARD);INSTALLUX;1861G;Non;1;;;;;;;
Profil Alu;;*BEQUILLE SIMPLE HORUS;ARCELOR (BERTON SICARD);INSTALLUX;1868;Non;1;;;;;;;
Profil Alu;;*BEQUILLE DBL “HORUS”;ARCELOR (BERTON SICARD);INSTALLUX;1869;Non;1;;;;;;;
Profil Alu;;BEQUILLE PLATE HORUS;ARCELOR (BERTON SICARD);INSTALLUX;1870;Non;1;;;;;;;
Profil Alu;;*BEQUILLE OPERA SIMPLE;ARCELOR (BERTON SICARD);INSTALLUX;1874;Non;1;;;;;;;
Profil Alu;;*BEQUILLE OPERA DOUBLE;ARCELOR (BERTON SICARD);INSTALLUX;1875;Non;1;;;;;;;
Profil Alu;;AERATEUR ENCASTRABLE;ARCELOR (BERTON SICARD);INSTALLUX;5500;Non;1;;;;;;;
Profil Alu;;VERROU SEMI-FIXE;ARCELOR (BERTON SICARD);INSTALLUX;5754;Non;1;;;;;;;
Profil Alu;;CREMONE POMPIER TOURNAN;ARCELOR (BERTON SICARD);INSTALLUX;5762;Non;1;;;;;;;
Profil Alu;;VERROU BAIONNETTE;ARCELOR (BERTON SICARD);INSTALLUX;5831;Non;1;;;;;;;
Profil Alu;;COMPAS SUPPLEMENT./5837;ARCELOR (BERTON SICARD);INSTALLUX;5838;Non;1;;;;;;;
Profil Alu;;BEQUILLE PLATE “BOREALE”;ARCELOR (BERTON SICARD);INSTALLUX;5842;Non;1;;;;;;;
Profil Alu;;LOQUETEAU A CLAMER/SOUF.;ARCELOR (BERTON SICARD);INSTALLUX;5849;Non;1;;;;;;;
Profil Alu;;BEQUILLE ESTIVALE DRT;ARCELOR (BERTON SICARD);INSTALLUX;5853;Non;1;;;;;;;
Profil Alu;;BEQUILLE ESTIVALE GCH;ARCELOR (BERTON SICARD);INSTALLUX;5854;Non;1;;;;;;;
Profil Alu;;BEQUILLE ESTIVALE DBL;ARCELOR (BERTON SICARD);INSTALLUX;5855;Non;1;;;;;;;
Profil Alu;;*(PAUMELLE DEUX BRANCHES;ARCELOR (BERTON SICARD);INSTALLUX;5866;Non;2;;;;;;;
Profil Alu;;PAUMELLE 2 BRANCHES;ARCELOR (BERTON SICARD);INSTALLUX;5866N;Non;2;;;;;;;
Profil Alu;;PAUMELLE CL.FAIBLE TRAF.;ARCELOR (BERTON SICARD);INSTALLUX;5867;Non;2;;;;;;;
Profil Alu;;PAUMELLE 3 BRANCHES;ARCELOR (BERTON SICARD);INSTALLUX;5868N;Non;2;;;;;;;
Profil Alu;;BEQUILLE FENETRE OPERA;ARCELOR (BERTON SICARD);INSTALLUX;5871;Non;1;;;;;;;
Profil Alu;;PAUM/CHAS.TOI.7150&TH;ARCELOR (BERTON SICARD);INSTALLUX;7155;Non;2;;;;;;;
Profil Alu;;CREMONE POUR ITALIENNE;ARCELOR (BERTON SICARD);INSTALLUX;8661;Non;5;;;;;;;
Profil Alu;;VECALU GAUCHE;ARCELOR (BERTON SICARD);INSTALLUX;8667;Non;1;;;;;;;
Profil Alu;;VECALU DROITE;ARCELOR (BERTON SICARD);INSTALLUX;8668;Non;1;;;;;;;
Profil Alu;;AERATEUR ENCASTRABLE;ARCELOR (BERTON SICARD);INSTALLUX;9460;Non;1;;;;;;;
Profil Alu;;GACHE DORM. PERIPHER.;ARCELOR (BERTON SICARD);INSTALLUX;9890;Non;1;;;;;;;
profil alu;;FACADE MONTANT RENF;ARCELOR (BERTON SICARD);INSTALLUX;9918;Non;1;;;;;;;
Profil Alu;;FERMETURE SIMPLE;ARCELOR (BERTON SICARD);INSTALLUX;9921;Non;1;;;;;;;
Profil Alu;;FERMETURE EN SAILLIE;ARCELOR (BERTON SICARD);INSTALLUX;9923;Non;1;;;;;;;
Profil Alu;;COQUILLE MANOEUVRE SPLE;ARCELOR (BERTON SICARD);INSTALLUX;9948;Non;1;;;;;;;
Profil Alu;;CALIPSO INT.MANOEUVRT;ARCELOR (BERTON SICARD);INSTALLUX;9960;Non;1;;;;;;;
Profil Alu;;CALIPSO EXT.MANOEUVRT;ARCELOR (BERTON SICARD);INSTALLUX;9961;Non;1;;;;;;;
Profil Alu;;CALIPSO EXTERIEUR FIX;ARCELOR (BERTON SICARD);INSTALLUX;9963;Non;1;;;;;;;
Profil Alu;;(*FERMETURE OF 1VTL / 2V;ARCELOR (BERTON SICARD);INSTALLUX;450001;Non;1;;;;;;;
Profil Alu;;(*FERM.A CLE ENTROUV.OF;ARCELOR (BERTON SICARD);INSTALLUX;450002;Non;1;;;;;;;
Profil Alu;;(*FERMETURE A CARRE OF;ARCELOR (BERTON SICARD);INSTALLUX;450003;Non;1;;;;;;;
Profil Alu;;(*FERRURE OB REVERSIBLE;ARCELOR (BERTON SICARD);INSTALLUX;450012;Non;1;;;;;;;
Profil Alu;;(*FERRAGE OB LOGIQUE;ARCELOR (BERTON SICARD);INSTALLUX;450014;Non;1;;;;;;;
Profil Alu;;(*KIT PAUMELLES OB 2VTX;ARCELOR (BERTON SICARD);INSTALLUX;450024;Non;1;;;;;;;
Profil Alu;;PAUMELLE A CLAMER REGLA.;ARCELOR (BERTON SICARD);INSTALLUX;450037;Non;2;;;;;;;
Profil Alu;;KIT PAUMELLE OB;ARCELOR (BERTON SICARD);INSTALLUX;450090;Non;1;;;;;;;
Profil Alu;;*PAUMELLE OF GORGE 16;ARCELOR (BERTON SICARD);INSTALLUX;450098A;Non;50;;;;;;;
Profil Alu;;VERROU SF EN APPLIQUE;ARCELOR (BERTON SICARD);INSTALLUX;550034;Non;1;;;;;;;
Profil Alu;;ENS. VERROUS SF + GACHES;ARCELOR (BERTON SICARD);INSTALLUX;550037N;Non;1;;;;;;;
Profil Alu;;BEQUILLE EXT.ANTIPANIC;ARCELOR (BERTON SICARD);INSTALLUX;550048;Non;1;;;;;;;
Profil Alu;;BOITIER PUSH PAD;ARCELOR (BERTON SICARD);INSTALLUX;550052;Non;1;;;;;;;
Profil Alu;;KIT DEVOYE 9MM POUR 5762;ARCELOR (BERTON SICARD);INSTALLUX;550076;Non;1;;;;;;;
Profil Alu;;PAUMELLE A CLAMER;ARCELOR (BERTON SICARD);INSTALLUX;560011;Non;1;;;;;;;
Profil Alu;;RACCORD MAIN COURANTE;ARCELOR (BERTON SICARD);INSTALLUX;335;Non;1;;;;;;;
Profil Alu;;PAUMELLE 3 BRANCHES;ARCELOR (BERTON SICARD);INSTALLUX;550;Non;2;;;;;;;
EMBOUT;;EMBOUT GOUTTE D EAU;ARCELOR (BERTON SICARD);INSTALLUX;602;Non;10;;;;;;;
Profil Alu;;PAIRE VOLUTE INTER;ARCELOR (BERTON SICARD);INSTALLUX;663;Non;1;;;;;;;
Profil Alu;;ECROU BORGNE M6 ACIER;ARCELOR (BERTON SICARD);INSTALLUX;663-3;Non;10;;;;;;;
Profil Alu;;PAIRE VOLUTE CENTRALE;ARCELOR (BERTON SICARD);INSTALLUX;664;Non;1;;;;;;;
EMBOUT;;EMBOUT FLEUR DE LYS;ARCELOR (BERTON SICARD);INSTALLUX;665;Non;10;;;;;;;
EMBOUT;;EMBOUT BOULE;ARCELOR (BERTON SICARD);INSTALLUX;666;Non;10;;;;;;;
EMBOUT;;EMBOUT FLECHE;ARCELOR (BERTON SICARD);INSTALLUX;667;Non;10;;;;;;;
EMBOUT;;EMBOUT ROND;ARCELOR (BERTON SICARD);INSTALLUX;668;Non;10;;;;;;;
EMBOUT;;EMBOUT DE LAME/612;ARCELOR (BERTON SICARD);INSTALLUX;669;Non;10;;;;;;;
Profil Alu;;PAIRE VOLUTE SUPERIEURE;ARCELOR (BERTON SICARD);INSTALLUX;688;Non;1;;;;;;;
Profil Alu;;BLOC SEUIL PLAT;ARCELOR (BERTON SICARD);INSTALLUX;A5000;Non;10;;;;;;;
Profil Alu;;BLOC SEUIL RENFORCE;ARCELOR (BERTON SICARD);INSTALLUX;A5001;Non;10;;;;;;;
Profil Alu;;ETANCHEITE OUVRANT;ARCELOR (BERTON SICARD);INSTALLUX;A5002;Non;10;;;;;;;
EMBOUT;;EMBOUT REJET D’EAU;ARCELOR (BERTON SICARD);INSTALLUX;A5003;Non;10;;;;;;;
Profil Alu;;CENTREUR;ARCELOR (BERTON SICARD);INSTALLUX;A5004;Non;40;;;;;;;
EMBOUT;;EMBOUT AILE SEM.FIX. D+G;ARCELOR (BERTON SICARD);INSTALLUX;A5005;Non;20;;;;;;;
Profil Alu;;SUP. CALE;ARCELOR (BERTON SICARD);INSTALLUX;A5006;Non;20;;;;;;;
Profil Alu;;ETANCH.SEUIL P5057/P5056;ARCELOR (BERTON SICARD);INSTALLUX;A5069;Non;1;;;;;;;
EMBOUT;;EMBOUT FINIT.P5055/P5058;ARCELOR (BERTON SICARD);INSTALLUX;A5070;Non;1;;;;;;;
Profil Alu;;BUTEE DIAM. 35X24MM;ARCELOR (BERTON SICARD);INSTALLUX;A5073;Non;1;;;;;;;
Profil Alu;;ARRET AU SOL;ARCELOR (BERTON SICARD);INSTALLUX;677;Non;1;;;;;;;
EMBOUT;;EMBOUT /5420TH G+D;ARCELOR (BERTON SICARD);INSTALLUX;5262;Non;10;;;;;;;
PARCLOSE;;*PARCLOSE PVC;ARCELOR (BERTON SICARD);INSTALLUX;5386;Non;6,5;;;;;;;
Profil Alu;;DEFLECTEUR 10;ARCELOR (BERTON SICARD);INSTALLUX;5610;Non;20;;;;;;;
Profil Alu;;DEFLECTEUR A CLAPET;ARCELOR (BERTON SICARD);INSTALLUX;5612;Non;20;;;;;;;
Profil Alu;;CACHE TROU DIAMETRE 12;ARCELOR (BERTON SICARD);INSTALLUX;5615;Non;20;;;;;;;
Profil Alu;;CACHE TROU DIAMETRE 14;ARCELOR (BERTON SICARD);INSTALLUX;5617;Non;10;;;;;;;
EMBOUT;;EMBOUT /6621 G+D;ARCELOR (BERTON SICARD);INSTALLUX;6671;Non;10;;;;;;;
EMBOUT;;EMBOUT D+G /6622;ARCELOR (BERTON SICARD);INSTALLUX;6672;Non;10;;;;;;;
EMBOUT;;EMBOUT /RECUP.EAU 6623;ARCELOR (BERTON SICARD);INSTALLUX;6673;Non;4;;;;;;;
EMBOUT;;EMBOUT /6625 H+B;ARCELOR (BERTON SICARD);INSTALLUX;6675;Non;1;;;;;;;
EMBOUT;;EMBOUT /6626 H+B;ARCELOR (BERTON SICARD);INSTALLUX;6676;Non;1;;;;;;;
EMBOUT;;EMBOUT /6627 H+B;ARCELOR (BERTON SICARD);INSTALLUX;6677;Non;1;;;;;;;
EMBOUT;;EMBOUT RECUP. G+D;ARCELOR (BERTON SICARD);INSTALLUX;6678;Non;10;;;;;;;
Profil Alu;;INTERCALAIRE PVC OUVERT;ARCELOR (BERTON SICARD);INSTALLUX;7640;Non;6,5;;;;;;;
Capot;;(*)CAPOT RUPTURE PVC;ARCELOR (BERTON SICARD);INSTALLUX;7641;Non;7;;;;;;;
Profil Alu;;ISOLANT THERMIQUE 18X75;ARCELOR (BERTON SICARD);INSTALLUX;7667;Non;37,5;;;;;;;
Profil Alu;;REHAUS INTERCALAIRE PVC;ARCELOR (BERTON SICARD);INSTALLUX;7671;Non;6,5;;;;;;;
Profil Alu;;REHAUS PVC 10;ARCELOR (BERTON SICARD);INSTALLUX;7672;Non;6,5;;;;;;;
Profil Alu;;ISOLANT THERMIQUE 25X20;ARCELOR (BERTON SICARD);INSTALLUX;7677;Non;62,5;;;;;;;
EMBOUT;;EMBOUT AERATEUR HAUT G+D;ARCELOR (BERTON SICARD);INSTALLUX;9024;Non;1;;;;;;;
EMBOUT;;EMBOUT AERATEUR BAS G+D;ARCELOR (BERTON SICARD);INSTALLUX;9025;Non;1;;;;;;;
Profil Alu;;BOUCLIER THERMIQUE;ARCELOR (BERTON SICARD);INSTALLUX;9395;Non;6,5;;;;;;;
Profil Alu;;CACHE TROU DIAMETRE 10;ARCELOR (BERTON SICARD);INSTALLUX;9549;Non;20;;;;;;;
Profil Alu;;GUIDE CROISEMENT;ARCELOR (BERTON SICARD);INSTALLUX;9580;Non;8;;;;;;;
Profil Alu;;GUIDE EXTREMITE;ARCELOR (BERTON SICARD);INSTALLUX;9581;Non;8;;;;;;;
Profil Alu;;GUIDE CROISEMENT H+B;ARCELOR (BERTON SICARD);INSTALLUX;9700;Non;4;;;;;;;
EMBOUT;;EMBOUT /9349 / FC5-FC6;ARCELOR (BERTON SICARD);INSTALLUX;9701;Non;4;;;;;;;
EMBOUT;;EMBOUT D’EXTREMITE;ARCELOR (BERTON SICARD);INSTALLUX;9702;Non;4;;;;;;;
EMBOUT;;EMBOUT DU RECUP.EAU/6624;ARCELOR (BERTON SICARD);INSTALLUX;9703;Non;4;;;;;;;
EMBOUT;;EMBOUT FINIT.(H+B)MT.EXT;ARCELOR (BERTON SICARD);INSTALLUX;9712;Non;1;;;;;;;
EMBOUT;;EMBOUT FINIT.(H+B)MT.CRT;ARCELOR (BERTON SICARD);INSTALLUX;9713;Non;1;;;;;;;
Profil Alu;;ARRET AMORTISSEUR;ARCELOR (BERTON SICARD);INSTALLUX;150001;Non;1;;;;;;;
EMBOUT;;EMBOUT ETANCHEITE CENTR;ARCELOR (BERTON SICARD);INSTALLUX;460020;Non;10;;;;;;;
EMBOUT;;EMBOUT SEMI FIXE;ARCELOR (BERTON SICARD);INSTALLUX;460021;Non;10;;;;;;;
Profil Alu;;KIT ETANCHEITE BATTUE;ARCELOR (BERTON SICARD);INSTALLUX;460022;Non;1;;;;;;;
Profil Alu;;KIT ETANCH.PF.VS GAUCHE;ARCELOR (BERTON SICARD);INSTALLUX;460029;Non;1;;;;;;;
Profil Alu;;ETANCH.OUVRANT PF 1&2VTX;ARCELOR (BERTON SICARD);INSTALLUX;460081;Non;10;;;;;;;
EMBOUT;;KIT EMBOUT ETANCH MT SF;ARCELOR (BERTON SICARD);INSTALLUX;463000;Non;1;;;;;;;
EMBOUT;;KIT EMBOUT TRAVERSE SF;ARCELOR (BERTON SICARD);INSTALLUX;463001;Non;1;;;;;;;
EMBOUT;;KIT EMBOUT D+G/423044;ARCELOR (BERTON SICARD);INSTALLUX;463006;Non;1;;;;;;;
Profil Alu;;KIT ETANCH.PF.VS GAUCHE;ARCELOR (BERTON SICARD);INSTALLUX;463036;Non;1;;;;;;;
Profil Alu;;GACHE HAUTE P.VER.SF APP;ARCELOR (BERTON SICARD);INSTALLUX;550035;Non;1;;;;;;;
Profil Alu;;KIT EMB. REJET D’EAU D+G;ARCELOR (BERTON SICARD);INSTALLUX;560002;Non;10;;;;;;;
Profil Alu;;KIT EMB. DE SEUIL D+G;ARCELOR (BERTON SICARD);INSTALLUX;560003;Non;10;;;;;;;
Profil Alu;;KIT EMB.REJET EAU PL D+G;ARCELOR (BERTON SICARD);INSTALLUX;560007;Non;10;;;;;;;
Profil Alu;;CHICANE CROISEMENT.RAPPO;ARCELOR (BERTON SICARD);INSTALLUX;930000;Non;6,5;;;;;;;
Profil Alu;;BOUCLIER THERMIQUE;ARCELOR (BERTON SICARD);INSTALLUX;930001;Non;6,5;;;;;;;
Profil Alu;;BOUCLIER THERMIQUE BAS;ARCELOR (BERTON SICARD);INSTALLUX;930002;Non;6,5;;;;;;;
Profil Alu;;CHICANE CROISEMENT;ARCELOR (BERTON SICARD);INSTALLUX;930201;Non;6,5;;;;;;;
Profil Alu;;BOUCLIER THERMIQUE DORM;ARCELOR (BERTON SICARD);INSTALLUX;930203;Non;6,5;;;;;;;
Profil Alu;;CACHE BARRETTE SEUIL;ARCELOR (BERTON SICARD);INSTALLUX;930204;Non;6,5;;;;;;;
Profil Alu;;GUIDAGE MONT EXTREMITE;ARCELOR (BERTON SICARD);INSTALLUX;960001;Non;4;;;;;;;
Profil Alu;;BOUCH VTX LIGN CARRE H+B;ARCELOR (BERTON SICARD);INSTALLUX;960003;Non;1;;;;;;;
Profil Alu;;BOUCH VTX LIGNE ROND H+B;ARCELOR (BERTON SICARD);INSTALLUX;960005;Non;1;;;;;;;
Profil Alu;;GUIDAGE MONT CROISEM H+B;ARCELOR (BERTON SICARD);INSTALLUX;960010;Non;2;;;;;;;
Profil Alu;;BLOC SEUIL PLAT;ARCELOR (BERTON SICARD);INSTALLUX;A5000;Non;10;;;;;;;
Profil Alu;;BLOC SEUIL RENFORCE;ARCELOR (BERTON SICARD);INSTALLUX;A5001;Non;10;;;;;;;
Profil Alu;;ETANCHEITE OUVRANT;ARCELOR (BERTON SICARD);INSTALLUX;A5002;Non;10;;;;;;;
EMBOUT;;EMBOUT REJET D’EAU;ARCELOR (BERTON SICARD);INSTALLUX;A5003;Non;10;;;;;;;
EMBOUT;;EMBOUT AILE SEM.FIX. D+G;ARCELOR (BERTON SICARD);INSTALLUX;A5005;Non;20;;;;;;;
Profil Alu;;ETANCHEITE GAUCHE;ARCELOR (BERTON SICARD);INSTALLUX;A5035;Non;2;;;;;;;
Profil Alu;;ETANCH.SEUIL P5057/P5056;ARCELOR (BERTON SICARD);INSTALLUX;A5069;Non;1;;;;;;;
EMBOUT;;EMBOUT FINIT.P5055/P5058;ARCELOR (BERTON SICARD);INSTALLUX;A5070;Non;1;;;;;;;
Profil Alu;;BUTEE DIAM. 35X24MM;ARCELOR (BERTON SICARD);INSTALLUX;A5073;Non;1;;;;;;;
Profil Alu;;BAGUE;ARCELOR (BERTON SICARD);INSTALLUX;A6032;Non;2000;;;;;;;
Profil Alu;;KIT DE FLASQUES;ARCELOR (BERTON SICARD);INSTALLUX;A6035;Non;50;;;;;;;
Profil Alu;;EQUERRE DE MOUSTIQUAIRE;ARCELOR (BERTON SICARD);INSTALLUX;A6040;Non;800;;;;;;;
profil alu;;PROFIL PORTE JOINT;ARCELOR (BERTON SICARD);INSTALLUX;P5063;Non;6,5;;;;;;;
Profil Alu;;ARRET AU SOL;ARCELOR (BERTON SICARD);INSTALLUX;677;Non;1;;;;;;;
EMBOUT;;EMBOUT /201;ARCELOR (BERTON SICARD);INSTALLUX;1235;Non;10;;;;;;;
EMBOUT;;EMBOUT /5420TH G+D;ARCELOR (BERTON SICARD);INSTALLUX;5262;Non;10;;;;;;;
EMBOUT;;EMBOUT ETANCHEITE BAS;ARCELOR (BERTON SICARD);INSTALLUX;5346;Non;2;;;;;;;
PARCLOSE;;*PARCLOSE PVC;ARCELOR (BERTON SICARD);INSTALLUX;5386;Non;6,5;;;;;;;
Profil Alu;;ISOLATION PVC BASCULANT;ARCELOR (BERTON SICARD);INSTALLUX;5430;Non;6,5;;;;;;;
Profil Alu;;DEFLECTEUR 10;ARCELOR (BERTON SICARD);INSTALLUX;5610;Non;20;;;;;;;
Profil Alu;;DEFLECTEUR A CLAPET;ARCELOR (BERTON SICARD);INSTALLUX;5612;Non;20;;;;;;;
Profil Alu;;CACHE TROU DIAMETRE 12;ARCELOR (BERTON SICARD);INSTALLUX;5615;Non;20;;;;;;;
Profil Alu;;CACHE TROU DIAMETRE 14;ARCELOR (BERTON SICARD);INSTALLUX;5617;Non;10;;;;;;;
Profil Alu;;GUIDE TIGE CREMONE;ARCELOR (BERTON SICARD);INSTALLUX;5783;Non;10;;;;;;;
EMBOUT;;EMBOUT /6621 G+D;ARCELOR (BERTON SICARD);INSTALLUX;6671;Non;10;;;;;;;
EMBOUT;;EMBOUT D+G /6622;ARCELOR (BERTON SICARD);INSTALLUX;6672;Non;10;;;;;;;
EMBOUT;;EMBOUT /RECUP.EAU 6623;ARCELOR (BERTON SICARD);INSTALLUX;6673;Non;4;;;;;;;
EMBOUT;;EMBOUT /6625 H+B;ARCELOR (BERTON SICARD);INSTALLUX;6675;Non;1;;;;;;;
EMBOUT;;EMBOUT /6626 H+B;ARCELOR (BERTON SICARD);INSTALLUX;6676;Non;1;;;;;;;
EMBOUT;;EMBOUT /6627 H+B;ARCELOR (BERTON SICARD);INSTALLUX;6677;Non;1;;;;;;;
EMBOUT;;EMBOUT RECUP. G+D;ARCELOR (BERTON SICARD);INSTALLUX;6678;Non;10;;;;;;;
Profil Alu;;REHAUSSEUR PVC;ARCELOR (BERTON SICARD);INSTALLUX;463014;Non;20;;;;;;;
Profil Alu;;JOINT DE TRAVERSE 6;ARCELOR (BERTON SICARD);INSTALLUX;8612;Non;50;;;;;;;
EMBOUT;;EMBOUT AERATEUR HAUT G+D;ARCELOR (BERTON SICARD);INSTALLUX;9024;Non;1;;;;;;;
EMBOUT;;EMBOUT AERATEUR BAS G+D;ARCELOR (BERTON SICARD);INSTALLUX;9025;Non;1;;;;;;;
Profil Alu;;BOUCLIER THERMIQUE;ARCELOR (BERTON SICARD);INSTALLUX;9395;Non;6,5;;;;;;;
Profil Alu;;CACHE TROU DIAMETRE 10;ARCELOR (BERTON SICARD);INSTALLUX;9549;Non;20;;;;;;;
Profil Alu;;GUIDE CROISEMENT;ARCELOR (BERTON SICARD);INSTALLUX;9580;Non;8;;;;;;;
Profil Alu;;GUIDE EXTREMITE;ARCELOR (BERTON SICARD);INSTALLUX;9581;Non;8;;;;;;;
Profil Alu;;GUIDE CROISEMENT H+B;ARCELOR (BERTON SICARD);INSTALLUX;9700;Non;4;;;;;;;
EMBOUT;;EMBOUT /9349 / FC5-FC6;ARCELOR (BERTON SICARD);INSTALLUX;9701;Non;4;;;;;;;
EMBOUT;;EMBOUT D’EXTREMITE;ARCELOR (BERTON SICARD);INSTALLUX;9702;Non;4;;;;;;;
EMBOUT;;EMBOUT DU RECUP.EAU/6624;ARCELOR (BERTON SICARD);INSTALLUX;9703;Non;4;;;;;;;
EMBOUT;;EMBOUT FINIT.(H+B)MT.EXT;ARCELOR (BERTON SICARD);INSTALLUX;9712;Non;1;;;;;;;
EMBOUT;;EMBOUT FINIT.(H+B)MT.CRT;ARCELOR (BERTON SICARD);INSTALLUX;9713;Non;1;;;;;;;
Profil Alu;;ARRET AMORTISSEUR;ARCELOR (BERTON SICARD);INSTALLUX;150001;Non;1;;;;;;;
EMBOUT;;EMBOUT ETANCHEITE CENTR;ARCELOR (BERTON SICARD);INSTALLUX;460020;Non;10;;;;;;;
EMBOUT;;EMBOUT SEMI FIXE;ARCELOR (BERTON SICARD);INSTALLUX;460021;Non;10;;;;;;;
Profil Alu;;KIT ETANCHEITE BATTUE;ARCELOR (BERTON SICARD);INSTALLUX;460022;Non;1;;;;;;;
Profil Alu;;KIT ETANCH.PF.VS GAUCHE;ARCELOR (BERTON SICARD);INSTALLUX;460029;Non;1;;;;;;;
Profil Alu;;ETANCH.OUVRANT PF 1&2VTX;ARCELOR (BERTON SICARD);INSTALLUX;460081;Non;10;;;;;;;
EMBOUT;;KIT EMBOUT ETANCH MT SF;ARCELOR (BERTON SICARD);INSTALLUX;463000;Non;1;;;;;;;
EMBOUT;;KIT EMBOUT TRAVERSE SF;ARCELOR (BERTON SICARD);INSTALLUX;463001;Non;1;;;;;;;
EMBOUT;;KIT EMBOUT D+G/423044;ARCELOR (BERTON SICARD);INSTALLUX;463006;Non;1;;;;;;;
Profil Alu;;KIT ETANCH.PF.VS GAUCHE;ARCELOR (BERTON SICARD);INSTALLUX;463036;Non;1;;;;;;;
Profil Alu;;GACHE HAUTE P.VER.SF APP;ARCELOR (BERTON SICARD);INSTALLUX;550035;Non;1;;;;;;;
Profil Alu;;KIT EMB. REJET D’EAU D+G;ARCELOR (BERTON SICARD);INSTALLUX;560002;Non;10;;;;;;;
Profil Alu;;KIT EMB. DE SEUIL D+G;ARCELOR (BERTON SICARD);INSTALLUX;560003;Non;10;;;;;;;
Profil Alu;;KIT EMB.REJET EAU PL D+G;ARCELOR (BERTON SICARD);INSTALLUX;560007;Non;10;;;;;;;
profil alu;;PROFIL PVC POTEAU 150°;ARCELOR (BERTON SICARD);INSTALLUX;730001;Non;6,5;;;;;;;
Profil Alu;;CHICANE CROISEMENT.RAPPO;ARCELOR (BERTON SICARD);INSTALLUX;930000;Non;6,5;;;;;;;
Profil Alu;;BOUCLIER THERMIQUE;ARCELOR (BERTON SICARD);INSTALLUX;930001;Non;6,5;;;;;;;
Profil Alu;;BOUCLIER THERMIQUE BAS;ARCELOR (BERTON SICARD);INSTALLUX;930002;Non;6,5;;;;;;;
Profil Alu;;CHICANE CROISEMENT;ARCELOR (BERTON SICARD);INSTALLUX;930201;Non;6,5;;;;;;;
Profil Alu;;BOUCLIER THERMIQUE DORM;ARCELOR (BERTON SICARD);INSTALLUX;930203;Non;6,5;;;;;;;
Profil Alu;;CACHE BARRETTE SEUIL;ARCELOR (BERTON SICARD);INSTALLUX;930204;Non;6,5;;;;;;;
Profil Alu;;SUPPORT VANTAIL FIXE;ARCELOR (BERTON SICARD);INSTALLUX;930205;Non;6,5;;;;;;;
Profil Alu;;GUIDAGE MONT EXTREMITE;ARCELOR (BERTON SICARD);INSTALLUX;960001;Non;4;;;;;;;
Profil Alu;;BOUCH VTX LIGN CARRE H+B;ARCELOR (BERTON SICARD);INSTALLUX;960003;Non;1;;;;;;;
Profil Alu;;BOUCH VTX LIGNE ROND H+B;ARCELOR (BERTON SICARD);INSTALLUX;960005;Non;1;;;;;;;
Profil Alu;;GUIDAGE MONT CROISEM H+B;ARCELOR (BERTON SICARD);INSTALLUX;960010;Non;2;;;;;;;
EMBOUT;;EMBOUT /201;ARCELOR (BERTON SICARD);INSTALLUX;1235;Non;10;;;;;;;
Profil Alu;;DEFLECTEUR 10;ARCELOR (BERTON SICARD);INSTALLUX;5610;Non;20;;;;;;;
Profil Alu;;DEFLECTEUR A CLAPET;ARCELOR (BERTON SICARD);INSTALLUX;5612;Non;20;;;;;;;
EMBOUT;;EMBOUT /6621 G+D;ARCELOR (BERTON SICARD);INSTALLUX;6671;Non;10;;;;;;;
EMBOUT;;EMBOUT D+G /6622;ARCELOR (BERTON SICARD);INSTALLUX;6672;Non;10;;;;;;;
EMBOUT;;EMBOUT /RECUP.EAU 6623;ARCELOR (BERTON SICARD);INSTALLUX;6673;Non;4;;;;;;;
EMBOUT;;EMBOUT RECUP. G+D;ARCELOR (BERTON SICARD);INSTALLUX;6678;Non;10;;;;;;;
Profil Alu;;JOINT DE TRAVERSE 6;ARCELOR (BERTON SICARD);INSTALLUX;8612;Non;50;;;;;;;
Profil Alu;;GUIDE CROISEMENT;ARCELOR (BERTON SICARD);INSTALLUX;9580;Non;8;;;;;;;
Profil Alu;;GUIDE EXTREMITE;ARCELOR (BERTON SICARD);INSTALLUX;9581;Non;8;;;;;;;
Profil Alu;;GUIDE CROISEMENT H+B;ARCELOR (BERTON SICARD);INSTALLUX;9700;Non;4;;;;;;;
EMBOUT;;EMBOUT /9349 / FC5-FC6;ARCELOR (BERTON SICARD);INSTALLUX;9701;Non;4;;;;;;;
EMBOUT;;EMBOUT D’EXTREMITE;ARCELOR (BERTON SICARD);INSTALLUX;9702;Non;4;;;;;;;
EMBOUT;;EMBOUT DU RECUP.EAU/6624;ARCELOR (BERTON SICARD);INSTALLUX;9703;Non;4;;;;;;;
EMBOUT;;EMBOUT FINIT.(H+B)MT.EXT;ARCELOR (BERTON SICARD);INSTALLUX;9712;Non;1;;;;;;;
EMBOUT;;EMBOUT FINIT.(H+B)MT.CRT;ARCELOR (BERTON SICARD);INSTALLUX;9713;Non;1;;;;;;;
EMBOUT;;PAIRE EMBOUTS DBLAGE 120;ARCELOR (BERTON SICARD);INSTALLUX;460091;Non;1;;;;;;;
EMBOUT;;PAIRE EMBOUTS DBLAGE 140;ARCELOR (BERTON SICARD);INSTALLUX;460092;Non;1;;;;;;;
EMBOUT;;PAIRE EMBOUTS DBLAGE 160;ARCELOR (BERTON SICARD);INSTALLUX;460093;Non;1;;;;;;;
EMBOUT;;PAIRE EMBOUTS DBLAGE 100;ARCELOR (BERTON SICARD);INSTALLUX;460094;Non;1;;;;;;;
Profil Alu;;GACHE HAUTE P.VER.SF APP;ARCELOR (BERTON SICARD);INSTALLUX;550035;Non;1;;;;;;;
Profil Alu;;BUSETTE A VOLET;ARCELOR (BERTON SICARD);INSTALLUX;960038;Non;10;;;;;;;
Profil Alu;;BEQUILLE SPLE PORTE FLOW;ARCELOR (BERTON SICARD);INSTALLUX;1861;Non;1;;;;;;;
Profil Alu;;BEQUILLE FENETRE OPERA;ARCELOR (BERTON SICARD);INSTALLUX;5871;Non;1;;;;;;;
Profil Alu;;PAUMELLE A CLAMER;ARCELOR (BERTON SICARD);INSTALLUX;560011;Non;1;;;;;;;
Profil Alu;;FERMETURE EN SAILLIE;ARCELOR (BERTON SICARD);INSTALLUX;9923;Non;1;;;;;;;
Profil Alu;;EQUERRE/DORMANT DOUBLE A;ARCELOR (BERTON SICARD);INSTALLUX;A50075;Non;4;;;;;;;
Profil Alu;;SERRURE 1 PT;ARCELOR (BERTON SICARD);INSTALLUX;A5023;Non;1;;;;;;;
Profil Alu;;SERRURE 1 PT ROULEAU;ARCELOR (BERTON SICARD);INSTALLUX;A5024;Non;1;;;;;;;
Profil Alu;;SERRURE 3 PT;ARCELOR (BERTON SICARD);INSTALLUX;A5025;Non;1;;;;;;;
Profil Alu;;SERRURE 3 PTS ROULEAU;ARCELOR (BERTON SICARD);INSTALLUX;A5027;Non;1;;;;;;;
Profil Alu;;GACHE ELECTRIQUE;ARCELOR (BERTON SICARD);INSTALLUX;A5030;Non;1;;;;;;;
Profil Alu;;CLAMEAU 14/17;ARCELOR (BERTON SICARD);INSTALLUX;A5038;Non;100;;;;;;;
Profil Alu;;KIT CONTACTEUR FEUILLURE;ARCELOR (BERTON SICARD);INSTALLUX;A5039;Non;1;;;;;;;
Profil Alu;;SERRURE 3PTS + GACHE;ARCELOR (BERTON SICARD);INSTALLUX;A5061;Non;1;;;;;;;
Profil Alu;;SERRURE 5PTS + GACHE;ARCELOR (BERTON SICARD);INSTALLUX;A5062;Non;1;;;;;;;
Profil Alu;;SERRURE 3PTS AUTO D;ARCELOR (BERTON SICARD);INSTALLUX;A5063;Non;1;;;;;;;
Profil Alu;;SERRURE 3PTS AUTO G;ARCELOR (BERTON SICARD);INSTALLUX;A5065;Non;1;;;;;;;
Profil Alu;;SERRURE 3PTS PENE DORM.;ARCELOR (BERTON SICARD);INSTALLUX;A5071N;Non;1;;;;;;;
profil Alu;;ACCES.SER.PORTE A CLAMER;ARCELOR (BERTON SICARD);INSTALLUX;A5072N;Non;1;;;;;;;
Profil Alu;;MOTEUR TRANSFO CABLE;ARCELOR (BERTON SICARD);INSTALLUX;A5076;Non;1;;;;;;;
Profil Alu;;KIT FIX PAUMELLE 2B;ARCELOR (BERTON SICARD);INSTALLUX;A5090;Non;1;;;;;;;
Profil Alu;;KIT FIX PAUMELLE 3B;ARCELOR (BERTON SICARD);INSTALLUX;A5091;Non;1;;;;;;;
Profil Alu;;KIT TULIPE MANIVELLE;ARCELOR (BERTON SICARD);INSTALLUX;A6016-2;Non;1;;;;;;;
Profil Alu;;VIS EPAULEE FREIN FILET;ARCELOR (BERTON SICARD);INSTALLUX;A6033;Non;700;;;;;;;
EMBOUT;;KIT EMBOUT P.LAME;ARCELOR (BERTON SICARD);INSTALLUX;A6036;Non;200;;;;;;;
Profil Alu;;PETIT FLASQUE MT GAUCHE;ARCELOR (BERTON SICARD);INSTALLUX;A6061;Non;250;;;;;;;
Profil Alu;;PETIT FLASQUE MT DROIT;ARCELOR (BERTON SICARD);INSTALLUX;A6062;Non;250;;;;;;;
Profil Alu;;VERROU REGLABLE;ARCELOR (BERTON SICARD);INSTALLUX;A6082;Non;10;;;;;;;
Profil Alu;;ARRET AUTOMATIQUE VOLET;ARCELOR (BERTON SICARD);INSTALLUX;A6089;Non;1;;;;;;;
profil alu;;CLIP PROFILS /112 /167;ARCELOR (BERTON SICARD);INSTALLUX;CL112;Non;50;;;;;;;
Profil Alu;;ECROU HU 5 INOX;ARCELOR (BERTON SICARD);INSTALLUX;ECROUHM5;Non;100;;;;;;;
Profil Alu;;ECROU HU M6 INOX;ARCELOR (BERTON SICARD);INSTALLUX;ECROUHM6;Non;100;;;;;;;
Profil Alu;;ECROU HU 8 INOX;ARCELOR (BERTON SICARD);INSTALLUX;ECROUHM8;Non;50;;;;;;;
Profil Alu;;BLOC OUTIL PORTE A CLAM.;ARCELOR (BERTON SICARD);INSTALLUX;F5000;Non;1;;;;;;;
Profil Alu;;PLAQUE COPIAGE SERRURE;ARCELOR (BERTON SICARD);INSTALLUX;F5001;Non;1;;;;;;;
Profil Alu;;PLAQUE COPIAGE GACHE;ARCELOR (BERTON SICARD);INSTALLUX;F5004;Non;1;;;;;;;
Profil Alu;;GAB.PER.EQU.VA.27,1X12,7;ARCELOR (BERTON SICARD);INSTALLUX;F5007;Non;1;;;;;;;
Profil Alu;;GAB.PER.EQU.VA.41,8X12,7;ARCELOR (BERTON SICARD);INSTALLUX;F5008;Non;1;;;;;;;
Profil Alu;;GABARIT KIT ENTR BEQUIL;ARCELOR (BERTON SICARD);INSTALLUX;F6063;Non;1;;;;;;;
Profil Alu;;PLAQUE DE COPIAGE;ARCELOR (BERTON SICARD);INSTALLUX;F6064;Non;1;;;;;;;
profil alu;;GAB PERC MONTANT FIX TRA;ARCELOR (BERTON SICARD);INSTALLUX;F6066;Non;1;;;;;;;
Profil Alu;;GABARIT PERCAGE TREUIL;ARCELOR (BERTON SICARD);INSTALLUX;F6067;Non;1;;;;;;;
Profil Alu;;PLAQUE DE COPIAGE VOLET;ARCELOR (BERTON SICARD);INSTALLUX;F6070;Non;1;;;;;;;
Profil Alu;;GOUP ISO 8740 3 CAN 120;ARCELOR (BERTON SICARD);INSTALLUX;GC6X50;Non;20;;;;;;;
Profil Alu;;ECROU HM5 BORGNE INOX;ARCELOR (BERTON SICARD);INSTALLUX;HM5BORGN;Non;100;;;;;;;
Profil Alu;;ECROU HM5 FREIN;ARCELOR (BERTON SICARD);INSTALLUX;HM5FREIN;Non;100;;;;;;;
Profil Alu;;ECROU HM8 FREIN;ARCELOR (BERTON SICARD);INSTALLUX;HM8FREIN;Non;50;;;;;;;
Profil Alu;;JONC MOUSTIQUAIRE;ARCELOR (BERTON SICARD);INSTALLUX;J6009;Non;300;;;;;;;
Profil Alu;;JONC MOUSTIQUAIRE;ARCELOR (BERTON SICARD);INSTALLUX;J6009/50;Non;50;;;;;;;
Profil Alu;;SEUIL RPT PORTES REPLIA.;ARCELOR (BERTON SICARD);INSTALLUX;P5057;Non;6;;;;;;;
Profil Alu;;SEUIL 11MM;ARCELOR (BERTON SICARD);INSTALLUX;P5062;Non;6,5;;;;;;;
Profil Alu;;ECROU A SERTIR M4 11,5MM;ARCELOR (BERTON SICARD);INSTALLUX;RIV 4;Non;100;;;;;;;
Profil Alu;;ECROU A SERTIR M5 15MM;ARCELOR (BERTON SICARD);INSTALLUX;RIV 5;Non;100;;;;;;;
Profil Alu;;RIVET TARAUD M5 INOX;ARCELOR (BERTON SICARD);INSTALLUX;RIV 5IN;Non;100;;;;;;;
Profil Alu;;ECROU A SERTIR M5.CANNE;ARCELOR (BERTON SICARD);INSTALLUX;RIV 5TR;Non;100;;;;;;;
Profil Alu;;ECROU A SERTIR M6 17MM;ARCELOR (BERTON SICARD);INSTALLUX;RIV 6;Non;100;;;;;;;
Profil Alu;;RIVET TARAUD M6 INOX;ARCELOR (BERTON SICARD);INSTALLUX;RIV 6IN;Non;100;;;;;;;
Profil Alu;;ECROU SERT.M6 TETE AFFL;ARCELOR (BERTON SICARD);INSTALLUX;RIV 6TA;Non;100;;;;;;;
Profil Alu;;ECROU A SERTIR M8 19MM;ARCELOR (BERTON SICARD);INSTALLUX;RIV 8;Non;100;;;;;;;
Profil Alu;;RONDELLE PLATE ZU 5 INOX;ARCELOR (BERTON SICARD);INSTALLUX;RONDEL5;Non;100;;;;;;;
Profil Alu;;VT TCB 10X9,5 BOUT PL.I.;ARCELOR (BERTON SICARD);INSTALLUX;TCB109.5;Non;100;;;;;;;
EMBOUT;;EMBOUT DE TIGE CREMONE;ARCELOR (BERTON SICARD);INSTALLUX;30-4;Non;1;;;;;;;
Profil Alu;;CALE ASSISE DOUBLE;ARCELOR (BERTON SICARD);INSTALLUX;52;Non;50;;;;;;;
Profil Alu;;CHARIOT PORTE COULISSANT;ARCELOR (BERTON SICARD);INSTALLUX;133;Non;2;;;;;;;
Profil Alu;;GUIDE BAS PORTE COUL.;ARCELOR (BERTON SICARD);INSTALLUX;134;Non;4;;;;;;;
Profil Alu;;BOITE A ROULEMENT;ARCELOR (BERTON SICARD);INSTALLUX;137;Non;2;;;;;;;
Profil Alu;;GACHE ARRET PORTE COULIS;ARCELOR (BERTON SICARD);INSTALLUX;138;Non;2;;;;;;;
Profil Alu;;CACHE RAINURE 40;ARCELOR (BERTON SICARD);INSTALLUX;150;Non;6;;;;;;;
Profil Alu;;CACHE RAINURE 40;ARCELOR (BERTON SICARD);INSTALLUX;150L;Non;6;;;;;;;
Profil Alu;;BATTUE DBL ETANCHEITE;ARCELOR (BERTON SICARD);INSTALLUX;152;Non;6;;;;;;;
Profil Alu;;BATTUE DBL ETANCHEITE;ARCELOR (BERTON SICARD);INSTALLUX;152L;Non;6;;;;;;;
Profil Alu;;CLOSOIR SIMPLE;ARCELOR (BERTON SICARD);INSTALLUX;153;Non;6;;;;;;;
Profil Alu;;CLOSOIR SIMPLE;ARCELOR (BERTON SICARD);INSTALLUX;153L;Non;6;;;;;;;
Profil Alu;;*BATTUE SIMPL ETANCHEITE;ARCELOR (BERTON SICARD);INSTALLUX;157;Non;6;;;;;;;
PARCLOSE;;*PARCLOSE REMPL. 46/65;ARCELOR (BERTON SICARD);INSTALLUX;173;Non;6;;;;;;;
Profil Alu;;DORMANT 140 RALLONGE;ARCELOR (BERTON SICARD);INSTALLUX;205;Non;6,5;;;;;;;
PARCLOSE;;*PARCLOSE TALON SECURITE;ARCELOR (BERTON SICARD);INSTALLUX;218;Non;6;;;;;;;
Profil Alu;;RAIDISSEUR 40X20;ARCELOR (BERTON SICARD);INSTALLUX;306;Non;6,5;;;;;;;
Profil Alu;;RAIDISSEUR 40X20 USINE;ARCELOR (BERTON SICARD);INSTALLUX;307;Non;6,5;;;;;;;
Profil Alu;;CLAMEAU / MC REF. 375;ARCELOR (BERTON SICARD);INSTALLUX;333;Non;10;;;;;;;
Profil Alu;;FIXATION RAIDISSEUR/LIS.;ARCELOR (BERTON SICARD);INSTALLUX;354;Non;2;;;;;;;
Profil Alu;;CLAMEAU MAIN COURANTE;ARCELOR (BERTON SICARD);INSTALLUX;355;Non;10;;;;;;;
Profil Alu;;CLAMEAU MAIN COURANTE;ARCELOR (BERTON SICARD);INSTALLUX;356;Non;10;;;;;;;
Profil Alu;;FIXATION BARREAU/RAMPANT;ARCELOR (BERTON SICARD);INSTALLUX;358;Non;10;;;;;;;
Profil Alu;;FIXATIO BARREAU/RAMPA;ARCELOR (BERTON SICARD);INSTALLUX;362;Non;10;;;;;;;
Profil Alu;;RACCORD LISSE HAUTE BAS;ARCELOR (BERTON SICARD);INSTALLUX;369;Non;2;;;;;;;
Profil Alu;;GACHE INOX SERRURE 407;ARCELOR (BERTON SICARD);INSTALLUX;400;Non;1;;;;;;;
Profil Alu;;SERRURE 1/2TOUR A LA CLE;ARCELOR (BERTON SICARD);INSTALLUX;407;Non;1;;;;;;;
Profil Alu;;SERRURE A ROULEAU;ARCELOR (BERTON SICARD);INSTALLUX;408;Non;1;;;;;;;
Profil Alu;;SERRURE PENE DORM. SEUL;ARCELOR (BERTON SICARD);INSTALLUX;414;Non;1;;;;;;;
Profil Alu;;SERRURE CREMONE A CLE;ARCELOR (BERTON SICARD);INSTALLUX;429;Non;1;;;;;;;
Profil Alu;;SERRURE CREMONE A CLE;ARCELOR (BERTON SICARD);INSTALLUX;430;Non;1;;;;;;;
Profil Alu;;SERRURE CREMONE A CARRE;ARCELOR (BERTON SICARD);INSTALLUX;431;Non;1;;;;;;;
Profil Alu;;VERROU DE FEUILL.152-157;ARCELOR (BERTON SICARD);INSTALLUX;432;Non;1;;;;;;;
Profil Alu;;SERRURE 1/2TOUR RETRACT.;ARCELOR (BERTON SICARD);INSTALLUX;433;Non;1;;;;;;;
Profil Alu;;VERROU DE FEUILL.182-183;ARCELOR (BERTON SICARD);INSTALLUX;434;Non;1;;;;;;;
Profil Alu;;SERRURE 3 PTS;ARCELOR (BERTON SICARD);INSTALLUX;436;Non;1;;;;;;;
Profil Alu;;SERRURE 3 PTS ROULEAU;ARCELOR (BERTON SICARD);INSTALLUX;437;Non;1;;;;;;;
Profil Alu;;GACHE ELECTR.DEC.MANUEL.;ARCELOR (BERTON SICARD);INSTALLUX;441;Non;1;;;;;;;
Profil Alu;;GACHE ELECTRIQUE;ARCELOR (BERTON SICARD);INSTALLUX;442;Non;1;;;;;;;
Profil Alu;;SERRURE PORTE COUL.;ARCELOR (BERTON SICARD);INSTALLUX;445;Non;1;;;;;;;
Profil Alu;;CASSETTE DRAINAGE OUV;ARCELOR (BERTON SICARD);INSTALLUX;470K1;Non;1;;;;;;;
Profil Alu;;CASSETTE DORMANT HAUT;ARCELOR (BERTON SICARD);INSTALLUX;473K1;Non;1;;;;;;;
Profil Alu;;RENFORT POTEAU 150X150;ARCELOR (BERTON SICARD);INSTALLUX;502;Non;3;;;;;;;
Profil Alu;;CHARIOT AUTOPORTANT;ARCELOR (BERTON SICARD);INSTALLUX;517;Non;2;;;;;;;
Profil Alu;;ETRIER POTEAU 150X150;ARCELOR (BERTON SICARD);INSTALLUX;521;Non;1;;;;;;;
Profil Alu;;CONTREPLAQUE AUTOPORTANT;ARCELOR (BERTON SICARD);INSTALLUX;522;Non;2;;;;;;;
Profil Alu;;KIT PLATINE CLOTURE;ARCELOR (BERTON SICARD);INSTALLUX;534;Non;5;;;;;;;
Profil Alu;;SERRURE BATTEUSE;ARCELOR (BERTON SICARD);INSTALLUX;539;Non;1;;;;;;;
Profil Alu;;PLATINE POUR 542;ARCELOR (BERTON SICARD);INSTALLUX;544;Non;10;;;;;;;
Profil Alu;;CONTRE PLAQUE PR 542;ARCELOR (BERTON SICARD);INSTALLUX;548;Non;2;;;;;;;
Profil Alu;;JONCTION COULISSANT;ARCELOR (BERTON SICARD);INSTALLUX;549;Non;2;;;;;;;
Profil Alu;;CONTREPLAQUE POUR 525;ARCELOR (BERTON SICARD);INSTALLUX;553;Non;2;;;;;;;
Profil Alu;;BUTEE AUTOPORTANT;ARCELOR (BERTON SICARD);INSTALLUX;554;Non;1;;;;;;;
Profil Alu;;SUPPORT POUR BUTEE;ARCELOR (BERTON SICARD);INSTALLUX;556;Non;1;;;;;;;
Profil Alu;;CALES POUR SABOT;ARCELOR (BERTON SICARD);INSTALLUX;571;Non;2;;;;;;;
Profil Alu;;ROUE SUPPORT;ARCELOR (BERTON SICARD);INSTALLUX;582;Non;2;;;;;;;
Profil Alu;;CLAMEAU ACIER DIAMETRE 4;ARCELOR (BERTON SICARD);INSTALLUX;604;Non;50;;;;;;;
Profil Alu;;CLAMEAU ACIER DIAMETRE 5;ARCELOR (BERTON SICARD);INSTALLUX;605;Non;50;;;;;;;
Profil Alu;;CLAMEAU INOX DIAMETRE 5;ARCELOR (BERTON SICARD);INSTALLUX;606;Non;50;;;;;;;
Profil Alu;;FIXATION CLOTURE;ARCELOR (BERTON SICARD);INSTALLUX;618;Non;4;;;;;;;
Profil Alu;;CONTREPLAQUE BOUT TRAV.;ARCELOR (BERTON SICARD);INSTALLUX;647;Non;1;;;;;;;
Profil Alu;;CONTREPLAQUE FIXATION;ARCELOR (BERTON SICARD);INSTALLUX;651;Non;2;;;;;;;
Profil Alu;;CONTREPLAQUE /621/660;ARCELOR (BERTON SICARD);INSTALLUX;658;Non;2;;;;;;;
Profil Alu;;CONTREPLAQUE /622;ARCELOR (BERTON SICARD);INSTALLUX;659;Non;2;;;;;;;
Profil Alu;;SERRURE PTL COULISSANT;ARCELOR (BERTON SICARD);INSTALLUX;671;Non;1;;;;;;;
Profil Alu;;REHAUSSEUR PVC;ARCELOR (BERTON SICARD);INSTALLUX;463014;Non;20;;;;;;;
Profil Alu;;ENTRETOISE GUIDE;ARCELOR (BERTON SICARD);INSTALLUX;682;Non;3;;;;;;;
Profil Alu;;MANCHON POUR RAIL 640;ARCELOR (BERTON SICARD);INSTALLUX;685;Non;1;;;;;;;
Profil Alu;;KIT 2 ROUES DIAM 75+VIS;ARCELOR (BERTON SICARD);INSTALLUX;686;Non;1;;;;;;;
Profil Alu;;SERRURE PTL BATTANT;ARCELOR (BERTON SICARD);INSTALLUX;690;Non;1;;;;;;;
Profil Alu;;REHAUSSEUR DE 50MM;ARCELOR (BERTON SICARD);INSTALLUX;510025;Non;6,5;;;;;;;
Profil Alu;;GACHE GAUCHE PTL 2VTX;ARCELOR (BERTON SICARD);INSTALLUX;692;Non;1;;;;;;;
Profil Alu;;SUP. D GACHE ELEC 1VT;ARCELOR (BERTON SICARD);INSTALLUX;694;Non;1;;;;;;;
Profil Alu;;SUP. G GACHE ELEC 1VT;ARCELOR (BERTON SICARD);INSTALLUX;695;Non;1;;;;;;;
Profil Alu;;SUP. D GACHE ELEC 2VT;ARCELOR (BERTON SICARD);INSTALLUX;696;Non;1;;;;;;;
Profil Alu;;SUP. G GACHE ELEC 2VT;ARCELOR (BERTON SICARD);INSTALLUX;697;Non;1;;;;;;;
PARCLOSE;;CASS. PARTIE DROITE RENF;ARCELOR (BERTON SICARD);INSTALLUX;971K1;Non;1;;;;;;;
PARCLOSE;;CASS. PARTIE BIAIS RENF;ARCELOR (BERTON SICARD);INSTALLUX;971K2;Non;1;;;;;;;
PARCLOSE;;CASS. PARTIE ARROND RENF;ARCELOR (BERTON SICARD);INSTALLUX;971K3;Non;1;;;;;;;
Profil Alu;;PLAQUE FIXATION /308/201;ARCELOR (BERTON SICARD);INSTALLUX;1237;Non;10;;;;;;;
profil alu;;VERIN PROFIL 140;ARCELOR (BERTON SICARD);INSTALLUX;1282;Non;4;;;;;;;
Profil Alu;;PATTE SCELL. COUDEE;ARCELOR (BERTON SICARD);INSTALLUX;1283;Non;10;;;;;;;
Profil Alu;;PATTE SCELL. COUDEE;ARCELOR (BERTON SICARD);INSTALLUX;1295;Non;10;;;;;;;
Profil Alu;;ACCES.POSE /1641 SEULE;ARCELOR (BERTON SICARD);INSTALLUX;1635;Non;1;;;;;;;
Profil Alu;;PIVOT HAUT AXE 74;ARCELOR (BERTON SICARD);INSTALLUX;1702;Non;1;;;;;;;
Profil Alu;;PIVOT HAUT AXE 62.5;ARCELOR (BERTON SICARD);INSTALLUX;1704;Non;1;;;;;;;
Profil Alu;;COMPAS SOUFFLET/140;ARCELOR (BERTON SICARD);INSTALLUX;1708;Non;2;;;;;;;
Profil Alu;;CONTACTEUR FEUILLURE;ARCELOR (BERTON SICARD);INSTALLUX;1803;Non;1;;;;;;;
Profil Alu;;ROULEMENT BILLES PAUM;ARCELOR (BERTON SICARD);INSTALLUX;1825;Non;10;;;;;;;
Profil Alu;;RONDELLE NYLON PAUMELLE;ARCELOR (BERTON SICARD);INSTALLUX;1826;Non;10;;;;;;;
Profil Alu;;CARRE DE BEQUILL LG 140;ARCELOR (BERTON SICARD);INSTALLUX;1873;Non;1;;;;;;;
Profil Alu;;(*CARRE BEQUILLE LG 100M;ARCELOR (BERTON SICARD);INSTALLUX;1877;Non;1;;;;;;;
Profil Alu;;CARRE BEQUILLE LG 127MM;ARCELOR (BERTON SICARD);INSTALLUX;1878;Non;1;;;;;;;
Profil Alu;;CARRE BEQUILLE LG 145MM;ARCELOR (BERTON SICARD);INSTALLUX;1879;Non;1;;;;;;;
Profil Alu;;CARRE BEQUILLE LG 160MM;ARCELOR (BERTON SICARD);INSTALLUX;1881;Non;1;;;;;;;
EMBOUT;;EMBOUT TU 30X10X2;ARCELOR (BERTON SICARD);INSTALLUX;3031;Non;10;;;;;;;
Profil Alu;;CLIP PLASTIQUE;ARCELOR (BERTON SICARD);INSTALLUX;3675;Non;50;;;;;;;
Profil Alu;;SUPPORT POST9 OUT.471000;ARCELOR (BERTON SICARD);INSTALLUX;4710S9N;Non;1;;;;;;;
Profil Alu;;PATTE PRECADRES;ARCELOR (BERTON SICARD);INSTALLUX;5188;Non;10;;;;;;;
Profil Alu;;EQU.REG. 13.3X33/5067;ARCELOR (BERTON SICARD);INSTALLUX;5229;Non;2;;;;;;;
Profil Alu;;EQU.REG. 27.1X33/5065;ARCELOR (BERTON SICARD);INSTALLUX;5236;Non;2;;;;;;;
Profil Alu;;VIS CONIQUE INOX;ARCELOR (BERTON SICARD);INSTALLUX;5248;Non;100;;;;;;;
Profil Alu;;OUTIL A GOUPILLER;ARCELOR (BERTON SICARD);INSTALLUX;5302;Non;1;;;;;;;
Profil Alu;;*GOUPILLE A COLLERETTE;ARCELOR (BERTON SICARD);INSTALLUX;5303;Non;100;;;;;;;
Profil Alu;;EQU.VIS. 27,1X33/5065;ARCELOR (BERTON SICARD);INSTALLUX;5332;Non;4;;;;;;;
Profil Alu;;EQU. VIS. 41,8X33/5066;ARCELOR (BERTON SICARD);INSTALLUX;5333;Non;4;;;;;;;
Profil Alu;;ANGLE VULCAN /5544/5545;ARCELOR (BERTON SICARD);INSTALLUX;5546;Non;20;;;;;;;
Profil Alu;;SUPPORT CALE D’ASSISE;ARCELOR (BERTON SICARD);INSTALLUX;5592;Non;50;;;;;;;
Profil Alu;;CACHE TROU DIAMETRE 10;ARCELOR (BERTON SICARD);INSTALLUX;5616;Non;10;;;;;;;
Profil Alu;;PIVOT ET PLAQUE;ARCELOR (BERTON SICARD);INSTALLUX;5661;Non;1;;;;;;;
Profil Alu;;GUIDE POUR TIGE CREMONE;ARCELOR (BERTON SICARD);INSTALLUX;5676;Non;1;;;;;;;
Profil Alu;;PIVOT HAUT;ARCELOR (BERTON SICARD);INSTALLUX;5721;Non;1;;;;;;;
Profil Alu;;SERRURE ROULEAU;ARCELOR (BERTON SICARD);INSTALLUX;5741;Non;1;;;;;;;
Profil Alu;;SERRURE PENE DORM. SEUL;ARCELOR (BERTON SICARD);INSTALLUX;5742;Non;1;;;;;;;
Profil Alu;;SERRURE PENE DEMI TOUR;ARCELOR (BERTON SICARD);INSTALLUX;5743;Non;1;;;;;;;
Profil Alu;;SERRURE 3 PTS PENE DORM;ARCELOR (BERTON SICARD);INSTALLUX;5745;Non;1;;;;;;;
Profil Alu;;SERRURE CREMONE A CLE;ARCELOR (BERTON SICARD);INSTALLUX;5746;Non;1;;;;;;;
Profil Alu;;SERRURE 5 POINTS H&B;ARCELOR (BERTON SICARD);INSTALLUX;5747;Non;1;;;;;;;
Profil Alu;;VERROU FEUILLURE;ARCELOR (BERTON SICARD);INSTALLUX;5748;Non;1;;;;;;;
Profil Alu;;SERRURE PENE DORM BASCL;ARCELOR (BERTON SICARD);INSTALLUX;5749;Non;1;;;;;;;
Profil Alu;;SERRURE 3 PTS TET.FILAN.;ARCELOR (BERTON SICARD);INSTALLUX;5751;Non;1;;;;;;;
Profil Alu;;SERR 3 PTS TET FIL ROUL;ARCELOR (BERTON SICARD);INSTALLUX;5759;Non;1;;;;;;;
Profil Alu;;SER 3 PTS PEN DORM 1/2T;ARCELOR (BERTON SICARD);INSTALLUX;5772;Non;1;;;;;;;
Profil Alu;;KIT ACCESSOIRE SERRURE;ARCELOR (BERTON SICARD);INSTALLUX;5780;Non;1;;;;;;;
Profil Alu;;CYL DBL 35+35 S’ENTROUV;ARCELOR (BERTON SICARD);INSTALLUX;5795;Non;1;;;;;;;
Profil Alu;;FERMETURE SEMI-FIXE 2VTX;ARCELOR (BERTON SICARD);INSTALLUX;5800;Non;1;;;;;;;
Profil Alu;;VERROU SF MANOEUV.CENTRA;ARCELOR (BERTON SICARD);INSTALLUX;5803P;Non;1;;;;;;;
Profil Alu;;VERROU SEMI FIXE LG 400;ARCELOR (BERTON SICARD);INSTALLUX;5804;Non;1;;;;;;;
Profil Alu;;VERROU SEMI FIXE LG 220;ARCELOR (BERTON SICARD);INSTALLUX;5805P;Non;1;;;;;;;
Profil Alu;;SERRURE PENE DORM./PF;ARCELOR (BERTON SICARD);INSTALLUX;5807;Non;1;;;;;;;
Profil Alu;;ESPACEUR /VANTAIL SF;ARCELOR (BERTON SICARD);INSTALLUX;5808N;Non;1;;;;;;;
Profil Alu;;GUIDE POUR CREMONE;ARCELOR (BERTON SICARD);INSTALLUX;5809;Non;1;;;;;;;
Profil Alu;;VER.SF MANOEU.CENTR.CLAM;ARCELOR (BERTON SICARD);INSTALLUX;5811;Non;1;;;;;;;
Profil Alu;;FERMETURE 2PTS ITALIENNE;ARCELOR (BERTON SICARD);INSTALLUX;5833;Non;1;;;;;;;
Profil Alu;;FERMETURE 2PTS BASCULANT;ARCELOR (BERTON SICARD);INSTALLUX;5834;Non;1;;;;;;;
Profil Alu;;FERMETURE 4PTS BASCULANT;ARCELOR (BERTON SICARD);INSTALLUX;5835;Non;1;;;;;;;
Profil Alu;;FERMETURE 5PTS BASCULANT;ARCELOR (BERTON SICARD);INSTALLUX;5836;Non;1;;;;;;;
Profil Alu;;*(FOURREAUX EXCENTRESA+B;ARCELOR (BERTON SICARD);INSTALLUX;5841;Non;20;;;;;;;
Profil Alu;;FOURREAU EXCENTRE/5866N;ARCELOR (BERTON SICARD);INSTALLUX;5841N;Non;50;;;;;;;
Profil Alu;;VERROU SUPPLEMENTAIRE;ARCELOR (BERTON SICARD);INSTALLUX;5863N;Non;1;;;;;;;
Profil Alu;;LIMITEUR D’OUVERTURE;ARCELOR (BERTON SICARD);INSTALLUX;5864;Non;1;;;;;;;
Profil Alu;;KIT COMPAS SOUFFLET;ARCELOR (BERTON SICARD);INSTALLUX;5865;Non;1;;;;;;;
Profil Alu;;KIT FOURR. EXCENT./5868N;ARCELOR (BERTON SICARD);INSTALLUX;5870;Non;50;;;;;;;
Profil Alu;;GOUPILLE/5866N-5868N;ARCELOR (BERTON SICARD);INSTALLUX;5872;Non;200;;;;;;;
Profil Alu;;VERROU MEDIAN;ARCELOR (BERTON SICARD);INSTALLUX;5884;Non;1;;;;;;;
Profil Alu;;VERROU TRAV / MONTANT OB;ARCELOR (BERTON SICARD);INSTALLUX;5889N;Non;1;;;;;;;
Profil Alu;;COMPAS LIMITEUR;ARCELOR (BERTON SICARD);INSTALLUX;5896N;Non;1;;;;;;;
Profil Alu;;FERRURE OF1&2VTX BT.EN;ARCELOR (BERTON SICARD);INSTALLUX;5898N;Non;1;;;;;;;
Profil Alu;;MENEAU 168X50-1M;ARCELOR (BERTON SICARD);INSTALLUX;5939/1;Non;1;;;;;;;
Profil Alu;;COMPAS POUR SOUFFLET;ARCELOR (BERTON SICARD);INSTALLUX;5973;Non;2;;;;;;;
Profil Alu;;GACHE HAUTE EP. 10MM;ARCELOR (BERTON SICARD);INSTALLUX;5974;Non;2;;;;;;;
EMBOUT;Bavette;EMBOUT BAVETTE TUB. RJD;ARCELOR (BERTON SICARD);INSTALLUX;6680;Non;20;;;;;;;
EMBOUT;Bavette;EMBOUT BAVETTE TUB. RJA;ARCELOR (BERTON SICARD);INSTALLUX;6681;Non;20;;;;;;;
EMBOUT;;KIT EMBOUT DBLAGE 100MM;ARCELOR (BERTON SICARD);INSTALLUX;6682;Non;1;;;;;;;
EMBOUT;;KIT EMBOUT DBLAGE 120MM;ARCELOR (BERTON SICARD);INSTALLUX;6683;Non;1;;;;;;;
EMBOUT;;KIT EMBOUT DBLAGE 140MM;ARCELOR (BERTON SICARD);INSTALLUX;6684;Non;1;;;;;;;
Profil Alu;;KIT ETANCHEITE TRAVERSE;ARCELOR (BERTON SICARD);INSTALLUX;6685;Non;10;;;;;;;
Profil Alu;;CLAMEAU CAGE 24X20;ARCELOR (BERTON SICARD);INSTALLUX;6686;Non;100;;;;;;;
Profil Alu;;CLAMEAU CAGE 21X15.;ARCELOR (BERTON SICARD);INSTALLUX;6688;Non;10;;;;;;;
Profil Alu;;CLAMEAU CAGE 31X26;ARCELOR (BERTON SICARD);INSTALLUX;6689;Non;100;;;;;;;
Profil Alu;;PATTE FIX. DORM. RENO;ARCELOR (BERTON SICARD);INSTALLUX;6710;Non;250;;;;;;;
Profil Alu;;PATTE FIX. DORM. RENO.;ARCELOR (BERTON SICARD);INSTALLUX;6711;Non;250;;;;;;;
Profil Alu;;REHAUSSEUR DE 50MM;ARCELOR (BERTON SICARD);INSTALLUX;510025;Non;6,5;;;;;;;
Profil Alu;;REHAUSSEUR DE 50MM;ARCELOR (BERTON SICARD);INSTALLUX;510025;Non;6,5;;;;;;;
Cheneau;;JONCTION CHENEAU 90°EXT;ARCELOR (BERTON SICARD);INSTALLUX;7089;Non;1;;;;;;;
Cheneau;;JONCTION CHENEAU 135°INT;ARCELOR (BERTON SICARD);INSTALLUX;7090;Non;1;;;;;;;
Cheneau;;JONCTION CHENEAU 135°EXT;ARCELOR (BERTON SICARD);INSTALLUX;7091;Non;1;;;;;;;
Cheneau;;JONCTION CHENEAU 150°INT;ARCELOR (BERTON SICARD);INSTALLUX;7092;Non;1;;;;;;;
Profil Alu;;GOUPILLE ALU DIAM 6,3X21;ARCELOR (BERTON SICARD);INSTALLUX;7098;Non;50;;;;;;;
Profil Alu;;JOINT TRAVERSE INTERM;ARCELOR (BERTON SICARD);INSTALLUX;7106;Non;50;;;;;;;
Profil Alu;;CACHE COUPE VR 180°;ARCELOR (BERTON SICARD);INSTALLUX;7136;Non;2;;;;;;;
Profil Alu;;CACHE COUPE ONGLET 90°;ARCELOR (BERTON SICARD);INSTALLUX;7137;Non;2;;;;;;;
Profil Alu;;CACHE COUPE ONGLET 135°;ARCELOR (BERTON SICARD);INSTALLUX;7138;Non;2;;;;;;;
Profil Alu;;CACHE COUPE ONGLET 150°;ARCELOR (BERTON SICARD);INSTALLUX;7139;Non;2;;;;;;;
Cheneau;;ECLISSE CHENEAU 7131 90°;ARCELOR (BERTON SICARD);INSTALLUX;7141;Non;1;;;;;;;
Capot;;CLIP CAPOT EXTERIEUR;ARCELOR (BERTON SICARD);INSTALLUX;7250;Non;10;;;;;;;
Capot;;CLIP CAPOT /7227;ARCELOR (BERTON SICARD);INSTALLUX;7252;Non;10;;;;;;;
Profil Alu;;JONC CHEVR 180°;ARCELOR (BERTON SICARD);INSTALLUX;7714;Non;1;;;;;;;
Profil Alu;;(*)KIT ECROU CLAM /EQU.;ARCELOR (BERTON SICARD);INSTALLUX;7717;Non;100;;;;;;;
Profil Alu;;(*)CLIP POUR PROF 7618;ARCELOR (BERTON SICARD);INSTALLUX;7719;Non;250;;;;;;;
Cheneau;;JONCTIOCHENEAU VR 90°;ARCELOR (BERTON SICARD);INSTALLUX;7725;Non;1;;;;;;;
Cheneau;;JONCTIOCHENEAU VR 135°;ARCELOR (BERTON SICARD);INSTALLUX;7726;Non;1;;;;;;;
Profil Alu;;(*)KIT EQU+CLAMX 90°;ARCELOR (BERTON SICARD);INSTALLUX;7738;Non;100;;;;;;;
Profil Alu;;(*)KIT EQU+CLAMX 135;ARCELOR (BERTON SICARD);INSTALLUX;7740;Non;100;;;;;;;
Profil Alu;;ARRET REMP NOUE/ARETIER;ARCELOR (BERTON SICARD);INSTALLUX;7752;Non;10;;;;;;;
Cheneau;;FIXATIOARETIER CHENEAU;ARCELOR (BERTON SICARD);INSTALLUX;7753;Non;1;;;;;;;
Cheneau;;FIXATIONOUE CHENEAU;ARCELOR (BERTON SICARD);INSTALLUX;7754;Non;1;;;;;;;
EMBOUT;;EMBOUT TRAVERSE INTERM.;ARCELOR (BERTON SICARD);INSTALLUX;7757;Non;10;;;;;;;
Profil Alu;;BANDE BUTYL;ARCELOR (BERTON SICARD);INSTALLUX;8373;Non;25;;;;;;;
Profil Alu;;JOINT DE TRAVERSE 4;ARCELOR (BERTON SICARD);INSTALLUX;8611;Non;50;;;;;;;
Profil Alu;;JOINT DE TRAVERSE 8;ARCELOR (BERTON SICARD);INSTALLUX;8613;Non;50;;;;;;;
Profil Alu;;JOINT DE TRAVERSE 10;ARCELOR (BERTON SICARD);INSTALLUX;8614;Non;50;;;;;;;
Profil Alu;;ESPACEUR 24 (LG 3M);ARCELOR (BERTON SICARD);INSTALLUX;8625;Non;1;;;;;;;
Profil Alu;;ESPACEUR 34 (LG 3M);ARCELOR (BERTON SICARD);INSTALLUX;8626;Non;1;;;;;;;
Profil Alu;Bavette;BAVETTE;ARCELOR (BERTON SICARD);INSTALLUX;8628;Non;50;;;;;;;
Profil Alu;;SUPPORT CALE VITRAGE;ARCELOR (BERTON SICARD);INSTALLUX;8640;Non;50;;;;;;;
Profil Alu;;SUPPORT CALE VITRAGE;ARCELOR (BERTON SICARD);INSTALLUX;8641;Non;50;;;;;;;
Profil Alu;;SUPPORT CALE VITRAGE;ARCELOR (BERTON SICARD);INSTALLUX;8642;Non;50;;;;;;;
Profil Alu;;SUPPORT CALE VITRAGE;ARCELOR (BERTON SICARD);INSTALLUX;8643;Non;50;;;;;;;
Profil Alu;;SUPPORT CALE VITRAGE;ARCELOR (BERTON SICARD);INSTALLUX;8644;Non;50;;;;;;;
Profil Alu;;SUPPORT CALE VITRAGE;ARCELOR (BERTON SICARD);INSTALLUX;8645;Non;50;;;;;;;
Profil Alu;;FERMETURE ITALIENNE 2PTS;ARCELOR (BERTON SICARD);INSTALLUX;8646;Non;1;;;;;;;
Profil Alu;;SUPPORT ITALIENNE 24;ARCELOR (BERTON SICARD);INSTALLUX;8649;Non;4;;;;;;;
Profil Alu;;SUPPORT ITALIENNE 32;ARCELOR (BERTON SICARD);INSTALLUX;8650;Non;4;;;;;;;
Profil Alu;;ETANCH MONTANT/TRAVERSE;ARCELOR (BERTON SICARD);INSTALLUX;8651;Non;940;;;;;;;
Profil Alu;;BLOC ASSEMB. PERCUTANT;ARCELOR (BERTON SICARD);INSTALLUX;8652Z;Non;25;;;;;;;
Profil Alu;;*SUPPORT ITALIENNE 24;ARCELOR (BERTON SICARD);INSTALLUX;8655;Non;4;;;;;;;
Profil Alu;;SUPPORT ITALIENNE 32;ARCELOR (BERTON SICARD);INSTALLUX;8656;Non;4;;;;;;;
Profil Alu;;PIECE DE RETENUE;ARCELOR (BERTON SICARD);INSTALLUX;8657;Non;10;;;;;;;
Profil Alu;;PIECE CONTINUITE ETANCH;ARCELOR (BERTON SICARD);INSTALLUX;8658;Non;20;;;;;;;
Profil Alu;;1/2 ESPACEUR OUVRANT;ARCELOR (BERTON SICARD);INSTALLUX;8659;Non;2;;;;;;;
Profil Alu;;PCE DE RETENUE TRONQUEE;ARCELOR (BERTON SICARD);INSTALLUX;8663;Non;10;;;;;;;
EMBOUT;;EMBOUT SERREUR VERRIERE;ARCELOR (BERTON SICARD);INSTALLUX;8664;Non;10;;;;;;;
Profil Alu;;VERROUILLEUR;ARCELOR (BERTON SICARD);INSTALLUX;8665;Non;100;;;;;;;
Profil Alu;;ENSEMBLE RAIDISSEUR;ARCELOR (BERTON SICARD);INSTALLUX;8666;Non;1;;;;;;;
Profil Alu;;SUPPORT DE CALE POMPIER;ARCELOR (BERTON SICARD);INSTALLUX;8672;Non;4;;;;;;;
Profil Alu;;CLAMEAU 1/4 T CAGE 15X20;ARCELOR (BERTON SICARD);INSTALLUX;8674;Non;10;;;;;;;
Profil Alu;;LIMITEUR D’OUVERTURE;ARCELOR (BERTON SICARD);INSTALLUX;8678;Non;1;;;;;;;
Profil Alu;;SUPPORT D’ASSISE;ARCELOR (BERTON SICARD);INSTALLUX;8679;Non;10;;;;;;;
Profil Alu;;FERRU(D+G)ITLE.REGLA.;ARCELOR (BERTON SICARD);INSTALLUX;8929;Non;1;;;;;;;
Profil Alu;;PIECE DE SECURITE;ARCELOR (BERTON SICARD);INSTALLUX;8934;Non;8;;;;;;;
Profil Alu;;RIVET ALU/INOX 3,2X10;ARCELOR (BERTON SICARD);INSTALLUX;8940;Non;100;;;;;;;
Profil Alu;;FERRURE ITAL REG. (D+G);ARCELOR (BERTON SICARD);INSTALLUX;8950;Non;1;;;;;;;
Profil Alu;;FERMETURE 2 PTS;ARCELOR (BERTON SICARD);INSTALLUX;8953;Non;1;;;;;;;
Profil Alu;;EQU.PERC.COMP.ITA.UNIV54;ARCELOR (BERTON SICARD);INSTALLUX;8965;Non;2;;;;;;;
Profil Alu;;BLOC ASSEMB. MURIVEC;ARCELOR (BERTON SICARD);INSTALLUX;8972;Non;24;;;;;;;
Profil Alu;;GACHE M/F SUR TRAV H;ARCELOR (BERTON SICARD);INSTALLUX;8979;Non;1;;;;;;;
Profil Alu;;PAUM OUVRANT POMPIER;ARCELOR (BERTON SICARD);INSTALLUX;8990;Non;1;;;;;;;
Profil Alu;;FERMETURE OUVR. POMPIER;ARCELOR (BERTON SICARD);INSTALLUX;8991;Non;1;;;;;;;
Profil Alu;;KIT FERM. 2PTS VERSUS;ARCELOR (BERTON SICARD);INSTALLUX;9003N;Non;1;;;;;;;
Profil Alu;;CENTREUR;ARCELOR (BERTON SICARD);INSTALLUX;9010N;Non;1;;;;;;;
Profil Alu;;KIT FERM. 3PTS VERSUS;ARCELOR (BERTON SICARD);INSTALLUX;9015N;Non;1;;;;;;;
Profil Alu;;VIS DE CLIPPAGE BOUCLIER;ARCELOR (BERTON SICARD);INSTALLUX;9299;Non;100;;;;;;;
Profil Alu;;MOUSSE ISOLANTE;ARCELOR (BERTON SICARD);INSTALLUX;9399;Non;12,5;;;;;;;
Profil Alu;Bavette;BAVETTE ELASTOMERE;ARCELOR (BERTON SICARD);INSTALLUX;9577;Non;50;;;;;;;
Profil Alu;;ETANCHEITE INF.SOUS RAIL;ARCELOR (BERTON SICARD);INSTALLUX;9705;Non;8;;;;;;;
Profil Alu;;RENFORT D’ANGLE DORM.;ARCELOR (BERTON SICARD);INSTALLUX;9707;Non;10;;;;;;;
Profil Alu;;BUTEE VANTAIL HT 9;ARCELOR (BERTON SICARD);INSTALLUX;9719;Non;10;;;;;;;
Profil Alu;;CHARIOT SPLE BAGUE POM;ARCELOR (BERTON SICARD);INSTALLUX;9760;Non;2;;;;;;;
Profil Alu;;CHARIOT ALU DOU REG INOX;ARCELOR (BERTON SICARD);INSTALLUX;9768;Non;2;;;;;;;
Profil Alu;;GACHE DORM. PERIPHER.;ARCELOR (BERTON SICARD);INSTALLUX;9838;Non;2;;;;;;;
Profil Alu;;BLOC SERRURE MANUEL;ARCELOR (BERTON SICARD);INSTALLUX;9915;Non;1;;;;;;;
Profil Alu;;BLOC SERRURE AUTOMATIQUE;ARCELOR (BERTON SICARD);INSTALLUX;9916;Non;1;;;;;;;
Profil Alu;;KIT FERMETURE VERSUS;ARCELOR (BERTON SICARD);INSTALLUX;9919N;Non;1;;;;;;;
Profil Alu;;KIT FERM. 5PTS VERSUS;ARCELOR (BERTON SICARD);INSTALLUX;9939;Non;1;;;;;;;
Profil Alu;;GACHE COULISSANT;ARCELOR (BERTON SICARD);INSTALLUX;9953;Non;6;;;;;;;
Profil Alu;;RENFORT FIXATION SERRU;ARCELOR (BERTON SICARD);INSTALLUX;9969;Non;6,5;;;;;;;
Profil Alu;;GOMME ALUMINIUM;ARCELOR (BERTON SICARD);INSTALLUX;40011;Non;1;;;;;;;
Profil Alu;;CUTTER;ARCELOR (BERTON SICARD);INSTALLUX;40012;Non;1;;;;;;;
Profil Alu;;LUBRIFIANT POUR OUTIL;ARCELOR (BERTON SICARD);INSTALLUX;40051;Non;1;;;;;;;
Profil Alu;;FORET TARAUD M8 PORTAIL;ARCELOR (BERTON SICARD);INSTALLUX;40052;Non;1;;;;;;;
Profil Alu;;CALE FOURCHETTE 2;ARCELOR (BERTON SICARD);INSTALLUX;40090;Non;100;;;;;;;
Profil Alu;;CALE FOURCHETTE 3;ARCELOR (BERTON SICARD);INSTALLUX;40091;Non;100;;;;;;;
Profil Alu;;AEROSOL PEINTURE LBF;ARCELOR (BERTON SICARD);INSTALLUX;40101;Non;1;;;;;;;
Profil Alu;;PINCEAU RETOUCH.LBF;ARCELOR (BERTON SICARD);INSTALLUX;40111;Non;1;;;;;;;
Profil Alu;;PINCEAU RETOUCHE BLANC;ARCELOR (BERTON SICARD);INSTALLUX;40112;Non;1;;;;;;;
Profil Alu;;RENOVATEUR ALU LAQUE;ARCELOR (BERTON SICARD);INSTALLUX;40121;Non;1;;;;;;;
Profil Alu;;NETTOYANT ALU OXY/LAQ 1L;ARCELOR (BERTON SICARD);INSTALLUX;40122;Non;1;;;;;;;
PARCLOSE;;CALE DEBIT PARCL.5510/21;ARCELOR (BERTON SICARD);INSTALLUX;40123;Non;1;;;;;;;
Profil Alu;;ECH. LUCIOLE EPINE;ARCELOR (BERTON SICARD);INSTALLUX;40248;Non;1;;;;;;;
Profil Alu;;GABARIT PAUMELLE 1760N;ARCELOR (BERTON SICARD);INSTALLUX;50008N;Non;1;;;;;;;
Profil Alu;;*OUTIL GARDE CORPS;ARCELOR (BERTON SICARD);INSTALLUX;50032;Non;1;;;;;;;
Profil Alu;;*OUTIL DE POINCONNAGE;ARCELOR (BERTON SICARD);INSTALLUX;50034;Non;1;;;;;;;
Profil Alu;;GAB. EQU. REGLABLE;ARCELOR (BERTON SICARD);INSTALLUX;50045;Non;1;;;;;;;
Profil Alu;;*OUTIL 140 ASSEMB.;ARCELOR (BERTON SICARD);INSTALLUX;50140;Non;1;;;;;;;
Profil Alu;;*OUTIL 140 PAUM.;ARCELOR (BERTON SICARD);INSTALLUX;50153;Non;1;;;;;;;
Profil Alu;;PLAQUE COP. 407/08/14/33;ARCELOR (BERTON SICARD);INSTALLUX;50180;Non;1;;;;;;;
Profil Alu;;PLAQUE COP. 429/30/31/45;ARCELOR (BERTON SICARD);INSTALLUX;50181;Non;1;;;;;;;
Profil Alu;;PLAQUE COPIAGE /432/434;ARCELOR (BERTON SICARD);INSTALLUX;50182;Non;1;;;;;;;
Profil Alu;;*PLAQUE COPIAGE /436/437;ARCELOR (BERTON SICARD);INSTALLUX;50183;Non;1;;;;;;;
Profil Alu;;PLAQUE DE COPIAGE AABIS;ARCELOR (BERTON SICARD);INSTALLUX;50185;Non;1;;;;;;;
Profil Alu;;GAB PERCAGE PIVOT HAUT;ARCELOR (BERTON SICARD);INSTALLUX;50187;Non;1;;;;;;;
Profil Alu;;GAB PERCAGE AUTOPORTANT;ARCELOR (BERTON SICARD);INSTALLUX;50189;Non;1;;;;;;;
Profil Alu;;OUTIL POINC PORTAIL;ARCELOR (BERTON SICARD);INSTALLUX;50191;Non;1;;;;;;;
Profil Alu;;PLAQUE COPIAGE PORTAIL;ARCELOR (BERTON SICARD);INSTALLUX;50192;Non;1;;;;;;;
Profil Alu;;PLAQUE COPIAGE PORTAIL;ARCELOR (BERTON SICARD);INSTALLUX;50193;Non;1;;;;;;;
Profil Alu;;PLAQUE COPIAGE PORTAIL;ARCELOR (BERTON SICARD);INSTALLUX;50194;Non;1;;;;;;;
Profil Alu;;PLAQUE COPIAGE PORTAIL;ARCELOR (BERTON SICARD);INSTALLUX;50195;Non;1;;;;;;;
Profil Alu;;PLAQUE COPIAGE;ARCELOR (BERTON SICARD);INSTALLUX;50197;Non;1;;;;;;;
Profil Alu;;*PLAQUE M INTEGREE STORM;ARCELOR (BERTON SICARD);INSTALLUX;50198;Non;1;;;;;;;
Profil Alu;;PLAQUE MOTEUR INT COULIS;ARCELOR (BERTON SICARD);INSTALLUX;50199;Non;1;;;;;;;
Profil Alu;;GAB.PER. / EQU. REGL.;ARCELOR (BERTON SICARD);INSTALLUX;55068;Non;1;;;;;;;
Profil Alu;;GAB. EQU. REGLABLE;ARCELOR (BERTON SICARD);INSTALLUX;55069;Non;1;;;;;;;
Profil Alu;;*GAB. RENF.PAUMELLE OB;ARCELOR (BERTON SICARD);INSTALLUX;55086;Non;1;;;;;;;
Profil Alu;;GAB PAUM 2/3 B ENT 67/92;ARCELOR (BERTON SICARD);INSTALLUX;55087;Non;1;;;;;;;
Profil Alu;;GAB PAUM ANGLE 8 MM A;ARCELOR (BERTON SICARD);INSTALLUX;55091;Non;1;;;;;;;
Profil Alu;;OUTIL INSERT CONTRE PLAQ;ARCELOR (BERTON SICARD);INSTALLUX;55092;Non;1;;;;;;;
Profil Alu;;*PLAQUE COPIAGE FERRURES;ARCELOR (BERTON SICARD);INSTALLUX;55098;Non;1;;;;;;;
Profil Alu;;PLAQUE COPIAGE FERRURES;ARCELOR (BERTON SICARD);INSTALLUX;55099;Non;1;;;;;;;
Profil Alu;;PRESSE A POUMON;ARCELOR (BERTON SICARD);INSTALLUX;55100;Non;1;;;;;;;
Profil Alu;;OUTIL ESPACE OUVRANT;ARCELOR (BERTON SICARD);INSTALLUX;55132;Non;1;;;;;;;
Profil Alu;;OUTIL ESPACE DORMANT;ARCELOR (BERTON SICARD);INSTALLUX;55133;Non;1;;;;;;;
Profil Alu;;PLAQUE COPIAGE /5874/80;ARCELOR (BERTON SICARD);INSTALLUX;55156;Non;1;;;;;;;
Profil Alu;;PLAQUE COPIAGE SERRURES;ARCELOR (BERTON SICARD);INSTALLUX;55158;Non;1;;;;;;;
Profil Alu;;OUTIL POINCONNAGE VEC;ARCELOR (BERTON SICARD);INSTALLUX;58100;Non;1;;;;;;;
Profil Alu;;*OUTIL POINC.D54 COMPLET;ARCELOR (BERTON SICARD);INSTALLUX;58106;Non;1;;;;;;;
Profil Alu;;*OUTIL POINC. D54 ALLEGE;ARCELOR (BERTON SICARD);INSTALLUX;58106A;Non;1;;;;;;;
Profil Alu;;OUTIL FACADE COMPLET;ARCELOR (BERTON SICARD);INSTALLUX;58107;Non;1;;;;;;;
Profil Alu;;CASSETTE TROUS 5,5 TRAV;ARCELOR (BERTON SICARD);INSTALLUX;58107-1;Non;1;;;;;;;
Capot;;CASSETTE DRAINAGE CAPOTS;ARCELOR (BERTON SICARD);INSTALLUX;58107-2;Non;1;;;;;;;
Profil Alu;;CASSETTE DRAIN. SERREURS;ARCELOR (BERTON SICARD);INSTALLUX;58107-3;Non;1;;;;;;;
Profil Alu;;CASS.TROU 3,5 ENTRE 21MM;ARCELOR (BERTON SICARD);INSTALLUX;58107-4;Non;1;;;;;;;
Profil Alu;;CASS.TROU 3,5 ENTRE 36MM;ARCELOR (BERTON SICARD);INSTALLUX;58107-5;Non;1;;;;;;;
Profil Alu;;*KIT VERROUILLAGE 58107;ARCELOR (BERTON SICARD);INSTALLUX;58107-50;Non;1;;;;;;;
Profil Alu;;GABARIT POUR MONTANTS;ARCELOR (BERTON SICARD);INSTALLUX;58108;Non;1;;;;;;;
Profil Alu;;OUTIL FIXE UNIVERS 54MM;ARCELOR (BERTON SICARD);INSTALLUX;58111;Non;1;;;;;;;
Profil Alu;;GAB PERC.COMPAS ITA.DORM;ARCELOR (BERTON SICARD);INSTALLUX;58114;Non;1;;;;;;;
Profil Alu;;GAB PERC.COMPAS ITA.OUVR;ARCELOR (BERTON SICARD);INSTALLUX;58115;Non;1;;;;;;;
Profil Alu;;OUTIL FIXE TRAV. UNIV.54;ARCELOR (BERTON SICARD);INSTALLUX;58116;Non;1;;;;;;;
Profil Alu;;PLAQUE COPIAGE FERM CUV;ARCELOR (BERTON SICARD);INSTALLUX;59116;Non;1;;;;;;;
Profil Alu;;PLAQUE COPIAGE CALP/ESTI;ARCELOR (BERTON SICARD);INSTALLUX;59117;Non;1;;;;;;;
Profil Alu;;PLAQUE COP. /9065/9184;ARCELOR (BERTON SICARD);INSTALLUX;59118;Non;1;;;;;;;
Profil Alu;;PLAQUE.COPIAGE/FER.MULPT;ARCELOR (BERTON SICARD);INSTALLUX;59125;Non;1;;;;;;;
Profil Alu;;OUTIL GALAXIE 14;ARCELOR (BERTON SICARD);INSTALLUX;59130;Non;1;;;;;;;
Profil Alu;;*OUTIL GAL26 OUVRANT;ARCELOR (BERTON SICARD);INSTALLUX;59162B;Non;1;;;;;;;
Profil Alu;;*OUTIL GAL26 DORMANT;ARCELOR (BERTON SICARD);INSTALLUX;59163;Non;1;;;;;;;
Profil Alu;;OUTIL GAL26 DORM.;ARCELOR (BERTON SICARD);INSTALLUX;59165;Non;1;;;;;;;
Profil Alu;;OUTIL GAL26 OUVR.;ARCELOR (BERTON SICARD);INSTALLUX;59166;Non;1;;;;;;;
Profil Alu;;OUTIL GAL.26 FERM.;ARCELOR (BERTON SICARD);INSTALLUX;59167;Non;1;;;;;;;
Profil Alu;;BARRE PALPEUSE LG 2000MM;ARCELOR (BERTON SICARD);INSTALLUX;150000;Non;1;;;;;;;
Profil Alu;;DEMI LUNE / 4 LAMES;ARCELOR (BERTON SICARD);INSTALLUX;160008;Non;1;;;;;;;
Profil Alu;;DEMI LUNE / 5 LAMES;ARCELOR (BERTON SICARD);INSTALLUX;160009;Non;1;;;;;;;
Profil Alu;;PLATINE POTEAU 180X180;ARCELOR (BERTON SICARD);INSTALLUX;160026;Non;1;;;;;;;
Profil Alu;;TARAUD M6 LG 110MM;ARCELOR (BERTON SICARD);INSTALLUX;170000;Non;1;;;;;;;
Profil Alu;;TARAUD M8;ARCELOR (BERTON SICARD);INSTALLUX;170001;Non;1;;;;;;;
PARCLOSE;;PARCLOSE PVC;ARCELOR (BERTON SICARD);INSTALLUX;421009;Non;6,5;;;;;;;
Profil Alu;;BOUCLIER THERM/SUPP.CALE;ARCELOR (BERTON SICARD);INSTALLUX;430095;Non;6,5;;;;;;;
Profil Alu;;BOUCLIER THERM/SUPP.CALE;ARCELOR (BERTON SICARD);INSTALLUX;430099;Non;6,5;;;;;;;
Profil Alu;;REHAUSSEUR DE 50MM;ARCELOR (BERTON SICARD);INSTALLUX;510025;Non;6,5;;;;;;;
profil alu;;PROFIL SOUS SEUIL PVC;ARCELOR (BERTON SICARD);INSTALLUX;433002;Non;6,5;;;;;;;
Profil Alu;;CACHE RAINURE;ARCELOR (BERTON SICARD);INSTALLUX;440018;Non;50;;;;;;;
Profil Alu;;*BOUCLIER THERMIQUEXPE;ARCELOR (BERTON SICARD);INSTALLUX;440019;Non;50;;;;;;;
Profil Alu;;ANGLE VULCAN. / 440000;ARCELOR (BERTON SICARD);INSTALLUX;440020;Non;20;;;;;;;
Profil Alu;;*BOUCLIER THERMIQUE;ARCELOR (BERTON SICARD);INSTALLUX;440025;Non;50;;;;;;;
Profil Alu;;PORTE BROSSE PORTE;ARCELOR (BERTON SICARD);INSTALLUX;440030;Non;2;;;;;;;
Profil Alu;;JOINT DORMANT;ARCELOR (BERTON SICARD);INSTALLUX;440035;Non;25;;;;;;;
Profil Alu;;VERROU SUPPLEMENTAIRE;ARCELOR (BERTON SICARD);INSTALLUX;450004;Non;10;;;;;;;
Profil Alu;;VERROU SEMI-FIXE LG.200;ARCELOR (BERTON SICARD);INSTALLUX;450006;Non;1;;;;;;;
Profil Alu;;VERROU SEMI-FIXE LG 400;ARCELOR (BERTON SICARD);INSTALLUX;450007;Non;1;;;;;;;
Profil Alu;;COMPAS CHASSIS SOUFFLET;ARCELOR (BERTON SICARD);INSTALLUX;450011;Non;1;;;;;;;
Profil Alu;;(*COMPAS OB LOGIQUE PM;ARCELOR (BERTON SICARD);INSTALLUX;450018;Non;1;;;;;;;
Profil Alu;;(*COMPAS OB LOGIQUE GM;ARCELOR (BERTON SICARD);INSTALLUX;450019;Non;1;;;;;;;
Profil Alu;;(*VERROU MONTANT OB;ARCELOR (BERTON SICARD);INSTALLUX;450021;Non;1;;;;;;;
Profil Alu;;(*VERROU TRAVERSE OB;ARCELOR (BERTON SICARD);INSTALLUX;450022;Non;1;;;;;;;
Profil Alu;;(*VERROU TRAV.OB LOGIQUE;ARCELOR (BERTON SICARD);INSTALLUX;450023;Non;1;;;;;;;
Profil Alu;;VERROU MEDIAN;ARCELOR (BERTON SICARD);INSTALLUX;450026;Non;10;;;;;;;
Profil Alu;;VERROU SUP ITALIENNE;ARCELOR (BERTON SICARD);INSTALLUX;450029;Non;10;;;;;;;
Profil Alu;;(*FERMETURE CTRALE 2 VTX;ARCELOR (BERTON SICARD);INSTALLUX;450030;Non;1;;;;;;;
Profil Alu;;SUPPORT DE VANTAIL;ARCELOR (BERTON SICARD);INSTALLUX;450040;Non;1;;;;;;;
Profil Alu;;(*EMBASE A RELEV.BEQU.DB;ARCELOR (BERTON SICARD);INSTALLUX;450080;Non;1;;;;;;;
Profil Alu;;*GACHE POUR SEUIL;ARCELOR (BERTON SICARD);INSTALLUX;450084;Non;1;;;;;;;
Profil Alu;;SERRURE 3PTS REL.+GACHES;ARCELOR (BERTON SICARD);INSTALLUX;450086;Non;1;;;;;;;
Profil Alu;;SERRURE 3PTS REL.+GACHES;ARCELOR (BERTON SICARD);INSTALLUX;450087;Non;1;;;;;;;
Profil Alu;;PLAQUETTE CREM. OF;ARCELOR (BERTON SICARD);INSTALLUX;450109;Non;1;;;;;;;
Profil Alu;;LIMITEUR D’OUV 601-1300;ARCELOR (BERTON SICARD);INSTALLUX;450121;Non;1;;;;;;;
Profil Alu;;LIMITEUR D’OUV 1301-1400;ARCELOR (BERTON SICARD);INSTALLUX;450122;Non;1;;;;;;;
Profil Alu;;VERROUILLEUR MEDIAN OF;ARCELOR (BERTON SICARD);INSTALLUX;450126;Non;1;;;;;;;
Profil Alu;;VERROU DBLE OUVRANT;ARCELOR (BERTON SICARD);INSTALLUX;450128;Non;1;;;;;;;
EMBOUT;;CARDAN A EMBOUT;ARCELOR (BERTON SICARD);INSTALLUX;450133;Non;1;;;;;;;
Profil Alu;;VERROU ALLONGE SEMI-FIXE;ARCELOR (BERTON SICARD);INSTALLUX;450134;Non;1;;;;;;;
Profil Alu;;KIT RENFORT PAUMELLE;ARCELOR (BERTON SICARD);INSTALLUX;450135;Non;1;;;;;;;
Profil Alu;;KIT SOUFFLET POIGNEE MT;ARCELOR (BERTON SICARD);INSTALLUX;450140;Non;1;;;;;;;
Profil Alu;;KIT SOUFFLET POIGN. TRAV;ARCELOR (BERTON SICARD);INSTALLUX;450141;Non;1;;;;;;;
Profil Alu;;VIS STHC M5X16 BT POINTU;ARCELOR (BERTON SICARD);INSTALLUX;450142;Non;2;;;;;;;
Profil Alu;;KIT VERROUILEUR MEDIAN;ARCELOR (BERTON SICARD);INSTALLUX;450143;Non;1;;;;;;;
Profil Alu;;COMPAS POUR SOUFFLET;ARCELOR (BERTON SICARD);INSTALLUX;450146;Non;1;;;;;;;
Profil Alu;;FERRAGE DIM. REDUITE;ARCELOR (BERTON SICARD);INSTALLUX;450150;Non;1;;;;;;;
Profil Alu;;KIT DE BASE OB LOGIQUE;ARCELOR (BERTON SICARD);INSTALLUX;450153;Non;1;;;;;;;
Profil Alu;;GACHE S-FIXE SEUIL PMR;ARCELOR (BERTON SICARD);INSTALLUX;450157;Non;1;;;;;;;
Profil Alu;;GACHE V. SERV SEUIL PMR;ARCELOR (BERTON SICARD);INSTALLUX;450158;Non;1;;;;;;;
Profil Alu;;FOURCHE CREMONE DIN L;ARCELOR (BERTON SICARD);INSTALLUX;450159;Non;1;;;;;;;
Profil Alu;;GACHE SEUIL PMR;ARCELOR (BERTON SICARD);INSTALLUX;450160;Non;1;;;;;;;
Profil Alu;;SERRURE 3 PTS A RELEVAGE;ARCELOR (BERTON SICARD);INSTALLUX;453001;Non;1;;;;;;;
Profil Alu;;GACHES HAUTE ET BASSE;ARCELOR (BERTON SICARD);INSTALLUX;453003;Non;1;;;;;;;
Profil Alu;;KIT DE JONCTION ALIGNEM.;ARCELOR (BERTON SICARD);INSTALLUX;460001;Non;2;;;;;;;
Profil Alu;Bavette;KIT JOUE / BAVETTE 100;ARCELOR (BERTON SICARD);INSTALLUX;460046;Non;4;;;;;;;
Profil Alu;;*SUPPORT CALE OUVRANT;ARCELOR (BERTON SICARD);INSTALLUX;460051;Non;60;;;;;;;
Profil Alu;;*SUPPORT CALE TRAV.INT;ARCELOR (BERTON SICARD);INSTALLUX;460053;Non;60;;;;;;;
Profil Alu;;KIT ETANCH.TRAVERSE/DOR;ARCELOR (BERTON SICARD);INSTALLUX;460059;Non;1;;;;;;;
Profil Alu;;KIT ETANCH.TRAVERSE/OUV;ARCELOR (BERTON SICARD);INSTALLUX;460060;Non;1;;;;;;;
Profil Alu;;ETANCHEITE CAGE EUROP.;ARCELOR (BERTON SICARD);INSTALLUX;460061;Non;20;;;;;;;
Profil Alu;;KIT ETANCH.FIX.SEUIL 70;ARCELOR (BERTON SICARD);INSTALLUX;460066;Non;1;;;;;;;
EMBOUT;;EMBOUT SEUIL TAPEE 100MM;ARCELOR (BERTON SICARD);INSTALLUX;460083;Non;1;;;;;;;
EMBOUT;;EMBOUT SEUIL TAPEE 120MM;ARCELOR (BERTON SICARD);INSTALLUX;460084;Non;1;;;;;;;
EMBOUT;;EMBOUT SEUIL TAPEE 140MM;ARCELOR (BERTON SICARD);INSTALLUX;460085;Non;1;;;;;;;
EMBOUT;;EMBOUT SEUIL TAPEE 160MM;ARCELOR (BERTON SICARD);INSTALLUX;460086;Non;1;;;;;;;
EMBOUT;;EMBOUT SEUIL SANS ISOLAT;ARCELOR (BERTON SICARD);INSTALLUX;460089;Non;1;;;;;;;
Profil Alu;;SUP.CALE VIT OUVRANT;ARCELOR (BERTON SICARD);INSTALLUX;460095;Non;40;;;;;;;
Profil Alu;;SUP.CALE VIT OUVR 410080;ARCELOR (BERTON SICARD);INSTALLUX;460099;Non;40;;;;;;;
Profil Alu;;(*VERROU SEMI-FIXE;ARCELOR (BERTON SICARD);INSTALLUX;460105;Non;1;;;;;;;
Profil Alu;;DEFLECTEUR G32TH;ARCELOR (BERTON SICARD);INSTALLUX;461002;Non;100;;;;;;;
Profil Alu;;GOUP LG10/461006 FG8L10;ARCELOR (BERTON SICARD);INSTALLUX;461010;Non;400;;;;;;;
Profil Alu;;PLAQUE ETANCHEITE HT 120;ARCELOR (BERTON SICARD);INSTALLUX;463002;Non;50;;;;;;;
Profil Alu;;PLAQUE ETANCHEITE BS 120;ARCELOR (BERTON SICARD);INSTALLUX;463003;Non;50;;;;;;;
Profil Alu;;PLAQUE ETANCHEITE HT 160;ARCELOR (BERTON SICARD);INSTALLUX;463004;Non;50;;;;;;;
Profil Alu;;PLAQUE ETANCHEITE BS 160;ARCELOR (BERTON SICARD);INSTALLUX;463005;Non;50;;;;;;;
Profil Alu;;PLAQUE ETANCHEITE HT 100;ARCELOR (BERTON SICARD);INSTALLUX;463009;Non;50;;;;;;;
Profil Alu;;PLAQUE ETANCHEITE BS 100;ARCELOR (BERTON SICARD);INSTALLUX;463010;Non;50;;;;;;;
Profil Alu;;PLAQUE ETANCHEITE HT 180;ARCELOR (BERTON SICARD);INSTALLUX;463011;Non;50;;;;;;;
Profil Alu;;PLAQUE ETANCHEITE BS 180;ARCELOR (BERTON SICARD);INSTALLUX;463012;Non;50;;;;;;;
Profil Alu;;ETANCHEITE TRAV/DORMANT;ARCELOR (BERTON SICARD);INSTALLUX;463013;Non;20;;;;;;;
Profil Alu;;REHAUSSEUR DE 50MM;ARCELOR (BERTON SICARD);INSTALLUX;510025;Non;6,5;;;;;;;
Profil Alu;;KIT MOUSSE ETANCHEITE;ARCELOR (BERTON SICARD);INSTALLUX;463017;Non;1;;;;;;;
EMBOUT;;EMBOUT D’ETANCH. SEUIL;ARCELOR (BERTON SICARD);INSTALLUX;463018;Non;1;;;;;;;
Profil Alu;;PLAQUE ETANCHEITE PT;ARCELOR (BERTON SICARD);INSTALLUX;463020;Non;50;;;;;;;
Profil Alu;;PLAQUE ETANCHEITE GD;ARCELOR (BERTON SICARD);INSTALLUX;463021;Non;50;;;;;;;
Profil Alu;;KIT ETANCH.FIX.SEUIL OC;ARCELOR (BERTON SICARD);INSTALLUX;463022;Non;1;;;;;;;
Profil Alu;;KIT ETANCHEITE SEUIL PMR;ARCELOR (BERTON SICARD);INSTALLUX;463024;Non;1;;;;;;;
Profil Alu;;SUPPORT CALE VITR.23-28;ARCELOR (BERTON SICARD);INSTALLUX;463098;Non;50;;;;;;;
Profil Alu;;SUP.DE CALE VIT 29-34;ARCELOR (BERTON SICARD);INSTALLUX;463099;Non;50;;;;;;;
Profil Alu;;SUP.DE CALE VIT 35-40;ARCELOR (BERTON SICARD);INSTALLUX;463100;Non;50;;;;;;;
Profil Alu;;SUP.DE CALE VIT 41-46;ARCELOR (BERTON SICARD);INSTALLUX;463101;Non;50;;;;;;;
Profil Alu;;OUTIL DORM.ESPACE 70TH;ARCELOR (BERTON SICARD);INSTALLUX;470000;Non;1;;;;;;;
Profil Alu;;OUTIL DORM.ESPACE70/82TH;ARCELOR (BERTON SICARD);INSTALLUX;470000N;Non;1;;;;;;;
Profil Alu;;BLOC OUTIL TOURE70 OUV;ARCELOR (BERTON SICARD);INSTALLUX;470001;Non;1;;;;;;;
Profil Alu;;GABARIT PERC.PAUM.450036;ARCELOR (BERTON SICARD);INSTALLUX;470005;Non;1;;;;;;;
Profil Alu;;GAB.PER.EQU.VA.15,4X29,2;ARCELOR (BERTON SICARD);INSTALLUX;470009;Non;1;;;;;;;
Profil Alu;;GAB.PER.EQU.VA.15,4X8;ARCELOR (BERTON SICARD);INSTALLUX;470010;Non;1;;;;;;;
Profil Alu;;GABARIT DE PERCAGE OUV;ARCELOR (BERTON SICARD);INSTALLUX;470011;Non;1;;;;;;;
Profil Alu;;PLAQUE DE COPIAGE OF-OB;ARCELOR (BERTON SICARD);INSTALLUX;470013;Non;1;;;;;;;
Profil Alu;;PLAQUE DE COPIAGE ITAL.;ARCELOR (BERTON SICARD);INSTALLUX;470014;Non;1;;;;;;;
Profil Alu;;GAB PERC.COMPAS ITA.OUVR;ARCELOR (BERTON SICARD);INSTALLUX;470024;Non;1;;;;;;;
Profil Alu;;GAB PERC.COMPAS ITA.DORM;ARCELOR (BERTON SICARD);INSTALLUX;470025;Non;1;;;;;;;
Profil Alu;;PLAQUE DE COPIAGE 5891;ARCELOR (BERTON SICARD);INSTALLUX;470026;Non;1;;;;;;;
Profil Alu;;GAB.PER.EQU.VA. 41.8X8;ARCELOR (BERTON SICARD);INSTALLUX;470064;Non;1;;;;;;;
Profil Alu;;GAB.PER.EQU.VA.41.8X29.2;ARCELOR (BERTON SICARD);INSTALLUX;470065;Non;1;;;;;;;
Profil Alu;;OUTIL OUVR.ESPACE 70TH;ARCELOR (BERTON SICARD);INSTALLUX;471000;Non;1;;;;;;;
Profil Alu;;OUTIL OUVR.ESPACE70/82TH;ARCELOR (BERTON SICARD);INSTALLUX;471000N;Non;1;;;;;;;
Profil Alu;;BLOC OUTIL OUV. OUTIFO;ARCELOR (BERTON SICARD);INSTALLUX;471001;Non;1;;;;;;;
Profil Alu;;BLOC OUTIL DMT OUTIFD;ARCELOR (BERTON SICARD);INSTALLUX;471002;Non;1;;;;;;;
Profil Alu;;VERIPNEUMATIQUE;ARCELOR (BERTON SICARD);INSTALLUX;473000;Non;1;;;;;;;
Profil Alu;;OUTIL DOR.45 OC;ARCELOR (BERTON SICARD);INSTALLUX;473001;Non;1;;;;;;;
Profil Alu;;OUTIL OUVRANT OC;ARCELOR (BERTON SICARD);INSTALLUX;473002;Non;1;;;;;;;
Profil Alu;;OUTIL DOR.COUPE D. OC;ARCELOR (BERTON SICARD);INSTALLUX;473003;Non;1;;;;;;;
Profil Alu;;SEUIL RPT P. SOLOBLOC;ARCELOR (BERTON SICARD);INSTALLUX;510024;Non;6;;;;;;;
Profil Alu;;*MOUSSE XPE 25X20;ARCELOR (BERTON SICARD);INSTALLUX;540002;Non;10;;;;;;;
Profil Alu;;PLINTHE AUTOMAT. L=1000;ARCELOR (BERTON SICARD);INSTALLUX;550007;Non;1;;;;;;;
Profil Alu;;PLINTHE AUTOMAT. L=1100;ARCELOR (BERTON SICARD);INSTALLUX;550008;Non;1;;;;;;;
Profil Alu;;PLINTHE AUTOMAT. L=1200;ARCELOR (BERTON SICARD);INSTALLUX;550009;Non;1;;;;;;;
Profil Alu;;CYLINDRE 45+45 S ENTROU;ARCELOR (BERTON SICARD);INSTALLUX;550011;Non;1;;;;;;;
Profil Alu;;SERRURE 2 PTS COFR 16MM;ARCELOR (BERTON SICARD);INSTALLUX;550018;Non;1;;;;;;;
Profil Alu;;SERRURE 1PT P.DORMANT;ARCELOR (BERTON SICARD);INSTALLUX;550020;Non;1;;;;;;;
Profil Alu;;SERRURE 3 PT GENOUILLERE;ARCELOR (BERTON SICARD);INSTALLUX;550022;Non;1;;;;;;;
Profil Alu;;SERRURE 3PTS A CROCHETS;ARCELOR (BERTON SICARD);INSTALLUX;550023;Non;1;;;;;;;
Profil Alu;;SERRURE 5PTS A CROCHET;ARCELOR (BERTON SICARD);INSTALLUX;550025;Non;1;;;;;;;
Profil Alu;;SERRURE 3PTS A RELEVAGE;ARCELOR (BERTON SICARD);INSTALLUX;550026;Non;1;;;;;;;
Profil Alu;;GACHE HAUTE OU BASSE;ARCELOR (BERTON SICARD);INSTALLUX;550028;Non;1;;;;;;;
Profil Alu;;SERRURE 3PTS TETIERE PA;ARCELOR (BERTON SICARD);INSTALLUX;550032;Non;1;;;;;;;
Profil Alu;;(*GACHE HAUTE P.VER.SF;ARCELOR (BERTON SICARD);INSTALLUX;550038;Non;1;;;;;;;
Profil Alu;;GACHE CENTRALE MOULEE RG;ARCELOR (BERTON SICARD);INSTALLUX;550040;Non;1;;;;;;;
Profil Alu;;GACHE HAUTE+BASSE MOULEE;ARCELOR (BERTON SICARD);INSTALLUX;550041;Non;2;;;;;;;
Profil Alu;;GACHE BASSE VERROU SF F;ARCELOR (BERTON SICARD);INSTALLUX;550049;Non;10;;;;;;;
Profil Alu;;GACHE CENTRALE 2 VANTAUX;ARCELOR (BERTON SICARD);INSTALLUX;550050;Non;1;;;;;;;
Profil Alu;;GACHE ELECTRIQUE COM70TH;ARCELOR (BERTON SICARD);INSTALLUX;550055;Non;1;;;;;;;
Profil Alu;;GACHE A VERROUS;ARCELOR (BERTON SICARD);INSTALLUX;550056;Non;1;;;;;;;
Profil Alu;;PENE JOURNALIER DUR;ARCELOR (BERTON SICARD);INSTALLUX;550058;Non;1;;;;;;;
Profil Alu;;GUIDE CREMONE ONGLET;ARCELOR (BERTON SICARD);INSTALLUX;550067;Non;1;;;;;;;
Profil Alu;;GUIDE CREMONE COUPE DR;ARCELOR (BERTON SICARD);INSTALLUX;550068;Non;1;;;;;;;
Profil Alu;;SERRURE 5PTS C16 CROCHET;ARCELOR (BERTON SICARD);INSTALLUX;550069;Non;1;;;;;;;
Profil Alu;;SERRURE 5PTS C16 GALETS;ARCELOR (BERTON SICARD);INSTALLUX;550070;Non;1;;;;;;;
Profil Alu;;GUIDE CREMONE ONGLET 70T;ARCELOR (BERTON SICARD);INSTALLUX;550072;Non;4;;;;;;;
Profil Alu;;KIT GACHE HAUTE ET BASSE;ARCELOR (BERTON SICARD);INSTALLUX;550075;Non;1;;;;;;;
Profil Alu;;REHAUSSEUR DE 50MM;ARCELOR (BERTON SICARD);INSTALLUX;510025;Non;6,5;;;;;;;
Profil Alu;;FAUX PIVOT PORTE 70TH DA;ARCELOR (BERTON SICARD);INSTALLUX;550082;Non;1;;;;;;;
Profil Alu;;BRAS DROIT 70 APD SEUIL;ARCELOR (BERTON SICARD);INSTALLUX;550084;Non;1;;;;;;;
Profil Alu;;CANON POUR SEUIL 520015;ARCELOR (BERTON SICARD);INSTALLUX;550086;Non;2;;;;;;;
Profil Alu;;ENSEMBLE GACHE CLAMEAUX;ARCELOR (BERTON SICARD);INSTALLUX;550095;Non;1;;;;;;;
Profil Alu;;SUPPORT DE CALE DE VIT.;ARCELOR (BERTON SICARD);INSTALLUX;560001;Non;20;;;;;;;
EMBOUT;;EMBOUT ETANCH. OUVR.DRT;ARCELOR (BERTON SICARD);INSTALLUX;560005;Non;1;;;;;;;
EMBOUT;;EMBOUT ETANCH.OUVR.GCH;ARCELOR (BERTON SICARD);INSTALLUX;560006;Non;1;;;;;;;
EMBOUT;;KIT EMBOUT MON VENTOUSE;ARCELOR (BERTON SICARD);INSTALLUX;560008;Non;1;;;;;;;
Profil Alu;;BLOC ASS.OUV.VENT.ELEC.;ARCELOR (BERTON SICARD);INSTALLUX;560015;Non;1;;;;;;;
Profil Alu;;REHAUSSE GACHE A5029;ARCELOR (BERTON SICARD);INSTALLUX;550081;Non;1;;;;;;;
;Profil Alu;PAIRE H ET B BOUCH VTX;ARCELOR (BERTON SICARD);INSTALLUX;560021;Non;1;;;;;;;
;Profil Alu;BUTOIR DE PORTE;ARCELOR (BERTON SICARD);INSTALLUX;560027;Non;1;;;;;;;
;Profil Alu;PAUMELLE 3 LAMES A CLA;ARCELOR (BERTON SICARD);INSTALLUX;560032;Non;1;;;;;;;
;Profil Alu;KIT CONTREPLAQUE+CLAMEAU;ARCELOR (BERTON SICARD);INSTALLUX;560034;Non;1;;;;;;;
;Profil Alu;ENSEMBLE CONTREPLAQUES;ARCELOR (BERTON SICARD);INSTALLUX;560036;Non;1;;;;;;;
;Profil Alu;ENSEMBLE CONTREPLAQUES;ARCELOR (BERTON SICARD);INSTALLUX;560039;Non;1;;;;;;;
;Profil Alu;ETANCHEITE FIX. SEUIL;ARCELOR (BERTON SICARD);INSTALLUX;560040;Non;1;;;;;;;
;Profil Alu;ETANCHEITE COTE SERRURE;ARCELOR (BERTON SICARD);INSTALLUX;560041;Non;1;;;;;;;
;Profil Alu;OUTIL COMETE 70TH;ARCELOR (BERTON SICARD);INSTALLUX;570000;Non;1;;;;;;;
;Profil Alu;PLAQUE DE COP.SERRURES;ARCELOR (BERTON SICARD);INSTALLUX;570001;Non;1;;;;;;;
;Profil Alu;PLAQUE DE COP.FERME-P EN;ARCELOR (BERTON SICARD);INSTALLUX;570002;Non;1;;;;;;;
;Profil Alu;OUTIL REGLAGE PAU.560011;ARCELOR (BERTON SICARD);INSTALLUX;570003;Non;1;;;;;;;
;Profil Alu;(*PLAQUE COPIAGE GACHE E;ARCELOR (BERTON SICARD);INSTALLUX;570004;Non;1;;;;;;;
;Profil Alu;GABARIT PERCAGE PAUM 92;ARCELOR (BERTON SICARD);INSTALLUX;570008;Non;1;;;;;;;
;Profil Alu;GABARIT PERC. OUV OC70;ARCELOR (BERTON SICARD);INSTALLUX;570011;Non;1;;;;;;;
;Profil Alu;PLAQUE/COMETE 70TH APD;ARCELOR (BERTON SICARD);INSTALLUX;570012;Non;1;;;;;;;
;Profil Alu;PLAQUE BRAS DEPORTE;ARCELOR (BERTON SICARD);INSTALLUX;570013;Non;1;;;;;;;
;Profil Alu;PLAQUE/SERRURE 550018;ARCELOR (BERTON SICARD);INSTALLUX;570015;Non;1;;;;;;;
;Profil Alu;PLAQUE BR DR COMETE 50TH;ARCELOR (BERTON SICARD);INSTALLUX;570016;Non;1;;;;;;;
;Profil Alu;PLAQUE COPIAGE SERRURE;ARCELOR (BERTON SICARD);INSTALLUX;570018;Non;1;;;;;;;
;Profil Alu;GABARIT PAUMELLE ANGLE;ARCELOR (BERTON SICARD);INSTALLUX;570019;Non;1;;;;;;;
;Profil Alu;PLAQUE PERCAGE SEUIL APD;ARCELOR (BERTON SICARD);INSTALLUX;570023;Non;10;;;;;;;
;Profil Alu;PLAQUE/VERROU SEMI-FIXE;ARCELOR (BERTON SICARD);INSTALLUX;570024;Non;1;;;;;;;
;Profil Alu;SUPPORT DE TAPEE PVC;ARCELOR (BERTON SICARD);INSTALLUX;620001;Non;6,5;;;;;;;
;profil alu;PROFIL PVC CENTREUR;ARCELOR (BERTON SICARD);INSTALLUX;630011;Non;6,5;;;;;;;
;profil alu;PROFIL GARDE A L’EAU DOR;ARCELOR (BERTON SICARD);INSTALLUX;630013;Non;6,5;;;;;;;
;Profil Alu;BOUCLIER THERM/SUPP.CALE;ARCELOR (BERTON SICARD);INSTALLUX;630014;Non;6,5;;;;;;;
;Profil Alu;TCB N°8X19 AUT.PERC.CARR;ARCELOR (BERTON SICARD);INSTALLUX;660003;Non;100;;;;;;;
;Profil Alu;CLAMEAU / CAGE 10X14;ARCELOR (BERTON SICARD);INSTALLUX;664006;Non;100;;;;;;;
;Profil Alu;PATTE FIX. PRECADRE 100;ARCELOR (BERTON SICARD);INSTALLUX;664007;Non;125;;;;;;;
;Profil Alu;PATTE FIX. PRECADRE 120;ARCELOR (BERTON SICARD);INSTALLUX;664008;Non;125;;;;;;;
;Profil Alu;PATTE OSSATURE BOIS35/50;ARCELOR (BERTON SICARD);INSTALLUX;664012;Non;10;;;;;;;
;EMBOUT;EMBOUT DE BAVETTE T. RD;ARCELOR (BERTON SICARD);INSTALLUX;664019;Non;20;;;;;;;
;EMBOUT;EMBOUT DE BAVETTE T. RA;ARCELOR (BERTON SICARD);INSTALLUX;664020;Non;20;;;;;;;
;Profil Alu;VIS/PATTE FIXATION/DORM.;ARCELOR (BERTON SICARD);INSTALLUX;664032;Non;60;;;;;;;
;Profil Alu;CALE PATTE A GOUSSET;ARCELOR (BERTON SICARD);INSTALLUX;664034;Non;50;;;;;;;
;Profil Alu;AXE POUR EMB DE LAME;ARCELOR (BERTON SICARD);INSTALLUX;760016;Non;1;;;;;;;
;Profil Alu;ROTULE CLIP;ARCELOR (BERTON SICARD);INSTALLUX;760017;Non;10;;;;;;;
;Profil Alu;KIT LUMINAIRE;ARCELOR (BERTON SICARD);INSTALLUX;760025;Non;1;;;;;;;
;Profil Alu;ROND D7 INOX PERG. DOUBL;ARCELOR (BERTON SICARD);INSTALLUX;760028;Non;4;;;;;;;
Profil Alu;Cheneau;KIT MAINTIECHENEAU;ARCELOR (BERTON SICARD);INSTALLUX;760030;Non;1;;;;;;;
;Profil Alu;BRIDE MOT. GAUCHE 1 MOD;ARCELOR (BERTON SICARD);INSTALLUX;760039;Non;1;;;;;;;
;Profil Alu;KIT DE FIXATIOPOTEAU D;ARCELOR (BERTON SICARD);INSTALLUX;760063D;Non;1;;;;;;;
;Profil Alu;KIT DE FIXATIOPOTEAU G;ARCELOR (BERTON SICARD);INSTALLUX;760063G;Non;1;;;;;;;
;Profil Alu;GABARIT PERCAGE POTEAU;ARCELOR (BERTON SICARD);INSTALLUX;770002;Non;1;;;;;;;
;Profil Alu;GABARIT PERCAGE POTEAU;ARCELOR (BERTON SICARD);INSTALLUX;770003;Non;1;;;;;;;
;Profil Alu;GABARIT PERCAGE POTEAU;ARCELOR (BERTON SICARD);INSTALLUX;770004;Non;1;;;;;;;
;Profil Alu;RENFORT FIXATION SERRU;ARCELOR (BERTON SICARD);INSTALLUX;930004;Non;6,5;;;;;;;
;Profil Alu;KIT FERMETURE VERSUS;ARCELOR (BERTON SICARD);INSTALLUX;950005;Non;1;;;;;;;
;Profil Alu;FERRURE AUDAX 1PT;ARCELOR (BERTON SICARD);INSTALLUX;950006;Non;1;;;;;;;
;Profil Alu;FERRURE AUDAX 3PTS;ARCELOR (BERTON SICARD);INSTALLUX;950007;Non;1;;;;;;;
;Profil Alu;AUDAX 3PTS A CLE;ARCELOR (BERTON SICARD);INSTALLUX;950008;Non;1;;;;;;;
;Profil Alu;KIT FERM. 3PTS VERSUS;ARCELOR (BERTON SICARD);INSTALLUX;950018N;Non;1;;;;;;;
;Profil Alu;KIT FERM. 5PTS VERSUS;ARCELOR (BERTON SICARD);INSTALLUX;950019;Non;1;;;;;;;
;Profil Alu;CHARIOT DOUBLE FIXE POM;ARCELOR (BERTON SICARD);INSTALLUX;950060;Non;2;;;;;;;
;Profil Alu;CHARIOT DOUBLE REGL POM;ARCELOR (BERTON SICARD);INSTALLUX;950062;Non;2;;;;;;;
;Profil Alu;CHARIOT DOUBLE FIXE INOX;ARCELOR (BERTON SICARD);INSTALLUX;950071;Non;2;;;;;;;
;Profil Alu;CHARIOT DOUBLE REGL INOX;ARCELOR (BERTON SICARD);INSTALLUX;950073;Non;2;;;;;;;
;Profil Alu;CHARIOT ALU DOU REG INOX;ARCELOR (BERTON SICARD);INSTALLUX;950074;Non;2;;;;;;;
;Profil Alu;CHARIOT DOUBLE FIXE;ARCELOR (BERTON SICARD);INSTALLUX;950075;Non;2;;;;;;;
;Profil Alu;SERRURE 2/4 PTS 2170;ARCELOR (BERTON SICARD);INSTALLUX;950210;Non;1;;;;;;;
;Profil Alu;SERRURE 2/4 PTS 2570;ARCELOR (BERTON SICARD);INSTALLUX;950211;Non;1;;;;;;;
;Profil Alu;CLAMEAU DE FIXATION;ARCELOR (BERTON SICARD);INSTALLUX;960006;Non;4;;;;;;;
;Profil Alu;DEFLECTEUR;ARCELOR (BERTON SICARD);INSTALLUX;960023;Non;4;;;;;;;
;Profil Alu;CENTREUR;ARCELOR (BERTON SICARD);INSTALLUX;960024;Non;2;;;;;;;
;Profil Alu;BUTEE DE VANTAIL;ARCELOR (BERTON SICARD);INSTALLUX;960025;Non;4;;;;;;;
;Profil Alu;MOUSSE ETANCHEITE GAL;ARCELOR (BERTON SICARD);INSTALLUX;960030;Non;2;;;;;;;
;Profil Alu;CENTREUR SUR OUVRANT;ARCELOR (BERTON SICARD);INSTALLUX;960032N;Non;1;;;;;;;
;Profil Alu;SUPPORT CHICANE MONO;ARCELOR (BERTON SICARD);INSTALLUX;960034;Non;5;;;;;;;
;Profil Alu;CENTREUR AUDAX;ARCELOR (BERTON SICARD);INSTALLUX;960035;Non;1;;;;;;;
;Profil Alu;ADH ETANCH.SEUIL PMR 2R;ARCELOR (BERTON SICARD);INSTALLUX;960042;Non;2;;;;;;;
;Profil Alu;ADH ETANCH.SEUIL PMR 3R;ARCELOR (BERTON SICARD);INSTALLUX;960043;Non;2;;;;;;;
;Profil Alu;MOUSSE D’ETANCHEITE;ARCELOR (BERTON SICARD);INSTALLUX;960046;Non;20;;;;;;;
;Profil Alu;KIT VERROUILLAGE SF;ARCELOR (BERTON SICARD);INSTALLUX;960047;Non;1;;;;;;;
;Profil Alu;SUPPORT CALE DE VITRAGE;ARCELOR (BERTON SICARD);INSTALLUX;960204;Non;8;;;;;;;
;Profil Alu;BLOC D’ASSEMBLAGE SEUIL;ARCELOR (BERTON SICARD);INSTALLUX;960205;Non;4;;;;;;;
;Profil Alu;ETANCHEITE HAUTE;ARCELOR (BERTON SICARD);INSTALLUX;960210;Non;2;;;;;;;
;Profil Alu;BROSSE ETANCH DORMANT;ARCELOR (BERTON SICARD);INSTALLUX;960212;Non;1;;;;;;;
;Profil Alu;GUIDAGE OUVRANT;ARCELOR (BERTON SICARD);INSTALLUX;960213;Non;8;;;;;;;
;EMBOUT;KIT EMBOUTS SEUIL;ARCELOR (BERTON SICARD);INSTALLUX;960214;Non;1;;;;;;;
;EMBOUT;KIT EMBOUT DE SEUIL HAUT;ARCELOR (BERTON SICARD);INSTALLUX;960215;Non;1;;;;;;;
;Profil Alu;MOUSSE VANTAIL FIXE;ARCELOR (BERTON SICARD);INSTALLUX;960220;Non;1;;;;;;;
;Profil Alu;MOUSSE ETANCH SEUIL;ARCELOR (BERTON SICARD);INSTALLUX;960222;Non;1;;;;;;;
;Profil Alu;KIT FIXATION VANT BLOQUE;ARCELOR (BERTON SICARD);INSTALLUX;960223;Non;10;;;;;;;
;Profil Alu;MOUSSE SEUIL 910211P;ARCELOR (BERTON SICARD);INSTALLUX;960224;Non;1;;;;;;;
;Profil Alu;MOUSSE SEUIL 910212;ARCELOR (BERTON SICARD);INSTALLUX;960225;Non;1;;;;;;;
;Profil Alu;MOUSSE SEUIL 910213;ARCELOR (BERTON SICARD);INSTALLUX;960226;Non;1;;;;;;;
;Profil Alu;BUTEE SEMI FIXE ANGLE;ARCELOR (BERTON SICARD);INSTALLUX;960231;Non;2;;;;;;;
;Profil Alu;OUTIL DORMANT GAL 32TH;ARCELOR (BERTON SICARD);INSTALLUX;970001;Non;1;;;;;;;
;Profil Alu;OUTIL OUVRANT GAL 32TH;ARCELOR (BERTON SICARD);INSTALLUX;970002;Non;1;;;;;;;
;Profil Alu;OUTIL TOUR OUVRANT 32TH;ARCELOR (BERTON SICARD);INSTALLUX;970002BO;Non;1;;;;;;;
;Profil Alu;PLAQUE COPIAGE CHRONOS;ARCELOR (BERTON SICARD);INSTALLUX;970003;Non;1;;;;;;;
;Profil Alu;PLAQUE COP FER 9950A9952;ARCELOR (BERTON SICARD);INSTALLUX;970004;Non;1;;;;;;;
;Profil Alu;BLOC OUTIL 45TH;ARCELOR (BERTON SICARD);INSTALLUX;970201;Non;1;;;;;;;
;Profil Alu;PLAQUE COPIAGE GD;ARCELOR (BERTON SICARD);INSTALLUX;970203;Non;1;;;;;;;
;Profil Alu;OUTIL PORTE CASSETTES;ARCELOR (BERTON SICARD);INSTALLUX;971000;Non;1;;;;;;;
;Profil Alu;CLAMEAU 14/17;ARCELOR (BERTON SICARD);INSTALLUX;A5038;Non;100;;;;;;;
;Profil Alu;MOTEUR TRANSFO CABLE;ARCELOR (BERTON SICARD);INSTALLUX;A5076;Non;1;;;;;;;
;Profil Alu;ARRET AUTOMATIQUE VOLET;ARCELOR (BERTON SICARD);INSTALLUX;A6089;Non;1;;;;;;;
;profil alu;CLIP PROFILS /112 /167;ARCELOR (BERTON SICARD);INSTALLUX;CL112;Non;50;;;;;;;
;Profil Alu;ECROU HU 5 INOX;ARCELOR (BERTON SICARD);INSTALLUX;ECROUHM5;Non;100;;;;;;;
;Profil Alu;ECROU HU M6 INOX;ARCELOR (BERTON SICARD);INSTALLUX;ECROUHM6;Non;100;;;;;;;
;Profil Alu;ECROU HU 8 INOX;ARCELOR (BERTON SICARD);INSTALLUX;ECROUHM8;Non;50;;;;;;;
;Profil Alu;ECROU HM5 BORGNE INOX;ARCELOR (BERTON SICARD);INSTALLUX;HM5BORGN;Non;100;;;;;;;
;Profil Alu;JONC MOUSTIQUAIRE;ARCELOR (BERTON SICARD);INSTALLUX;J6009;Non;300;;;;;;;
;Profil Alu;JONC MOUSTIQUAIRE;ARCELOR (BERTON SICARD);INSTALLUX;J6009/50;Non;50;;;;;;;
;Profil Alu;SEUIL 11MM;ARCELOR (BERTON SICARD);INSTALLUX;P5062;Non;6,5;;;;;;;
;profil alu;PROFIL PORTE JOINT;ARCELOR (BERTON SICARD);INSTALLUX;P5063;Non;6,5;;;;;;;
;Profil Alu;MOUSTIQUAIRE;ARCELOR (BERTON SICARD);INSTALLUX;P6046;Non;5,8;;;;;;;
;Profil Alu;ECROU A SERTIR M4 11,5MM;ARCELOR (BERTON SICARD);INSTALLUX;RIV 4;Non;100;;;;;;;
;Profil Alu;ECROU A SERTIR M5 15MM;ARCELOR (BERTON SICARD);INSTALLUX;RIV 5;Non;100;;;;;;;
;Profil Alu;RIVET TARAUD M5 INOX;ARCELOR (BERTON SICARD);INSTALLUX;RIV 5IN;Non;100;;;;;;;
;Profil Alu;ECROU A SERTIR M6 17MM;ARCELOR (BERTON SICARD);INSTALLUX;RIV 6;Non;100;;;;;;;
;Profil Alu;RIVET TARAUD M6 INOX;ARCELOR (BERTON SICARD);INSTALLUX;RIV 6IN;Non;100;;;;;;;
;Profil Alu;ECROU SERT.M6 TETE AFFL;ARCELOR (BERTON SICARD);INSTALLUX;RIV 6TA;Non;100;;;;;;;
;Profil Alu;ECROU A SERTIR M8 19MM;ARCELOR (BERTON SICARD);INSTALLUX;RIV 8;Non;100;;;;;;;
;Profil Alu;RONDELLE PLATE ZU 5 INOX;ARCELOR (BERTON SICARD);INSTALLUX;RONDEL5;Non;100;;;;;;;
;Profil Alu;VT TCB 10X9,5 BOUT PL.I.;ARCELOR (BERTON SICARD);INSTALLUX;TCB109.5;Non;100;;;;;;;
Profil Alu;PARCLOSE;PARCLOSE A PIED 20;ARCELOR (BERTON SICARD);INSTALLUX;20;Non;6;;;;;;;
Profil Alu;PARCLOSE;PARCLOSE A PIED 20;ARCELOR (BERTON SICARD);INSTALLUX;20L;Non;6;;;;;;;
Profil Alu;PARCLOSE;PARCLOSE A PIED 25;ARCELOR (BERTON SICARD);INSTALLUX;21L;Non;6;;;;;;;
Profil Alu;PARCLOSE;PARCLOSE A PIED 20;ARCELOR (BERTON SICARD);INSTALLUX;23/20;Non;6;;;;;;;
Profil Alu;PARCLOSE;PARCLOSE A PIED 20;ARCELOR (BERTON SICARD);INSTALLUX;23/20L;Non;6;;;;;;;
Profil Alu;PARCLOSE;PARCLOSE A PIED 25;ARCELOR (BERTON SICARD);INSTALLUX;23/25;Non;6;;;;;;;
Profil Alu;PARCLOSE;PARCLOSE A PIED 25;ARCELOR (BERTON SICARD);INSTALLUX;23/25L;Non;6;;;;;;;
Profil Alu;PARCLOSE;PARCLOSE A PIED 20;ARCELOR (BERTON SICARD);INSTALLUX;26;Non;6;;;;;;;
Profil Alu;PARCLOSE;PARCLOSE A PIED 20;ARCELOR (BERTON SICARD);INSTALLUX;26L;Non;6;;;;;;;
Profil Alu;PARCLOSE;PARCLOSE A PIED 20;ARCELOR (BERTON SICARD);INSTALLUX;27/20L;Non;6;;;;;;;
;Profil Alu;CALE ASSISE DOUBLE;ARCELOR (BERTON SICARD);INSTALLUX;52;Non;50;;;;;;;
;Profil Alu;*LIAISON G 140/BAVETTE;ARCELOR (BERTON SICARD);INSTALLUX;108;Non;6;;;;;;;
;Profil Alu;CHARIOT PORTE COULISSANT;ARCELOR (BERTON SICARD);INSTALLUX;133;Non;2;;;;;;;
;Profil Alu;GUIDE BAS PORTE COUL.;ARCELOR (BERTON SICARD);INSTALLUX;134;Non;4;;;;;;;
;Profil Alu;BOITE A ROULEMENT;ARCELOR (BERTON SICARD);INSTALLUX;137;Non;2;;;;;;;
;Profil Alu;GACHE ARRET PORTE COULIS;ARCELOR (BERTON SICARD);INSTALLUX;138;Non;2;;;;;;;
;Profil Alu;BANDEAU 150X40 LG:996 MM;ARCELOR (BERTON SICARD);INSTALLUX;143/151;Non;1;;;;;;;
;Profil Alu;BANDEAU 80X40 LG:996 MM;ARCELOR (BERTON SICARD);INSTALLUX;143/801;Non;1;;;;;;;
;Profil Alu;SUPPORT MURAL REMPLISSAG;ARCELOR (BERTON SICARD);INSTALLUX;343;Non;1;;;;;;;
;Profil Alu;FIXATION RAIDISSEUR/LIS.;ARCELOR (BERTON SICARD);INSTALLUX;354;Non;2;;;;;;;
;Profil Alu;CLAMEAU MAIN COURANTE;ARCELOR (BERTON SICARD);INSTALLUX;355;Non;10;;;;;;;
;Profil Alu;CLAMEAU MAIN COURANTE;ARCELOR (BERTON SICARD);INSTALLUX;356;Non;10;;;;;;;
;Profil Alu;RACCORD LISSE HAUTE BAS;ARCELOR (BERTON SICARD);INSTALLUX;369;Non;2;;;;;;;
;Profil Alu;GACHE INOX SERRURE 407;ARCELOR (BERTON SICARD);INSTALLUX;400;Non;1;;;;;;;
;Profil Alu;SERRURE 1/2TOUR A LA CLE;ARCELOR (BERTON SICARD);INSTALLUX;407;Non;1;;;;;;;
;Profil Alu;SERRURE A ROULEAU;ARCELOR (BERTON SICARD);INSTALLUX;408;Non;1;;;;;;;
;Profil Alu;SERRURE PENE DORM. SEUL;ARCELOR (BERTON SICARD);INSTALLUX;414;Non;1;;;;;;;
;Profil Alu;SERRURE CREMONE A CLE;ARCELOR (BERTON SICARD);INSTALLUX;429;Non;1;;;;;;;
;Profil Alu;SERRURE CREMONE A CLE;ARCELOR (BERTON SICARD);INSTALLUX;430;Non;1;;;;;;;
;Profil Alu;SERRURE CREMONE A CARRE;ARCELOR (BERTON SICARD);INSTALLUX;431;Non;1;;;;;;;
;Profil Alu;VERROU DE FEUILL.152-157;ARCELOR (BERTON SICARD);INSTALLUX;432;Non;1;;;;;;;
;Profil Alu;SERRURE 1/2TOUR RETRACT.;ARCELOR (BERTON SICARD);INSTALLUX;433;Non;1;;;;;;;
;Profil Alu;VERROU DE FEUILL.182-183;ARCELOR (BERTON SICARD);INSTALLUX;434;Non;1;;;;;;;
;Profil Alu;SERRURE 3 PTS;ARCELOR (BERTON SICARD);INSTALLUX;436;Non;1;;;;;;;
;Profil Alu;SERRURE 3 PTS ROULEAU;ARCELOR (BERTON SICARD);INSTALLUX;437;Non;1;;;;;;;
;Profil Alu;GACHE ELECTR.DEC.MANUEL.;ARCELOR (BERTON SICARD);INSTALLUX;441;Non;1;;;;;;;
;Profil Alu;SERRURE PORTE COUL.;ARCELOR (BERTON SICARD);INSTALLUX;445;Non;1;;;;;;;
;Profil Alu;CONTREPLAQUE AUTOPORTANT;ARCELOR (BERTON SICARD);INSTALLUX;522;Non;2;;;;;;;
;Profil Alu;PLATINE POUR 542;ARCELOR (BERTON SICARD);INSTALLUX;544;Non;10;;;;;;;
;Profil Alu;CONTRE PLAQUE PR 542;ARCELOR (BERTON SICARD);INSTALLUX;548;Non;2;;;;;;;
;Profil Alu;JONCTION COULISSANT;ARCELOR (BERTON SICARD);INSTALLUX;549;Non;2;;;;;;;
;Profil Alu;CONTREPLAQUE POUR 525;ARCELOR (BERTON SICARD);INSTALLUX;553;Non;2;;;;;;;
;Profil Alu;SABOT TOURNIQUET;ARCELOR (BERTON SICARD);INSTALLUX;570;Non;1;;;;;;;
;Profil Alu;CALES POUR SABOT;ARCELOR (BERTON SICARD);INSTALLUX;571;Non;2;;;;;;;
;EMBOUT;KIT EMBOUT CACHE CREMAIL;ARCELOR (BERTON SICARD);INSTALLUX;585;Non;1;;;;;;;
;Profil Alu;*PORTE OLIV GUID LAT COU;ARCELOR (BERTON SICARD);INSTALLUX;598;Non;1;;;;;;;
Profil Alu;PARCLOSE;CLIP INOX PARCLOSE TALON;ARCELOR (BERTON SICARD);INSTALLUX;600;Non;50;;;;;;;
;Profil Alu;CLAMEAU ACIER DIAMETRE 4;ARCELOR (BERTON SICARD);INSTALLUX;604;Non;50;;;;;;;
;Profil Alu;CLAMEAU ACIER DIAMETRE 5;ARCELOR (BERTON SICARD);INSTALLUX;605;Non;50;;;;;;;
;Profil Alu;CLAMEAU INOX DIAMETRE 5;ARCELOR (BERTON SICARD);INSTALLUX;606;Non;50;;;;;;;
;profil Alu;LAME ‘Z’ 110X20;ARCELOR (BERTON SICARD);INSTALLUX;607;Non;6,5;;;;;;;
;Profil Alu;PAIRE VOLUTE INTER;ARCELOR (BERTON SICARD);INSTALLUX;663;Non;1;;;;;;;
;Profil Alu;ECROU BORGNE M6 ACIER;ARCELOR (BERTON SICARD);INSTALLUX;663-3;Non;10;;;;;;;
;Profil Alu;PAIRE VOLUTE CENTRALE;ARCELOR (BERTON SICARD);INSTALLUX;664;Non;1;;;;;;;
;Profil Alu;SERRURE PTL COULISSANT;ARCELOR (BERTON SICARD);INSTALLUX;671;Non;1;;;;;;;
Profil Alu;EMBOUT;EMBOUT REHAUSSEUR 510025;ARCELOR (BERTON SICARD);INSTALLUX;560016;Non;10;;;;;;;
;Profil Alu;ARRET AU SOL;ARCELOR (BERTON SICARD);INSTALLUX;677;Non;1;;;;;;;
;Profil Alu;KIT 2 ROUES DIAM 75+VIS;ARCELOR (BERTON SICARD);INSTALLUX;686;Non;1;;;;;;;
;Profil Alu;PAIRE VOLUTE SUPERIEURE;ARCELOR (BERTON SICARD);INSTALLUX;688;Non;1;;;;;;;
;Profil Alu;SERRURE PTL BATTANT;ARCELOR (BERTON SICARD);INSTALLUX;690;Non;1;;;;;;;
Profil Alu;;*REHAUSSE 50;ARCELOR (BERTON SICARD);INSTALLUX;7650A;Non;6,5;;;;;;;
;Profil Alu;GACHE GAUCHE PTL 2VTX;ARCELOR (BERTON SICARD);INSTALLUX;692;Non;1;;;;;;;
;Profil Alu;SUP. D GACHE ELEC 1VT;ARCELOR (BERTON SICARD);INSTALLUX;694;Non;1;;;;;;;
;Profil Alu;SUP. G GACHE ELEC 1VT;ARCELOR (BERTON SICARD);INSTALLUX;695;Non;1;;;;;;;
;Profil Alu;SUP. D GACHE ELEC 2VT;ARCELOR (BERTON SICARD);INSTALLUX;696;Non;1;;;;;;;
;Profil Alu;SUP. G GACHE ELEC 2VT;ARCELOR (BERTON SICARD);INSTALLUX;697;Non;1;;;;;;;
;Profil Alu;POIGNEE BANDEAU LG:996MM;ARCELOR (BERTON SICARD);INSTALLUX;1103/1;Non;1;;;;;;;
;EMBOUT;EMBOUT /201;ARCELOR (BERTON SICARD);INSTALLUX;1235;Non;10;;;;;;;
;Profil Alu;PLAQUE FIXATION /308/201;ARCELOR (BERTON SICARD);INSTALLUX;1237;Non;10;;;;;;;
;profil alu;VERIN PROFIL 140;ARCELOR (BERTON SICARD);INSTALLUX;1282;Non;4;;;;;;;
;Profil Alu;PATTE SCELL. COUDEE;ARCELOR (BERTON SICARD);INSTALLUX;1283;Non;10;;;;;;;
;Profil Alu;PATTE SCELL. COUDEE;ARCELOR (BERTON SICARD);INSTALLUX;1295;Non;10;;;;;;;
;Profil Alu;POIGNEE POUSSOIR 250;ARCELOR (BERTON SICARD);INSTALLUX;1623;Non;1;;;;;;;
;Profil Alu;POIGNEE POUSSOIR 350;ARCELOR (BERTON SICARD);INSTALLUX;1624;Non;1;;;;;;;
;Profil Alu;ACCES.POSE /1641 SEULE;ARCELOR (BERTON SICARD);INSTALLUX;1635;Non;1;;;;;;;
;Profil Alu;PIVOT HAUT AXE 74;ARCELOR (BERTON SICARD);INSTALLUX;1702;Non;1;;;;;;;
;Profil Alu;PIVOT HAUT AXE 62.5;ARCELOR (BERTON SICARD);INSTALLUX;1704;Non;1;;;;;;;
;Profil Alu;CONTACTEUR FEUILLURE;ARCELOR (BERTON SICARD);INSTALLUX;1803;Non;1;;;;;;;
;Profil Alu;ROULEMENT BILLES PAUM;ARCELOR (BERTON SICARD);INSTALLUX;1825;Non;10;;;;;;;
;Profil Alu;RONDELLE NYLON PAUMELLE;ARCELOR (BERTON SICARD);INSTALLUX;1826;Non;10;;;;;;;
;Profil Alu;*BEQUILLE FLOW D;ARCELOR (BERTON SICARD);INSTALLUX;1861D;Non;1;;;;;;;
;Profil Alu;*BEQUILLE FLOW G;ARCELOR (BERTON SICARD);INSTALLUX;1861G;Non;1;;;;;;;
;Profil Alu;*BEQUILLE SIMPLE HORUS;ARCELOR (BERTON SICARD);INSTALLUX;1868;Non;1;;;;;;;
;Profil Alu;*BEQUILLE DBL “HORUS”;ARCELOR (BERTON SICARD);INSTALLUX;1869;Non;1;;;;;;;
;Profil Alu;*BEQUILLE OPERA SIMPLE;ARCELOR (BERTON SICARD);INSTALLUX;1874;Non;1;;;;;;;
;Profil Alu;*BEQUILLE OPERA DOUBLE;ARCELOR (BERTON SICARD);INSTALLUX;1875;Non;1;;;;;;;
;Profil Alu;CLIP PLASTIQUE;ARCELOR (BERTON SICARD);INSTALLUX;3675;Non;50;;;;;;;
Profil Alu;PARCLOSE;PARCLOSE ANODISABLE CLIP;ARCELOR (BERTON SICARD);INSTALLUX;5050;Non;6,5;;;;;;;
Profil Alu;PARCLOSE;PARCLOSE CLIPABLE 8.5;ARCELOR (BERTON SICARD);INSTALLUX;5051;Non;6,5;;;;;;;
Profil Alu;PARCLOSE;PARCLOSE CLIP 8.5 LAQUEE;ARCELOR (BERTON SICARD);INSTALLUX;5051L;Non;6,5;;;;;;;
;Profil Alu;PATTE PRECADRES;ARCELOR (BERTON SICARD);INSTALLUX;5188;Non;10;;;;;;;
;Profil Alu;EQU.REG. 13.3X33/5067;ARCELOR (BERTON SICARD);INSTALLUX;5229;Non;2;;;;;;;
;Profil Alu;EQU.REG. 27.1X33/5065;ARCELOR (BERTON SICARD);INSTALLUX;5236;Non;2;;;;;;;
;Profil Alu;VIS CONIQUE INOX;ARCELOR (BERTON SICARD);INSTALLUX;5248;Non;100;;;;;;;
;EMBOUT;EMBOUT /5420TH G+D;ARCELOR (BERTON SICARD);INSTALLUX;5262;Non;10;;;;;;;
;Profil Alu;*GOUPILLE A COLLERETTE;ARCELOR (BERTON SICARD);INSTALLUX;5303;Non;100;;;;;;;
;Profil Alu;EQU.VIS. 27,1X33/5065;ARCELOR (BERTON SICARD);INSTALLUX;5332;Non;4;;;;;;;
;Profil Alu;EQU. VIS. 41,8X33/5066;ARCELOR (BERTON SICARD);INSTALLUX;5333;Non;4;;;;;;;
;EMBOUT;EMBOUT ETANCHEITE BAS;ARCELOR (BERTON SICARD);INSTALLUX;5346;Non;2;;;;;;;
Profil Alu;PARCLOSE;*PARCLOSE PVC;ARCELOR (BERTON SICARD);INSTALLUX;5386;Non;6,5;;;;;;;
;Profil Alu;DORMANT SS RECOUV. 64MM;ARCELOR (BERTON SICARD);INSTALLUX;5403TH;Non;6,5;;;;;;;
;Profil Alu;ISOLATION PVC BASCULANT;ARCELOR (BERTON SICARD);INSTALLUX;5430;Non;6,5;;;;;;;
;Profil Alu;PORTE BROSSE;ARCELOR (BERTON SICARD);INSTALLUX;5437;Non;6,5;;;;;;;
;Profil Alu;PORTE BROSSE;ARCELOR (BERTON SICARD);INSTALLUX;5438;Non;6;;;;;;;
;Profil Alu;ANGLE VULCAN /5544/5545;ARCELOR (BERTON SICARD);INSTALLUX;5546;Non;20;;;;;;;
;Profil Alu;SUPPORT CALE D’ASSISE;ARCELOR (BERTON SICARD);INSTALLUX;5592;Non;50;;;;;;;
;Profil Alu;CACHE TROU DIAMETRE 12;ARCELOR (BERTON SICARD);INSTALLUX;5615;Non;20;;;;;;;
;Profil Alu;CACHE TROU DIAMETRE 10;ARCELOR (BERTON SICARD);INSTALLUX;5616;Non;10;;;;;;;
;Profil Alu;CACHE TROU DIAMETRE 14;ARCELOR (BERTON SICARD);INSTALLUX;5617;Non;10;;;;;;;
;Profil Alu;GUIDE POUR TIGE CREMONE;ARCELOR (BERTON SICARD);INSTALLUX;5676;Non;1;;;;;;;
;Profil Alu;PIVOT HAUT;ARCELOR (BERTON SICARD);INSTALLUX;5721;Non;1;;;;;;;
;Profil Alu;*PAUMELLE REGL 2 BRANC;ARCELOR (BERTON SICARD);INSTALLUX;5730;Non;1;;;;;;;
;Profil Alu;*PAUMELLE REGL 2 BRANC;ARCELOR (BERTON SICARD);INSTALLUX;5734;Non;1;;;;;;;
;Profil Alu;SERRURE ROULEAU;ARCELOR (BERTON SICARD);INSTALLUX;5741;Non;1;;;;;;;
;Profil Alu;SERRURE PENE DORM. SEUL;ARCELOR (BERTON SICARD);INSTALLUX;5742;Non;1;;;;;;;
;Profil Alu;SERRURE PENE DEMI TOUR;ARCELOR (BERTON SICARD);INSTALLUX;5743;Non;1;;;;;;;
;Profil Alu;SERRURE 3 PTS PENE DORM;ARCELOR (BERTON SICARD);INSTALLUX;5745;Non;1;;;;;;;
;Profil Alu;SERRURE CREMONE A CLE;ARCELOR (BERTON SICARD);INSTALLUX;5746;Non;1;;;;;;;
;Profil Alu;VERROU FEUILLURE;ARCELOR (BERTON SICARD);INSTALLUX;5748;Non;1;;;;;;;
;Profil Alu;SERRURE 3 PTS TET.FILAN.;ARCELOR (BERTON SICARD);INSTALLUX;5751;Non;1;;;;;;;
;Profil Alu;SERR 3 PTS TET FIL ROUL;ARCELOR (BERTON SICARD);INSTALLUX;5759;Non;1;;;;;;;
;Profil Alu;SER 3 PTS PEN DORM 1/2T;ARCELOR (BERTON SICARD);INSTALLUX;5772;Non;1;;;;;;;
;Profil Alu;KIT ACCESSOIRE SERRURE;ARCELOR (BERTON SICARD);INSTALLUX;5780;Non;1;;;;;;;
;Profil Alu;GUIDE TIGE CREMONE;ARCELOR (BERTON SICARD);INSTALLUX;5783;Non;10;;;;;;;
;Profil Alu;CYL DBL 35+35 S’ENTROUV;ARCELOR (BERTON SICARD);INSTALLUX;5795;Non;1;;;;;;;
;Profil Alu;FERMETURE SEMI-FIXE 2VTX;ARCELOR (BERTON SICARD);INSTALLUX;5800;Non;1;;;;;;;
;Profil Alu;SERRURE PENE DORM./PF;ARCELOR (BERTON SICARD);INSTALLUX;5807;Non;1;;;;;;;
;Profil Alu;GUIDE POUR CREMONE;ARCELOR (BERTON SICARD);INSTALLUX;5809;Non;1;;;;;;;
;Profil Alu;POIGNEE A OLIVE GAUCHE;ARCELOR (BERTON SICARD);INSTALLUX;5828;Non;1;;;;;;;
;Profil Alu;FERMETURE 2PTS ITALIENNE;ARCELOR (BERTON SICARD);INSTALLUX;5833;Non;1;;;;;;;
;Profil Alu;FERMETURE 2PTS BASCULANT;ARCELOR (BERTON SICARD);INSTALLUX;5834;Non;1;;;;;;;
;Profil Alu;FERMETURE 4PTS BASCULANT;ARCELOR (BERTON SICARD);INSTALLUX;5835;Non;1;;;;;;;
;Profil Alu;FERMETURE 5PTS BASCULANT;ARCELOR (BERTON SICARD);INSTALLUX;5836;Non;1;;;;;;;
;Profil Alu;COMPAS SUPPLEMENT./5837;ARCELOR (BERTON SICARD);INSTALLUX;5838;Non;1;;;;;;;
;Profil Alu;*BEQUILLE TOKYO;ARCELOR (BERTON SICARD);INSTALLUX;5848;Non;1;;;;;;;
;Profil Alu;BEQUILLE ESTIVALE DRT;ARCELOR (BERTON SICARD);INSTALLUX;5853;Non;1;;;;;;;
;Profil Alu;BEQUILLE ESTIVALE GCH;ARCELOR (BERTON SICARD);INSTALLUX;5854;Non;1;;;;;;;
;Profil Alu;BEQUILLE ESTIVALE DBL;ARCELOR (BERTON SICARD);INSTALLUX;5855;Non;1;;;;;;;
;Profil Alu;SEUIL TRADI;ARCELOR (BERTON SICARD);INSTALLUX;5903;Non;6,5;;;;;;;
;Profil Alu;DORMANT 128MM;ARCELOR (BERTON SICARD);INSTALLUX;5924;Non;6,5;;;;;;;
;EMBOUT;EMBOUT /6621 G+D;ARCELOR (BERTON SICARD);INSTALLUX;6671;Non;10;;;;;;;
;EMBOUT;EMBOUT D+G /6622;ARCELOR (BERTON SICARD);INSTALLUX;6672;Non;10;;;;;;;
;EMBOUT;EMBOUT /RECUP.EAU 6623;ARCELOR (BERTON SICARD);INSTALLUX;6673;Non;4;;;;;;;
;EMBOUT;EMBOUT /6625 H+B;ARCELOR (BERTON SICARD);INSTALLUX;6675;Non;1;;;;;;;
;EMBOUT;EMBOUT /6626 H+B;ARCELOR (BERTON SICARD);INSTALLUX;6676;Non;1;;;;;;;
;EMBOUT;EMBOUT /6627 H+B;ARCELOR (BERTON SICARD);INSTALLUX;6677;Non;1;;;;;;;
;EMBOUT;EMBOUT RECUP. G+D;ARCELOR (BERTON SICARD);INSTALLUX;6678;Non;10;;;;;;;
;EMBOUT;EMBOUT BAVETTE TUB. RJD;ARCELOR (BERTON SICARD);INSTALLUX;6680;Non;20;;;;;;;
;EMBOUT;EMBOUT BAVETTE TUB. RJA;ARCELOR (BERTON SICARD);INSTALLUX;6681;Non;20;;;;;;;
;EMBOUT;KIT EMBOUT DBLAGE 100MM;ARCELOR (BERTON SICARD);INSTALLUX;6682;Non;1;;;;;;;
;EMBOUT;KIT EMBOUT DBLAGE 120MM;ARCELOR (BERTON SICARD);INSTALLUX;6683;Non;1;;;;;;;
;EMBOUT;KIT EMBOUT DBLAGE 140MM;ARCELOR (BERTON SICARD);INSTALLUX;6684;Non;1;;;;;;;
;Profil Alu;KIT ETANCHEITE TRAVERSE;ARCELOR (BERTON SICARD);INSTALLUX;6685;Non;10;;;;;;;
;Profil Alu;PATTE FIX. DORM. RENO;ARCELOR (BERTON SICARD);INSTALLUX;6710;Non;250;;;;;;;
;Profil Alu;PATTE FIX. DORM. RENO.;ARCELOR (BERTON SICARD);INSTALLUX;6711;Non;250;;;;;;;
;profil alu;PROFIL TUBULAIRE;ARCELOR (BERTON SICARD);INSTALLUX;6976;Non;6,5;;;;;;;
;profil alu;PROFIL /EQUERRAGE 7020TH;ARCELOR (BERTON SICARD);INSTALLUX;7046;Non;3;;;;;;;
Profil Alu;Chevron;ASSEMBLAGE CHEVRON;ARCELOR (BERTON SICARD);INSTALLUX;7047;Non;3;;;;;;;
Profil Alu;REHAUSSE;REHAUSSE 50;ARCELOR (BERTON SICARD);INSTALLUX;7650A;Non;6,5;;;;;;;
Profil Alu;;REHAUSSEUR 30MM;ARCELOR (BERTON SICARD);INSTALLUX;P6055;Non;6,5;;;;;;;
Profil Alu;Cheneau;JONCTION CHENEAU 90°EXT;ARCELOR (BERTON SICARD);INSTALLUX;7089;Non;1;;;;;;;
Profil Alu;Cheneau;JONCTION CHENEAU 135°INT;ARCELOR (BERTON SICARD);INSTALLUX;7090;Non;1;;;;;;;
Profil Alu;Cheneau;JONCTION CHENEAU 135°EXT;ARCELOR (BERTON SICARD);INSTALLUX;7091;Non;1;;;;;;;
Profil Alu;Cheneau;JONCTION CHENEAU 150°INT;ARCELOR (BERTON SICARD);INSTALLUX;7092;Non;1;;;;;;;
Profil Alu;;GOUPILLE ALU DIAM 6,3X21;ARCELOR (BERTON SICARD);INSTALLUX;7098;Non;50;;;;;;;
Profil Alu;;CACHE COUPE VR 180°;ARCELOR (BERTON SICARD);INSTALLUX;7136;Non;2;;;;;;;
Profil Alu;;CACHE COUPE ONGLET 90°;ARCELOR (BERTON SICARD);INSTALLUX;7137;Non;2;;;;;;;
Profil Alu;;CACHE COUPE ONGLET 135°;ARCELOR (BERTON SICARD);INSTALLUX;7138;Non;2;;;;;;;
Profil Alu;;CACHE COUPE ONGLET 150°;ARCELOR (BERTON SICARD);INSTALLUX;7139;Non;2;;;;;;;
Profil Alu;Capot;CLIP CAPOT EXTERIEUR;ARCELOR (BERTON SICARD);INSTALLUX;7250;Non;10;;;;;;;
Profil Alu;Capot;CLIP CAPOT /7227;ARCELOR (BERTON SICARD);INSTALLUX;7252;Non;10;;;;;;;
Profil Alu;EMBOUT;EMBOUT RIVE/7306TH D+G;ARCELOR (BERTON SICARD);INSTALLUX;7257;Non;1;;;;;;;
Profil Alu;POUTRE;POUTRE PRINCIPALE;ARCELOR (BERTON SICARD);INSTALLUX;7600/4;Non;4,5;;;;;;;
Profil Alu;POUTRE;POUTRE PRINCIPALE;ARCELOR (BERTON SICARD);INSTALLUX;7600/7;Non;7;;;;;;;
Profil Alu;;TRAVERSE INTERM. 210;ARCELOR (BERTON SICARD);INSTALLUX;7602/4A;Non;4;;;;;;;
Profil Alu;;SUP.MEMB ETANCH.HAUT;ARCELOR (BERTON SICARD);INSTALLUX;7612;Non;6,5;;;;;;;
Profil Alu;;SUP.MEMB ETANCH.BAS;ARCELOR (BERTON SICARD);INSTALLUX;7616;Non;6,5;;;;;;;
Profil Alu;;REHAUSSEUR 30MM;ARCELOR (BERTON SICARD);INSTALLUX;P6055;Non;6,5;;;;;;;
Profil Alu;;REPRISE ARTICULATION;ARCELOR (BERTON SICARD);INSTALLUX;7636;Non;6,5;;;;;;;
Profil Alu;;INTERCALAIRE PVC OUVERT;ARCELOR (BERTON SICARD);INSTALLUX;7640;Non;6,5;;;;;;;
Profil Alu;Capot;CAPOT RUPTURE PVC;ARCELOR (BERTON SICARD);INSTALLUX;7641;Non;7;;;;;;;
Profil Alu;;REHAUSSEUR 30MM;ARCELOR (BERTON SICARD);INSTALLUX;P6055;Non;6,5;;;;;;;
Profil Alu;;REHAUSSEUR 30MM;ARCELOR (BERTON SICARD);INSTALLUX;P6055;Non;6,5;;;;;;;
Profil Alu;;REHAUSSEUR 30MM;ARCELOR (BERTON SICARD);INSTALLUX;P6055;Non;6,5;;;;;;;
Profil Alu;REHAUSSE;REHAUSSE INTERCALAIRE PVC;ARCELOR (BERTON SICARD);INSTALLUX;7671;Non;6,5;;;;;;;
Profil Alu;REHAUSSE;REHAUSSE PVC 10;ARCELOR (BERTON SICARD);INSTALLUX;7672;Non;6,5;;;;;;;
Profil Alu;;(*)ASS QUEUE DE BILLARD;ARCELOR (BERTON SICARD);INSTALLUX;7687;Non;6,5;;;;;;;
Profil Alu;;KIT EMB.CHEVR /7604;ARCELOR (BERTON SICARD);INSTALLUX;7746;Non;1;;;;;;;
Profil Alu;Cheneau;FIXATIOARETIER CHENEAU;ARCELOR (BERTON SICARD);INSTALLUX;7753;Non;1;;;;;;;
Profil Alu;Cheneau;FIXATIONOUE CHENEAU;ARCELOR (BERTON SICARD);INSTALLUX;7754;Non;1;;;;;;;
Profil Alu;;TRAVERSE 116MM;ARCELOR (BERTON SICARD);INSTALLUX;8101;Non;6,5;;;;;;;
Profil Alu;;TRAVERSE 157MM;ARCELOR (BERTON SICARD);INSTALLUX;8102;Non;6,5;;;;;;;
Profil Alu;Capot;CAPOT 16MM L=60MM;ARCELOR (BERTON SICARD);INSTALLUX;8103;Non;6,5;;;;;;;
profil alu;PROFIL;PROFIL SERREUR 60MM;ARCELOR (BERTON SICARD);INSTALLUX;8104P;Non;6,5;;;;;;;
Profil Alu;Capot;CAPOT DE 20MM L60MM;ARCELOR (BERTON SICARD);INSTALLUX;8105;Non;6,5;;;;;;;
profil alu;;MONTANT 60X158MM;ARCELOR (BERTON SICARD);INSTALLUX;8106;Non;6,5;;;;;;;
Profil Alu;;TRAVERSE 168MM;ARCELOR (BERTON SICARD);INSTALLUX;8108;Non;6,5;;;;;;;
profil alu;;MONTANT 60X170MM;ARCELOR (BERTON SICARD);INSTALLUX;8110;Non;6,5;;;;;;;
profil alu;;MONTANT 228X54;ARCELOR (BERTON SICARD);INSTALLUX;8177;Non;6,5;;;;;;;
profil alu;;MONTANT 53X54;ARCELOR (BERTON SICARD);INSTALLUX;8178;Non;6,5;;;;;;;
profil alu;;MONTANT 73X54;ARCELOR (BERTON SICARD);INSTALLUX;8179;Non;6,5;;;;;;;
profil alu;;MONTANT 100X54;ARCELOR (BERTON SICARD);INSTALLUX;8181;Non;6,5;;;;;;;
profil alu;;MONTANT 150X54;ARCELOR (BERTON SICARD);INSTALLUX;8183;Non;6,5;;;;;;;
profil alu;;MONTANT 185X54;ARCELOR (BERTON SICARD);INSTALLUX;8184;Non;6,5;;;;;;;
Profil Alu;;TRAVERSE 38,5X54;ARCELOR (BERTON SICARD);INSTALLUX;8186;Non;6,5;;;;;;;
Profil Alu;;TRAVERSE 53X54;ARCELOR (BERTON SICARD);INSTALLUX;8187;Non;6,5;;;;;;;
Profil Alu;SERREUR;SERREUR PERFORE;ARCELOR (BERTON SICARD);INSTALLUX;8199;Non;6,5;;;;;;;
Profil Alu;PARCLOSE;PARCLOSE 9;ARCELOR (BERTON SICARD);INSTALLUX;8200;Non;6,5;;;;;;;
Profil Alu;;ADAPT.OUVRANT ITALIENNE;ARCELOR (BERTON SICARD);INSTALLUX;8242;Non;6,5;;;;;;;
Profil Alu;Capot;CAPOT EN H;ARCELOR (BERTON SICARD);INSTALLUX;8289;Non;6,5;;;;;;;
Profil Alu;SERREUR;SERREUR DRAINAGE PREPERC;ARCELOR (BERTON SICARD);INSTALLUX;8299;Non;6,5;;;;;;;
Profil Alu;SERREUR;SERREUR PRE-PERC;ARCELOR (BERTON SICARD);INSTALLUX;8565P;Non;6,3;;;;;;;
Profil Alu;Capot;CAPOT DE 190;ARCELOR (BERTON SICARD);INSTALLUX;8566;Non;6,3;;;;;;;
profil alu;;MONTANT DE 208;ARCELOR (BERTON SICARD);INSTALLUX;8569;Non;6,5;;;;;;;
Profil Alu;;TRAVERSE PERCUTANTE 206;ARCELOR (BERTON SICARD);INSTALLUX;8570;Non;6,5;;;;;;;
profil alu;RENFORT;RENFORT MONTANT 8569;ARCELOR (BERTON SICARD);INSTALLUX;8571;Non;6,5;;;;;;;
profil alu;;MONTANT MINCE DE 158;ARCELOR (BERTON SICARD);INSTALLUX;8575;Non;6,5;;;;;;;
Profil Alu;SERREUR;SERREUR SPECIFIQUE;ARCELOR (BERTON SICARD);INSTALLUX;8582;Non;6,5;;;;;;;
JOINT;;JOINT DE TRAVERSE 4;ARCELOR (BERTON SICARD);INSTALLUX;8611;Non;50;;;;;;;
JOINT;;JOINT DE TRAVERSE 6;ARCELOR (BERTON SICARD);INSTALLUX;8612;Non;50;;;;;;;
JOINT;;JOINT DE TRAVERSE 8;ARCELOR (BERTON SICARD);INSTALLUX;8613;Non;50;;;;;;;
JOINT;;JOINT DE TRAVERSE 10;ARCELOR (BERTON SICARD);INSTALLUX;8614;Non;50;;;;;;;
Profil Alu;;ESPACEUR 24 (LG 3M);ARCELOR (BERTON SICARD);INSTALLUX;8625;Non;1;;;;;;;
Profil Alu;;ESPACEUR 34 (LG 3M);ARCELOR (BERTON SICARD);INSTALLUX;8626;Non;1;;;;;;;
Profil Alu;;ETANCH MONTANT/TRAVERSE;ARCELOR (BERTON SICARD);INSTALLUX;8651;Non;940;;;;;;;
Profil Alu;;SUPPORT ITALIENNE 24;ARCELOR (BERTON SICARD);INSTALLUX;8655;Non;4;;;;;;;
Profil Alu;;SUPPORT DE CALE POMPIER;ARCELOR (BERTON SICARD);INSTALLUX;8672;Non;4;;;;;;;
Profil Alu;Clameau;CLAMEAU 1/4 T CAGE 15X20;ARCELOR (BERTON SICARD);INSTALLUX;8674;Non;10;;;;;;;
Profil Alu;;SUPPORT D’ASSISE;ARCELOR (BERTON SICARD);INSTALLUX;8679;Non;10;;;;;;;
profil alu;;MONTANT 93,5X72,5;ARCELOR (BERTON SICARD);INSTALLUX;8814;Non;6,5;;;;;;;
Profil Alu;;SUPPORT DE COLLAGE;ARCELOR (BERTON SICARD);INSTALLUX;8832;Non;6;;;;;;;
Profil Alu;PARCLOSE;PARCLOSE POUR 8857;ARCELOR (BERTON SICARD);INSTALLUX;8859;Non;6;;;;;;;
Profil Alu;PARCLOSE;PARCLOSE VEP VITRAGE=43;ARCELOR (BERTON SICARD);INSTALLUX;8873;Non;6,5;;;;;;;
Profil Alu;;FERMETURE GAUCHE OUVRANT;ARCELOR (BERTON SICARD);INSTALLUX;8920;Non;1;;;;;;;
Profil Alu;;FERMETURE DROITE OUVRANT;ARCELOR (BERTON SICARD);INSTALLUX;8921;Non;1;;;;;;;
Profil Alu;;FERRU(D+G)ITLE.REGLA.;ARCELOR (BERTON SICARD);INSTALLUX;8929;Non;1;;;;;;;
Profil Alu;;PIECE DE SECURITE;ARCELOR (BERTON SICARD);INSTALLUX;8934;Non;8;;;;;;;
Profil Alu;;FERRURE ITAL REG. (D+G);ARCELOR (BERTON SICARD);INSTALLUX;8950;Non;1;;;;;;;
Profil Alu;;FERMETURE 2 PTS;ARCELOR (BERTON SICARD);INSTALLUX;8953;Non;1;;;;;;;
Profil Alu;;EQU.PERC.COMP.ITA.UNIV54;ARCELOR (BERTON SICARD);INSTALLUX;8965;Non;2;;;;;;;
Profil Alu;;BLOC ASSEMB. MURIVEC;ARCELOR (BERTON SICARD);INSTALLUX;8972;Non;24;;;;;;;
Profil Alu;;GACHE M/F SUR TRAV H;ARCELOR (BERTON SICARD);INSTALLUX;8979;Non;1;;;;;;;
Profil Alu;;PAUM OUVRANT POMPIER;ARCELOR (BERTON SICARD);INSTALLUX;8990;Non;1;;;;;;;
Profil Alu;;FERMETURE OUVR. POMPIER;ARCELOR (BERTON SICARD);INSTALLUX;8991;Non;1;;;;;;;
Profil Alu;EMBOUT;EMBOUT AERATEUR HAUT G+D;ARCELOR (BERTON SICARD);INSTALLUX;9024;Non;1;;;;;;;
Profil Alu;EMBOUT;EMBOUT AERATEUR BAS G+D;ARCELOR (BERTON SICARD);INSTALLUX;9025;Non;1;;;;;;;
profil alu;;MONTANT CROIS. SIMPLE;ARCELOR (BERTON SICARD);INSTALLUX;9292/4TH;Non;4,6;;;;;;;
profil alu;;MONTANT CROIS. SIMPLE;ARCELOR (BERTON SICARD);INSTALLUX;9292TH;Non;6,5;;;;;;;
profil alu;;MONTANT CROIS. RENFORCE;ARCELOR (BERTON SICARD);INSTALLUX;9294/4TH;Non;4,6;;;;;;;
profil alu;;MONTANT CROIS. RENFORCE;ARCELOR (BERTON SICARD);INSTALLUX;9294TH;Non;6,5;;;;;;;
Profil Alu;Capot;CAPOT EXTERIEUR 40°;ARCELOR (BERTON SICARD);INSTALLUX;9354;Non;6,5;;;;;;;
Profil Alu;;BOUCLIER THERMIQUE;ARCELOR (BERTON SICARD);INSTALLUX;9395;Non;6,5;;;;;;;
Profil Alu;;GUIDE CROISEMENT;ARCELOR (BERTON SICARD);INSTALLUX;9580;Non;8;;;;;;;
Profil Alu;;GUIDE EXTREMITE;ARCELOR (BERTON SICARD);INSTALLUX;9581;Non;8;;;;;;;
Profil Alu;;GUIDE CROISEMENT H+B;ARCELOR (BERTON SICARD);INSTALLUX;9700;Non;4;;;;;;;
Profil Alu;EMBOUT;EMBOUT /9349 / FC5-FC6;ARCELOR (BERTON SICARD);INSTALLUX;9701;Non;4;;;;;;;
Profil Alu;EMBOUT;EMBOUT D’EXTREMITE;ARCELOR (BERTON SICARD);INSTALLUX;9702;Non;4;;;;;;;
Profil Alu;EMBOUT;EMBOUT DU RECUP.EAU/6624;ARCELOR (BERTON SICARD);INSTALLUX;9703;Non;4;;;;;;;
Profil Alu;;ETANCHEITE INF.SOUS RAIL;ARCELOR (BERTON SICARD);INSTALLUX;9705;Non;8;;;;;;;
Profil Alu;RENFORT;RENFORT D’ANGLE DORM.;ARCELOR (BERTON SICARD);INSTALLUX;9707;Non;10;;;;;;;
Profil Alu;EMBOUT;EMBOUT FINIT.(H+B)MT.EXT;ARCELOR (BERTON SICARD);INSTALLUX;9712;Non;1;;;;;;;
Profil Alu;EMBOUT;EMBOUT FINIT.(H+B)MT.CRT;ARCELOR (BERTON SICARD);INSTALLUX;9713;Non;1;;;;;;;
Profil Alu;;BUTEE VANTAIL HT 9;ARCELOR (BERTON SICARD);INSTALLUX;9719;Non;10;;;;;;;
Profil Alu;;CHARIOT SPLE BAGUE POM;ARCELOR (BERTON SICARD);INSTALLUX;9760;Non;2;;;;;;;
Profil Alu;POIGNEE;POIGNEE MANOEUVRE;ARCELOR (BERTON SICARD);INSTALLUX;9804;Non;1;;;;;;;
Profil Alu;;GACHE DORM. PERIPHER.;ARCELOR (BERTON SICARD);INSTALLUX;9838;Non;2;;;;;;;
Profil Alu;;FERRURE A CLE A POIGN;ARCELOR (BERTON SICARD);INSTALLUX;9847;Non;1;;;;;;;
Profil Alu;;FERM. CUV. MULTIPTS;ARCELOR (BERTON SICARD);INSTALLUX;9848;Non;1;;;;;;;
Profil Alu;;FERM.CUV.POIGN MULTIP;ARCELOR (BERTON SICARD);INSTALLUX;9849;Non;1;;;;;;;
Profil Alu;POIGNEE;POIGNEE MANOEUVRE ENCAS;ARCELOR (BERTON SICARD);INSTALLUX;9864;Non;1;;;;;;;
Profil Alu;POIGNEE;POIGNEE MANOEUVRE APPLI;ARCELOR (BERTON SICARD);INSTALLUX;9865;Non;1;;;;;;;
Profil Alu;;FERMETURE SEMI-FIXE;ARCELOR (BERTON SICARD);INSTALLUX;9882;Non;1;;;;;;;
Profil Alu;;GACHE 9880 DORM.PERIPH;ARCELOR (BERTON SICARD);INSTALLUX;9895;Non;1;;;;;;;
Profil Alu;;GACHE VANTAUX EN LIGNE;ARCELOR (BERTON SICARD);INSTALLUX;9897;Non;1;;;;;;;
Profil Alu;;KIT CUVETTE SIMPLE45°;ARCELOR (BERTON SICARD);INSTALLUX;9934A;Non;1;;;;;;;
Profil Alu;;KIT CUVETTE DOUBLE45°;ARCELOR (BERTON SICARD);INSTALLUX;9935A;Non;1;;;;;;;
Profil Alu;;KIT CUVETTE DB CLE45°;ARCELOR (BERTON SICARD);INSTALLUX;9936A;Non;1;;;;;;;
Profil Alu;;KIT CUV SIMPLE AUTO45;ARCELOR (BERTON SICARD);INSTALLUX;9937A;Non;1;;;;;;;
Profil Alu;;CALIPSO INT.MANOEUVRT;ARCELOR (BERTON SICARD);INSTALLUX;9960;Non;1;;;;;;;
Profil Alu;;CALIPSO EXT.MANOEUVRT;ARCELOR (BERTON SICARD);INSTALLUX;9961;Non;1;;;;;;;
Profil Alu;;CALIPSO INTERIEUR FIX;ARCELOR (BERTON SICARD);INSTALLUX;9962;Non;1;;;;;;;
Profil Alu;;CALIPSO EXTERIEUR FIX;ARCELOR (BERTON SICARD);INSTALLUX;9963;Non;1;;;;;;;
Profil Alu;;FORET TARAUD M8 PORTAIL;ARCELOR (BERTON SICARD);INSTALLUX;40052;Non;1;;;;;;;
Profil Alu;;PINCEAU RETOUCHE RAL DIV;ARCELOR (BERTON SICARD);INSTALLUX;40115;Non;1;;;;;;;
Profil Alu;;AEROSOL PEINTURE DECORS;ARCELOR (BERTON SICARD);INSTALLUX;40116;Non;1;;;;;;;
Profil Alu;PARCLOSE;CALE DEBIT PARCL.5510/21;ARCELOR (BERTON SICARD);INSTALLUX;40123;Non;1;;;;;;;
OUTIL;;OUTIL GARDE CORPS;ARCELOR (BERTON SICARD);INSTALLUX;50032;Non;1;;;;;;;
OUTIL;;OUTIL DE POINCONNAGE;ARCELOR (BERTON SICARD);INSTALLUX;50034;Non;1;;;;;;;
Profil Alu;;GAB. EQU. REGLABLE;ARCELOR (BERTON SICARD);INSTALLUX;50045;Non;1;;;;;;;
OUTIL;;OUTIL 140 ASSEMB.;ARCELOR (BERTON SICARD);INSTALLUX;50140;Non;1;;;;;;;
OUTIL;;OUTIL 140 PAUM.;ARCELOR (BERTON SICARD);INSTALLUX;50153;Non;1;;;;;;;
Profil Alu;;PLAQUE COP. 407/08/14/33;ARCELOR (BERTON SICARD);INSTALLUX;50180;Non;1;;;;;;;
Profil Alu;;PLAQUE COP. 429/30/31/45;ARCELOR (BERTON SICARD);INSTALLUX;50181;Non;1;;;;;;;
Profil Alu;;PLAQUE COPIAGE /432/434;ARCELOR (BERTON SICARD);INSTALLUX;50182;Non;1;;;;;;;
PLAQUE;;PLAQUE COPIAGE /436/437;ARCELOR (BERTON SICARD);INSTALLUX;50183;Non;1;;;;;;;
Profil Alu;;OUTIL POINC PORTAIL;ARCELOR (BERTON SICARD);INSTALLUX;50191;Non;1;;;;;;;
Profil Alu;;PLAQUE COPIAGE PORTAIL;ARCELOR (BERTON SICARD);INSTALLUX;50192;Non;1;;;;;;;
Profil Alu;;PLAQUE COPIAGE PORTAIL;ARCELOR (BERTON SICARD);INSTALLUX;50193;Non;1;;;;;;;
Profil Alu;;PLAQUE COPIAGE PORTAIL;ARCELOR (BERTON SICARD);INSTALLUX;50194;Non;1;;;;;;;
Profil Alu;;PLAQUE COPIAGE PORTAIL;ARCELOR (BERTON SICARD);INSTALLUX;50195;Non;1;;;;;;;
PLAQUE;;PLAQUE M INTEGREE STORM;ARCELOR (BERTON SICARD);INSTALLUX;50198;Non;1;;;;;;;
Profil Alu;;PLAQUE MOTEUR INT COULIS;ARCELOR (BERTON SICARD);INSTALLUX;50199;Non;1;;;;;;;
Profil Alu;;GAB.PER. / EQU. REGL.;ARCELOR (BERTON SICARD);INSTALLUX;55068;Non;1;;;;;;;
Profil Alu;;GAB. EQU. REGLABLE;ARCELOR (BERTON SICARD);INSTALLUX;55069;Non;1;;;;;;;
GAB.;;GAB. RENF.PAUMELLE OB;ARCELOR (BERTON SICARD);INSTALLUX;55086;Non;1;;;;;;;
PLAQUE;;PLAQUE COPIAGE FERRURES;ARCELOR (BERTON SICARD);INSTALLUX;55098;Non;1;;;;;;;
Profil Alu;;PRESSE A POUMON;ARCELOR (BERTON SICARD);INSTALLUX;55100;Non;1;;;;;;;
Profil Alu;;OUTIL ESPACE OUVRANT;ARCELOR (BERTON SICARD);INSTALLUX;55132;Non;1;;;;;;;
Profil Alu;;OUTIL ESPACE DORMANT;ARCELOR (BERTON SICARD);INSTALLUX;55133;Non;1;;;;;;;
Profil Alu;;PLAQUE COPIAGE /5874/80;ARCELOR (BERTON SICARD);INSTALLUX;55156;Non;1;;;;;;;
Profil Alu;;PLAQUE COPIAGE SERRURES;ARCELOR (BERTON SICARD);INSTALLUX;55158;Non;1;;;;;;;
Profil Alu;;OUTIL POINCONNAGE VEC;ARCELOR (BERTON SICARD);INSTALLUX;58100;Non;1;;;;;;;
OUTIL;;OUTIL POINC.D54 COMPLET;ARCELOR (BERTON SICARD);INSTALLUX;58106;Non;1;;;;;;;
OUTIL;;OUTIL POINC. D54 ALLEGE;ARCELOR (BERTON SICARD);INSTALLUX;58106A;Non;1;;;;;;;
Profil Alu;;OUTIL FACADE COMPLET;ARCELOR (BERTON SICARD);INSTALLUX;58107;Non;1;;;;;;;
Profil Alu;;KIT VERROUILLAGE 58107;ARCELOR (BERTON SICARD);INSTALLUX;58107-50;Non;1;;;;;;;
Profil Alu;;GABARIT POUR MONTANTS;ARCELOR (BERTON SICARD);INSTALLUX;58108;Non;1;;;;;;;
Profil Alu;;OUTIL FIXE UNIVERS 54MM;ARCELOR (BERTON SICARD);INSTALLUX;58111;Non;1;;;;;;;
Profil Alu;;GAB PERC.COMPAS ITA.DORM;ARCELOR (BERTON SICARD);INSTALLUX;58114;Non;1;;;;;;;
Profil Alu;;GAB PERC.COMPAS ITA.OUVR;ARCELOR (BERTON SICARD);INSTALLUX;58115;Non;1;;;;;;;
Profil Alu;;OUTIL FIXE TRAV. UNIV.54;ARCELOR (BERTON SICARD);INSTALLUX;58116;Non;1;;;;;;;
Profil Alu;;PLAQUE COPIAGE FERM CUV;ARCELOR (BERTON SICARD);INSTALLUX;59116;Non;1;;;;;;;
Profil Alu;;PLAQUE COPIAGE CALP/ESTI;ARCELOR (BERTON SICARD);INSTALLUX;59117;Non;1;;;;;;;
Profil Alu;;PLAQUE COP. /9065/9184;ARCELOR (BERTON SICARD);INSTALLUX;59118;Non;1;;;;;;;
Profil Alu;;OUTIL GALAXIE 14;ARCELOR (BERTON SICARD);INSTALLUX;59130;Non;1;;;;;;;
OUTIL;;OUTIL GAL26 OUVRANT;ARCELOR (BERTON SICARD);INSTALLUX;59162B;Non;1;;;;;;;
OUTIL;;OUTIL GAL26 DORMANT;ARCELOR (BERTON SICARD);INSTALLUX;59163;Non;1;;;;;;;
Profil Alu;;OUTIL GAL26 DORM.;ARCELOR (BERTON SICARD);INSTALLUX;59165;Non;1;;;;;;;
Profil Alu;;OUTIL GAL26 OUVR.;ARCELOR (BERTON SICARD);INSTALLUX;59166;Non;1;;;;;;;
Profil Alu;;OUTIL GAL.26 FERM.;ARCELOR (BERTON SICARD);INSTALLUX;59167;Non;1;;;;;;;
Profil Alu;;FIN DE COURSE MECANIQUE;ARCELOR (BERTON SICARD);INSTALLUX;160003;Non;1;;;;;;;
Profil Alu;;DEMI LUNE / 4 LAMES;ARCELOR (BERTON SICARD);INSTALLUX;160008;Non;1;;;;;;;
Profil Alu;;DEMI LUNE / 5 LAMES;ARCELOR (BERTON SICARD);INSTALLUX;160009;Non;1;;;;;;;
Profil Alu;PANNEAU;PANNEAU 3OCULI CARRES/4L;ARCELOR (BERTON SICARD);INSTALLUX;160011;Non;1;;;;;;;
Profil Alu;PANNEAU;PANNEAU 3OCULI RONDS/4L;ARCELOR (BERTON SICARD);INSTALLUX;160012;Non;1;;;;;;;
Profil Alu;PANNEAU;PANNEAU 3OCU RONDS ID/4L;ARCELOR (BERTON SICARD);INSTALLUX;160013;Non;1;;;;;;;
Profil Alu;PANNEAU;PANNEAU 4OCULI CARRES/5L;ARCELOR (BERTON SICARD);INSTALLUX;160014;Non;1;;;;;;;
Profil Alu;PANNEAU;PANNEAU 3OCULI RONDS 5L;ARCELOR (BERTON SICARD);INSTALLUX;160015;Non;1;;;;;;;
Profil Alu;PANNEAU;PANNEAU 4OCU RONDS ID/5L;ARCELOR (BERTON SICARD);INSTALLUX;160016;Non;1;;;;;;;
Profil Alu;;OUVR. PF FRANCAISE;ARCELOR (BERTON SICARD);INSTALLUX;410044N;Non;6,5;;;;;;;
Profil Alu;;413040BL    OUVRANT CH 23-28 BL;ARCELOR (BERTON SICARD);INSTALLUX;413040BL;Non;6,5;;;;;;;
Profil Alu;;413040NR   OUVRANT CH 23-28 NR;ARCELOR (BERTON SICARD);INSTALLUX;413040NR;Non;6,5;;;;;;;
Profil Alu;;413041BL    OUVRANT SF CH 23-28BL;ARCELOR (BERTON SICARD);INSTALLUX;413041BL;Non;6,5;;;;;;;
Profil Alu;;413041NR   OUVRANT SF CH 23-28NR;ARCELOR (BERTON SICARD);INSTALLUX;413041NR;Non;6,5;;;;;;;
Profil Alu;;413042BL    OUVRANT DROIT 23-28 BL;ARCELOR (BERTON SICARD);INSTALLUX;413042BL;Non;6,5;;;;;;;
Profil Alu;;413042NR   OUVRANT DROIT 23-28 NR;ARCELOR (BERTON SICARD);INSTALLUX;413042NR;Non;6,5;;;;;;;
Profil Alu;;413043BL    OUVRANT SF DT 23-28 BL;ARCELOR (BERTON SICARD);INSTALLUX;413043BL;Non;6,5;;;;;;;
Profil Alu;;413043NR   OUVRANT SF DT 23-28 NR;ARCELOR (BERTON SICARD);INSTALLUX;413043NR;Non;6,5;;;;;;;
Profil Alu;;413050BL    OUVRANT C16 (23-28);ARCELOR (BERTON SICARD);INSTALLUX;413050BL;Non;6,5;;;;;;;
Profil Alu;;413050NR   OUVRANT C16 (23-28);ARCELOR (BERTON SICARD);INSTALLUX;413050NR;Non;6,5;;;;;;;
Profil Alu;;413063BL    OUVRANT DROIT 29-34 BL;ARCELOR (BERTON SICARD);INSTALLUX;413063BL;Non;6,5;;;;;;;
Profil Alu;;413063NR   OUVRANT DROIT 29-34 NR;ARCELOR (BERTON SICARD);INSTALLUX;413063NR;Non;6,5;;;;;;;
Profil Alu;;413064BL    OUVRANT SF DT 29-34BL;ARCELOR (BERTON SICARD);INSTALLUX;413064BL;Non;6,5;;;;;;;
Profil Alu;;413064NR   OUVRANT SF DT 29-34NR;ARCELOR (BERTON SICARD);INSTALLUX;413064NR;Non;6,5;;;;;;;
Profil Alu;;413067NR   OUVRANT DT 35-40NR;ARCELOR (BERTON SICARD);INSTALLUX;413067NR;Non;6,5;;;;;;;
Profil Alu;;OUVRANT DROIT 41-46 BL;ARCELOR (BERTON SICARD);INSTALLUX;413069BL;Non;6,5;;;;;;;
Profil Alu;;OUVRANT DROIT 41-46 NR;ARCELOR (BERTON SICARD);INSTALLUX;413069NR;Non;6,5;;;;;;;
Profil Alu;DORMANT;DORMANT DE RENOVATION;ARCELOR (BERTON SICARD);INSTALLUX;413077;Non;6,5;;;;;;;
Profil Alu;DORMANT;DORMANT A RECOUVREMENT;ARCELOR (BERTON SICARD);INSTALLUX;413079;Non;6,5;;;;;;;
Profil Alu;;DORM.FON.PLAT DRAI.CACHE;ARCELOR (BERTON SICARD);INSTALLUX;413090;Non;6,5;;;;;;;
Profil Alu;;DORM.FON.PLAT DRAI.DIREC;ARCELOR (BERTON SICARD);INSTALLUX;413091;Non;6,5;;;;;;;
Profil Alu;;BATTUE RAPPORTEE.C16;ARCELOR (BERTON SICARD);INSTALLUX;420001;Non;6,5;;;;;;;
Profil Alu;PARCLOSE;PARCLOSE PVC;ARCELOR (BERTON SICARD);INSTALLUX;421009;Non;6,5;;;;;;;
Profil Alu;TAPEE;TAPEE RETOUR DE 50;ARCELOR (BERTON SICARD);INSTALLUX;423008;Non;6,5;;;;;;;
profil alu;PROFIL;PROFIL SOUS SEUIL PVC;ARCELOR (BERTON SICARD);INSTALLUX;433002;Non;6,5;;;;;;;
BOUCLIER;;BOUCLIER THERMIQUEXPE;ARCELOR (BERTON SICARD);INSTALLUX;440019;Non;50;;;;;;;
Profil Alu;;BEQUILLE DR.PORTE ZED;ARCELOR (BERTON SICARD);INSTALLUX;450074D;Non;1;;;;;;;
Profil Alu;;BEQUILLE G.PORTE ZED;ARCELOR (BERTON SICARD);INSTALLUX;450074G;Non;1;;;;;;;
Profil Alu;;BEQUILLE DBLE PORTE ZED;ARCELOR (BERTON SICARD);INSTALLUX;450076A;Non;1;;;;;;;
Profil Alu;;GACHE POUR SEUIL;ARCELOR (BERTON SICARD);INSTALLUX;450084;Non;1;;;;;;;
Profil Alu;;PAUMELLE OF GORGE 16;ARCELOR (BERTON SICARD);INSTALLUX;450098A;Non;50;;;;;;;
Profil Alu;;KIT DE JONCTION ALIGNEM.;ARCELOR (BERTON SICARD);INSTALLUX;460001;Non;2;;;;;;;
Profil Alu;EMBOUT;EMBOUT ETANCHEITE CENTR;ARCELOR (BERTON SICARD);INSTALLUX;460020;Non;10;;;;;;;
Profil Alu;EMBOUT;EMBOUT SEMI FIXE;ARCELOR (BERTON SICARD);INSTALLUX;460021;Non;10;;;;;;;
Profil Alu;Bavette;KIT JOUE / BAVETTE 100;ARCELOR (BERTON SICARD);INSTALLUX;460046;Non;4;;;;;;;
Profil Alu;Bavette;KIT JOUE / BAVETTE 120;ARCELOR (BERTON SICARD);INSTALLUX;460047;Non;4;;;;;;;
Profil Alu;Bavette;KIT JOUE / BAVETTE 140;ARCELOR (BERTON SICARD);INSTALLUX;460048;Non;4;;;;;;;
Profil Alu;Bavette;KIT JOUE / BAVETTE 160;ARCELOR (BERTON SICARD);INSTALLUX;460049;Non;4;;;;;;;
Profil Alu;;ETANCH.OUVRANT PF 1&2VTX;ARCELOR (BERTON SICARD);INSTALLUX;460081;Non;10;;;;;;;
Profil Alu;;REHAUSSEUR 30MM;ARCELOR (BERTON SICARD);INSTALLUX;P6055;Non;6,5;;;;;;;
Profil Alu;;GABARIT PERC.PAUM.450036;ARCELOR (BERTON SICARD);INSTALLUX;470005;Non;1;;;;;;;
Profil Alu;;PLINTHE COUPE DROITE 1M;ARCELOR (BERTON SICARD);INSTALLUX;510008/1;Non;1;;;;;;;
Profil Alu;;GUIDE CREMONE ONGLET;ARCELOR (BERTON SICARD);INSTALLUX;550067;Non;1;;;;;;;
Profil Alu;;GUIDE CREMONE COUPE DR;ARCELOR (BERTON SICARD);INSTALLUX;550068;Non;1;;;;;;;
Profil Alu;;GUIDE CREMONE ONGLET 70T;ARCELOR (BERTON SICARD);INSTALLUX;550072;Non;4;;;;;;;
Profil Alu;;KIT CONTREPLAQUE+CLAMEAU;ARCELOR (BERTON SICARD);INSTALLUX;560034;Non;1;;;;;;;
Profil Alu;;PLAQUE DE COP.FERME-P EN;ARCELOR (BERTON SICARD);INSTALLUX;570002;Non;1;;;;;;;
Profil Alu;;PLAQUE/COMETE 70TH APD;ARCELOR (BERTON SICARD);INSTALLUX;570012;Non;1;;;;;;;
Profil Alu;;PLAQUE BRAS DEPORTE;ARCELOR (BERTON SICARD);INSTALLUX;570013;Non;1;;;;;;;
profil alu;PROFIL;PROFIL GARDE A L’EAU DOR;ARCELOR (BERTON SICARD);INSTALLUX;630013;Non;6,5;;;;;;;
Profil Alu;;PATTE FIX. PRECADRE 100;ARCELOR (BERTON SICARD);INSTALLUX;664007;Non;125;;;;;;;
Profil Alu;;PATTE FIX. PRECADRE 120;ARCELOR (BERTON SICARD);INSTALLUX;664008;Non;125;;;;;;;
Profil Alu;;PATTE OSSATURE BOIS35/50;ARCELOR (BERTON SICARD);INSTALLUX;664012;Non;10;;;;;;;
Profil Alu;;VIS/PATTE FIXATION/DORM.;ARCELOR (BERTON SICARD);INSTALLUX;664032;Non;60;;;;;;;
profil Alu;;LAME PERGOLA;ARCELOR (BERTON SICARD);INSTALLUX;720056N;Non;6,5;;;;;;;
profil Alu;;LAME PERGOLA;ARCELOR (BERTON SICARD);INSTALLUX;720056N3;Non;3,7;;;;;;;
Profil Alu;POUTRE;POUTRE TUB PRE-DRAINEE;ARCELOR (BERTON SICARD);INSTALLUX;720064A;Non;6,5;;;;;;;
Profil Alu;POUTRE;POUTRE TUB PRE-DRAINEE;ARCELOR (BERTON SICARD);INSTALLUX;720064A5;Non;5;;;;;;;
Profil Alu;POUTRE;POUTRE DRAINEE PERCEE;ARCELOR (BERTON SICARD);INSTALLUX;720065A;Non;6,5;;;;;;;
Profil Alu;POUTRE;POUTRE DRAINEE PERCEE;ARCELOR (BERTON SICARD);INSTALLUX;720065A5;Non;5;;;;;;;
Profil Alu;;AXE POUR EMB DE LAME;ARCELOR (BERTON SICARD);INSTALLUX;760016;Non;1;;;;;;;
Profil Alu;;ROTULE CLIP;ARCELOR (BERTON SICARD);INSTALLUX;760017;Non;10;;;;;;;
Profil Alu;;BIELLETTE MOTEUR;ARCELOR (BERTON SICARD);INSTALLUX;760021;Non;1;;;;;;;
Profil Alu;;KIT LUMINAIRE;ARCELOR (BERTON SICARD);INSTALLUX;760025;Non;1;;;;;;;
Profil Alu;;PEIGNE ANTI-SOULEVEMENT;ARCELOR (BERTON SICARD);INSTALLUX;760027;Non;4;;;;;;;
profil Alu;;MONT EXTREM ANTI BILAME;ARCELOR (BERTON SICARD);INSTALLUX;910010B;Non;6,5;;;;;;;
profil Alu;;MONT CARRE ANTI BILAME;ARCELOR (BERTON SICARD);INSTALLUX;910011B;Non;6,5;;;;;;;
profil Alu;;MONT ROND ANTI BILAME;ARCELOR (BERTON SICARD);INSTALLUX;910013B;Non;6,5;;;;;;;
Profil Alu;DORMANT;DORMANT MONORAIL;ARCELOR (BERTON SICARD);INSTALLUX;910040;Non;6,5;;;;;;;
Profil Alu;DORMANT;DORMANT 2 RAILS PLAT;ARCELOR (BERTON SICARD);INSTALLUX;910051N;Non;6,5;;;;;;;
Profil Alu;;CHICANE CROISEMENT.RAPPO;ARCELOR (BERTON SICARD);INSTALLUX;930000;Non;6,5;;;;;;;
Profil Alu;;BOUCLIER THERMIQUE;ARCELOR (BERTON SICARD);INSTALLUX;930001;Non;6,5;;;;;;;
Profil Alu;;BOUCLIER THERMIQUE BAS;ARCELOR (BERTON SICARD);INSTALLUX;930002;Non;6,5;;;;;;;
Profil Alu;;CHICANE CROISEMENT;ARCELOR (BERTON SICARD);INSTALLUX;930201;Non;6,5;;;;;;;
Profil Alu;;BOUCLIER THERMIQUE DORM;ARCELOR (BERTON SICARD);INSTALLUX;930203;Non;6,5;;;;;;;
Profil Alu;;CACHE BARRETTE SEUIL;ARCELOR (BERTON SICARD);INSTALLUX;930204;Non;6,5;;;;;;;
Profil Alu;;CHARIOT DOUBLE FIXE POM;ARCELOR (BERTON SICARD);INSTALLUX;950060;Non;2;;;;;;;
Profil Alu;;CHARIOT DOUBLE REGL POM;ARCELOR (BERTON SICARD);INSTALLUX;950062;Non;2;;;;;;;
Profil Alu;;MOUSSE ETANCHEITE GAL;ARCELOR (BERTON SICARD);INSTALLUX;960030;Non;2;;;;;;;
Profil Alu;EPINE;EPINE RPTH 100 MM;ARCELOR (BERTON SICARD);INSTALLUX;7203TH-2;Non;;;;;;;;
Profil Alu;POTEAU;POTEAU 70;ARCELOR (BERTON SICARD);INSTALLUX;410100;Non;6,5;;;;;;;
Renfort;Plat Alu;MEPLAT 80X8;ARCELOR (BERTON SICARD);INSTALLUX;PL80x8;Non;6,5;1;barre;;;barre;;
Accessoire;;RIVET ALU/INOX 3,2X10;ARCELOR (BERTON SICARD);INSTALLUX;8940;Non;100;;;;;;;
Tôle;;Tole 15/10ème Brut 3mx1,5m;ARCELOR (BERTON SICARD);Berton Sicard ( Arcelor mittal);2117815;Non;1;1;un;;120,50;un;;
Tôle;;Tole 15/10ème Blanc 9010B 3mx1,5m;ARCELOR (BERTON SICARD);Berton Sicard ( Arcelor mittal);2117815;Non;1;1;un;;164,00;un;;
Tôle;;Tole 15/10ème 7016G 3mx1,5m;ARCELOR (BERTON SICARD);Berton Sicard ( Arcelor mittal);2117815;Non;1;1;un;;217,00;un;;
Tôle;;Tole 15/10ème 7016G 3mx1,5m;ARCELOR (BERTON SICARD);Berton Sicard ( Arcelor mittal);2117815;Non;1;1;un;;217,00;un;;
Accessoire;;TRINGLE CREMONE;ARCELOR (BERTON SICARD);INSTALLUX;5701;Non;6;;;;;;;
Accessoire;;TRINGLE;ARCELOR (BERTON SICARD);INSTALLUX;720059;Non;6;;;;;;;
Accessoire;;TRINGLE CREMONE;ARCELOR (BERTON SICARD);INSTALLUX;5701;Non;6;;;;;;;
Accessoire;Capot;TRINGLE+CAPOT 3M  /5837;ARCELOR (BERTON SICARD);INSTALLUX;5839;Non;1;;;;;;;
Accessoire;;TRINGLE 14-18;ARCELOR (BERTON SICARD);INSTALLUX;420022;Non;6,5;;;;;;;
Accessoire;;KIT TRINGLE ANTIPANIC;ARCELOR (BERTON SICARD);INSTALLUX;550045;Non;1;;;;;;;
Accessoire;;TRINGLE;ARCELOR (BERTON SICARD);INSTALLUX;720059;Non;6;;;;;;;
Accessoire;Capot;TRINGLE+CAPOT 3M  /5837;ARCELOR (BERTON SICARD);INSTALLUX;5839;Non;1;;;;;;;
Accessoire;;KIT TRINGLE ANTIPANIC;ARCELOR (BERTON SICARD);INSTALLUX;550045;Non;1;;;;;;;
Accessoire;;TRINGLE;ARCELOR (BERTON SICARD);INSTALLUX;720059;Non;6;;;;;;;
Accessoire;;TRINGLE;ARCELOR (BERTON SICARD);INSTALLUX;720059;Non;6;;;;;;;
Accessoire;;TRINGLE;ARCELOR (BERTON SICARD);INSTALLUX;720059;Non;6;;;;;;;
Accessoire;Capot;TRINGLE+CAPOT 3M  /5837;ARCELOR (BERTON SICARD);INSTALLUX;5839;Non;1;;;;;;;
Accessoire;;KIT TRINGLE ANTIPANIC;ARCELOR (BERTON SICARD);INSTALLUX;550045;Non;1;;;;;;;
Accessoire;;KIT ENTRAINEMENT TRINGLE;ARCELOR (BERTON SICARD);INSTALLUX;A6064;Non;50;;;;;;;
Accessoire;;ENTRAINEUR TRINGLE TREUI;ARCELOR (BERTON SICARD);INSTALLUX;A6067;Non;50;;;;;;;
Accessoire;;TRINGLE;ARCELOR (BERTON SICARD);INSTALLUX;P6049;Non;5,8;;;;;;;
Accessoire;;TRINGLE DE REGLAGE 100MM;ARCELOR (BERTON SICARD);INSTALLUX;450112;Non;20;;;;;;;
Accessoire;;TRINGLE DE REGLAGE 150MM;ARCELOR (BERTON SICARD);INSTALLUX;450113;Non;20;;;;;;;
Accessoire;;TRINGLE DE REGLAGE 200MM;ARCELOR (BERTON SICARD);INSTALLUX;450114;Non;20;;;;;;;
Accessoire;;TRINGLE DE REGLAGE 250MM;ARCELOR (BERTON SICARD);INSTALLUX;450115;Non;20;;;;;;;
Accessoire;;TRINGLE DE REGLAGE 300MM;ARCELOR (BERTON SICARD);INSTALLUX;450116;Non;20;;;;;;;
Accessoire;;TRINGLE DE REGLAGE 350MM;ARCELOR (BERTON SICARD);INSTALLUX;450117;Non;20;;;;;;;
Accessoire;;TRINGLE DE REGLAGE 400MM;ARCELOR (BERTON SICARD);INSTALLUX;450118;Non;20;;;;;;;
Accessoire;;TRINGLE DE RACCORD.365MM;ARCELOR (BERTON SICARD);INSTALLUX;450119;Non;20;;;;;;;
Accessoire;;TRINGLE 110MM (SOUFFLET);ARCELOR (BERTON SICARD);INSTALLUX;450148;Non;20;;;;;;;
Accessoire;;TRINGLE 160MM;ARCELOR (BERTON SICARD);INSTALLUX;450149;Non;20;;;;;;;
Accessoire;;AXE DE TRINGLE;ARCELOR (BERTON SICARD);INSTALLUX;760022;Non;1;;;;;;;
Accessoire;;TRINGLE LIAISON 1398;ARCELOR (BERTON SICARD);INSTALLUX;950202;Non;10;;;;;;;
Accessoire;;TRINGLE LIAISON 1898;ARCELOR (BERTON SICARD);INSTALLUX;950203;Non;10;;;;;;;
Accessoire;;KIT ENTRAINEMENT TRINGLE;ARCELOR (BERTON SICARD);INSTALLUX;A6064;Non;50;;;;;;;
Accessoire;;AXE DE TRINGLE;ARCELOR (BERTON SICARD);INSTALLUX;760022;Non;1;;;;;;;
;;ENCADREMENT PM;ARCELOR (BERTON SICARD);INSTALLUX;115;Non;6,5;;;;;;;
;;ENCADREMENT GM;ARCELOR (BERTON SICARD);INSTALLUX;116;Non;6,5;;;;;;;
;;ANGLE 40X40 ROND;ARCELOR (BERTON SICARD);INSTALLUX;139;Non;6;;;;;;;
;;INTERMEDIAIRE 18,5X80;ARCELOR (BERTON SICARD);INSTALLUX;142/80;Non;6;;;;;;;
;;INTERMEDIAIRE 120;ARCELOR (BERTON SICARD);INSTALLUX;144/12;Non;6;;;;;;;
;;INTERMEDIAIRE 80;ARCELOR (BERTON SICARD);INSTALLUX;144/80;Non;6;;;;;;;
;;ANGLE 40X40 CARRE;ARCELOR (BERTON SICARD);INSTALLUX;145;Non;6;;;;;;;
;;ANGLE 90 A 135 FEMELLE;ARCELOR (BERTON SICARD);INSTALLUX;159/F;Non;6;;;;;;;
;;ANGLE 90 A 135 MALE;ARCELOR (BERTON SICARD);INSTALLUX;159/M;Non;6;;;;;;;
;;CAGE C.J. RAPPORTE;ARCELOR (BERTON SICARD);INSTALLUX;199;Non;6;;;;;;;
;;ANGLE 40X40 135°;ARCELOR (BERTON SICARD);INSTALLUX;203;Non;6;;;;;;;
;;LISS BASS NON PERFORE;ARCELOR (BERTON SICARD);INSTALLUX;304;Non;6;;;;;;;
;;BATTEMENT CENTRAL BOMBE;ARCELOR (BERTON SICARD);INSTALLUX;518;Non;6,5;;;;;;;
;;BATTEMENT CENTRAL;ARCELOR (BERTON SICARD);INSTALLUX;518/2;Non;2,6;;;;;;;
;;T DE RECEPTION;ARCELOR (BERTON SICARD);INSTALLUX;520;Non;1;;;;;;;
;;CACHE CREMAILLERE;ARCELOR (BERTON SICARD);INSTALLUX;543I;Non;6,5;;;;;;;
;;CACHE CREMAILLERE;ARCELOR (BERTON SICARD);INSTALLUX;543I/4;Non;4,5;;;;;;;
;;DECOR ROND DIAMETRE 100;ARCELOR (BERTON SICARD);INSTALLUX;559;Non;2;;;;;;;
;;DEMI POTELET;ARCELOR (BERTON SICARD);INSTALLUX;575/4;Non;4;;;;;;;
;;MONTANT 140X115;ARCELOR (BERTON SICARD);INSTALLUX;601;Non;5;;;;;;;
;;PLEIN CINTRE 900;ARCELOR (BERTON SICARD);INSTALLUX;615/P1;Non;1;;;;;;;
;;PLEIN CINTRE 1200;ARCELOR (BERTON SICARD);INSTALLUX;615/P2;Non;1;;;;;;;
;;PLEIN CINTRE 1800;ARCELOR (BERTON SICARD);INSTALLUX;615/P3;Non;1;;;;;;;
;;PLEIN CINTRE 3000;ARCELOR (BERTON SICARD);INSTALLUX;615/P4;Non;1;;;;;;;
;;PLEIN CINTRE 3600;ARCELOR (BERTON SICARD);INSTALLUX;615/P5;Non;1;;;;;;;
;;PLEIN CINTRE 900;ARCELOR (BERTON SICARD);INSTALLUX;621/P1;Non;1;;;;;;;
;;PLEIN CINTRE 1200;ARCELOR (BERTON SICARD);INSTALLUX;621/P2;Non;1;;;;;;;
;;PLEIN CINTRE 1800;ARCELOR (BERTON SICARD);INSTALLUX;621/P3;Non;1;;;;;;;
;;PLEIN CINTRE 3000;ARCELOR (BERTON SICARD);INSTALLUX;621/P4;Non;1;;;;;;;
;;MONTANT D’EXTREMITE;ARCELOR (BERTON SICARD);INSTALLUX;623;Non;6,5;;;;;;;
;;MONTANT D’EXTREMITE;ARCELOR (BERTON SICARD);INSTALLUX;623/4;Non;4;;;;;;;
;;BATTEMENT CENTRAL;ARCELOR (BERTON SICARD);INSTALLUX;631;Non;6,5;;;;;;;
;;BATTEMENT CENTRAL;ARCELOR (BERTON SICARD);INSTALLUX;631/2;Non;2,6;;;;;;;
;;PLATINE /102-104;ARCELOR (BERTON SICARD);INSTALLUX;1253;Non;1;;;;;;;
;;ANGLE 53,5X53,5;ARCELOR (BERTON SICARD);INSTALLUX;1425TH;Non;6,5;;;;;;;
;;*FIX. MARECHAL DIAM.50;ARCELOR (BERTON SICARD);INSTALLUX;1637A;Non;2;;;;;;;
;;PAIRE D’ENTREE/CYLINDRE;ARCELOR (BERTON SICARD);INSTALLUX;1827;Non;1;;;;;;;
;;PORTE BROSSE;ARCELOR (BERTON SICARD);INSTALLUX;5438;Non;6;;;;;;;
;;MONTANT ANGLE VARIABLE;ARCELOR (BERTON SICARD);INSTALLUX;5450TH;Non;6,5;;;;;;;
;;MONTANT ANGLE 135°;ARCELOR (BERTON SICARD);INSTALLUX;5456TH;Non;6,5;;;;;;;
;;FINITION CHANF DOR 100;ARCELOR (BERTON SICARD);INSTALLUX;5523;Non;6,5;;;;;;;
;;BRAS DEPORTE EMP RECTANG;ARCELOR (BERTON SICARD);INSTALLUX;5672;Non;1;;;;;;;
;;PROF.ADAPT.PORTE CLARIT;ARCELOR (BERTON SICARD);INSTALLUX;5902;Non;6,5;;;;;;;
;;INTERM.OF 2VTX RAPPORTE;ARCELOR (BERTON SICARD);INSTALLUX;5940;Non;6;;;;;;;
;;CAGE RAPPORTEE;ARCELOR (BERTON SICARD);INSTALLUX;6600/4;Non;4,6;;;;;;;
;;RENFORT POIGNEE /6625;ARCELOR (BERTON SICARD);INSTALLUX;6627/4;Non;4,6;;;;;;;
;;BRISE SOLEIL 150;ARCELOR (BERTON SICARD);INSTALLUX;6960;Non;6,5;;;;;;;
;;BRISE SOLEIL 200;ARCELOR (BERTON SICARD);INSTALLUX;6963;Non;6,5;;;;;;;
;;ASSEMBLAGE ARETIER;ARCELOR (BERTON SICARD);INSTALLUX;7048;Non;3;;;;;;;
;;COLLIER SERRAGE DIAM 80;ARCELOR (BERTON SICARD);INSTALLUX;7076;Non;1;;;;;;;
;;*COFFRE A STORE;ARCELOR (BERTON SICARD);INSTALLUX;7651;Non;6,5;;;;;;;
;;(*)ACC BAS DE COFFRE;ARCELOR (BERTON SICARD);INSTALLUX;7826;Non;6,5;;;;;;;
;;PROF.DE DILATATION B138;ARCELOR (BERTON SICARD);INSTALLUX;8526;Non;6,5;;;;;;;
;;TRAV. BASSE;ARCELOR (BERTON SICARD);INSTALLUX;9295TH;Non;6,5;;;;;;;
;;ADAPTATION FACADE;ARCELOR (BERTON SICARD);INSTALLUX;420007;Non;6,5;;;;;;;
;;C.J. RENO. CHANF. 70MM;ARCELOR (BERTON SICARD);INSTALLUX;420029;Non;6,5;;;;;;;
;;BATTEMENT CAGE DE 16;ARCELOR (BERTON SICARD);INSTALLUX;423007;Non;6,5;;;;;;;
;;JONCTIORENFORCEE;ARCELOR (BERTON SICARD);INSTALLUX;510022;Non;6,5;;;;;;;
Profil Alu;Corniéres;CORNIERE PORTE APD 50TH;ARCELOR (BERTON SICARD);INSTALLUX;520011;Non;6,5;;;;;;;
;;PORTE BROSSE/510008;ARCELOR (BERTON SICARD);INSTALLUX;520013;Non;4,6;;;;;;;
;;COLLIER DESCENTE DIAM 80;ARCELOR (BERTON SICARD);INSTALLUX;760001;Non;1;;;;;;;
;;FINITION EXTER MONORAIL;ARCELOR (BERTON SICARD);INSTALLUX;910042;Non;6,5;;;;;;;
;;DOR 2 RAILS FOND PLAT;ARCELOR (BERTON SICARD);INSTALLUX;910201;Non;6,5;;;;;;;
;;MONT CROISEMENT SIMPLE;ARCELOR (BERTON SICARD);INSTALLUX;910221;Non;6,5;;;;;;;
;;PROF FINITION INT GAL;ARCELOR (BERTON SICARD);INSTALLUX;920010;Non;6,5;;;;;;;
;;MONT CROISEMENT GAL;ARCELOR (BERTON SICARD);INSTALLUX;920017;Non;6,5;;;;;;;
;;CACHE RAIL;ARCELOR (BERTON SICARD);INSTALLUX;920023;Non;6,5;;;;;;;
;;CACHE RAIL;ARCELOR (BERTON SICARD);INSTALLUX;920220;Non;6,5;;;;;;;
;;RENFORT CROISEMENT;ARCELOR (BERTON SICARD);INSTALLUX;920222P;Non;6,5;;;;;;;
;;GACHE FILANTE 1 VANTAIL;ARCELOR (BERTON SICARD);INSTALLUX;A5036;Non;1;;;;;;;
;;RAIL BAS PORTES REPLIA.;ARCELOR (BERTON SICARD);INSTALLUX;P5056;Non;6,5;;;;;;;
;;ADAPTATION PORTE;ARCELOR (BERTON SICARD);INSTALLUX;P6002;Non;6,5;;;;;;;
;;PORTE BROSSE;ARCELOR (BERTON SICARD);INSTALLUX;90;Non;6;;;;;;;
;;INTERMEDIAIRE 80X80;ARCELOR (BERTON SICARD);INSTALLUX;102;Non;6;;;;;;;
;;PORTE BROSSE 181/182/183;ARCELOR (BERTON SICARD);INSTALLUX;107;Non;6;;;;;;;
;;ENCADREMENT PM;ARCELOR (BERTON SICARD);INSTALLUX;115;Non;6,5;;;;;;;
;;ENCADREMENT GM;ARCELOR (BERTON SICARD);INSTALLUX;116;Non;6,5;;;;;;;
;;ANGLE 40X40 ROND;ARCELOR (BERTON SICARD);INSTALLUX;139;Non;6;;;;;;;
;;INTERMEDIAIRE 18,5X80;ARCELOR (BERTON SICARD);INSTALLUX;142/80;Non;6;;;;;;;
;;INTERMEDIAIRE 120;ARCELOR (BERTON SICARD);INSTALLUX;144/12;Non;6;;;;;;;
;;INTERMEDIAIRE 80;ARCELOR (BERTON SICARD);INSTALLUX;144/80;Non;6;;;;;;;
;;ANGLE 40X40 CARRE;ARCELOR (BERTON SICARD);INSTALLUX;145;Non;6;;;;;;;
;;ANGLE 90 A 135 FEMELLE;ARCELOR (BERTON SICARD);INSTALLUX;159/F;Non;6;;;;;;;
;;ANGLE 90 A 135 MALE;ARCELOR (BERTON SICARD);INSTALLUX;159/M;Non;6;;;;;;;
;;CAGE C.J. RAPPORTE;ARCELOR (BERTON SICARD);INSTALLUX;199;Non;6;;;;;;;
;;ANGLE 40X40 135°;ARCELOR (BERTON SICARD);INSTALLUX;203;Non;6;;;;;;;
;;LISS BASS NON PERFORE;ARCELOR (BERTON SICARD);INSTALLUX;304;Non;6;;;;;;;
;;SABOT DALLE 2 FIX.;ARCELOR (BERTON SICARD);INSTALLUX;341;Non;1;;;;;;;
;;SABOT DEPORTE DALLE;ARCELOR (BERTON SICARD);INSTALLUX;370;Non;1;;;;;;;
;;PINCE ORIENTABLE PR REMP;ARCELOR (BERTON SICARD);INSTALLUX;381;Non;1;;;;;;;
;;PLATINE /102-104;ARCELOR (BERTON SICARD);INSTALLUX;1253;Non;1;;;;;;;
;;ANGLE 53,5X53,5;ARCELOR (BERTON SICARD);INSTALLUX;1425TH;Non;6,5;;;;;;;
;;POIGNEE HT 130;ARCELOR (BERTON SICARD);INSTALLUX;1611;Non;1;;;;;;;
;;ACCES.POSE POIGNEE G/140;ARCELOR (BERTON SICARD);INSTALLUX;1627;Non;1;;;;;;;
;;ACCES.POSE POIGNEE G5000;ARCELOR (BERTON SICARD);INSTALLUX;1628;Non;1;;;;;;;
;;ACCES.POSE PORTE VERRE;ARCELOR (BERTON SICARD);INSTALLUX;1629;Non;1;;;;;;;
;;*FIX. MARECHAL DIAM.50;ARCELOR (BERTON SICARD);INSTALLUX;1637A;Non;2;;;;;;;
;;FIX. MARECHAL DIAM. 40;ARCELOR (BERTON SICARD);INSTALLUX;1638;Non;2;;;;;;;
;;PIVOT BAS AXE 62.5;ARCELOR (BERTON SICARD);INSTALLUX;1705;Non;1;;;;;;;
;;FERME PORTE BRAS COMPAS;ARCELOR (BERTON SICARD);INSTALLUX;1800;Non;1;;;;;;;
;;FERME PORTE BRAS GLISS.;ARCELOR (BERTON SICARD);INSTALLUX;1801;Non;1;;;;;;;
;;PAIRE D’ENTREE/CYLINDRE;ARCELOR (BERTON SICARD);INSTALLUX;1827;Non;1;;;;;;;
;;*ROSACE CYLINDRE;ARCELOR (BERTON SICARD);INSTALLUX;1871;Non;1;;;;;;;
;;ROSACE OPERA;ARCELOR (BERTON SICARD);INSTALLUX;1876;Non;1;;;;;;;
;;PORTE BROSSE;ARCELOR (BERTON SICARD);INSTALLUX;5438;Non;6;;;;;;;
;;FINITION CHANF DOR 100;ARCELOR (BERTON SICARD);INSTALLUX;5523;Non;6,5;;;;;;;
;;BRAS DEPORTE EMP RECTANG;ARCELOR (BERTON SICARD);INSTALLUX;5672;Non;1;;;;;;;
;;CACHE BARILLET 30;ARCELOR (BERTON SICARD);INSTALLUX;5773;Non;1;;;;;;;
;;POIGNEE A OLIVE DROITE;ARCELOR (BERTON SICARD);INSTALLUX;5827;Non;1;;;;;;;
;;PIVOTS BASC.COMETE 1D+1G;ARCELOR (BERTON SICARD);INSTALLUX;5830;Non;1;;;;;;;
;;CREMONE /5833/34/35/36;ARCELOR (BERTON SICARD);INSTALLUX;5832;Non;1;;;;;;;
;;FERME IMPOSTE A LEVIER;ARCELOR (BERTON SICARD);INSTALLUX;5837;Non;1;;;;;;;
;;FER. OF 1&2 VTX REVERS;ARCELOR (BERTON SICARD);INSTALLUX;5874P;Non;1;;;;;;;
;;FERM.OF 1&2 VTX A CLE;ARCELOR (BERTON SICARD);INSTALLUX;5875N;Non;1;;;;;;;
;;CONDAMN POSITION OF/OB;ARCELOR (BERTON SICARD);INSTALLUX;5894N;Non;1;;;;;;;
;;PROF.ADAPT.PORTE CLARIT;ARCELOR (BERTON SICARD);INSTALLUX;5902;Non;6,5;;;;;;;
;;INTERM.OF 2VTX RAPPORTE;ARCELOR (BERTON SICARD);INSTALLUX;5940;Non;6;;;;;;;
;;CAGE RAPPORTEE;ARCELOR (BERTON SICARD);INSTALLUX;6600/4;Non;4,6;;;;;;;
;;RENFORT POIGNEE /6625;ARCELOR (BERTON SICARD);INSTALLUX;6627/4;Non;4,6;;;;;;;
;;BRISE SOLEIL 150;ARCELOR (BERTON SICARD);INSTALLUX;6960;Non;6,5;;;;;;;
;;BRISE SOLEIL 200;ARCELOR (BERTON SICARD);INSTALLUX;6963;Non;6,5;;;;;;;
;;COLLIER SERRAGE DIAM 80;ARCELOR (BERTON SICARD);INSTALLUX;7076;Non;1;;;;;;;
;;*COFFRE A STORE;ARCELOR (BERTON SICARD);INSTALLUX;7651;Non;6,5;;;;;;;
;;(*)ACC BAS DE COFFRE;ARCELOR (BERTON SICARD);INSTALLUX;7826;Non;6,5;;;;;;;
;;PROF.DE DILATATION B138;ARCELOR (BERTON SICARD);INSTALLUX;8526;Non;6,5;;;;;;;
;;TRAV. BASSE;ARCELOR (BERTON SICARD);INSTALLUX;9295TH;Non;6,5;;;;;;;
;;POIGNEE TIRAGE;ARCELOR (BERTON SICARD);INSTALLUX;9808;Non;1;;;;;;;
;;*GACHE /9880 MONORAIL;ARCELOR (BERTON SICARD);INSTALLUX;9899;Non;1;;;;;;;
;;FACADE STANDARD;ARCELOR (BERTON SICARD);INSTALLUX;9917;Non;1;;;;;;;
;;POIGNEE DE TIRAGE SIMPLE;ARCELOR (BERTON SICARD);INSTALLUX;9920;Non;1;;;;;;;
;;POIGNEE TIRAGE;ARCELOR (BERTON SICARD);INSTALLUX;9922;Non;1;;;;;;;
;;POIGNEE EXT. A CLEF;ARCELOR (BERTON SICARD);INSTALLUX;9924;Non;1;;;;;;;
;;FACADE EXT. STANDARD;ARCELOR (BERTON SICARD);INSTALLUX;9928;Non;1;;;;;;;
;;FACADE CARRE;ARCELOR (BERTON SICARD);INSTALLUX;9938;Non;1;;;;;;;
;;ADAPTATION FACADE;ARCELOR (BERTON SICARD);INSTALLUX;420007;Non;6,5;;;;;;;
;;C.J. RENO. CHANF. 70MM;ARCELOR (BERTON SICARD);INSTALLUX;420029;Non;6,5;;;;;;;
;;BATTEMENT CAGE DE 16;ARCELOR (BERTON SICARD);INSTALLUX;423007;Non;6,5;;;;;;;
;;BLOC PLATINE A CARRE 7MM;ARCELOR (BERTON SICARD);INSTALLUX;450033;Non;1;;;;;;;
;;ROSACE ZED;ARCELOR (BERTON SICARD);INSTALLUX;450077;Non;1;;;;;;;
;;CHARNIERE INTERMEDIAIRE;ARCELOR (BERTON SICARD);INSTALLUX;450139;Non;1;;;;;;;
;;JONCTIORENFORCEE;ARCELOR (BERTON SICARD);INSTALLUX;510022;Non;6,5;;;;;;;
Profil Alu;Corniéres;CORNIERE PORTE APD 50TH;ARCELOR (BERTON SICARD);INSTALLUX;520011;Non;6,5;;;;;;;
;;PORTE BROSSE/510008;ARCELOR (BERTON SICARD);INSTALLUX;520013;Non;4,6;;;;;;;
;;FERME PORTE A GLISS.MODB;ARCELOR (BERTON SICARD);INSTALLUX;550004;Non;1;;;;;;;
;;FERME PORTE A GLISS.MODG;ARCELOR (BERTON SICARD);INSTALLUX;550005;Non;1;;;;;;;
;;GLISSIERE FERME PTE APP.;ARCELOR (BERTON SICARD);INSTALLUX;550006;Non;1;;;;;;;
;;BARRE HOR.1385 ANTIPANIC;ARCELOR (BERTON SICARD);INSTALLUX;550044;Non;1;;;;;;;
;;FINITION EXTER MONORAIL;ARCELOR (BERTON SICARD);INSTALLUX;910042;Non;6,5;;;;;;;
;;DOR 2 RAILS FOND PLAT;ARCELOR (BERTON SICARD);INSTALLUX;910201;Non;6,5;;;;;;;
;;MONT CROISEMENT SIMPLE;ARCELOR (BERTON SICARD);INSTALLUX;910221;Non;6,5;;;;;;;
;;PROF FINITION INT GAL;ARCELOR (BERTON SICARD);INSTALLUX;920010;Non;6,5;;;;;;;
;;MONT CROISEMENT GAL;ARCELOR (BERTON SICARD);INSTALLUX;920017;Non;6,5;;;;;;;
;;CACHE RAIL;ARCELOR (BERTON SICARD);INSTALLUX;920023;Non;6,5;;;;;;;
;;CACHE RAIL;ARCELOR (BERTON SICARD);INSTALLUX;920220;Non;6,5;;;;;;;
;;RENFORT CROISEMENT;ARCELOR (BERTON SICARD);INSTALLUX;920222P;Non;6,5;;;;;;;
;;RAIL BAS PORTES REPLIA.;ARCELOR (BERTON SICARD);INSTALLUX;P5056;Non;6,5;;;;;;;
;;ADAPTATION PORTE;ARCELOR (BERTON SICARD);INSTALLUX;P6002;Non;6,5;;;;;;;
;;PORTE BROSSE;ARCELOR (BERTON SICARD);INSTALLUX;90;Non;6;;;;;;;
;;INTERMEDIAIRE 80X80;ARCELOR (BERTON SICARD);INSTALLUX;102;Non;6;;;;;;;
;;PORTE BROSSE 181/182/183;ARCELOR (BERTON SICARD);INSTALLUX;107;Non;6;;;;;;;
;;ENCADREMENT PM;ARCELOR (BERTON SICARD);INSTALLUX;115;Non;6,5;;;;;;;
;;ENCADREMENT GM;ARCELOR (BERTON SICARD);INSTALLUX;116;Non;6,5;;;;;;;
;;ANGLE 40X40 ROND;ARCELOR (BERTON SICARD);INSTALLUX;139;Non;6;;;;;;;
;;INTERMEDIAIRE 18,5X80;ARCELOR (BERTON SICARD);INSTALLUX;142/80;Non;6;;;;;;;
;;INTERMEDIAIRE 120;ARCELOR (BERTON SICARD);INSTALLUX;144/12;Non;6;;;;;;;
;;INTERMEDIAIRE 80;ARCELOR (BERTON SICARD);INSTALLUX;144/80;Non;6;;;;;;;
;;ANGLE 40X40 CARRE;ARCELOR (BERTON SICARD);INSTALLUX;145;Non;6;;;;;;;
;;ANGLE 90 A 135 FEMELLE;ARCELOR (BERTON SICARD);INSTALLUX;159/F;Non;6;;;;;;;
;;ANGLE 90 A 135 MALE;ARCELOR (BERTON SICARD);INSTALLUX;159/M;Non;6;;;;;;;
;;CAGE C.J. RAPPORTE;ARCELOR (BERTON SICARD);INSTALLUX;199;Non;6;;;;;;;
;;ANGLE 40X40 135°;ARCELOR (BERTON SICARD);INSTALLUX;203;Non;6;;;;;;;
;;LISS BASS NON PERFORE;ARCELOR (BERTON SICARD);INSTALLUX;304;Non;6;;;;;;;
;;SABOT DEPORTE DALLE;ARCELOR (BERTON SICARD);INSTALLUX;370;Non;1;;;;;;;
;;PINCE ORIENTABLE PR REMP;ARCELOR (BERTON SICARD);INSTALLUX;381;Non;1;;;;;;;
;;ROSACE GARDE CORPS;ARCELOR (BERTON SICARD);INSTALLUX;388;Non;1;;;;;;;
;;BATTEMENT CENTRAL BOMBE;ARCELOR (BERTON SICARD);INSTALLUX;518;Non;6,5;;;;;;;
;;BATTEMENT CENTRAL;ARCELOR (BERTON SICARD);INSTALLUX;518/2;Non;2,6;;;;;;;
;;T DE RECEPTION;ARCELOR (BERTON SICARD);INSTALLUX;520;Non;1;;;;;;;
;;CACHE CREMAILLERE;ARCELOR (BERTON SICARD);INSTALLUX;543I;Non;6,5;;;;;;;
;;CACHE CREMAILLERE;ARCELOR (BERTON SICARD);INSTALLUX;543I/4;Non;4,5;;;;;;;
;;PIVOT PORTAIL;ARCELOR (BERTON SICARD);INSTALLUX;558;Non;1;;;;;;;
;;PIVOT PORTAIL MOTORISE;ARCELOR (BERTON SICARD);INSTALLUX;558MO;Non;1;;;;;;;
;;DECOR ROND DIAMETRE 100;ARCELOR (BERTON SICARD);INSTALLUX;559;Non;2;;;;;;;
;;GOND PORTAIL MALE;ARCELOR (BERTON SICARD);INSTALLUX;564;Non;2;;;;;;;
;;GOND A SCELLER;ARCELOR (BERTON SICARD);INSTALLUX;565;Non;2;;;;;;;
;;DEMI POTELET;ARCELOR (BERTON SICARD);INSTALLUX;575/4;Non;4;;;;;;;
;;GOND DE PORTAIL;ARCELOR (BERTON SICARD);INSTALLUX;587;Non;2;;;;;;;
;;PLEIN CINTRE 900;ARCELOR (BERTON SICARD);INSTALLUX;615/P1;Non;1;;;;;;;
;;PLEIN CINTRE 1200;ARCELOR (BERTON SICARD);INSTALLUX;615/P2;Non;1;;;;;;;
;;PLEIN CINTRE 1800;ARCELOR (BERTON SICARD);INSTALLUX;615/P3;Non;1;;;;;;;
;;PLEIN CINTRE 3000;ARCELOR (BERTON SICARD);INSTALLUX;615/P4;Non;1;;;;;;;
;;PLEIN CINTRE 3600;ARCELOR (BERTON SICARD);INSTALLUX;615/P5;Non;1;;;;;;;
;;PLEIN CINTRE 900;ARCELOR (BERTON SICARD);INSTALLUX;621/P1;Non;1;;;;;;;
;;PLEIN CINTRE 1200;ARCELOR (BERTON SICARD);INSTALLUX;621/P2;Non;1;;;;;;;
;;PLEIN CINTRE 1800;ARCELOR (BERTON SICARD);INSTALLUX;621/P3;Non;1;;;;;;;
;;PLEIN CINTRE 3000;ARCELOR (BERTON SICARD);INSTALLUX;621/P4;Non;1;;;;;;;
;;BATTEMENT CENTRAL;ARCELOR (BERTON SICARD);INSTALLUX;631;Non;6,5;;;;;;;
;;BATTEMENT CENTRAL;ARCELOR (BERTON SICARD);INSTALLUX;631/2;Non;2,6;;;;;;;
;;FESTON ARRONDI EXT H1270;ARCELOR (BERTON SICARD);INSTALLUX;638/A;Non;1;;;;;;;
;;FESTON ARRONDI EXT H805;ARCELOR (BERTON SICARD);INSTALLUX;638/C;Non;1;;;;;;;
;;FESTON ARRONDI EXT H1080;ARCELOR (BERTON SICARD);INSTALLUX;638/D;Non;1;;;;;;;
;;PLATINE /140;ARCELOR (BERTON SICARD);INSTALLUX;1250;Non;1;;;;;;;
;;PLATINE 144/80 /168 /169;ARCELOR (BERTON SICARD);INSTALLUX;1251;Non;1;;;;;;;
;;PLATINE /102-104;ARCELOR (BERTON SICARD);INSTALLUX;1253;Non;1;;;;;;;
;;ANGLE 53,5X53,5;ARCELOR (BERTON SICARD);INSTALLUX;1425TH;Non;6,5;;;;;;;
;;POIGNEE HT 130;ARCELOR (BERTON SICARD);INSTALLUX;1611;Non;1;;;;;;;
;;ACCES.POSE POIGNEE G/140;ARCELOR (BERTON SICARD);INSTALLUX;1627;Non;1;;;;;;;
;;ACCES.POSE POIGNEE G5000;ARCELOR (BERTON SICARD);INSTALLUX;1628;Non;1;;;;;;;
;;*FIX. MARECHAL DIAM.50;ARCELOR (BERTON SICARD);INSTALLUX;1637A;Non;2;;;;;;;
;;PIVOT BAS AXE 62.5;ARCELOR (BERTON SICARD);INSTALLUX;1705;Non;1;;;;;;;
;;PAIRE D’ENTREE/CYLINDRE;ARCELOR (BERTON SICARD);INSTALLUX;1827;Non;1;;;;;;;
;;PORTE BROSSE;ARCELOR (BERTON SICARD);INSTALLUX;5438;Non;6;;;;;;;
;;FINITION CHANF DOR 100;ARCELOR (BERTON SICARD);INSTALLUX;5523;Non;6,5;;;;;;;
;;BRAS DEPORTE EMP RECTANG;ARCELOR (BERTON SICARD);INSTALLUX;5672;Non;1;;;;;;;
;;CACHE BARILLET 30;ARCELOR (BERTON SICARD);INSTALLUX;5773;Non;1;;;;;;;
;;POIGNEE A OLIVE DROITE;ARCELOR (BERTON SICARD);INSTALLUX;5827;Non;1;;;;;;;
;;PIVOTS BASC.COMETE 1D+1G;ARCELOR (BERTON SICARD);INSTALLUX;5830;Non;1;;;;;;;
;;CREMONE /5833/34/35/36;ARCELOR (BERTON SICARD);INSTALLUX;5832;Non;1;;;;;;;
;;FERM.OF 1&2 VTX A CLE;ARCELOR (BERTON SICARD);INSTALLUX;5875N;Non;1;;;;;;;
;;CONDAMN POSITION OF/OB;ARCELOR (BERTON SICARD);INSTALLUX;5894N;Non;1;;;;;;;
;;PROF.ADAPT.PORTE CLARIT;ARCELOR (BERTON SICARD);INSTALLUX;5902;Non;6,5;;;;;;;
;;INTERM.OF 2VTX RAPPORTE;ARCELOR (BERTON SICARD);INSTALLUX;5940;Non;6;;;;;;;
;;CAGE RAPPORTEE;ARCELOR (BERTON SICARD);INSTALLUX;6600/4;Non;4,6;;;;;;;
;;RENFORT POIGNEE /6625;ARCELOR (BERTON SICARD);INSTALLUX;6627/4;Non;4,6;;;;;;;
;;BRISE SOLEIL 150;ARCELOR (BERTON SICARD);INSTALLUX;6960;Non;6,5;;;;;;;
;;BRISE SOLEIL 200;ARCELOR (BERTON SICARD);INSTALLUX;6963;Non;6,5;;;;;;;
;;COLLIER SERRAGE DIAM 80;ARCELOR (BERTON SICARD);INSTALLUX;7076;Non;1;;;;;;;
;;*COFFRE A STORE;ARCELOR (BERTON SICARD);INSTALLUX;7651;Non;6,5;;;;;;;
;;TIRANT VERANDA;ARCELOR (BERTON SICARD);INSTALLUX;7751;Non;1;;;;;;;
;;(*)ACC BAS DE COFFRE;ARCELOR (BERTON SICARD);INSTALLUX;7826;Non;6,5;;;;;;;
;;PROF.DE DILATATION B138;ARCELOR (BERTON SICARD);INSTALLUX;8526;Non;6,5;;;;;;;
;;TRAV. BASSE;ARCELOR (BERTON SICARD);INSTALLUX;9295TH;Non;6,5;;;;;;;
;;POIGNEE TIRAGE;ARCELOR (BERTON SICARD);INSTALLUX;9808;Non;1;;;;;;;
;;FACADE STANDARD;ARCELOR (BERTON SICARD);INSTALLUX;9917;Non;1;;;;;;;
;;POIGNEE DE TIRAGE SIMPLE;ARCELOR (BERTON SICARD);INSTALLUX;9920;Non;1;;;;;;;
;;POIGNEE TIRAGE;ARCELOR (BERTON SICARD);INSTALLUX;9922;Non;1;;;;;;;
;;POIGNEE EXT. A CLEF;ARCELOR (BERTON SICARD);INSTALLUX;9924;Non;1;;;;;;;
;;ADAPTATION FACADE;ARCELOR (BERTON SICARD);INSTALLUX;420007;Non;6,5;;;;;;;
;;C.J. RENO. CHANF. 70MM;ARCELOR (BERTON SICARD);INSTALLUX;420029;Non;6,5;;;;;;;
;;BATTEMENT CAGE DE 16;ARCELOR (BERTON SICARD);INSTALLUX;423007;Non;6,5;;;;;;;
;;JONCTIORENFORCEE;ARCELOR (BERTON SICARD);INSTALLUX;510022;Non;6,5;;;;;;;
Profil Alu;Corniéres;CORNIERE PORTE APD 50TH;ARCELOR (BERTON SICARD);INSTALLUX;520011;Non;6,5;;;;;;;
;;PORTE BROSSE/510008;ARCELOR (BERTON SICARD);INSTALLUX;520013;Non;4,6;;;;;;;
;;FINITION EXTER MONORAIL;ARCELOR (BERTON SICARD);INSTALLUX;910042;Non;6,5;;;;;;;
;;DOR 2 RAILS FOND PLAT;ARCELOR (BERTON SICARD);INSTALLUX;910201;Non;6,5;;;;;;;
;;MONT CROISEMENT SIMPLE;ARCELOR (BERTON SICARD);INSTALLUX;910221;Non;6,5;;;;;;;
;;PROF FINITION INT GAL;ARCELOR (BERTON SICARD);INSTALLUX;920010;Non;6,5;;;;;;;
;;MONT CROISEMENT GAL;ARCELOR (BERTON SICARD);INSTALLUX;920017;Non;6,5;;;;;;;
;;CACHE RAIL;ARCELOR (BERTON SICARD);INSTALLUX;920023;Non;6,5;;;;;;;
;;CACHE RAIL;ARCELOR (BERTON SICARD);INSTALLUX;920220;Non;6,5;;;;;;;
;;RENFORT CROISEMENT;ARCELOR (BERTON SICARD);INSTALLUX;920222P;Non;6,5;;;;;;;
;;CREMONE INDEXEE;ARCELOR (BERTON SICARD);INSTALLUX;A6015;Non;1;;;;;;;
;;CREMONE NEFER INDEXEE;ARCELOR (BERTON SICARD);INSTALLUX;A6075;Non;1;;;;;;;
;;RAIL BAS PORTES REPLIA.;ARCELOR (BERTON SICARD);INSTALLUX;P5056;Non;6,5;;;;;;;
;;ADAPTATION PORTE;ARCELOR (BERTON SICARD);INSTALLUX;P6002;Non;6,5;;;;;;;
;;TOL1000X2000X2 PERF CARR;ARCELOR (BERTON SICARD);INSTALLUX;TOL1X2C2;Non;2;;;;;;;
;;TOL1000X2000X2 PERF ROND;ARCELOR (BERTON SICARD);INSTALLUX;TOL1X2R2;Non;2;;;;;;;
;;PORTE BROSSE;ARCELOR (BERTON SICARD);INSTALLUX;90;Non;6;;;;;;;
;;INTERMEDIAIRE 80X80;ARCELOR (BERTON SICARD);INSTALLUX;102;Non;6;;;;;;;
;;PORTE BROSSE 181/182/183;ARCELOR (BERTON SICARD);INSTALLUX;107;Non;6;;;;;;;
;;ENCADREMENT PM;ARCELOR (BERTON SICARD);INSTALLUX;115;Non;6,5;;;;;;;
;;ENCADREMENT GM;ARCELOR (BERTON SICARD);INSTALLUX;116;Non;6,5;;;;;;;
;;ANGLE 40X40 ROND;ARCELOR (BERTON SICARD);INSTALLUX;139;Non;6;;;;;;;
;;INTERMEDIAIRE 18,5X80;ARCELOR (BERTON SICARD);INSTALLUX;142/80;Non;6;;;;;;;
;;INTERMEDIAIRE 120;ARCELOR (BERTON SICARD);INSTALLUX;144/12;Non;6;;;;;;;
;;INTERMEDIAIRE 80;ARCELOR (BERTON SICARD);INSTALLUX;144/80;Non;6;;;;;;;
;;ANGLE 40X40 CARRE;ARCELOR (BERTON SICARD);INSTALLUX;145;Non;6;;;;;;;
;;ANGLE 90 A 135 FEMELLE;ARCELOR (BERTON SICARD);INSTALLUX;159/F;Non;6;;;;;;;
;;ANGLE 90 A 135 MALE;ARCELOR (BERTON SICARD);INSTALLUX;159/M;Non;6;;;;;;;
;;CAGE C.J. RAPPORTE;ARCELOR (BERTON SICARD);INSTALLUX;199;Non;6;;;;;;;
;;ANGLE 40X40 135°;ARCELOR (BERTON SICARD);INSTALLUX;203;Non;6;;;;;;;
;;LISS BASS NON PERFORE;ARCELOR (BERTON SICARD);INSTALLUX;304;Non;6;;;;;;;
;;RACCORD MC REF 310;ARCELOR (BERTON SICARD);INSTALLUX;320;Non;1;;;;;;;
;;SABOT NEZ-DE-DALLE;ARCELOR (BERTON SICARD);INSTALLUX;332;Non;1;;;;;;;
;;SABOT DALLE 2 FIX.;ARCELOR (BERTON SICARD);INSTALLUX;341;Non;1;;;;;;;
;;CACHE SABOT/341;ARCELOR (BERTON SICARD);INSTALLUX;342;Non;1;;;;;;;
;;RACCORD MC REF 301;ARCELOR (BERTON SICARD);INSTALLUX;348;Non;1;;;;;;;
;;CACHE PINCE 381;ARCELOR (BERTON SICARD);INSTALLUX;361;Non;1;;;;;;;
;;SABOT DEPORTE DALLE;ARCELOR (BERTON SICARD);INSTALLUX;370;Non;1;;;;;;;
;;PINCE ORIENTABLE PR REMP;ARCELOR (BERTON SICARD);INSTALLUX;381;Non;1;;;;;;;
;;ROSACE GARDE CORPS;ARCELOR (BERTON SICARD);INSTALLUX;388;Non;1;;;;;;;
;;CACHE-SABOT NEZ-DE-DALLE;ARCELOR (BERTON SICARD);INSTALLUX;398;Non;1;;;;;;;
;;CACHE ETRIER;ARCELOR (BERTON SICARD);INSTALLUX;511;Non;1;;;;;;;
;;CACHE VIS GOND 564;ARCELOR (BERTON SICARD);INSTALLUX;516;Non;2;;;;;;;
;;BATTEMENT CENTRAL BOMBE;ARCELOR (BERTON SICARD);INSTALLUX;518;Non;6,5;;;;;;;
;;BATTEMENT CENTRAL;ARCELOR (BERTON SICARD);INSTALLUX;518/2;Non;2,6;;;;;;;
;;T DE RECEPTION;ARCELOR (BERTON SICARD);INSTALLUX;520;Non;1;;;;;;;
;;CACHE PIGNON;ARCELOR (BERTON SICARD);INSTALLUX;530;Non;1;;;;;;;
;;CACHE CREMAILLERE;ARCELOR (BERTON SICARD);INSTALLUX;543I;Non;6,5;;;;;;;
;;CACHE CREMAILLERE;ARCELOR (BERTON SICARD);INSTALLUX;543I/4;Non;4,5;;;;;;;
;;PIVOT PORTAIL;ARCELOR (BERTON SICARD);INSTALLUX;558;Non;1;;;;;;;
;;PIVOT PORTAIL MOTORISE;ARCELOR (BERTON SICARD);INSTALLUX;558MO;Non;1;;;;;;;
;;ENTRETOISE 390 MM;ARCELOR (BERTON SICARD);INSTALLUX;561;Non;1;;;;;;;
;;FIX MONT/TRAV INTERMED;ARCELOR (BERTON SICARD);INSTALLUX;563;Non;2;;;;;;;
;;GOND PORTAIL MALE;ARCELOR (BERTON SICARD);INSTALLUX;564;Non;2;;;;;;;
;;GOND A SCELLER;ARCELOR (BERTON SICARD);INSTALLUX;565;Non;2;;;;;;;
;;DEMI POTELET;ARCELOR (BERTON SICARD);INSTALLUX;575/4;Non;4;;;;;;;
;;GOND DE PORTAIL;ARCELOR (BERTON SICARD);INSTALLUX;587;Non;2;;;;;;;
;;PLEIN CINTRE 900;ARCELOR (BERTON SICARD);INSTALLUX;615/P1;Non;1;;;;;;;
;;PLEIN CINTRE 1200;ARCELOR (BERTON SICARD);INSTALLUX;615/P2;Non;1;;;;;;;
;;PLEIN CINTRE 1800;ARCELOR (BERTON SICARD);INSTALLUX;615/P3;Non;1;;;;;;;
;;PLEIN CINTRE 3000;ARCELOR (BERTON SICARD);INSTALLUX;615/P4;Non;1;;;;;;;
;;PLEIN CINTRE 3600;ARCELOR (BERTON SICARD);INSTALLUX;615/P5;Non;1;;;;;;;
;;PLEIN CINTRE 900;ARCELOR (BERTON SICARD);INSTALLUX;621/P1;Non;1;;;;;;;
;;PLEIN CINTRE 1200;ARCELOR (BERTON SICARD);INSTALLUX;621/P2;Non;1;;;;;;;
;;PLEIN CINTRE 1800;ARCELOR (BERTON SICARD);INSTALLUX;621/P3;Non;1;;;;;;;
;;PLEIN CINTRE 3000;ARCELOR (BERTON SICARD);INSTALLUX;621/P4;Non;1;;;;;;;
;;BATTEMENT CENTRAL;ARCELOR (BERTON SICARD);INSTALLUX;631;Non;6,5;;;;;;;
;;BATTEMENT CENTRAL;ARCELOR (BERTON SICARD);INSTALLUX;631/2;Non;2,6;;;;;;;
;;FESTON ARRONDI EXT H1270;ARCELOR (BERTON SICARD);INSTALLUX;638/A;Non;1;;;;;;;
;;FESTON ARRONDI EXT H805;ARCELOR (BERTON SICARD);INSTALLUX;638/C;Non;1;;;;;;;
;;FESTON ARRONDI EXT H1080;ARCELOR (BERTON SICARD);INSTALLUX;638/D;Non;1;;;;;;;
;;ROSACE DECOR 385X195MM;ARCELOR (BERTON SICARD);INSTALLUX;689;Non;1;;;;;;;
;;PLATINE /140;ARCELOR (BERTON SICARD);INSTALLUX;1250;Non;1;;;;;;;
;;PLATINE 144/80 /168 /169;ARCELOR (BERTON SICARD);INSTALLUX;1251;Non;1;;;;;;;
;;PLATINE /102-104;ARCELOR (BERTON SICARD);INSTALLUX;1253;Non;1;;;;;;;
;;ANGLE 53,5X53,5;ARCELOR (BERTON SICARD);INSTALLUX;1425TH;Non;6,5;;;;;;;
;;POIGNEE HT 130;ARCELOR (BERTON SICARD);INSTALLUX;1611;Non;1;;;;;;;
;;ACCES.POSE POIGNEE G/140;ARCELOR (BERTON SICARD);INSTALLUX;1627;Non;1;;;;;;;
;;ACCES.POSE POIGNEE G5000;ARCELOR (BERTON SICARD);INSTALLUX;1628;Non;1;;;;;;;
;;ACCES.POSE PORTE VERRE;ARCELOR (BERTON SICARD);INSTALLUX;1629;Non;1;;;;;;;
;;*FIX. MARECHAL DIAM. 40;ARCELOR (BERTON SICARD);INSTALLUX;1638A;Non;2;;;;;;;
;;PIVOT BAS AXE 62.5;ARCELOR (BERTON SICARD);INSTALLUX;1705;Non;1;;;;;;;
;;FERME PORTE BRAS COMPAS;ARCELOR (BERTON SICARD);INSTALLUX;1800;Non;1;;;;;;;
;;FERME PORTE BRAS GLISS.;ARCELOR (BERTON SICARD);INSTALLUX;1801;Non;1;;;;;;;
;;PAIRE D’ENTREE/CYLINDRE;ARCELOR (BERTON SICARD);INSTALLUX;1827;Non;1;;;;;;;
;;*ROSACE CYLINDRE;ARCELOR (BERTON SICARD);INSTALLUX;1871;Non;1;;;;;;;
;;ROSACE OPERA;ARCELOR (BERTON SICARD);INSTALLUX;1876;Non;1;;;;;;;
;;PORTE BROSSE;ARCELOR (BERTON SICARD);INSTALLUX;5438;Non;6;;;;;;;
;;FINITION CHANF DOR 100;ARCELOR (BERTON SICARD);INSTALLUX;5523;Non;6,5;;;;;;;
;;BRAS DEPORTE EMP RECTANG;ARCELOR (BERTON SICARD);INSTALLUX;5672;Non;1;;;;;;;
;;CACHE BARILLET 30;ARCELOR (BERTON SICARD);INSTALLUX;5773;Non;1;;;;;;;
;;POIGNEE A OLIVE DROITE;ARCELOR (BERTON SICARD);INSTALLUX;5827;Non;1;;;;;;;
;;PIVOTS BASC.COMETE 1D+1G;ARCELOR (BERTON SICARD);INSTALLUX;5830;Non;1;;;;;;;
;;CREMONE /5833/34/35/36;ARCELOR (BERTON SICARD);INSTALLUX;5832;Non;1;;;;;;;
;;FERME IMPOSTE A LEVIER;ARCELOR (BERTON SICARD);INSTALLUX;5837;Non;1;;;;;;;
;;CREMONE “FLOW” OF/OB;ARCELOR (BERTON SICARD);INSTALLUX;5843;Non;1;;;;;;;
;;FER. OF 1&2 VTX REVERS;ARCELOR (BERTON SICARD);INSTALLUX;5874P;Non;1;;;;;;;
;;FERM.OF 1&2 VTX A CLE;ARCELOR (BERTON SICARD);INSTALLUX;5875N;Non;1;;;;;;;
;;(*FER. OB 1&2 VTX A CLE;ARCELOR (BERTON SICARD);INSTALLUX;5881P;Non;1;;;;;;;
;;CONDAMN POSITION OF/OB;ARCELOR (BERTON SICARD);INSTALLUX;5894N;Non;1;;;;;;;
;;PROF.ADAPT.PORTE CLARIT;ARCELOR (BERTON SICARD);INSTALLUX;5902;Non;6,5;;;;;;;
;;INTERM.OF 2VTX RAPPORTE;ARCELOR (BERTON SICARD);INSTALLUX;5940;Non;6;;;;;;;
;;CRETE DE TOIT;ARCELOR (BERTON SICARD);INSTALLUX;6591N;Non;1;;;;;;;
;;PALMETTE PETIT MODELE;ARCELOR (BERTON SICARD);INSTALLUX;6592;Non;1;;;;;;;
;;CAGE RAPPORTEE;ARCELOR (BERTON SICARD);INSTALLUX;6600/4;Non;4,6;;;;;;;
;;RENFORT POIGNEE /6625;ARCELOR (BERTON SICARD);INSTALLUX;6627/4;Non;4,6;;;;;;;
;;BRISE SOLEIL 150;ARCELOR (BERTON SICARD);INSTALLUX;6960;Non;6,5;;;;;;;
;;BRISE SOLEIL 200;ARCELOR (BERTON SICARD);INSTALLUX;6963;Non;6,5;;;;;;;
;;COLLIER SERRAGE DIAM 80;ARCELOR (BERTON SICARD);INSTALLUX;7076;Non;1;;;;;;;
;;*COFFRE A STORE;ARCELOR (BERTON SICARD);INSTALLUX;7651;Non;6,5;;;;;;;
;;CACHE ELARGI 7701 / 7752;ARCELOR (BERTON SICARD);INSTALLUX;7703;Non;10;;;;;;;
;;TIRANT VERANDA;ARCELOR (BERTON SICARD);INSTALLUX;7751;Non;1;;;;;;;
;;(*)ACC BAS DE COFFRE;ARCELOR (BERTON SICARD);INSTALLUX;7826;Non;6,5;;;;;;;
;;PROF.DE DILATATION B138;ARCELOR (BERTON SICARD);INSTALLUX;8526;Non;6,5;;;;;;;
;;TRAV. BASSE;ARCELOR (BERTON SICARD);INSTALLUX;9295TH;Non;6,5;;;;;;;
;;POIGNEE TIRAGE;ARCELOR (BERTON SICARD);INSTALLUX;9808;Non;1;;;;;;;
;;FACADE STANDARD;ARCELOR (BERTON SICARD);INSTALLUX;9917;Non;1;;;;;;;
;;POIGNEE DE TIRAGE SIMPLE;ARCELOR (BERTON SICARD);INSTALLUX;9920;Non;1;;;;;;;
;;POIGNEE TIRAGE;ARCELOR (BERTON SICARD);INSTALLUX;9922;Non;1;;;;;;;
;;POIGNEE EXT. A CLEF;ARCELOR (BERTON SICARD);INSTALLUX;9924;Non;1;;;;;;;
;;FACADE EXT. STANDARD;ARCELOR (BERTON SICARD);INSTALLUX;9928;Non;1;;;;;;;
;;FACADE CARRE;ARCELOR (BERTON SICARD);INSTALLUX;9938;Non;1;;;;;;;
;;POIGNEE DE TIRAGE;ARCELOR (BERTON SICARD);INSTALLUX;160004;Non;1;;;;;;;
;;ADAPTATION FACADE;ARCELOR (BERTON SICARD);INSTALLUX;420007;Non;6,5;;;;;;;
;;C.J. RENO. CHANF. 70MM;ARCELOR (BERTON SICARD);INSTALLUX;420029;Non;6,5;;;;;;;
;;BATTEMENT CAGE DE 16;ARCELOR (BERTON SICARD);INSTALLUX;423007;Non;6,5;;;;;;;
;;(*FER.A CLE S’ENTR.OBREV;ARCELOR (BERTON SICARD);INSTALLUX;450013;Non;1;;;;;;;
;;(*FERR.ENCASTREE OB REV.;ARCELOR (BERTON SICARD);INSTALLUX;450015;Non;1;;;;;;;
;;BLOC PLATINE A CARRE 7MM;ARCELOR (BERTON SICARD);INSTALLUX;450033;Non;1;;;;;;;
;;ROSACE ZED;ARCELOR (BERTON SICARD);INSTALLUX;450077;Non;1;;;;;;;
;;FERRAGE 3PTS OF PMR;ARCELOR (BERTON SICARD);INSTALLUX;450089;Non;1;;;;;;;
;;CREMONE CHRONO;ARCELOR (BERTON SICARD);INSTALLUX;450105;Non;1;;;;;;;
;;CHARNIERE INTERMEDIAIRE;ARCELOR (BERTON SICARD);INSTALLUX;450139;Non;1;;;;;;;
;;CREMON CHRONO OB LOG CLE;ARCELOR (BERTON SICARD);INSTALLUX;450154;Non;1;;;;;;;
;;JONCTIORENFORCEE;ARCELOR (BERTON SICARD);INSTALLUX;510022;Non;6,5;;;;;;;
Profil Alu;Corniéres;CORNIERE PORTE APD 50TH;ARCELOR (BERTON SICARD);INSTALLUX;520011;Non;6,5;;;;;;;
;;PORTE BROSSE/510008;ARCELOR (BERTON SICARD);INSTALLUX;520013;Non;4,6;;;;;;;
;;FERME PORTE A GLISS.MODB;ARCELOR (BERTON SICARD);INSTALLUX;550004;Non;1;;;;;;;
;;FERME PORTE A GLISS.MODG;ARCELOR (BERTON SICARD);INSTALLUX;550005;Non;1;;;;;;;
;;GLISSIERE FERME PTE APP.;ARCELOR (BERTON SICARD);INSTALLUX;550006;Non;1;;;;;;;
;;POIGNEE SELENE SIMPLE;ARCELOR (BERTON SICARD);INSTALLUX;560024;Non;1;;;;;;;
;;POIG.DBL.SELENE TRAVERS.;ARCELOR (BERTON SICARD);INSTALLUX;560026;Non;1;;;;;;;
;;FINITION EXTER MONORAIL;ARCELOR (BERTON SICARD);INSTALLUX;910042;Non;6,5;;;;;;;
;;DOR 2 RAILS FOND PLAT;ARCELOR (BERTON SICARD);INSTALLUX;910201;Non;6,5;;;;;;;
;;MONT CROISEMENT SIMPLE;ARCELOR (BERTON SICARD);INSTALLUX;910221;Non;6,5;;;;;;;
;;PROF FINITION INT GAL;ARCELOR (BERTON SICARD);INSTALLUX;920010;Non;6,5;;;;;;;
;;MONT CROISEMENT GAL;ARCELOR (BERTON SICARD);INSTALLUX;920017;Non;6,5;;;;;;;
;;CACHE RAIL;ARCELOR (BERTON SICARD);INSTALLUX;920023;Non;6,5;;;;;;;
;;CACHE RAIL;ARCELOR (BERTON SICARD);INSTALLUX;920220;Non;6,5;;;;;;;
;;RENFORT CROISEMENT;ARCELOR (BERTON SICARD);INSTALLUX;920222P;Non;6,5;;;;;;;
;;POIGNEE CHRONOS INT MANO;ARCELOR (BERTON SICARD);INSTALLUX;950010;Non;1;;;;;;;
;;POIGNEE CHRONOS FIXE;ARCELOR (BERTON SICARD);INSTALLUX;950011;Non;1;;;;;;;
;;POIGNEE CHRONOS EXT MANO;ARCELOR (BERTON SICARD);INSTALLUX;950012;Non;1;;;;;;;
;;POIG FLORCILE INT MAN DR;ARCELOR (BERTON SICARD);INSTALLUX;950020;Non;1;;;;;;;
;;POIG FLORCILE INT MAN GA;ARCELOR (BERTON SICARD);INSTALLUX;950021;Non;1;;;;;;;
;;POIG FLORCILE FIXE;ARCELOR (BERTON SICARD);INSTALLUX;950022;Non;1;;;;;;;
;;POI FLO INT D AVEC950024;ARCELOR (BERTON SICARD);INSTALLUX;950023;Non;1;;;;;;;
;;POI FLO EXT G AVEC950023;ARCELOR (BERTON SICARD);INSTALLUX;950024;Non;1;;;;;;;
;;POI FLO INT G AVEC950026;ARCELOR (BERTON SICARD);INSTALLUX;950025;Non;1;;;;;;;
;;POI FLO EXT D AVEC950025;ARCELOR (BERTON SICARD);INSTALLUX;950026;Non;1;;;;;;;
;;*POIGNEE TIRAGE;ARCELOR (BERTON SICARD);INSTALLUX;950035;Non;1;;;;;;;
;;MANIVELLE LG=2400MM;ARCELOR (BERTON SICARD);INSTALLUX;A6016-6;Non;1;;;;;;;
;;RAIL BAS PORTES REPLIA.;ARCELOR (BERTON SICARD);INSTALLUX;P5056;Non;6,5;;;;;;;
;;ADAPTATION PORTE;ARCELOR (BERTON SICARD);INSTALLUX;P6002;Non;6,5;;;;;;;
;;TOL1000X2000X2 PERF CARR;ARCELOR (BERTON SICARD);INSTALLUX;TOL1X2C2;Non;2;;;;;;;
;;TOL1000X2000X2 PERF ROND;ARCELOR (BERTON SICARD);INSTALLUX;TOL1X2R2;Non;2;;;;;;;
;;PORTE BROSSE;ARCELOR (BERTON SICARD);INSTALLUX;90;Non;6;;;;;;;
;;INTERMEDIAIRE 80X80;ARCELOR (BERTON SICARD);INSTALLUX;102;Non;6;;;;;;;
;;PORTE BROSSE 181/182/183;ARCELOR (BERTON SICARD);INSTALLUX;107;Non;6;;;;;;;
;;ENCADREMENT PM;ARCELOR (BERTON SICARD);INSTALLUX;115;Non;6,5;;;;;;;
;;ENCADREMENT GM;ARCELOR (BERTON SICARD);INSTALLUX;116;Non;6,5;;;;;;;
;;ANGLE 40X40 ROND;ARCELOR (BERTON SICARD);INSTALLUX;139;Non;6;;;;;;;
;;INTERMEDIAIRE 18,5X80;ARCELOR (BERTON SICARD);INSTALLUX;142/80;Non;6;;;;;;;
;;INTERMEDIAIRE 120;ARCELOR (BERTON SICARD);INSTALLUX;144/12;Non;6;;;;;;;
;;INTERMEDIAIRE 80;ARCELOR (BERTON SICARD);INSTALLUX;144/80;Non;6;;;;;;;
;;ANGLE 40X40 CARRE;ARCELOR (BERTON SICARD);INSTALLUX;145;Non;6;;;;;;;
;;ANGLE 90 A 135 FEMELLE;ARCELOR (BERTON SICARD);INSTALLUX;159/F;Non;6;;;;;;;
;;ANGLE 90 A 135 MALE;ARCELOR (BERTON SICARD);INSTALLUX;159/M;Non;6;;;;;;;
;;CAGE C.J. RAPPORTE;ARCELOR (BERTON SICARD);INSTALLUX;199;Non;6;;;;;;;
;;ANGLE 40X40 135°;ARCELOR (BERTON SICARD);INSTALLUX;203;Non;6;;;;;;;
;;LISS BASS NON PERFORE;ARCELOR (BERTON SICARD);INSTALLUX;304;Non;6;;;;;;;
;;RACCORD MC REF 310;ARCELOR (BERTON SICARD);INSTALLUX;320;Non;1;;;;;;;
;;SABOT NEZ-DE-DALLE;ARCELOR (BERTON SICARD);INSTALLUX;332;Non;1;;;;;;;
;;SABOT DALLE 2 FIX.;ARCELOR (BERTON SICARD);INSTALLUX;341;Non;1;;;;;;;
;;CACHE SABOT/341;ARCELOR (BERTON SICARD);INSTALLUX;342;Non;1;;;;;;;
;;RACCORD MC REF 301;ARCELOR (BERTON SICARD);INSTALLUX;348;Non;1;;;;;;;
;;CACHE PINCE 381;ARCELOR (BERTON SICARD);INSTALLUX;361;Non;1;;;;;;;
;;SABOT DEPORTE DALLE;ARCELOR (BERTON SICARD);INSTALLUX;370;Non;1;;;;;;;
;;PINCE ORIENTABLE PR REMP;ARCELOR (BERTON SICARD);INSTALLUX;381;Non;1;;;;;;;
;;ROSACE GARDE CORPS;ARCELOR (BERTON SICARD);INSTALLUX;388;Non;1;;;;;;;
;;CACHE-SABOT NEZ-DE-DALLE;ARCELOR (BERTON SICARD);INSTALLUX;398;Non;1;;;;;;;
;;CACHE ETRIER;ARCELOR (BERTON SICARD);INSTALLUX;511;Non;1;;;;;;;
;;CACHE VIS GOND 564;ARCELOR (BERTON SICARD);INSTALLUX;516;Non;2;;;;;;;
;;BATTEMENT CENTRAL BOMBE;ARCELOR (BERTON SICARD);INSTALLUX;518;Non;6,5;;;;;;;
;;BATTEMENT CENTRAL;ARCELOR (BERTON SICARD);INSTALLUX;518/2;Non;2,6;;;;;;;
;;T DE RECEPTION;ARCELOR (BERTON SICARD);INSTALLUX;520;Non;1;;;;;;;
;;CACHE PIGNON;ARCELOR (BERTON SICARD);INSTALLUX;530;Non;1;;;;;;;
;;CACHE CREMAILLERE;ARCELOR (BERTON SICARD);INSTALLUX;543I;Non;6,5;;;;;;;
;;CACHE CREMAILLERE;ARCELOR (BERTON SICARD);INSTALLUX;543I/4;Non;4,5;;;;;;;
;;PIVOT PORTAIL;ARCELOR (BERTON SICARD);INSTALLUX;558;Non;1;;;;;;;
;;PIVOT PORTAIL MOTORISE;ARCELOR (BERTON SICARD);INSTALLUX;558MO;Non;1;;;;;;;
;;DECOR ROND DIAMETRE 100;ARCELOR (BERTON SICARD);INSTALLUX;559;Non;2;;;;;;;
;;ENTRETOISE 390 MM;ARCELOR (BERTON SICARD);INSTALLUX;561;Non;1;;;;;;;
;;FIX MONT/TRAV INTERMED;ARCELOR (BERTON SICARD);INSTALLUX;563;Non;2;;;;;;;
;;GOND PORTAIL MALE;ARCELOR (BERTON SICARD);INSTALLUX;564;Non;2;;;;;;;
;;GOND A SCELLER;ARCELOR (BERTON SICARD);INSTALLUX;565;Non;2;;;;;;;
;;DEMI POTELET;ARCELOR (BERTON SICARD);INSTALLUX;575/4;Non;4;;;;;;;
;;GOND DE PORTAIL;ARCELOR (BERTON SICARD);INSTALLUX;587;Non;2;;;;;;;
;;ROSACE DECOR 460X230MM;ARCELOR (BERTON SICARD);INSTALLUX;603;Non;1;;;;;;;
;;PLEIN CINTRE 900;ARCELOR (BERTON SICARD);INSTALLUX;615/P1;Non;1;;;;;;;
;;PLEIN CINTRE 1200;ARCELOR (BERTON SICARD);INSTALLUX;615/P2;Non;1;;;;;;;
;;PLEIN CINTRE 1800;ARCELOR (BERTON SICARD);INSTALLUX;615/P3;Non;1;;;;;;;
;;PLEIN CINTRE 3000;ARCELOR (BERTON SICARD);INSTALLUX;615/P4;Non;1;;;;;;;
;;PLEIN CINTRE 3600;ARCELOR (BERTON SICARD);INSTALLUX;615/P5;Non;1;;;;;;;
;;PLEIN CINTRE 900;ARCELOR (BERTON SICARD);INSTALLUX;621/P1;Non;1;;;;;;;
;;PLEIN CINTRE 1200;ARCELOR (BERTON SICARD);INSTALLUX;621/P2;Non;1;;;;;;;
;;PLEIN CINTRE 1800;ARCELOR (BERTON SICARD);INSTALLUX;621/P3;Non;1;;;;;;;
;;PLEIN CINTRE 3000;ARCELOR (BERTON SICARD);INSTALLUX;621/P4;Non;1;;;;;;;
;;BATTEMENT CENTRAL;ARCELOR (BERTON SICARD);INSTALLUX;631;Non;6,5;;;;;;;
;;BATTEMENT CENTRAL;ARCELOR (BERTON SICARD);INSTALLUX;631/2;Non;2,6;;;;;;;
;;FESTON ARRONDI EXT H1270;ARCELOR (BERTON SICARD);INSTALLUX;638/A;Non;1;;;;;;;
;;FESTON ARRONDI EXT H805;ARCELOR (BERTON SICARD);INSTALLUX;638/C;Non;1;;;;;;;
;;FESTON ARRONDI EXT H1080;ARCELOR (BERTON SICARD);INSTALLUX;638/D;Non;1;;;;;;;
;;ROSACE DECOR 385X195MM;ARCELOR (BERTON SICARD);INSTALLUX;689;Non;1;;;;;;;
;;PLATINE /140;ARCELOR (BERTON SICARD);INSTALLUX;1250;Non;1;;;;;;;
;;PLATINE 144/80 /168 /169;ARCELOR (BERTON SICARD);INSTALLUX;1251;Non;1;;;;;;;
;;PLATINE /102-104;ARCELOR (BERTON SICARD);INSTALLUX;1253;Non;1;;;;;;;
;;ANGLE 53,5X53,5;ARCELOR (BERTON SICARD);INSTALLUX;1425TH;Non;6,5;;;;;;;
;;POIGNEE HT 130;ARCELOR (BERTON SICARD);INSTALLUX;1611;Non;1;;;;;;;
;;ACCES.POSE POIGNEE G/140;ARCELOR (BERTON SICARD);INSTALLUX;1627;Non;1;;;;;;;
;;ACCES.POSE POIGNEE G5000;ARCELOR (BERTON SICARD);INSTALLUX;1628;Non;1;;;;;;;
;;ACCES.POSE PORTE VERRE;ARCELOR (BERTON SICARD);INSTALLUX;1629;Non;1;;;;;;;
;;*FIX. MARECHAL DIAM.50;ARCELOR (BERTON SICARD);INSTALLUX;1637A;Non;2;;;;;;;
;;*FIX. MARECHAL DIAM. 40;ARCELOR (BERTON SICARD);INSTALLUX;1638A;Non;2;;;;;;;
;;PIVOT BAS AXE 62.5;ARCELOR (BERTON SICARD);INSTALLUX;1705;Non;1;;;;;;;
;;PAIRE D’ENTREE/CYLINDRE;ARCELOR (BERTON SICARD);INSTALLUX;1827;Non;1;;;;;;;
;;ROSACE OPERA;ARCELOR (BERTON SICARD);INSTALLUX;1876;Non;1;;;;;;;
;;PORTE BROSSE;ARCELOR (BERTON SICARD);INSTALLUX;5438;Non;6;;;;;;;
;;FINITION CHANF DOR 100;ARCELOR (BERTON SICARD);INSTALLUX;5523;Non;6,5;;;;;;;
;;BRAS DEPORTE EMP RECTANG;ARCELOR (BERTON SICARD);INSTALLUX;5672;Non;1;;;;;;;
;;CACHE BARILLET 30;ARCELOR (BERTON SICARD);INSTALLUX;5773;Non;1;;;;;;;
;;POIGNEE A OLIVE DROITE;ARCELOR (BERTON SICARD);INSTALLUX;5827;Non;1;;;;;;;
;;CREMONE /5833/34/35/36;ARCELOR (BERTON SICARD);INSTALLUX;5832;Non;1;;;;;;;
;;CREMONE “FLOW” OF/OB;ARCELOR (BERTON SICARD);INSTALLUX;5843;Non;1;;;;;;;
;;FER. OF 1&2 VTX REVERS;ARCELOR (BERTON SICARD);INSTALLUX;5874P;Non;1;;;;;;;
;;FERM.OF 1&2 VTX A CLE;ARCELOR (BERTON SICARD);INSTALLUX;5875N;Non;1;;;;;;;
;;(*FER. OB 1&2 VTX A CLE;ARCELOR (BERTON SICARD);INSTALLUX;5881P;Non;1;;;;;;;
;;CONDAMN POSITION OF/OB;ARCELOR (BERTON SICARD);INSTALLUX;5894N;Non;1;;;;;;;
;;PROF.ADAPT.PORTE CLARIT;ARCELOR (BERTON SICARD);INSTALLUX;5902;Non;6,5;;;;;;;
;;INTERM.OF 2VTX RAPPORTE;ARCELOR (BERTON SICARD);INSTALLUX;5940;Non;6;;;;;;;
;;CRETE DE TOIT;ARCELOR (BERTON SICARD);INSTALLUX;6591N;Non;1;;;;;;;
;;PALMETTE PETIT MODELE;ARCELOR (BERTON SICARD);INSTALLUX;6592;Non;1;;;;;;;
;;CRETE DE TOIT LG 1000MM;ARCELOR (BERTON SICARD);INSTALLUX;6595;Non;1;;;;;;;
;;CAGE RAPPORTEE;ARCELOR (BERTON SICARD);INSTALLUX;6600/4;Non;4,6;;;;;;;
;;RENFORT POIGNEE /6625;ARCELOR (BERTON SICARD);INSTALLUX;6627/4;Non;4,6;;;;;;;
;;BRISE SOLEIL 150;ARCELOR (BERTON SICARD);INSTALLUX;6960;Non;6,5;;;;;;;
;;BRISE SOLEIL 200;ARCELOR (BERTON SICARD);INSTALLUX;6963;Non;6,5;;;;;;;
;;COLLIER SERRAGE DIAM 80;ARCELOR (BERTON SICARD);INSTALLUX;7076;Non;1;;;;;;;
;;*COFFRE A STORE;ARCELOR (BERTON SICARD);INSTALLUX;7651;Non;6,5;;;;;;;
;;CACHE ELARGI 7701 / 7752;ARCELOR (BERTON SICARD);INSTALLUX;7703;Non;10;;;;;;;
;;TIRANT VERANDA;ARCELOR (BERTON SICARD);INSTALLUX;7751;Non;1;;;;;;;
;;(*)ACC BAS DE COFFRE;ARCELOR (BERTON SICARD);INSTALLUX;7826;Non;6,5;;;;;;;
;;PROF.DE DILATATION B138;ARCELOR (BERTON SICARD);INSTALLUX;8526;Non;6,5;;;;;;;
;;TRAV. BASSE;ARCELOR (BERTON SICARD);INSTALLUX;9295TH;Non;6,5;;;;;;;
;;POIGNEE TIRAGE;ARCELOR (BERTON SICARD);INSTALLUX;9808;Non;1;;;;;;;
;;FACADE STANDARD;ARCELOR (BERTON SICARD);INSTALLUX;9917;Non;1;;;;;;;
;;POIGNEE DE TIRAGE SIMPLE;ARCELOR (BERTON SICARD);INSTALLUX;9920;Non;1;;;;;;;
;;POIGNEE TIRAGE;ARCELOR (BERTON SICARD);INSTALLUX;9922;Non;1;;;;;;;
;;POIGNEE EXT. A CLEF;ARCELOR (BERTON SICARD);INSTALLUX;9924;Non;1;;;;;;;
;;FACADE EXT. STANDARD;ARCELOR (BERTON SICARD);INSTALLUX;9928;Non;1;;;;;;;
;;FACADE CARRE;ARCELOR (BERTON SICARD);INSTALLUX;9938;Non;1;;;;;;;
;;POIGNEE DE TIRAGE;ARCELOR (BERTON SICARD);INSTALLUX;160004;Non;1;;;;;;;
;;ADAPTATION FACADE;ARCELOR (BERTON SICARD);INSTALLUX;420007;Non;6,5;;;;;;;
;;C.J. RENO. CHANF. 70MM;ARCELOR (BERTON SICARD);INSTALLUX;420029;Non;6,5;;;;;;;
;;BATTEMENT CAGE DE 16;ARCELOR (BERTON SICARD);INSTALLUX;423007;Non;6,5;;;;;;;
;;(*FER.A CLE S’ENTR.OBREV;ARCELOR (BERTON SICARD);INSTALLUX;450013;Non;1;;;;;;;
;;(*FERR.ENCASTREE OB REV.;ARCELOR (BERTON SICARD);INSTALLUX;450015;Non;1;;;;;;;
;;BLOC PLATINE A CARRE 7MM;ARCELOR (BERTON SICARD);INSTALLUX;450033;Non;1;;;;;;;
;;ROSACE ZED;ARCELOR (BERTON SICARD);INSTALLUX;450077;Non;1;;;;;;;
;;FERRAGE 3PTS OF PMR;ARCELOR (BERTON SICARD);INSTALLUX;450089;Non;1;;;;;;;
;;CREMONE CHRONO;ARCELOR (BERTON SICARD);INSTALLUX;450105;Non;1;;;;;;;
;;CHARNIERE INTERMEDIAIRE;ARCELOR (BERTON SICARD);INSTALLUX;450139;Non;1;;;;;;;
;;CREMON CHRONO OB LOG CLE;ARCELOR (BERTON SICARD);INSTALLUX;450154;Non;1;;;;;;;
;;JONCTIORENFORCEE;ARCELOR (BERTON SICARD);INSTALLUX;510022;Non;6,5;;;;;;;
Profil Alu;Corniéres;CORNIERE PORTE APD 50TH;ARCELOR (BERTON SICARD);INSTALLUX;520011;Non;6,5;;;;;;;
;;PORTE BROSSE/510008;ARCELOR (BERTON SICARD);INSTALLUX;520013;Non;4,6;;;;;;;
;;FINITION EXTER MONORAIL;ARCELOR (BERTON SICARD);INSTALLUX;910042;Non;6,5;;;;;;;
;;DOR 2 RAILS FOND PLAT;ARCELOR (BERTON SICARD);INSTALLUX;910201;Non;6,5;;;;;;;
;;MONT CROISEMENT SIMPLE;ARCELOR (BERTON SICARD);INSTALLUX;910221;Non;6,5;;;;;;;
;;PROF FINITION INT GAL;ARCELOR (BERTON SICARD);INSTALLUX;920010;Non;6,5;;;;;;;
;;MONT CROISEMENT GAL;ARCELOR (BERTON SICARD);INSTALLUX;920017;Non;6,5;;;;;;;
;;CACHE RAIL;ARCELOR (BERTON SICARD);INSTALLUX;920023;Non;6,5;;;;;;;
;;CACHE RAIL;ARCELOR (BERTON SICARD);INSTALLUX;920220;Non;6,5;;;;;;;
;;RENFORT CROISEMENT;ARCELOR (BERTON SICARD);INSTALLUX;920222P;Non;6,5;;;;;;;
;;POIGNEE CHRONOS INT MANO;ARCELOR (BERTON SICARD);INSTALLUX;950010;Non;1;;;;;;;
;;POIGNEE CHRONOS FIXE;ARCELOR (BERTON SICARD);INSTALLUX;950011;Non;1;;;;;;;
;;POIGNEE CHRONOS EXT MANO;ARCELOR (BERTON SICARD);INSTALLUX;950012;Non;1;;;;;;;
;;POIG FLORCILE INT MAN DR;ARCELOR (BERTON SICARD);INSTALLUX;950020;Non;1;;;;;;;
;;POIG FLORCILE INT MAN GA;ARCELOR (BERTON SICARD);INSTALLUX;950021;Non;1;;;;;;;
;;POIG FLORCILE FIXE;ARCELOR (BERTON SICARD);INSTALLUX;950022;Non;1;;;;;;;
;;POI FLO INT D AVEC950024;ARCELOR (BERTON SICARD);INSTALLUX;950023;Non;1;;;;;;;
;;POI FLO EXT G AVEC950023;ARCELOR (BERTON SICARD);INSTALLUX;950024;Non;1;;;;;;;
;;POI FLO INT G AVEC950026;ARCELOR (BERTON SICARD);INSTALLUX;950025;Non;1;;;;;;;
;;POI FLO EXT D AVEC950025;ARCELOR (BERTON SICARD);INSTALLUX;950026;Non;1;;;;;;;
;;RAIL BAS PORTES REPLIA.;ARCELOR (BERTON SICARD);INSTALLUX;P5056;Non;6,5;;;;;;;
;;ADAPTATION PORTE;ARCELOR (BERTON SICARD);INSTALLUX;P6002;Non;6,5;;;;;;;
;;TOL1000X2000X2 PERF CARR;ARCELOR (BERTON SICARD);INSTALLUX;TOL1X2C2;Non;2;;;;;;;
;;TOL1000X2000X2 PERF ROND;ARCELOR (BERTON SICARD);INSTALLUX;TOL1X2R2;Non;2;;;;;;;
;;PORTE BROSSE;ARCELOR (BERTON SICARD);INSTALLUX;90;Non;6;;;;;;;
;;INTERMEDIAIRE 80X80;ARCELOR (BERTON SICARD);INSTALLUX;102;Non;6;;;;;;;
;;PORTE BROSSE 181/182/183;ARCELOR (BERTON SICARD);INSTALLUX;107;Non;6;;;;;;;
;;ENCADREMENT PM;ARCELOR (BERTON SICARD);INSTALLUX;115;Non;6,5;;;;;;;
;;ENCADREMENT GM;ARCELOR (BERTON SICARD);INSTALLUX;116;Non;6,5;;;;;;;
;;ANGLE 40X40 ROND;ARCELOR (BERTON SICARD);INSTALLUX;139;Non;6;;;;;;;
;;INTERMEDIAIRE 18,5X80;ARCELOR (BERTON SICARD);INSTALLUX;142/80;Non;6;;;;;;;
;;INTERMEDIAIRE 120;ARCELOR (BERTON SICARD);INSTALLUX;144/12;Non;6;;;;;;;
;;INTERMEDIAIRE 80;ARCELOR (BERTON SICARD);INSTALLUX;144/80;Non;6;;;;;;;
;;ANGLE 40X40 CARRE;ARCELOR (BERTON SICARD);INSTALLUX;145;Non;6;;;;;;;
;;ANGLE 90 A 135 FEMELLE;ARCELOR (BERTON SICARD);INSTALLUX;159/F;Non;6;;;;;;;
;;ANGLE 90 A 135 MALE;ARCELOR (BERTON SICARD);INSTALLUX;159/M;Non;6;;;;;;;
;;CAGE C.J. RAPPORTE;ARCELOR (BERTON SICARD);INSTALLUX;199;Non;6;;;;;;;
;;ANGLE 40X40 135°;ARCELOR (BERTON SICARD);INSTALLUX;203;Non;6;;;;;;;
;;LISS BASS NON PERFORE;ARCELOR (BERTON SICARD);INSTALLUX;304;Non;6;;;;;;;
;;RACCORD MC REF 310;ARCELOR (BERTON SICARD);INSTALLUX;320;Non;1;;;;;;;
;;SABOT NEZ-DE-DALLE;ARCELOR (BERTON SICARD);INSTALLUX;332;Non;1;;;;;;;
;;SABOT DALLE 2 FIX.;ARCELOR (BERTON SICARD);INSTALLUX;341;Non;1;;;;;;;
;;CACHE SABOT/341;ARCELOR (BERTON SICARD);INSTALLUX;342;Non;1;;;;;;;
;;RACCORD MC REF 301;ARCELOR (BERTON SICARD);INSTALLUX;348;Non;1;;;;;;;
;;CACHE PINCE 381;ARCELOR (BERTON SICARD);INSTALLUX;361;Non;1;;;;;;;
;;SABOT DEPORTE DALLE;ARCELOR (BERTON SICARD);INSTALLUX;370;Non;1;;;;;;;
;;PINCE ORIENTABLE PR REMP;ARCELOR (BERTON SICARD);INSTALLUX;381;Non;1;;;;;;;
;;ROSACE GARDE CORPS;ARCELOR (BERTON SICARD);INSTALLUX;388;Non;1;;;;;;;
;;CACHE-SABOT NEZ-DE-DALLE;ARCELOR (BERTON SICARD);INSTALLUX;398;Non;1;;;;;;;
;;CACHE ETRIER;ARCELOR (BERTON SICARD);INSTALLUX;511;Non;1;;;;;;;
;;CACHE VIS GOND 564;ARCELOR (BERTON SICARD);INSTALLUX;516;Non;2;;;;;;;
;;BATTEMENT CENTRAL BOMBE;ARCELOR (BERTON SICARD);INSTALLUX;518;Non;6,5;;;;;;;
;;BATTEMENT CENTRAL;ARCELOR (BERTON SICARD);INSTALLUX;518/2;Non;2,6;;;;;;;
;;T DE RECEPTION;ARCELOR (BERTON SICARD);INSTALLUX;520;Non;1;;;;;;;
;;CACHE PIGNON;ARCELOR (BERTON SICARD);INSTALLUX;530;Non;1;;;;;;;
;;CACHE CREMAILLERE;ARCELOR (BERTON SICARD);INSTALLUX;543I;Non;6,5;;;;;;;
;;CACHE CREMAILLERE;ARCELOR (BERTON SICARD);INSTALLUX;543I/4;Non;4,5;;;;;;;
;;PIVOT PORTAIL;ARCELOR (BERTON SICARD);INSTALLUX;558;Non;1;;;;;;;
;;PIVOT PORTAIL MOTORISE;ARCELOR (BERTON SICARD);INSTALLUX;558MO;Non;1;;;;;;;
;;DECOR ROND DIAMETRE 100;ARCELOR (BERTON SICARD);INSTALLUX;559;Non;2;;;;;;;
;;ENTRETOISE 390 MM;ARCELOR (BERTON SICARD);INSTALLUX;561;Non;1;;;;;;;
;;FIX MONT/TRAV INTERMED;ARCELOR (BERTON SICARD);INSTALLUX;563;Non;2;;;;;;;
;;GOND PORTAIL MALE;ARCELOR (BERTON SICARD);INSTALLUX;564;Non;2;;;;;;;
;;GOND A SCELLER;ARCELOR (BERTON SICARD);INSTALLUX;565;Non;2;;;;;;;
;;DEMI POTELET;ARCELOR (BERTON SICARD);INSTALLUX;575/4;Non;4;;;;;;;
;;GOND DE PORTAIL;ARCELOR (BERTON SICARD);INSTALLUX;587;Non;2;;;;;;;
;;ROSACE DECOR 460X230MM;ARCELOR (BERTON SICARD);INSTALLUX;603;Non;1;;;;;;;
;;PLEIN CINTRE 900;ARCELOR (BERTON SICARD);INSTALLUX;615/P1;Non;1;;;;;;;
;;PLEIN CINTRE 1200;ARCELOR (BERTON SICARD);INSTALLUX;615/P2;Non;1;;;;;;;
;;PLEIN CINTRE 1800;ARCELOR (BERTON SICARD);INSTALLUX;615/P3;Non;1;;;;;;;
;;PLEIN CINTRE 3000;ARCELOR (BERTON SICARD);INSTALLUX;615/P4;Non;1;;;;;;;
;;PLEIN CINTRE 3600;ARCELOR (BERTON SICARD);INSTALLUX;615/P5;Non;1;;;;;;;
;;PLEIN CINTRE 900;ARCELOR (BERTON SICARD);INSTALLUX;621/P1;Non;1;;;;;;;
;;PLEIN CINTRE 1200;ARCELOR (BERTON SICARD);INSTALLUX;621/P2;Non;1;;;;;;;
;;PLEIN CINTRE 1800;ARCELOR (BERTON SICARD);INSTALLUX;621/P3;Non;1;;;;;;;
;;PLEIN CINTRE 3000;ARCELOR (BERTON SICARD);INSTALLUX;621/P4;Non;1;;;;;;;
;;BATTEMENT CENTRAL;ARCELOR (BERTON SICARD);INSTALLUX;631;Non;6,5;;;;;;;
;;BATTEMENT CENTRAL;ARCELOR (BERTON SICARD);INSTALLUX;631/2;Non;2,6;;;;;;;
;;FESTON ARRONDI EXT H1270;ARCELOR (BERTON SICARD);INSTALLUX;638/A;Non;1;;;;;;;
;;FESTON ARRONDI EXT H805;ARCELOR (BERTON SICARD);INSTALLUX;638/C;Non;1;;;;;;;
;;FESTON ARRONDI EXT H1080;ARCELOR (BERTON SICARD);INSTALLUX;638/D;Non;1;;;;;;;
;;ROSACE DECOR 385X195MM;ARCELOR (BERTON SICARD);INSTALLUX;689;Non;1;;;;;;;
;;PLATINE /140;ARCELOR (BERTON SICARD);INSTALLUX;1250;Non;1;;;;;;;
;;PLATINE 144/80 /168 /169;ARCELOR (BERTON SICARD);INSTALLUX;1251;Non;1;;;;;;;
;;PLATINE /102-104;ARCELOR (BERTON SICARD);INSTALLUX;1253;Non;1;;;;;;;
;;ANGLE 53,5X53,5;ARCELOR (BERTON SICARD);INSTALLUX;1425TH;Non;6,5;;;;;;;
;;POIGNEE HT 130;ARCELOR (BERTON SICARD);INSTALLUX;1611;Non;1;;;;;;;
;;ACCES.POSE POIGNEE G/140;ARCELOR (BERTON SICARD);INSTALLUX;1627;Non;1;;;;;;;
;;ACCES.POSE POIGNEE G5000;ARCELOR (BERTON SICARD);INSTALLUX;1628;Non;1;;;;;;;
;;ACCES.POSE PORTE VERRE;ARCELOR (BERTON SICARD);INSTALLUX;1629;Non;1;;;;;;;
;;*FIX. MARECHAL DIAM.50;ARCELOR (BERTON SICARD);INSTALLUX;1637A;Non;2;;;;;;;
;;*FIX. MARECHAL DIAM. 40;ARCELOR (BERTON SICARD);INSTALLUX;1638A;Non;2;;;;;;;
;;PIVOT BAS AXE 62.5;ARCELOR (BERTON SICARD);INSTALLUX;1705;Non;1;;;;;;;
;;PAIRE D’ENTREE/CYLINDRE;ARCELOR (BERTON SICARD);INSTALLUX;1827;Non;1;;;;;;;
;;ROSACE OPERA;ARCELOR (BERTON SICARD);INSTALLUX;1876;Non;1;;;;;;;
;;PORTE BROSSE;ARCELOR (BERTON SICARD);INSTALLUX;5438;Non;6;;;;;;;
;;FINITION CHANF DOR 100;ARCELOR (BERTON SICARD);INSTALLUX;5523;Non;6,5;;;;;;;
;;BRAS DEPORTE EMP RECTANG;ARCELOR (BERTON SICARD);INSTALLUX;5672;Non;1;;;;;;;
;;CACHE BARILLET 30;ARCELOR (BERTON SICARD);INSTALLUX;5773;Non;1;;;;;;;
;;POIGNEE A OLIVE DROITE;ARCELOR (BERTON SICARD);INSTALLUX;5827;Non;1;;;;;;;
;;CREMONE /5833/34/35/36;ARCELOR (BERTON SICARD);INSTALLUX;5832;Non;1;;;;;;;
;;CREMONE “FLOW” OF/OB;ARCELOR (BERTON SICARD);INSTALLUX;5843;Non;1;;;;;;;
;;FER. OF 1&2 VTX REVERS;ARCELOR (BERTON SICARD);INSTALLUX;5874P;Non;1;;;;;;;
;;FERM.OF 1&2 VTX A CLE;ARCELOR (BERTON SICARD);INSTALLUX;5875N;Non;1;;;;;;;
;;(*FER. OB 1&2 VTX A CLE;ARCELOR (BERTON SICARD);INSTALLUX;5881P;Non;1;;;;;;;
;;CONDAMN POSITION OF/OB;ARCELOR (BERTON SICARD);INSTALLUX;5894N;Non;1;;;;;;;
;;PROF.ADAPT.PORTE CLARIT;ARCELOR (BERTON SICARD);INSTALLUX;5902;Non;6,5;;;;;;;
;;INTERM.OF 2VTX RAPPORTE;ARCELOR (BERTON SICARD);INSTALLUX;5940;Non;6;;;;;;;
;;CRETE DE TOIT;ARCELOR (BERTON SICARD);INSTALLUX;6591N;Non;1;;;;;;;
;;PALMETTE PETIT MODELE;ARCELOR (BERTON SICARD);INSTALLUX;6592;Non;1;;;;;;;
;;CRETE DE TOIT LG 1000MM;ARCELOR (BERTON SICARD);INSTALLUX;6595;Non;1;;;;;;;
;;CAGE RAPPORTEE;ARCELOR (BERTON SICARD);INSTALLUX;6600/4;Non;4,6;;;;;;;
;;RENFORT POIGNEE /6625;ARCELOR (BERTON SICARD);INSTALLUX;6627/4;Non;4,6;;;;;;;
;;BRISE SOLEIL 150;ARCELOR (BERTON SICARD);INSTALLUX;6960;Non;6,5;;;;;;;
;;BRISE SOLEIL 200;ARCELOR (BERTON SICARD);INSTALLUX;6963;Non;6,5;;;;;;;
;;COLLIER SERRAGE DIAM 80;ARCELOR (BERTON SICARD);INSTALLUX;7076;Non;1;;;;;;;
;;*COFFRE A STORE;ARCELOR (BERTON SICARD);INSTALLUX;7651;Non;6,5;;;;;;;
;;CACHE ELARGI 7701 / 7752;ARCELOR (BERTON SICARD);INSTALLUX;7703;Non;10;;;;;;;
;;TIRANT VERANDA;ARCELOR (BERTON SICARD);INSTALLUX;7751;Non;1;;;;;;;
;;(*)ACC BAS DE COFFRE;ARCELOR (BERTON SICARD);INSTALLUX;7826;Non;6,5;;;;;;;
;;PROF.DE DILATATION B138;ARCELOR (BERTON SICARD);INSTALLUX;8526;Non;6,5;;;;;;;
;;TRAV. BASSE;ARCELOR (BERTON SICARD);INSTALLUX;9295TH;Non;6,5;;;;;;;
;;FACADE STANDARD;ARCELOR (BERTON SICARD);INSTALLUX;9917;Non;1;;;;;;;
;;FACADE EXT. STANDARD;ARCELOR (BERTON SICARD);INSTALLUX;9928;Non;1;;;;;;;
;;FACADE CARRE;ARCELOR (BERTON SICARD);INSTALLUX;9938;Non;1;;;;;;;
;;ADAPTATION FACADE;ARCELOR (BERTON SICARD);INSTALLUX;420007;Non;6,5;;;;;;;
;;C.J. RENO. CHANF. 70MM;ARCELOR (BERTON SICARD);INSTALLUX;420029;Non;6,5;;;;;;;
;;BATTEMENT CAGE DE 16;ARCELOR (BERTON SICARD);INSTALLUX;423007;Non;6,5;;;;;;;
;;(*FER.A CLE S’ENTR.OBREV;ARCELOR (BERTON SICARD);INSTALLUX;450013;Non;1;;;;;;;
;;(*FERR.ENCASTREE OB REV.;ARCELOR (BERTON SICARD);INSTALLUX;450015;Non;1;;;;;;;
;;BLOC PLATINE A CARRE 7MM;ARCELOR (BERTON SICARD);INSTALLUX;450033;Non;1;;;;;;;
;;ROSACE ZED;ARCELOR (BERTON SICARD);INSTALLUX;450077;Non;1;;;;;;;
;;FERRAGE 3PTS OF PMR;ARCELOR (BERTON SICARD);INSTALLUX;450089;Non;1;;;;;;;
;;CREMONE CHRONO;ARCELOR (BERTON SICARD);INSTALLUX;450105;Non;1;;;;;;;
;;CHARNIERE INTERMEDIAIRE;ARCELOR (BERTON SICARD);INSTALLUX;450139;Non;1;;;;;;;
;;CREMON CHRONO OB LOG CLE;ARCELOR (BERTON SICARD);INSTALLUX;450154;Non;1;;;;;;;
;;JONCTIORENFORCEE;ARCELOR (BERTON SICARD);INSTALLUX;510022;Non;6,5;;;;;;;
Profil Alu;Corniéres;CORNIERE PORTE APD 50TH;ARCELOR (BERTON SICARD);INSTALLUX;520011;Non;6,5;;;;;;;
;;PORTE BROSSE/510008;ARCELOR (BERTON SICARD);INSTALLUX;520013;Non;4,6;;;;;;;
;;FINITION EXTER MONORAIL;ARCELOR (BERTON SICARD);INSTALLUX;910042;Non;6,5;;;;;;;
;;DOR 2 RAILS FOND PLAT;ARCELOR (BERTON SICARD);INSTALLUX;910201;Non;6,5;;;;;;;
;;MONT CROISEMENT SIMPLE;ARCELOR (BERTON SICARD);INSTALLUX;910221;Non;6,5;;;;;;;
;;PROF FINITION INT GAL;ARCELOR (BERTON SICARD);INSTALLUX;920010;Non;6,5;;;;;;;
;;MONT CROISEMENT GAL;ARCELOR (BERTON SICARD);INSTALLUX;920017;Non;6,5;;;;;;;
;;CACHE RAIL;ARCELOR (BERTON SICARD);INSTALLUX;920023;Non;6,5;;;;;;;
;;CACHE RAIL;ARCELOR (BERTON SICARD);INSTALLUX;920220;Non;6,5;;;;;;;
;;RENFORT CROISEMENT;ARCELOR (BERTON SICARD);INSTALLUX;920222P;Non;6,5;;;;;;;
;;POIG FLORCILE INT MAN DR;ARCELOR (BERTON SICARD);INSTALLUX;950020;Non;1;;;;;;;
;;POIG FLORCILE INT MAN GA;ARCELOR (BERTON SICARD);INSTALLUX;950021;Non;1;;;;;;;
;;POIG FLORCILE FIXE;ARCELOR (BERTON SICARD);INSTALLUX;950022;Non;1;;;;;;;
;;POI FLO INT D AVEC950024;ARCELOR (BERTON SICARD);INSTALLUX;950023;Non;1;;;;;;;
;;POI FLO EXT G AVEC950023;ARCELOR (BERTON SICARD);INSTALLUX;950024;Non;1;;;;;;;
;;POI FLO INT G AVEC950026;ARCELOR (BERTON SICARD);INSTALLUX;950025;Non;1;;;;;;;
;;POI FLO EXT D AVEC950025;ARCELOR (BERTON SICARD);INSTALLUX;950026;Non;1;;;;;;;
;;ROSACE OPERA;ARCELOR (BERTON SICARD);INSTALLUX;1876;Non;1;;;;;;;
;;CREMONE INDEXEE;ARCELOR (BERTON SICARD);INSTALLUX;A6015;Non;1;;;;;;;
;;CREMONE NEFER INDEXEE;ARCELOR (BERTON SICARD);INSTALLUX;A6075;Non;1;;;;;;;
;;FERME PORTE BRAS COMPAS;ARCELOR (BERTON SICARD);INSTALLUX;1800;Non;1;;;;;;;
;;FERME PORTE BRAS GLISS.;ARCELOR (BERTON SICARD);INSTALLUX;1801;Non;1;;;;;;;
;;ROSACE OPERA;ARCELOR (BERTON SICARD);INSTALLUX;1876;Non;1;;;;;;;
;;PIVOTS BASC.COMETE 1D+1G;ARCELOR (BERTON SICARD);INSTALLUX;5830;Non;1;;;;;;;
;;FERME IMPOSTE A LEVIER;ARCELOR (BERTON SICARD);INSTALLUX;5837;Non;1;;;;;;;
;;CREMONE “FLOW” OF/OB;ARCELOR (BERTON SICARD);INSTALLUX;5843;Non;1;;;;;;;
;;FACADE STANDARD;ARCELOR (BERTON SICARD);INSTALLUX;9917;Non;1;;;;;;;
;;FACADE EXT. STANDARD;ARCELOR (BERTON SICARD);INSTALLUX;9928;Non;1;;;;;;;
;;(*FER.A CLE S’ENTR.OBREV;ARCELOR (BERTON SICARD);INSTALLUX;450013;Non;1;;;;;;;
;;(*FERR.ENCASTREE OB REV.;ARCELOR (BERTON SICARD);INSTALLUX;450015;Non;1;;;;;;;
;;ROSACE ZED;ARCELOR (BERTON SICARD);INSTALLUX;450077;Non;1;;;;;;;
;;FERME PORTE A GLISS.MODB;ARCELOR (BERTON SICARD);INSTALLUX;550004;Non;1;;;;;;;
;;FERME PORTE A GLISS.MODG;ARCELOR (BERTON SICARD);INSTALLUX;550005;Non;1;;;;;;;
;;GLISSIERE FERME PTE APP.;ARCELOR (BERTON SICARD);INSTALLUX;550006;Non;1;;;;;;;
;;POIG.DBL.SELENE TRAVERS.;ARCELOR (BERTON SICARD);INSTALLUX;560026;Non;1;;;;;;;
;;DECOR ROND DIAMETRE 100;ARCELOR (BERTON SICARD);INSTALLUX;559;Non;2;;;;;;;
;;ROSACE DECOR 460X230MM;ARCELOR (BERTON SICARD);INSTALLUX;603;Non;1;;;;;;;
;;ROSACE DECOR 385X195MM;ARCELOR (BERTON SICARD);INSTALLUX;689;Non;1;;;;;;;
;;CRETE DE TOIT;ARCELOR (BERTON SICARD);INSTALLUX;6591N;Non;1;;;;;;;
;;PALMETTE PETIT MODELE;ARCELOR (BERTON SICARD);INSTALLUX;6592;Non;1;;;;;;;
;;CRETE DE TOIT LG 1000MM;ARCELOR (BERTON SICARD);INSTALLUX;6595;Non;1;;;;;;;
;;SABOT DALLE 2 FIX.;ARCELOR (BERTON SICARD);INSTALLUX;341;Non;1;;;;;;;
;;CACHE SABOT/341;ARCELOR (BERTON SICARD);INSTALLUX;342;Non;1;;;;;;;
;;INTERCALAIRE PVC REMP32;ARCELOR (BERTON SICARD);INSTALLUX;7642/4;Non;4,7;;;;;;;
;;(*)CORN PVC 30X30X2,5;ARCELOR (BERTON SICARD);INSTALLUX;7678;Non;6,5;;;;;;;
;;INTERCALAIRE PVC REMP 55;ARCELOR (BERTON SICARD);INSTALLUX;7819;Non;6,5;;;;;;;
;;INTERCALAIRE PVC REMP 55;ARCELOR (BERTON SICARD);INSTALLUX;7819/4;Non;4,7;;;;;;;
;;CACHE BARRETTE PVC;ARCELOR (BERTON SICARD);INSTALLUX;9389;Non;6,5;;;;;;;
;;ETANCH. BATT. CENTRAL PF;ARCELOR (BERTON SICARD);INSTALLUX;460082;Non;10;;;;;;;
;;JONC DE FINITION;ARCELOR (BERTON SICARD);INSTALLUX;540001;Non;50;;;;;;;
;;ETANCHEITE DROITE;ARCELOR (BERTON SICARD);INSTALLUX;A5033;Non;2;;;;;;;
;;JONC DE FINITION;ARCELOR (BERTON SICARD);INSTALLUX;J5001;Non;50;;;;;;;
;;BROSSE 20 MM;ARCELOR (BERTON SICARD);INSTALLUX;J5003;Non;25;;;;;;;
;;CACHE VIS /1288/1291/313;ARCELOR (BERTON SICARD);INSTALLUX;374;Non;50;;;;;;;
;;PORTE BROSSE;ARCELOR (BERTON SICARD);INSTALLUX;5437;Non;6,5;;;;;;;
;;CACHE BARRETTE PVC;ARCELOR (BERTON SICARD);INSTALLUX;9389;Non;6,5;;;;;;;
;;ETANCHEITE CROIS. H+B;ARCELOR (BERTON SICARD);INSTALLUX;9631;Non;1;;;;;;;
;;ETANCH. BATT. CENTRAL PF;ARCELOR (BERTON SICARD);INSTALLUX;460082;Non;10;;;;;;;
;;JONC DE FINITION;ARCELOR (BERTON SICARD);INSTALLUX;540001;Non;50;;;;;;;
;;SABOT DALLE 2 FIX.;ARCELOR (BERTON SICARD);INSTALLUX;341;Non;1;;;;;;;
;;JONC DE FINITION;ARCELOR (BERTON SICARD);INSTALLUX;540001;Non;50;;;;;;;
;;ROSACE OPERA;ARCELOR (BERTON SICARD);INSTALLUX;1876;Non;1;;;;;;;
;;CREMONE “FLOW” OF/OB;ARCELOR (BERTON SICARD);INSTALLUX;5843;Non;1;;;;;;;
;;ROSACE ZED;ARCELOR (BERTON SICARD);INSTALLUX;450077;Non;1;;;;;;;
;;CREMONE CHRONO;ARCELOR (BERTON SICARD);INSTALLUX;450105;Non;1;;;;;;;
;;BARRE HOR.1385 ANTIPANIC;ARCELOR (BERTON SICARD);INSTALLUX;550044;Non;1;;;;;;;
;;POIG.DBL.SELENE TRAVERS.;ARCELOR (BERTON SICARD);INSTALLUX;560026;Non;1;;;;;;;
;;BLOC HT 14,6;ARCELOR (BERTON SICARD);INSTALLUX;A50101;Non;4;;;;;;;
;;BLOC HT 26,9;ARCELOR (BERTON SICARD);INSTALLUX;A50102;Non;4;;;;;;;
;;BLOC HT 41,6;ARCELOR (BERTON SICARD);INSTALLUX;A50103;Non;4;;;;;;;
;;(*BLOC HT 13;ARCELOR (BERTON SICARD);INSTALLUX;A50104;Non;4;;;;;;;
;;BLOC D’ASSEMBLAGE HT111;ARCELOR (BERTON SICARD);INSTALLUX;A50105;Non;4;;;;;;;
;;BLOC ASSEM.REG.12,7X27,1;ARCELOR (BERTON SICARD);INSTALLUX;A50107;Non;4;;;;;;;
;;BLOC ASSEMB. HT15,2;ARCELOR (BERTON SICARD);INSTALLUX;A50109;Non;4;;;;;;;
;;SER 3PTS RELEV.A CROCHET;ARCELOR (BERTON SICARD);INSTALLUX;A5026N;Non;1;;;;;;;
;;GACHE INOX;ARCELOR (BERTON SICARD);INSTALLUX;A5028;Non;1;;;;;;;
;;GACHE CENTRALE;ARCELOR (BERTON SICARD);INSTALLUX;A5029;Non;1;;;;;;;
;;ANTI DEGONDAGE PAC;ARCELOR (BERTON SICARD);INSTALLUX;A5042;Non;10;;;;;;;
;;ADHESIF D’ETANCHEITE;ARCELOR (BERTON SICARD);INSTALLUX;A6038;Non;2;;;;;;;
;;ADHESIF D’ETANCHEITE 100;ARCELOR (BERTON SICARD);INSTALLUX;A6038GC;Non;100;;;;;;;
;;TERMINAL REGLABLE;ARCELOR (BERTON SICARD);INSTALLUX;A6080;Non;10;;;;;;;
;;GACHE SIMPLE;ARCELOR (BERTON SICARD);INSTALLUX;A6088;Non;10;;;;;;;
;;VM CHC M5X12 INOX;ARCELOR (BERTON SICARD);INSTALLUX;CHCM5X12;Non;100;;;;;;;
;;VM CHC M6X16 INOX;ARCELOR (BERTON SICARD);INSTALLUX;CHCM6X16;Non;100;;;;;;;
;;VM CHC M8X35 INOX;ARCELOR (BERTON SICARD);INSTALLUX;CHCM8X35;Non;20;;;;;;;
;;VM CHC M8X50X50 INOX;ARCELOR (BERTON SICARD);INSTALLUX;CHCM8X50;Non;100;;;;;;;
;;CHC M8X70X70 ENTIER FILE;ARCELOR (BERTON SICARD);INSTALLUX;CHCM8X70;Non;50;;;;;;;
;;ECHANTILLON OC70TH 45°;ARCELOR (BERTON SICARD);INSTALLUX;D5045;Non;1;;;;;;;
;;BRIDES DE SERRAGE;ARCELOR (BERTON SICARD);INSTALLUX;F5005;Non;1;;;;;;;
;;GAB.PER.BLOC V.27,1X12,7;ARCELOR (BERTON SICARD);INSTALLUX;F5009;Non;1;;;;;;;
;;ADAPT.GAB.PERC.CAGE 20,2;ARCELOR (BERTON SICARD);INSTALLUX;F5011;Non;1;;;;;;;
;;GAB PERC DRAINAGE TRAV;ARCELOR (BERTON SICARD);INSTALLUX;F6065;Non;1;;;;;;;
;;RONDELLE EVENTAIL DIA 5;ARCELOR (BERTON SICARD);INSTALLUX;RONDEV5;Non;100;;;;;;;
;;VT THPBP 3,8X40X44 POZI;ARCELOR (BERTON SICARD);INSTALLUX;SCRP4X40;Non;100;;;;;;;
;;VT THPBP 4,8X20X24 POZI;ARCELOR (BERTON SICARD);INSTALLUX;SCRP5X20;Non;100;;;;;;;
;;VT THPBP 4,8X30X35 POZI;ARCELOR (BERTON SICARD);INSTALLUX;SCRP5X30;Non;100;;;;;;;
;;VT THPBP 4,8X45X50 POZI;ARCELOR (BERTON SICARD);INSTALLUX;SCRP5X45;Non;100;;;;;;;
;;VT THPBP 4,8X65X70 POZI;ARCELOR (BERTON SICARD);INSTALLUX;SCRP5X65;Non;100;;;;;;;
;;VT TCB 10X15,9 INOX POZI;ARCELOR (BERTON SICARD);INSTALLUX;TCB10X16;Non;100;;;;;;;
;;VT TCB 10X19 INOX POZI;ARCELOR (BERTON SICARD);INSTALLUX;TCB10X19;Non;100;;;;;;;
;;VT TCB 10X25,4 INOX POZI;ARCELOR (BERTON SICARD);INSTALLUX;TCB10X26;Non;500;;;;;;;
;;VT TCB 10X31,7 INOX POZI;ARCELOR (BERTON SICARD);INSTALLUX;TCB10X32;Non;100;;;;;;;
;;VT TCB 10X38 INOX POZI;ARCELOR (BERTON SICARD);INSTALLUX;TCB10X38;Non;100;;;;;;;
;;VT TCB 10X50,8 INOX POZI;ARCELOR (BERTON SICARD);INSTALLUX;TCB10X51;Non;100;;;;;;;
;;VT TCB 12X15,9 INOX POZI;ARCELOR (BERTON SICARD);INSTALLUX;TCB12X16;Non;100;;;;;;;
;;VT TCB 12X25,4 INOX POZI;ARCELOR (BERTON SICARD);INSTALLUX;TCB12X25;Non;100;;;;;;;
;;VT TCB 12X31,7 INOX POZI;ARCELOR (BERTON SICARD);INSTALLUX;TCB12X32;Non;100;;;;;;;
;;VT TCB 12X38 INOX POZI;ARCELOR (BERTON SICARD);INSTALLUX;TCB12X38;Non;100;;;;;;;
;;VT TCB 4X15,9 INOX POZI;ARCELOR (BERTON SICARD);INSTALLUX;TCB4X16;Non;100;;;;;;;
;;VT TCB N4X25,4 INOX POZI;ARCELOR (BERTON SICARD);INSTALLUX;TCB4X25;Non;100;;;;;;;
;;VT TCB 4X6,4 INOX POZI;ARCELOR (BERTON SICARD);INSTALLUX;TCB4X6.5;Non;100;;;;;;;
;;VT TCB 7X12,7 INOX POZI;ARCELOR (BERTON SICARD);INSTALLUX;TCB7X13;Non;100;;;;;;;
;;VT TCB 7X15,9 INOX POZI;ARCELOR (BERTON SICARD);INSTALLUX;TCB7X16;Non;100;;;;;;;
;;VT TCB 7X19 INOX POZI;ARCELOR (BERTON SICARD);INSTALLUX;TCB7X19;Non;100;;;;;;;
;;VT TCB 7X25,4 INOX POZI;ARCELOR (BERTON SICARD);INSTALLUX;TCB7X25;Non;100;;;;;;;
;;VT TCB 7X38 INOX POZI;ARCELOR (BERTON SICARD);INSTALLUX;TCB7X38;Non;100;;;;;;;
;;VT TCB 7X9,5 INOX POZI;ARCELOR (BERTON SICARD);INSTALLUX;TCB7X9.5;Non;100;;;;;;;
;;VM TF M5X16 INOX POZI;ARCELOR (BERTON SICARD);INSTALLUX;TFM5X16;Non;100;;;;;;;
;;VT TF 10X15,9 INOX POZI;ARCELOR (BERTON SICARD);INSTALLUX;TF10X16;Non;100;;;;;;;
;;VT TF 10X38 INOX POZI;ARCELOR (BERTON SICARD);INSTALLUX;TF10X38;Non;100;;;;;;;
;;VT TF 10X45 INOX POZI;ARCELOR (BERTON SICARD);INSTALLUX;TF10X45;Non;100;;;;;;;
;;VT TF 12X25,4 INOX POZI;ARCELOR (BERTON SICARD);INSTALLUX;TF12X25;Non;100;;;;;;;
;;VT TF 7X12,7 INOX POZI;ARCELOR (BERTON SICARD);INSTALLUX;TF7X13;Non;100;;;;;;;
;;VT TF 7X19 INOX POZI;ARCELOR (BERTON SICARD);INSTALLUX;TF7X19;Non;100;;;;;;;
;;VT TF 7X31,7 INOX POZI;ARCELOR (BERTON SICARD);INSTALLUX;TF7X32;Non;100;;;;;;;
;;VM TH M6X16 ENTFIL.INOX;ARCELOR (BERTON SICARD);INSTALLUX;THM6X16;Non;100;;;;;;;
;;VM TH M8X20 ENT.FIL.INOX;ARCELOR (BERTON SICARD);INSTALLUX;THM8X20;Non;50;;;;;;;
;;GACHE ELECT. SIMPLE;ARCELOR (BERTON SICARD);INSTALLUX;440;Non;1;;;;;;;
;;GACHE /5751G.140;ARCELOR (BERTON SICARD);INSTALLUX;446;Non;1;;;;;;;
;;CASSETTE DRAIN ITALIENNE;ARCELOR (BERTON SICARD);INSTALLUX;470K2;Non;1;;;;;;;
;;CASSETTE CAGE DE 16;ARCELOR (BERTON SICARD);INSTALLUX;473K2;Non;1;;;;;;;
;;RACCORD DE RAIL;ARCELOR (BERTON SICARD);INSTALLUX;512;Non;1;;;;;;;
;;SABOT POLYAMIDE;ARCELOR (BERTON SICARD);INSTALLUX;570P;Non;1;;;;;;;
;;CREMAILLERE;ARCELOR (BERTON SICARD);INSTALLUX;596;Non;1;;;;;;;
;;AXE ACIER LG 40MM;ARCELOR (BERTON SICARD);INSTALLUX;663-2;Non;10;;;;;;;
;;SABOT A COND SEMI FIXE;ARCELOR (BERTON SICARD);INSTALLUX;670;Non;1;;;;;;;
;;GACHE DROITE PTL 2VTX;ARCELOR (BERTON SICARD);INSTALLUX;693;Non;1;;;;;;;
;;BLOC ASSEMB. 18,5;ARCELOR (BERTON SICARD);INSTALLUX;1207;Non;4;;;;;;;
;;BLOC ASSEMB. 58,6;ARCELOR (BERTON SICARD);INSTALLUX;1208;Non;2;;;;;;;
;;BLOC ASSEMB. 63;ARCELOR (BERTON SICARD);INSTALLUX;1209;Non;2;;;;;;;
;;BLOC ASSEMB. 19X36;ARCELOR (BERTON SICARD);INSTALLUX;1213;Non;4;;;;;;;
;;BLOC ASSEMB. 59X36;ARCELOR (BERTON SICARD);INSTALLUX;1214;Non;2;;;;;;;
;;BLOC ASSEMB. 63,5X36;ARCELOR (BERTON SICARD);INSTALLUX;1215;Non;2;;;;;;;
;;T D’ASSEMBLAGE;ARCELOR (BERTON SICARD);INSTALLUX;1280;Non;10;;;;;;;
;;ACCES.POSE /1641 DBL;ARCELOR (BERTON SICARD);INSTALLUX;1636;Non;1;;;;;;;
;;TIGES M8 1M+1,5M;ARCELOR (BERTON SICARD);INSTALLUX;1828;Non;1;;;;;;;
;;CYL DBL PAN DIN VARIE;ARCELOR (BERTON SICARD);INSTALLUX;1831;Non;1;;;;;;;
;;CYL DBL B T DIN VARIE;ARCELOR (BERTON SICARD);INSTALLUX;1832;Non;1;;;;;;;
;;CYL DBLE 30+30 N°20561;ARCELOR (BERTON SICARD);INSTALLUX;1834N;Non;1;;;;;;;
;;CYL B.T. 30+30 N° 87657A;ARCELOR (BERTON SICARD);INSTALLUX;1835;Non;1;;;;;;;
;;VIS A TETE CLIPABLE;ARCELOR (BERTON SICARD);INSTALLUX;5238;Non;100;;;;;;;
;;BLOC ASSEMB. 15X22,2;ARCELOR (BERTON SICARD);INSTALLUX;5291;Non;8;;;;;;;
;;BLOC ASSEMB. 41,8X22,2;ARCELOR (BERTON SICARD);INSTALLUX;5292;Non;8;;;;;;;
;;(*BLOC ASSEMB. 13,3X22,2;ARCELOR (BERTON SICARD);INSTALLUX;5293;Non;8;;;;;;;
;;BLOC ASSEMB. 27,1X22,2;ARCELOR (BERTON SICARD);INSTALLUX;5294;Non;8;;;;;;;
;;BLOC ASSEMB. 14,9X36,5;ARCELOR (BERTON SICARD);INSTALLUX;5295;Non;8;;;;;;;
;;(*BLOC ASSEMB. 13,3X36,5;ARCELOR (BERTON SICARD);INSTALLUX;5296;Non;8;;;;;;;
;;BLOC ASSEM. 15,4X22,2;ARCELOR (BERTON SICARD);INSTALLUX;5310;Non;8;;;;;;;
;;BLOC ASSEM. 15,4X45,6;ARCELOR (BERTON SICARD);INSTALLUX;5311;Non;8;;;;;;;
;;BLOC ASSEMB.27,1X45,6;ARCELOR (BERTON SICARD);INSTALLUX;5322;Non;8;;;;;;;
;;BLOC ASSEMB. 41,8X45,6;ARCELOR (BERTON SICARD);INSTALLUX;5323;Non;8;;;;;;;
;;BLOC ASSEMB.110,8X45,6;ARCELOR (BERTON SICARD);INSTALLUX;5324;Non;2;;;;;;;
;;BLOC ASSEMB.110,8X22,2;ARCELOR (BERTON SICARD);INSTALLUX;5325;Non;2;;;;;;;
;;(*BLOC ASSEMB. 13,3X22;ARCELOR (BERTON SICARD);INSTALLUX;5326;Non;4;;;;;;;
;;(*BLOC ASSEMB. 13,3X43,5;ARCELOR (BERTON SICARD);INSTALLUX;5328;Non;4;;;;;;;
;;BLOC ANTI-DEVERS TRAV.;ARCELOR (BERTON SICARD);INSTALLUX;5329;Non;10;;;;;;;
;;BLOC ASS.REGL.15,4X22,2;ARCELOR (BERTON SICARD);INSTALLUX;5348;Non;4;;;;;;;
;;ETANCHEITE BASSE APD;ARCELOR (BERTON SICARD);INSTALLUX;5351;Non;4;;;;;;;
;;BLOC ASS.REGL.15,4X45,5;ARCELOR (BERTON SICARD);INSTALLUX;5353;Non;4;;;;;;;
;;VERIN DE VITRAGE;ARCELOR (BERTON SICARD);INSTALLUX;5619;Non;100;;;;;;;
;;*VERIN DE CALAGE;ARCELOR (BERTON SICARD);INSTALLUX;5621;Non;100;;;;;;;
;;AXE RECTANG. /5660;ARCELOR (BERTON SICARD);INSTALLUX;5665;Non;1;;;;;;;
;;AXE CARRE /5660;ARCELOR (BERTON SICARD);INSTALLUX;5666;Non;1;;;;;;;
;;AXE RECTANG.HT 10/5660;ARCELOR (BERTON SICARD);INSTALLUX;5668;Non;1;;;;;;;
;;BRAS DROIT EMP.RECTANG.;ARCELOR (BERTON SICARD);INSTALLUX;5670;Non;1;;;;;;;
;;BROCHE ANTI DEGONDAGE;ARCELOR (BERTON SICARD);INSTALLUX;5700;Non;1;;;;;;;
;;ETANCHEITE PORTE DA;ARCELOR (BERTON SICARD);INSTALLUX;5714;Non;4;;;;;;;
;;ETANCHEITE PORTE DA APD;ARCELOR (BERTON SICARD);INSTALLUX;5715;Non;4;;;;;;;
;;GACHE /5751G.5000;ARCELOR (BERTON SICARD);INSTALLUX;5752;Non;1;;;;;;;
;;GACHE BASSE /5754;ARCELOR (BERTON SICARD);INSTALLUX;5758;Non;1;;;;;;;
;;CYL DBL 61MM VARIE;ARCELOR (BERTON SICARD);INSTALLUX;5760;Non;1;;;;;;;
;;GACHE BASSE /5766/5767;ARCELOR (BERTON SICARD);INSTALLUX;5769;Non;1;;;;;;;
;;RENFORT D’ANGLE;ARCELOR (BERTON SICARD);INSTALLUX;5774;Non;8;;;;;;;
;;CYL DBL 35+35 VARIE;ARCELOR (BERTON SICARD);INSTALLUX;5775;Non;1;;;;;;;
;;ACCES.SER.PORTE COMETE;ARCELOR (BERTON SICARD);INSTALLUX;5782;Non;1;;;;;;;
;;1/2 CYL.30+10 VARIE;ARCELOR (BERTON SICARD);INSTALLUX;5786;Non;1;;;;;;;
;;1/2 CYL.30+10 N°77656A;ARCELOR (BERTON SICARD);INSTALLUX;5787;Non;1;;;;;;;
;;CYL DBL 30+70 VARIE;ARCELOR (BERTON SICARD);INSTALLUX;5788;Non;1;;;;;;;
;;CYL DBL 30+70 N°56776A;ARCELOR (BERTON SICARD);INSTALLUX;5789;Non;1;;;;;;;
;;CYL DBL DIN VARIE 30/50;ARCELOR (BERTON SICARD);INSTALLUX;5790;Non;1;;;;;;;
;;CYL DBL.30+50 N°68545A;ARCELOR (BERTON SICARD);INSTALLUX;5791;Non;1;;;;;;;
;;CYL DBL 40+40 VARIE;ARCELOR (BERTON SICARD);INSTALLUX;5796;Non;1;;;;;;;
;;1/2 CYL. 10X40;ARCELOR (BERTON SICARD);INSTALLUX;5798;Non;1;;;;;;;
;;1/2 CYL. 10X35;ARCELOR (BERTON SICARD);INSTALLUX;5799;Non;1;;;;;;;
;;CYL DBL 35+35 BT;ARCELOR (BERTON SICARD);INSTALLUX;5802;Non;1;;;;;;;
;;COMPAS CHASSIS PROJECT;ARCELOR (BERTON SICARD);INSTALLUX;5813;Non;1;;;;;;;
;;CLE CARRE 7 /5877N;ARCELOR (BERTON SICARD);INSTALLUX;5878N;Non;1;;;;;;;
;;COMPAS OB PM;ARCELOR (BERTON SICARD);INSTALLUX;5885N;Non;1;;;;;;;
;;COMPAS OB GM;ARCELOR (BERTON SICARD);INSTALLUX;5886N;Non;1;;;;;;;
;;COMPAS ADDITIONNEL;ARCELOR (BERTON SICARD);INSTALLUX;5887N;Non;1;;;;;;;
;;CREM POMPIER FRAPPE;ARCELOR (BERTON SICARD);INSTALLUX;5891;Non;1;;;;;;;
;;GACHE;ARCELOR (BERTON SICARD);INSTALLUX;5893;Non;1;;;;;;;
;;INTERCALAIRE PVC;ARCELOR (BERTON SICARD);INSTALLUX;7030;Non;6,5;;;;;;;
;;TAMPON D’ETANCHEITE;ARCELOR (BERTON SICARD);INSTALLUX;7077;Non;2;;;;;;;
;;TIGE FILETEE M5X100 INOX;ARCELOR (BERTON SICARD);INSTALLUX;7097;Non;10;;;;;;;
;;TIGE FILETEE M5X120 INOX;ARCELOR (BERTON SICARD);INSTALLUX;7099;Non;10;;;;;;;
;;JONCTIO7607TH 90° EXT.;ARCELOR (BERTON SICARD);INSTALLUX;7710;Non;1;;;;;;;
;;JONCTIO7607TH 135° EXT;ARCELOR (BERTON SICARD);INSTALLUX;7711;Non;1;;;;;;;
;;JONCTIO7607TH 150° EXT;ARCELOR (BERTON SICARD);INSTALLUX;7712;Non;1;;;;;;;
;;JONCTIO7607TH 180°;ARCELOR (BERTON SICARD);INSTALLUX;7713;Non;1;;;;;;;
;;JONCTIO7607TH 90° INT;ARCELOR (BERTON SICARD);INSTALLUX;7728;Non;1;;;;;;;
;;JONCTIO7607TH 135° INT;ARCELOR (BERTON SICARD);INSTALLUX;7729;Non;1;;;;;;;
;;JONCTIO7607TH 150° INT;ARCELOR (BERTON SICARD);INSTALLUX;7730;Non;1;;;;;;;
;;JONCTIOCHEN.VR 90° INT;ARCELOR (BERTON SICARD);INSTALLUX;7731;Non;1;;;;;;;
;;JONCTIOCHEN.VR 135°INT;ARCELOR (BERTON SICARD);INSTALLUX;7732;Non;1;;;;;;;
;;JONCTIOCHEN.VR 150°INT;ARCELOR (BERTON SICARD);INSTALLUX;7733;Non;1;;;;;;;
;;TIGE FILETEE M10LG3MINOX;ARCELOR (BERTON SICARD);INSTALLUX;7765;Non;1;;;;;;;
;;(*)ETRIER;ARCELOR (BERTON SICARD);INSTALLUX;7767;Non;1;;;;;;;
;;JT TRAME HORIZ. LG 6.5;ARCELOR (BERTON SICARD);INSTALLUX;8621;Non;6,5;;;;;;;
;;INTERCALAIRE 16;ARCELOR (BERTON SICARD);INSTALLUX;8622;Non;50;;;;;;;
;;INTERCALAIRE 26;ARCELOR (BERTON SICARD);INSTALLUX;8630;Non;50;;;;;;;
;;INTERCALAIRE 36;ARCELOR (BERTON SICARD);INSTALLUX;8631;Non;50;;;;;;;
;;INTERCALAIRE 20;ARCELOR (BERTON SICARD);INSTALLUX;8632;Non;6,5;;;;;;;
;;BLOC ANTI-DEVERS;ARCELOR (BERTON SICARD);INSTALLUX;8653;Non;50;;;;;;;
;;BLOC ASSEMBLAGE LG1196;ARCELOR (BERTON SICARD);INSTALLUX;8654/12;Non;1;;;;;;;
;;*MEMBRANE EPDM LARG.100;ARCELOR (BERTON SICARD);INSTALLUX;8660;Non;25;;;;;;;
;;GACHE REGLABLE;ARCELOR (BERTON SICARD);INSTALLUX;8662;Non;50;;;;;;;
;;DECONDAMNATION POMPIER;ARCELOR (BERTON SICARD);INSTALLUX;8675;Non;1;;;;;;;
;;ACCROCHAGE LATERAL;ARCELOR (BERTON SICARD);INSTALLUX;8917;Non;4;;;;;;;
;;ACCROCHAGE BAS;ARCELOR (BERTON SICARD);INSTALLUX;8918;Non;4;;;;;;;
;;FERR(D+G)ITLNE.REG.PM;ARCELOR (BERTON SICARD);INSTALLUX;8939;Non;1;;;;;;;
;;RAIL INOX;ARCELOR (BERTON SICARD);INSTALLUX;9329;Non;6,5;;;;;;;
;;*RAIL INOX /9330;ARCELOR (BERTON SICARD);INSTALLUX;9331;Non;6,5;;;;;;;
;;RAIL COMPOSITE;ARCELOR (BERTON SICARD);INSTALLUX;9332;Non;6,5;;;;;;;
;;CLAPET A BILLE;ARCELOR (BERTON SICARD);INSTALLUX;9602;Non;4;;;;;;;
;;PIECE TREMPLIN VANTAIL;ARCELOR (BERTON SICARD);INSTALLUX;9620;Non;1;;;;;;;
;;ETANCHEITE CROIS.;ARCELOR (BERTON SICARD);INSTALLUX;9704;Non;4;;;;;;;
;;ETANCHEITE CROIS.;ARCELOR (BERTON SICARD);INSTALLUX;9708;Non;4;;;;;;;
;;CHARIOT SPLE REG BAG POM;ARCELOR (BERTON SICARD);INSTALLUX;9762;Non;2;;;;;;;
;;CHARIOT DBLE FIXE POM;ARCELOR (BERTON SICARD);INSTALLUX;9764N;Non;2;;;;;;;
;;CHARIOT DBLE FIXE INOX;ARCELOR (BERTON SICARD);INSTALLUX;9765N;Non;2;;;;;;;
;;CHARIOT DBLE REGL.POM;ARCELOR (BERTON SICARD);INSTALLUX;9766N;Non;2;;;;;;;
;;CHARIOT DBLE REGL.INOX;ARCELOR (BERTON SICARD);INSTALLUX;9767N;Non;2;;;;;;;
;;PATIN BLOCAGE SEMI-FIXE;ARCELOR (BERTON SICARD);INSTALLUX;9770;Non;4;;;;;;;
;;CONDAMNATION SF;ARCELOR (BERTON SICARD);INSTALLUX;9771;Non;1;;;;;;;
;;CHARIOT FIXE RLT;ARCELOR (BERTON SICARD);INSTALLUX;9788;Non;2;;;;;;;
;;CHARIOT REGLABLE RLT;ARCELOR (BERTON SICARD);INSTALLUX;9789;Non;2;;;;;;;
;;CHARIOT FIXE;ARCELOR (BERTON SICARD);INSTALLUX;9798;Non;10;;;;;;;
;;TETIERE FILANTE 2 PTS;ARCELOR (BERTON SICARD);INSTALLUX;9845;Non;1;;;;;;;
;;TETIERE FILANTE 3 PTS;ARCELOR (BERTON SICARD);INSTALLUX;9846;Non;1;;;;;;;
;;FERRAGE 1PT REGLABLE;ARCELOR (BERTON SICARD);INSTALLUX;9950N;Non;1;;;;;;;
;;FERRAGE 3PTS REGLABLE;ARCELOR (BERTON SICARD);INSTALLUX;9951N;Non;1;;;;;;;
;;FERRAGE 3PT A CLE REG;ARCELOR (BERTON SICARD);INSTALLUX;9952N;Non;1;;;;;;;
;;FERRAGE 2PTS REGLABLE;ARCELOR (BERTON SICARD);INSTALLUX;9959N;Non;1;;;;;;;
;;CLAM FER 950000 A 950002;ARCELOR (BERTON SICARD);INSTALLUX;9967;Non;10;;;;;;;
;;CREMONE 2 POINTS+GACHE;ARCELOR (BERTON SICARD);INSTALLUX;9972;Non;1;;;;;;;
;;CREMONE 3 POINTS+GACHE;ARCELOR (BERTON SICARD);INSTALLUX;9975;Non;1;;;;;;;
;;CREMONE 5 POINTS+GACHE;ARCELOR (BERTON SICARD);INSTALLUX;9979;Non;1;;;;;;;
;;CREM 5 PTS CLE+GACHE F;ARCELOR (BERTON SICARD);INSTALLUX;9980;Non;1;;;;;;;
;;BOMBE SILICONE;ARCELOR (BERTON SICARD);INSTALLUX;40020;Non;1;;;;;;;
;;AEROSOL PEINT. ACRYL9010;ARCELOR (BERTON SICARD);INSTALLUX;40102;Non;1;;;;;;;
;;RIVET ETANCHE DIAM 4X11;ARCELOR (BERTON SICARD);INSTALLUX;40500;Non;50;;;;;;;
;;GAB 1285-6-7-8/1206A1215;ARCELOR (BERTON SICARD);INSTALLUX;50004;Non;1;;;;;;;
;;GAB.1201-03-04-18/3202;ARCELOR (BERTON SICARD);INSTALLUX;50005;Non;1;;;;;;;
;;GABARIT;ARCELOR (BERTON SICARD);INSTALLUX;50006;Non;1;;;;;;;
;;GAB PERCAGE BRAS DROIT;ARCELOR (BERTON SICARD);INSTALLUX;50188;Non;1;;;;;;;
;;GABARIT DE PERCAGE;ARCELOR (BERTON SICARD);INSTALLUX;50190;Non;1;;;;;;;
;;GAB. /658/659;ARCELOR (BERTON SICARD);INSTALLUX;50196;Non;1;;;;;;;
;;GAB. BLOC VARIABLE;ARCELOR (BERTON SICARD);INSTALLUX;55064;Non;1;;;;;;;
;;GAB PERC 8917/8918 CADR;ARCELOR (BERTON SICARD);INSTALLUX;58054;Non;1;;;;;;;
;;GAB PERC8917/8812-13-14;ARCELOR (BERTON SICARD);INSTALLUX;58055;Non;1;;;;;;;
;;GAB. /BLOC 8972;ARCELOR (BERTON SICARD);INSTALLUX;58060;Non;1;;;;;;;
;;GABARIT POSITIONN. ITAL.;ARCELOR (BERTON SICARD);INSTALLUX;58109;Non;1;;;;;;;
;;GAB. PERCAGE;ARCELOR (BERTON SICARD);INSTALLUX;59001;Non;1;;;;;;;
;;TCB N°7X16 TORX;ARCELOR (BERTON SICARD);INSTALLUX;64101;Non;100;;;;;;;
;;TCB N°10X13 TORX;ARCELOR (BERTON SICARD);INSTALLUX;64102;Non;100;;;;;;;
;;TCB N°12X25 TORX;ARCELOR (BERTON SICARD);INSTALLUX;64103;Non;100;;;;;;;
;;TCB N°12X32 TORX;ARCELOR (BERTON SICARD);INSTALLUX;64104;Non;100;;;;;;;
;;TCB N°12X51 TORX;ARCELOR (BERTON SICARD);INSTALLUX;64106;Non;100;;;;;;;
;;TCB N°10X9,5 TORX;ARCELOR (BERTON SICARD);INSTALLUX;64107;Non;100;;;;;;;
;;TF N°12X38 TORX;ARCELOR (BERTON SICARD);INSTALLUX;64108;Non;100;;;;;;;
;;TF N°12X45 TORX;ARCELOR (BERTON SICARD);INSTALLUX;64109;Non;100;;;;;;;
;;VT TF 2,9X16 INOX POZI;ARCELOR (BERTON SICARD);INSTALLUX;64183;Non;200;;;;;;;
;;CARRE 100X100 INOX BROSS;ARCELOR (BERTON SICARD);INSTALLUX;160005;Non;3;;;;;;;
;;CARRE 80X80 INOX BROSSE;ARCELOR (BERTON SICARD);INSTALLUX;160006;Non;1;;;;;;;
;;DECOR INOX BROSSE 80X480;ARCELOR (BERTON SICARD);INSTALLUX;160007;Non;1;;;;;;;
;;BATTEMENT CENTRAL PVC;ARCELOR (BERTON SICARD);INSTALLUX;433000;Non;6,5;;;;;;;
;;PIECE D’ANGLE P.441015;ARCELOR (BERTON SICARD);INSTALLUX;441023;Non;20;;;;;;;
;;(*FERM.ENCASTREE OF 1&2V;ARCELOR (BERTON SICARD);INSTALLUX;450000;Non;1;;;;;;;
;;COMPAS LIM. A FREIN 200;ARCELOR (BERTON SICARD);INSTALLUX;450008;Non;1;;;;;;;
;;COMPAS LIM. A FREIN 320;ARCELOR (BERTON SICARD);INSTALLUX;450009;Non;1;;;;;;;
;;COMPAS LIM. A FREIN 450;ARCELOR (BERTON SICARD);INSTALLUX;450010;Non;1;;;;;;;
;;(*COMPAS OB PETIT MODELE;ARCELOR (BERTON SICARD);INSTALLUX;450016;Non;1;;;;;;;
;;(*COMPAS OB GRAND MODELE;ARCELOR (BERTON SICARD);INSTALLUX;450017;Non;1;;;;;;;
;;(*COMPAS ADDITIONNEL;ARCELOR (BERTON SICARD);INSTALLUX;450020;Non;1;;;;;;;
;;CONDAMN. POSITION OF/OB;ARCELOR (BERTON SICARD);INSTALLUX;450027;Non;1;;;;;;;
;;*(RENV.ANGLE FERM.4PTS I;ARCELOR (BERTON SICARD);INSTALLUX;450028;Non;1;;;;;;;
;;GACHE REGLABLE;ARCELOR (BERTON SICARD);INSTALLUX;450038;Non;10;;;;;;;
;;COMPAS OF;ARCELOR (BERTON SICARD);INSTALLUX;450091;Non;10;;;;;;;
;;COMPAS OB 280/500;ARCELOR (BERTON SICARD);INSTALLUX;450092;Non;10;;;;;;;
;;COMPAS OB 501/750;ARCELOR (BERTON SICARD);INSTALLUX;450093;Non;10;;;;;;;
;;COMPAS OB 751/1200;ARCELOR (BERTON SICARD);INSTALLUX;450094;Non;10;;;;;;;
;;COMPAS OB 1201/1600;ARCELOR (BERTON SICARD);INSTALLUX;450095;Non;10;;;;;;;
;;COMPAS OB 450 A 670MM;ARCELOR (BERTON SICARD);INSTALLUX;450102;Non;1;;;;;;;
;;COMPAS OB 671 A 1300MM;ARCELOR (BERTON SICARD);INSTALLUX;450103;Non;1;;;;;;;
;;COMPAS OB 1301 A 1400MM;ARCELOR (BERTON SICARD);INSTALLUX;450104;Non;1;;;;;;;
;;BOIT. CREMONE ENCASTREE;ARCELOR (BERTON SICARD);INSTALLUX;450120;Non;1;;;;;;;
;;GACHE OF 2 VTX;ARCELOR (BERTON SICARD);INSTALLUX;450123;Non;1;;;;;;;
;;RENVOI D’ANGLE;ARCELOR (BERTON SICARD);INSTALLUX;450124;Non;1;;;;;;;
;;ENS. DE 2 GACHES;ARCELOR (BERTON SICARD);INSTALLUX;450125;Non;1;;;;;;;
;;GACHE REGLABLE;ARCELOR (BERTON SICARD);INSTALLUX;450137;Non;1;;;;;;;
;;GACHE;ARCELOR (BERTON SICARD);INSTALLUX;450144;Non;1;;;;;;;
;;COMPAS A RESSORT;ARCELOR (BERTON SICARD);INSTALLUX;450145;Non;1;;;;;;;
;;COMPAS OB LOG.450-670;ARCELOR (BERTON SICARD);INSTALLUX;450155;Non;1;;;;;;;
;;COMPAS OB LOG.671-1300;ARCELOR (BERTON SICARD);INSTALLUX;450156;Non;1;;;;;;;
;;GACHE CENTRALE;ARCELOR (BERTON SICARD);INSTALLUX;453002;Non;1;;;;;;;
;;COMPAS A ABSORPTION;ARCELOR (BERTON SICARD);INSTALLUX;453005;Non;1;;;;;;;
;;VIS M5;ARCELOR (BERTON SICARD);INSTALLUX;460002;Non;100;;;;;;;
;;BLOC D’ASSEMB. 60.9X20.2;ARCELOR (BERTON SICARD);INSTALLUX;460008;Non;2;;;;;;;
;;BLOC D’ASSEMB. 15.4X20.4;ARCELOR (BERTON SICARD);INSTALLUX;460012;Non;2;;;;;;;
;;BLOC ASSEM.REG.20,2X27,1;ARCELOR (BERTON SICARD);INSTALLUX;460015;Non;4;;;;;;;
;;(*)CLIP INOX;ARCELOR (BERTON SICARD);INSTALLUX;460019;Non;100;;;;;;;
;;BLOC REG D+G 20X15;ARCELOR (BERTON SICARD);INSTALLUX;460035;Non;1;;;;;;;
;;ADHESIF DBLE FACE 33ML;ARCELOR (BERTON SICARD);INSTALLUX;460097;Non;1;;;;;;;
;;PAIRE EMB.TAP 140A200 DG;ARCELOR (BERTON SICARD);INSTALLUX;460098;Non;10;;;;;;;
;;PAIRE D+G EMBT ETANCH DT;ARCELOR (BERTON SICARD);INSTALLUX;463007;Non;1;;;;;;;
;;GABARIT DE PERCAGE DOR;ARCELOR (BERTON SICARD);INSTALLUX;470012;Non;1;;;;;;;
;;ADAPT.GAB.PERC.CAGE 20,2;ARCELOR (BERTON SICARD);INSTALLUX;470019;Non;1;;;;;;;
;;MATRICE POSTE 12;ARCELOR (BERTON SICARD);INSTALLUX;471121;Non;1;;;;;;;
;;FERME PORTE ENCASTRE;ARCELOR (BERTON SICARD);INSTALLUX;550001;Non;1;;;;;;;
;;GLISSIERE F.PTE ENC DINL;ARCELOR (BERTON SICARD);INSTALLUX;550002;Non;1;;;;;;;
;;GLISSIERE F.PTE ENC DINR;ARCELOR (BERTON SICARD);INSTALLUX;550003;Non;1;;;;;;;
;;CYLINDRE 45+45 VARIE;ARCELOR (BERTON SICARD);INSTALLUX;550010;Non;1;;;;;;;
;;CYLINDRE 45+45 VARIE BT;ARCELOR (BERTON SICARD);INSTALLUX;550012;Non;1;;;;;;;
;;CYLINDRE 45+45 S ENT. BT;ARCELOR (BERTON SICARD);INSTALLUX;550013;Non;1;;;;;;;
;;FERME PORTE ENCASTRE DA;ARCELOR (BERTON SICARD);INSTALLUX;550014;Non;1;;;;;;;
;;1/2 CYLINDRE 10+45 VARIE;ARCELOR (BERTON SICARD);INSTALLUX;550015;Non;1;;;;;;;
;;1/2 CYLINDRE 10+45 S ENT;ARCELOR (BERTON SICARD);INSTALLUX;550016;Non;1;;;;;;;
;;CYLINDRE 45X50 VARIE;ARCELOR (BERTON SICARD);INSTALLUX;550017;Non;1;;;;;;;
;;GACHE CENTRALE;ARCELOR (BERTON SICARD);INSTALLUX;550027;Non;1;;;;;;;
;;GACHE FILANTE;ARCELOR (BERTON SICARD);INSTALLUX;550029;Non;1;;;;;;;
;;GACHE FILANTE DIN L;ARCELOR (BERTON SICARD);INSTALLUX;550030;Non;1;;;;;;;
;;GACHE FILANTE DIN R;ARCELOR (BERTON SICARD);INSTALLUX;550031;Non;1;;;;;;;
;;GACHE FILANTE PA;ARCELOR (BERTON SICARD);INSTALLUX;550033;Non;1;;;;;;;
;;GACHE BASSE P.VER.SF APP;ARCELOR (BERTON SICARD);INSTALLUX;550036;Non;10;;;;;;;
;;BARRE HOR.1385 ANTIPANIC;ARCELOR (BERTON SICARD);INSTALLUX;550044;Non;1;;;;;;;
;;GACHE FILANTE 5 POINTS;ARCELOR (BERTON SICARD);INSTALLUX;550054;Non;1;;;;;;;
;;GACHE CENT. RAMPE DIN R;ARCELOR (BERTON SICARD);INSTALLUX;550059;Non;1;;;;;;;
;;GACHE CENT. RAMPE DIN L;ARCELOR (BERTON SICARD);INSTALLUX;550060;Non;1;;;;;;;
;;GACHE ELEC A RAMPE;ARCELOR (BERTON SICARD);INSTALLUX;550061;Non;1;;;;;;;
;;GACHE CENTRALE DINR;ARCELOR (BERTON SICARD);INSTALLUX;550063;Non;1;;;;;;;
;;GACHE CENTRALE DINL;ARCELOR (BERTON SICARD);INSTALLUX;550064;Non;1;;;;;;;
;;GACHE GALET;ARCELOR (BERTON SICARD);INSTALLUX;550065;Non;4;;;;;;;
;;GACHE A CROCHET;ARCELOR (BERTON SICARD);INSTALLUX;550071;Non;2;;;;;;;
;;BLOC ASS.DOR.VENT.ELEC.;ARCELOR (BERTON SICARD);INSTALLUX;560014;Non;1;;;;;;;
;;BLOC D’ASS.20,2X27,1;ARCELOR (BERTON SICARD);INSTALLUX;560022;Non;4;;;;;;;
;;GABARIT PERC. 550062;ARCELOR (BERTON SICARD);INSTALLUX;570009;Non;1;;;;;;;
;;GABARIT BRAS DEPORTE;ARCELOR (BERTON SICARD);INSTALLUX;570014;Non;1;;;;;;;
;;GABARIT PIVOT COMETE 50;ARCELOR (BERTON SICARD);INSTALLUX;570017;Non;1;;;;;;;
;;GABARIT 2 BRANCH. 67/20;ARCELOR (BERTON SICARD);INSTALLUX;570020;Non;1;;;;;;;
;;GABARIT 2/3 BRAN. 67/20;ARCELOR (BERTON SICARD);INSTALLUX;570021;Non;1;;;;;;;
;;VIS FERRAGE 9950 A 9952;ARCELOR (BERTON SICARD);INSTALLUX;660000;Non;100;;;;;;;
;;VT THPBP 4,8X65X90 POZI;ARCELOR (BERTON SICARD);INSTALLUX;660001;Non;100;;;;;;;
;;VIS SPT 4,3X30 SPT TORX;ARCELOR (BERTON SICARD);INSTALLUX;660005;Non;100;;;;;;;
;;VIS TBS 6X70 SR2;ARCELOR (BERTON SICARD);INSTALLUX;660006;Non;100;;;;;;;
;;INTERCALAIRE LG 40;ARCELOR (BERTON SICARD);INSTALLUX;664004;Non;250;;;;;;;
;;INTERCALAIRE LG 90;ARCELOR (BERTON SICARD);INSTALLUX;664005;Non;250;;;;;;;
;;FIXATIOPOT INTERM.;ARCELOR (BERTON SICARD);INSTALLUX;760019;Non;1;;;;;;;
;;FIX.POT INTER. VIS I;ARCELOR (BERTON SICARD);INSTALLUX;760019I;Non;1;;;;;;;
;;CARRE D’ALIGNEMENT;ARCELOR (BERTON SICARD);INSTALLUX;760032;Non;2;;;;;;;
;;BRIDE MOT. DROITE 1 MOD;ARCELOR (BERTON SICARD);INSTALLUX;760040;Non;1;;;;;;;
;;BRIDE MOT. PERGO 2 MOD;ARCELOR (BERTON SICARD);INSTALLUX;760041;Non;1;;;;;;;
;;GABARIT PERCA EQ 9412;ARCELOR (BERTON SICARD);INSTALLUX;770000;Non;1;;;;;;;
;;GABARIT PERCA EQ 760029;ARCELOR (BERTON SICARD);INSTALLUX;770001;Non;1;;;;;;;
;;GABARIT PERCAGE EQ760043;ARCELOR (BERTON SICARD);INSTALLUX;770006;Non;1;;;;;;;
;;RAIL INOX;ARCELOR (BERTON SICARD);INSTALLUX;920002;Non;6,5;;;;;;;
;;RAIL INOX;ARCELOR (BERTON SICARD);INSTALLUX;920200;Non;6,5;;;;;;;
;;PLAT RENFORT VISSAGE 3ML;ARCELOR (BERTON SICARD);INSTALLUX;930210;Non;3;;;;;;;
;;FERRAGE 1 POINT CHRONOS;ARCELOR (BERTON SICARD);INSTALLUX;950000;Non;1;;;;;;;
;;FERRAGE 3 POINTS CHRONO;ARCELOR (BERTON SICARD);INSTALLUX;950001;Non;1;;;;;;;
;;FERRAGE 3PTS CLE CHRONO;ARCELOR (BERTON SICARD);INSTALLUX;950002;Non;1;;;;;;;
;;GACHE SIMPLE CHRONOS;ARCELOR (BERTON SICARD);INSTALLUX;950003;Non;6;;;;;;;
;;GACHE FERRAGE 9950A9952;ARCELOR (BERTON SICARD);INSTALLUX;950004;Non;6;;;;;;;
;;CACHE BARRETTE MT LG1,5M;ARCELOR (BERTON SICARD);INSTALLUX;950080;Non;4;;;;;;;
;;CREMONE 2POINTS+GACHE;ARCELOR (BERTON SICARD);INSTALLUX;950086;Non;1;;;;;;;
;;CREMONE 5 POINTS+GACHE F;ARCELOR (BERTON SICARD);INSTALLUX;950093;Non;1;;;;;;;
;;*CREM 5 PTS CLE+GACHE F;ARCELOR (BERTON SICARD);INSTALLUX;950094A;Non;1;;;;;;;
;;ETANCHEITE CROISEM H+B;ARCELOR (BERTON SICARD);INSTALLUX;960022;Non;1;;;;;;;
;;ETANCH CROIS INT 3 RAILS;ARCELOR (BERTON SICARD);INSTALLUX;960027;Non;1;;;;;;;
;;PATIN DE BLOCAGE G32;ARCELOR (BERTON SICARD);INSTALLUX;960045;Non;1;;;;;;;
;;PIECE ECARTEMENT;ARCELOR (BERTON SICARD);INSTALLUX;960206;Non;10;;;;;;;
;;ETANCHEITE CROIS VS DR;ARCELOR (BERTON SICARD);INSTALLUX;960211D;Non;1;;;;;;;
;;ETANCHEITE CROIS VS GA;ARCELOR (BERTON SICARD);INSTALLUX;960211G;Non;1;;;;;;;
;;GABARIT PERCAGE CHRONOS;ARCELOR (BERTON SICARD);INSTALLUX;970005;Non;1;;;;;;;
;;GABARIT PER FER9950A9952;ARCELOR (BERTON SICARD);INSTALLUX;970006;Non;1;;;;;;;
;;GABARIT DE PERCAGE GAL;ARCELOR (BERTON SICARD);INSTALLUX;970008;Non;1;;;;;;;
;;CLE MONTAGE CENT.960032N;ARCELOR (BERTON SICARD);INSTALLUX;970010;Non;1;;;;;;;
;;GABARIT EQ 960200-202;ARCELOR (BERTON SICARD);INSTALLUX;970200;Non;1;;;;;;;
;;GABARIT EQ 960202 ANGLE;ARCELOR (BERTON SICARD);INSTALLUX;970202;Non;1;;;;;;;
;;CREMONE INDEXEE;ARCELOR (BERTON SICARD);INSTALLUX;A6015;Non;1;;;;;;;
;;VM CHC M5X12 INOX;ARCELOR (BERTON SICARD);INSTALLUX;CHCM5X12;Non;100;;;;;;;
;;VM CHC M8X35 INOX;ARCELOR (BERTON SICARD);INSTALLUX;CHCM8X35;Non;20;;;;;;;
;;VM CHC M8X50X50 INOX;ARCELOR (BERTON SICARD);INSTALLUX;CHCM8X50;Non;100;;;;;;;
;;CHC M8X70X70 ENTIER FILE;ARCELOR (BERTON SICARD);INSTALLUX;CHCM8X70;Non;50;;;;;;;
;;JONC DE FINITION;ARCELOR (BERTON SICARD);INSTALLUX;J5001;Non;50;;;;;;;
;;RONDELLE EVENTAIL DIA 5;ARCELOR (BERTON SICARD);INSTALLUX;RONDEV5;Non;100;;;;;;;
;;VT THPBP 3,8X40X44 POZI;ARCELOR (BERTON SICARD);INSTALLUX;SCRP4X40;Non;100;;;;;;;
;;VT THPBP 4,8X20X24 POZI;ARCELOR (BERTON SICARD);INSTALLUX;SCRP5X20;Non;100;;;;;;;
;;VT THPBP 4,8X30X35 POZI;ARCELOR (BERTON SICARD);INSTALLUX;SCRP5X30;Non;100;;;;;;;
;;VT THPBP 4,8X45X50 POZI;ARCELOR (BERTON SICARD);INSTALLUX;SCRP5X45;Non;100;;;;;;;
;;VT THPBP 4,8X65X70 POZI;ARCELOR (BERTON SICARD);INSTALLUX;SCRP5X65;Non;100;;;;;;;
;;VT TCB 10X15,9 INOX POZI;ARCELOR (BERTON SICARD);INSTALLUX;TCB10X16;Non;100;;;;;;;
;;VT TCB 10X19 INOX POZI;ARCELOR (BERTON SICARD);INSTALLUX;TCB10X19;Non;100;;;;;;;
;;VT TCB 10X25,4 INOX POZI;ARCELOR (BERTON SICARD);INSTALLUX;TCB10X26;Non;500;;;;;;;
;;VT TCB 10X31,7 INOX POZI;ARCELOR (BERTON SICARD);INSTALLUX;TCB10X32;Non;100;;;;;;;
;;VT TCB 10X38 INOX POZI;ARCELOR (BERTON SICARD);INSTALLUX;TCB10X38;Non;100;;;;;;;
;;VT TCB 10X50,8 INOX POZI;ARCELOR (BERTON SICARD);INSTALLUX;TCB10X51;Non;100;;;;;;;
;;VT TCB 12X15,9 INOX POZI;ARCELOR (BERTON SICARD);INSTALLUX;TCB12X16;Non;100;;;;;;;
;;VT TCB 12X25,4 INOX POZI;ARCELOR (BERTON SICARD);INSTALLUX;TCB12X25;Non;100;;;;;;;
;;VT TCB 12X31,7 INOX POZI;ARCELOR (BERTON SICARD);INSTALLUX;TCB12X32;Non;100;;;;;;;
;;VT TCB 12X38 INOX POZI;ARCELOR (BERTON SICARD);INSTALLUX;TCB12X38;Non;100;;;;;;;
;;VT TCB 4X15,9 INOX POZI;ARCELOR (BERTON SICARD);INSTALLUX;TCB4X16;Non;100;;;;;;;
;;VT TCB N4X25,4 INOX POZI;ARCELOR (BERTON SICARD);INSTALLUX;TCB4X25;Non;100;;;;;;;
;;VT TCB 4X6,4 INOX POZI;ARCELOR (BERTON SICARD);INSTALLUX;TCB4X6.5;Non;100;;;;;;;
;;VT TCB 7X12,7 INOX POZI;ARCELOR (BERTON SICARD);INSTALLUX;TCB7X13;Non;100;;;;;;;
;;VT TCB 7X15,9 INOX POZI;ARCELOR (BERTON SICARD);INSTALLUX;TCB7X16;Non;100;;;;;;;
;;VT TCB 7X19 INOX POZI;ARCELOR (BERTON SICARD);INSTALLUX;TCB7X19;Non;100;;;;;;;
;;VT TCB 7X25,4 INOX POZI;ARCELOR (BERTON SICARD);INSTALLUX;TCB7X25;Non;100;;;;;;;
;;VT TCB 7X38 INOX POZI;ARCELOR (BERTON SICARD);INSTALLUX;TCB7X38;Non;100;;;;;;;
;;VT TCB 7X9,5 INOX POZI;ARCELOR (BERTON SICARD);INSTALLUX;TCB7X9.5;Non;100;;;;;;;
;;VM TF M5X16 INOX POZI;ARCELOR (BERTON SICARD);INSTALLUX;TFM5X16;Non;100;;;;;;;
;;VT TF 10X15,9 INOX POZI;ARCELOR (BERTON SICARD);INSTALLUX;TF10X16;Non;100;;;;;;;
;;VT TF 10X38 INOX POZI;ARCELOR (BERTON SICARD);INSTALLUX;TF10X38;Non;100;;;;;;;
;;VT TF 10X45 INOX POZI;ARCELOR (BERTON SICARD);INSTALLUX;TF10X45;Non;100;;;;;;;
;;VT TF 12X25,4 INOX POZI;ARCELOR (BERTON SICARD);INSTALLUX;TF12X25;Non;100;;;;;;;
;;VT TF 7X12,7 INOX POZI;ARCELOR (BERTON SICARD);INSTALLUX;TF7X13;Non;100;;;;;;;
;;VT TF 7X19 INOX POZI;ARCELOR (BERTON SICARD);INSTALLUX;TF7X19;Non;100;;;;;;;
;;VT TF 7X31,7 INOX POZI;ARCELOR (BERTON SICARD);INSTALLUX;TF7X32;Non;100;;;;;;;
;;CACHE PINCE 381;ARCELOR (BERTON SICARD);INSTALLUX;361;Non;1;;;;;;;
;;CACHE VIS /1288/1291/313;ARCELOR (BERTON SICARD);INSTALLUX;374;Non;50;;;;;;;
;;ROSACE GARDE CORPS;ARCELOR (BERTON SICARD);INSTALLUX;388;Non;1;;;;;;;
;;GACHE /5751G.140;ARCELOR (BERTON SICARD);INSTALLUX;446;Non;1;;;;;;;
;;SABOT POLYAMIDE;ARCELOR (BERTON SICARD);INSTALLUX;570P;Non;1;;;;;;;
;;CREMAILLERE;ARCELOR (BERTON SICARD);INSTALLUX;596;Non;1;;;;;;;
;;FESTON ARRONDI EXT H1270;ARCELOR (BERTON SICARD);INSTALLUX;638/A;Non;1;;;;;;;
;;FESTON ARRONDI EXT H805;ARCELOR (BERTON SICARD);INSTALLUX;638/C;Non;1;;;;;;;
;;FESTON ARRONDI EXT H1080;ARCELOR (BERTON SICARD);INSTALLUX;638/D;Non;1;;;;;;;
;;SABOT A COND SEMI FIXE;ARCELOR (BERTON SICARD);INSTALLUX;670;Non;1;;;;;;;
;;GACHE DROITE PTL 2VTX;ARCELOR (BERTON SICARD);INSTALLUX;693;Non;1;;;;;;;
;;BLOC ASSEMB. 18,5;ARCELOR (BERTON SICARD);INSTALLUX;1207;Non;4;;;;;;;
;;BLOC ASSEMB. 58,6;ARCELOR (BERTON SICARD);INSTALLUX;1208;Non;2;;;;;;;
;;BLOC ASSEMB. 63;ARCELOR (BERTON SICARD);INSTALLUX;1209;Non;2;;;;;;;
;;BLOC ASSEMB. 19X36;ARCELOR (BERTON SICARD);INSTALLUX;1213;Non;4;;;;;;;
;;BLOC ASSEMB. 59X36;ARCELOR (BERTON SICARD);INSTALLUX;1214;Non;2;;;;;;;
;;BLOC ASSEMB. 63,5X36;ARCELOR (BERTON SICARD);INSTALLUX;1215;Non;2;;;;;;;
;;T D’ASSEMBLAGE;ARCELOR (BERTON SICARD);INSTALLUX;1280;Non;10;;;;;;;
;;ACCES.POSE /1641 DBL;ARCELOR (BERTON SICARD);INSTALLUX;1636;Non;1;;;;;;;
;;TIGES M8 1M+1,5M;ARCELOR (BERTON SICARD);INSTALLUX;1828;Non;1;;;;;;;
;;CYL DBL PAN DIN VARIE;ARCELOR (BERTON SICARD);INSTALLUX;1831;Non;1;;;;;;;
;;CYL DBL B T DIN VARIE;ARCELOR (BERTON SICARD);INSTALLUX;1832;Non;1;;;;;;;
;;CYL DBLE 30+30 N°20561;ARCELOR (BERTON SICARD);INSTALLUX;1834N;Non;1;;;;;;;
;;CYL B.T. 30+30 N° 87657A;ARCELOR (BERTON SICARD);INSTALLUX;1835;Non;1;;;;;;;
;;*ROSACE CYLINDRE;ARCELOR (BERTON SICARD);INSTALLUX;1871;Non;1;;;;;;;
;;VIS A TETE CLIPABLE;ARCELOR (BERTON SICARD);INSTALLUX;5238;Non;100;;;;;;;
;;BLOC ASSEMB. 15X22,2;ARCELOR (BERTON SICARD);INSTALLUX;5291;Non;8;;;;;;;
;;BLOC ASSEMB. 41,8X22,2;ARCELOR (BERTON SICARD);INSTALLUX;5292;Non;8;;;;;;;
;;(*BLOC ASSEMB. 13,3X22,2;ARCELOR (BERTON SICARD);INSTALLUX;5293;Non;8;;;;;;;
;;BLOC ASSEMB. 27,1X22,2;ARCELOR (BERTON SICARD);INSTALLUX;5294;Non;8;;;;;;;
;;BLOC ASSEMB. 14,9X36,5;ARCELOR (BERTON SICARD);INSTALLUX;5295;Non;8;;;;;;;
;;(*BLOC ASSEMB. 13,3X36,5;ARCELOR (BERTON SICARD);INSTALLUX;5296;Non;8;;;;;;;
;;BLOC ASSEMB.27,1X45,6;ARCELOR (BERTON SICARD);INSTALLUX;5322;Non;8;;;;;;;
;;BLOC ASSEMB. 41,8X45,6;ARCELOR (BERTON SICARD);INSTALLUX;5323;Non;8;;;;;;;
;;BLOC ASSEMB.110,8X45,6;ARCELOR (BERTON SICARD);INSTALLUX;5324;Non;2;;;;;;;
;;BLOC ASSEMB.110,8X22,2;ARCELOR (BERTON SICARD);INSTALLUX;5325;Non;2;;;;;;;
;;(*BLOC ASSEMB. 13,3X22;ARCELOR (BERTON SICARD);INSTALLUX;5326;Non;4;;;;;;;
;;(*BLOC ASSEMB. 13,3X43,5;ARCELOR (BERTON SICARD);INSTALLUX;5328;Non;4;;;;;;;
;;BLOC ANTI-DEVERS TRAV.;ARCELOR (BERTON SICARD);INSTALLUX;5329;Non;10;;;;;;;
;;AXE RECTANG. /5660;ARCELOR (BERTON SICARD);INSTALLUX;5665;Non;1;;;;;;;
;;AXE CARRE /5660;ARCELOR (BERTON SICARD);INSTALLUX;5666;Non;1;;;;;;;
;;AXE RECTANG.HT 10/5660;ARCELOR (BERTON SICARD);INSTALLUX;5668;Non;1;;;;;;;
;;BRAS DROIT EMP.RECTANG.;ARCELOR (BERTON SICARD);INSTALLUX;5670;Non;1;;;;;;;
;;GACHE /5751G.5000;ARCELOR (BERTON SICARD);INSTALLUX;5752;Non;1;;;;;;;
;;GACHE BASSE /5754;ARCELOR (BERTON SICARD);INSTALLUX;5758;Non;1;;;;;;;
;;CYL DBL 61MM VARIE;ARCELOR (BERTON SICARD);INSTALLUX;5760;Non;1;;;;;;;
;;GACHE BASSE /5766/5767;ARCELOR (BERTON SICARD);INSTALLUX;5769;Non;1;;;;;;;
;;RENFORT D’ANGLE;ARCELOR (BERTON SICARD);INSTALLUX;5774;Non;8;;;;;;;
;;CYL DBL 35+35 VARIE;ARCELOR (BERTON SICARD);INSTALLUX;5775;Non;1;;;;;;;
;;ACCES.SER.PORTE COMETE;ARCELOR (BERTON SICARD);INSTALLUX;5782;Non;1;;;;;;;
;;1/2 CYL.30+10 VARIE;ARCELOR (BERTON SICARD);INSTALLUX;5786;Non;1;;;;;;;
;;1/2 CYL.30+10 N°77656A;ARCELOR (BERTON SICARD);INSTALLUX;5787;Non;1;;;;;;;
;;CYL DBL DIN VARIE 30/50;ARCELOR (BERTON SICARD);INSTALLUX;5790;Non;1;;;;;;;
;;CYL DBL.30+50 N°68545A;ARCELOR (BERTON SICARD);INSTALLUX;5791;Non;1;;;;;;;
;;FERME IMPOSTE A LEVIER;ARCELOR (BERTON SICARD);INSTALLUX;5837;Non;1;;;;;;;
;;CREM POMPIER FRAPPE;ARCELOR (BERTON SICARD);INSTALLUX;5891;Non;1;;;;;;;
;;INTERCALAIRE PVC;ARCELOR (BERTON SICARD);INSTALLUX;7030;Non;6,5;;;;;;;
;;ASSEMBLAGE ARETIER;ARCELOR (BERTON SICARD);INSTALLUX;7048;Non;3;;;;;;;
;;TAMPON D’ETANCHEITE;ARCELOR (BERTON SICARD);INSTALLUX;7077;Non;2;;;;;;;
;;INTERCALAIRE PVC REMP32;ARCELOR (BERTON SICARD);INSTALLUX;7642/4;Non;4,7;;;;;;;
;;*COFFRE A STORE;ARCELOR (BERTON SICARD);INSTALLUX;7651;Non;6,5;;;;;;;
;;(*)CORN PVC 30X30X2,5;ARCELOR (BERTON SICARD);INSTALLUX;7678;Non;6,5;;;;;;;
;;JT TRAME HORIZ. LG 6.5;ARCELOR (BERTON SICARD);INSTALLUX;8621;Non;6,5;;;;;;;
;;INTERCALAIRE 16;ARCELOR (BERTON SICARD);INSTALLUX;8622;Non;50;;;;;;;
;Bavette;BAVETTE;ARCELOR (BERTON SICARD);INSTALLUX;8628;Non;50;;;;;;;
;;INTERCALAIRE 26;ARCELOR (BERTON SICARD);INSTALLUX;8630;Non;50;;;;;;;
;;INTERCALAIRE 36;ARCELOR (BERTON SICARD);INSTALLUX;8631;Non;50;;;;;;;
;;INTERCALAIRE 20;ARCELOR (BERTON SICARD);INSTALLUX;8632;Non;6,5;;;;;;;
;;ACCROCHAGE LATERAL;ARCELOR (BERTON SICARD);INSTALLUX;8917;Non;4;;;;;;;
;;ACCROCHAGE BAS;ARCELOR (BERTON SICARD);INSTALLUX;8918;Non;4;;;;;;;
;;FERR(D+G)ITLNE.REG.PM;ARCELOR (BERTON SICARD);INSTALLUX;8939;Non;1;;;;;;;
;;RAIL INOX;ARCELOR (BERTON SICARD);INSTALLUX;9329;Non;6,5;;;;;;;
;;*RAIL INOX /9330;ARCELOR (BERTON SICARD);INSTALLUX;9331;Non;6,5;;;;;;;
;;RAIL COMPOSITE;ARCELOR (BERTON SICARD);INSTALLUX;9332;Non;6,5;;;;;;;
;;CACHE BARRETTE PVC;ARCELOR (BERTON SICARD);INSTALLUX;9389;Non;6,5;;;;;;;
;Bavette;BAVETTE ELASTOMERE;ARCELOR (BERTON SICARD);INSTALLUX;9577;Non;50;;;;;;;
;;CLAPET A BILLE;ARCELOR (BERTON SICARD);INSTALLUX;9602;Non;4;;;;;;;
;;ETANCHEITE CROIS. H+B;ARCELOR (BERTON SICARD);INSTALLUX;9631;Non;1;;;;;;;
;;ETANCHEITE CROIS.;ARCELOR (BERTON SICARD);INSTALLUX;9704;Non;4;;;;;;;
;;ETANCHEITE CROIS.;ARCELOR (BERTON SICARD);INSTALLUX;9708;Non;4;;;;;;;
;;CHARIOT SPLE REG BAG POM;ARCELOR (BERTON SICARD);INSTALLUX;9762;Non;2;;;;;;;
;;CHARIOT DBLE FIXE POM;ARCELOR (BERTON SICARD);INSTALLUX;9764N;Non;2;;;;;;;
;;CHARIOT DBLE FIXE INOX;ARCELOR (BERTON SICARD);INSTALLUX;9765N;Non;2;;;;;;;
;;CHARIOT DBLE REGL.POM;ARCELOR (BERTON SICARD);INSTALLUX;9766N;Non;2;;;;;;;
;;CHARIOT DBLE REGL.INOX;ARCELOR (BERTON SICARD);INSTALLUX;9767N;Non;2;;;;;;;
;;CONDAMNATION SF;ARCELOR (BERTON SICARD);INSTALLUX;9771;Non;1;;;;;;;
;;TETIERE FILANTE 2 PTS;ARCELOR (BERTON SICARD);INSTALLUX;9845;Non;1;;;;;;;
;;TETIERE FILANTE 3 PTS;ARCELOR (BERTON SICARD);INSTALLUX;9846;Non;1;;;;;;;
;;*GACHE /9880 MONORAIL;ARCELOR (BERTON SICARD);INSTALLUX;9899;Non;1;;;;;;;
;;FERRAGE 1PT REGLABLE;ARCELOR (BERTON SICARD);INSTALLUX;9950N;Non;1;;;;;;;
;;FERRAGE 3PTS REGLABLE;ARCELOR (BERTON SICARD);INSTALLUX;9951N;Non;1;;;;;;;
;;FERRAGE 3PT A CLE REG;ARCELOR (BERTON SICARD);INSTALLUX;9952N;Non;1;;;;;;;
;;FERRAGE 2PTS REGLABLE;ARCELOR (BERTON SICARD);INSTALLUX;9959N;Non;1;;;;;;;
;;RIVET ETANCHE DIAM 4X11;ARCELOR (BERTON SICARD);INSTALLUX;40500;Non;50;;;;;;;
;;GAB 1285-6-7-8/1206A1215;ARCELOR (BERTON SICARD);INSTALLUX;50004;Non;1;;;;;;;
;;GAB.1201-03-04-18/3202;ARCELOR (BERTON SICARD);INSTALLUX;50005;Non;1;;;;;;;
;;GABARIT;ARCELOR (BERTON SICARD);INSTALLUX;50006;Non;1;;;;;;;
;;GABARIT DE PERCAGE;ARCELOR (BERTON SICARD);INSTALLUX;50190;Non;1;;;;;;;
;;GAB. BLOC VARIABLE;ARCELOR (BERTON SICARD);INSTALLUX;55064;Non;1;;;;;;;
;;GAB. /6202/04/12;ARCELOR (BERTON SICARD);INSTALLUX;56014;Non;1;;;;;;;
;;GAB PERC 8917/8918 CADR;ARCELOR (BERTON SICARD);INSTALLUX;58054;Non;1;;;;;;;
;;GAB PERC8917/8812-13-14;ARCELOR (BERTON SICARD);INSTALLUX;58055;Non;1;;;;;;;
;;GAB. /BLOC 8972;ARCELOR (BERTON SICARD);INSTALLUX;58060;Non;1;;;;;;;
;;GABARIT POSITIONN. ITAL.;ARCELOR (BERTON SICARD);INSTALLUX;58109;Non;1;;;;;;;
;;TCB N°7X16 TORX;ARCELOR (BERTON SICARD);INSTALLUX;64101;Non;100;;;;;;;
;;TCB N°10X13 TORX;ARCELOR (BERTON SICARD);INSTALLUX;64102;Non;100;;;;;;;
;;TCB N°12X51 TORX;ARCELOR (BERTON SICARD);INSTALLUX;64106;Non;100;;;;;;;
;;TCB N°10X9,5 TORX;ARCELOR (BERTON SICARD);INSTALLUX;64107;Non;100;;;;;;;
;;TF N°12X38 TORX;ARCELOR (BERTON SICARD);INSTALLUX;64108;Non;100;;;;;;;
;;TF N°12X45 TORX;ARCELOR (BERTON SICARD);INSTALLUX;64109;Non;100;;;;;;;
;;CARRE 100X100 INOX BROSS;ARCELOR (BERTON SICARD);INSTALLUX;160005;Non;3;;;;;;;
;;CARRE 80X80 INOX BROSSE;ARCELOR (BERTON SICARD);INSTALLUX;160006;Non;1;;;;;;;
;;DECOR INOX BROSSE 80X480;ARCELOR (BERTON SICARD);INSTALLUX;160007;Non;1;;;;;;;
;;VIS M5;ARCELOR (BERTON SICARD);INSTALLUX;460002;Non;100;;;;;;;
;;BLOC D’ASSEMB. 60.9X20.2;ARCELOR (BERTON SICARD);INSTALLUX;460008;Non;2;;;;;;;
;;BLOC D’ASSEMB. 15.4X20.4;ARCELOR (BERTON SICARD);INSTALLUX;460012;Non;2;;;;;;;
;;(*)CLIP INOX;ARCELOR (BERTON SICARD);INSTALLUX;460019;Non;100;;;;;;;
;;ETANCH. BATT. CENTRAL PF;ARCELOR (BERTON SICARD);INSTALLUX;460082;Non;10;;;;;;;
;;JONC DE FINITION;ARCELOR (BERTON SICARD);INSTALLUX;540001;Non;50;;;;;;;
;;GABARIT BRAS DEPORTE;ARCELOR (BERTON SICARD);INSTALLUX;570014;Non;1;;;;;;;
;;INTERCALAIRE LG 40;ARCELOR (BERTON SICARD);INSTALLUX;664004;Non;250;;;;;;;
dalle;;OSB 18mm kronoply 250x125;CIFFREO BONA;;5665567;Non;1;;; 9,88e/m2 ;;;;
dalle;;OSB 9mm 250x125;CIFFREO BONA;;500277;Non;1;;; 5,44e/m2 ;;;;
isolant;;panneau laine bois steicoflex 200mm 122x0,565;CIFFREO BONA;STEICO;7638398;Non;2;;; 19,9e/m2 ;;;;
Panneaux;IMPACT CTRL 57;IMPACT CONTROL 57  2000x1200x57;AKRAPLAST;AKRAPLAST;Impact control 57;;1;1;UN;;246,09;UN;;nov-23
Panneaux;IMPACT CTRL 57;IMPACT CONTROL 57  2500x1200x57;AKRAPLAST;AKRAPLAST;Impact control 57;;1;1;UN;;307,61;UN;;nov-23
Panneaux;IMPACT CTRL 57;IMPACT CONTROL 57  3000x1200x57;AKRAPLAST;AKRAPLAST;Impact control 57;;1;1;UN;;369,14;UN;;nov-23
Panneaux;IMPACT CTRL 57;IMPACT CONTROL 57  3500x1200x57;AKRAPLAST;AKRAPLAST;Impact control 57;;1;1;UN;;430,66;UN;;nov-23
Panneaux;IMPACT CTRL 57;IMPACT CONTROL 57  4000x1200x57;AKRAPLAST;AKRAPLAST;Impact control 57;;1;1;UN;;492,18;UN;;nov-23
Panneaux;IMPACT CTRL 57;IMPACT CONTROL 57  4500x1200x57;AKRAPLAST;AKRAPLAST;Impact control 57;;1;1;UN;;553,70;UN;;nov-23
Panneaux;IMPACT CTRL 57;IMPACT CONTROL 57  5000x1200x57;AKRAPLAST;AKRAPLAST;Impact control 57;;1;1;UN;;615,23;UN;;nov-23
Panneaux;IMPACT CTRL 57;IMPACT CONTROL 57  6000x1200x57;AKRAPLAST;AKRAPLAST;Impact control 57;;1;1;UN;;738,27;UN;;nov-23
;;;"DISPANO
";;;Non;1;1;1;;;;;
;;INTERCALAIRE LG 90;ARCELOR (BERTON SICARD);INSTALLUX;664005;Non;250;;;;;;;
;;FIXATIOPOT INTERM.;ARCELOR (BERTON SICARD);INSTALLUX;760019;Non;1;;;;;;;
;;RAIL INOX;ARCELOR (BERTON SICARD);INSTALLUX;920002;Non;6,5;;;;;;;
Panneaux;AKRATEX;AKRATEX 3050X1560X3MM ;AKRAPLAST;AKRAPLAST;K03BL3016A;;1;;;;;;;
Profil Alu;TUBE;TUBE RECT 80x40x2;ARCELOR (BERTON SICARD);INSTALLUX;TU8040X2;Non;6,5;;;;;;;
